freq,s11_r,s11_i,s21_r,s21_i
10000000,0.02270066193,-0.007600689136,0.966780554,-0.1095761887
20000000,0.02104510685,-0.01739488485,0.9463784493,-0.2126382542
30000000,0.01735776346,-0.02652808965,0.9159462516,-0.3122919088
40000000,0.0117684587,-0.03458501819,0.8754301964,-0.4077572125
50000000,0.004788585857,-0.04119680788,0.8252365975,-0.4980418171
60000000,-0.003183800964,-0.04618033018,0.765947377,-0.5821899534
70000000,-0.01176841617,-0.04940663442,0.6982700466,-0.6593031465
80000000,-0.02057443163,-0.05081871544,0.6230185439,-0.7285636465
90000000,-0.02921497487,-0.0504420195,0.5410942851,-0.7892519377
100000000,-0.03732600761,-0.04838085066,0.4534673449,-0.8407573224
110000000,-0.04456445683,-0.04480217687,0.3611414609,-0.8825649607
120000000,-0.05066255578,-0.03995479847,0.2651845896,-0.9143001208
130000000,-0.05539822056,-0.03412059932,0.1666743624,-0.9356837464
140000000,-0.05861526202,-0.02761973333,0.06670349192,-0.9465465941
150000000,-0.06023002438,-0.02079483619,-0.03363011993,-0.9468285405
160000000,-0.06023378197,-0.01399458653,-0.133232024,-0.9365774688
170000000,-0.05869132858,-0.007557723809,-0.231020233,-0.9159483675
180000000,-0.0557364642,-0.001798007839,-0.3259339789,-0.8852018659
190000000,-0.05156444146,0.003009307485,-0.416942784,-0.8447032374
200000000,-0.04642213505,0.006639061181,-0.5030560049,-0.7949201117
210000000,-0.04059598391,0.00892542773,-0.5833329509,-0.7364204519
220000000,-0.03439840816,0.00976850448,-0.6568933202,-0.669868369
230000000,-0.02815323287,0.009137909432,-0.7229278225,-0.5960193997
240000000,-0.02218059446,0.007073208626,-0.7807092373,-0.5157140116
250000000,-0.01678213709,0.003681219597,-0.8296027923,-0.4298689967
260000000,-0.0122271712,-0.000869913958,-0.8690759165,-0.3394675738
270000000,-0.008740386282,-0.006359418919,-0.8987065498,-0.2455472622
280000000,-0.006491826829,-0.01252507496,-0.9181898569,-0.1491865066
290000000,-0.005589543445,-0.01907628332,-0.9273431716,-0.0514900615
300000000,-0.006075369714,-0.02570840931,-0.9261081081,0.04642624521
310000000,-0.007923955129,-0.03211756039,-0.91455084,0.1434513691
320000000,-0.01104512001,-0.03801514961,-0.8928594612,0.2384936205
330000000,-0.01528928158,-0.04314146245,-0.8613393179,0.330495777
340000000,-0.02045571966,-0.04727751213,-0.8204064858,0.4184478198
350000000,-0.02630305672,-0.05025471507,-0.770579354,0.5013985851
360000000,-0.03256156896,-0.05196195375,-0.7124695074,0.5784656925
370000000,-0.03894636562,-0.05234963825,-0.6467713729,0.6488434281
380000000,-0.04517120314,-0.05143096466,-0.5742521226,0.711809129
390000000,-0.05096186988,-0.04927997461,-0.4957414502,0.7667281305
400000000,-0.05606875106,-0.0460270765,-0.412121437,0.8130568268
410000000,-0.06027802051,-0.04185196964,-0.3243175145,0.8503454358
420000000,-0.06342098382,-0.03697442914,-0.2332891602,0.8782396916
430000000,-0.06538119081,-0.03164355623,-0.1400216932,0.8964821217
440000000,-0.06609907901,-0.02612573689,-0.0455180333,0.9049131074
450000000,-0.06557401987,-0.02069205454,0.04920942918,0.9034718641
460000000,-0.06386366801,-0.01560560424,0.1431467379,0.8921974381
470000000,-0.06108058763,-0.01110921346,0.2352873674,0.8712289836
480000000,-0.05738648388,-0.007414160773,0.3246406906,0.8408063742
490000000,-0.05298403082,-0.004690486835,0.4102422947,0.801269615
500000000,-0.04810689081,-0.003059082401,0.4911636986,0.7530577626
510000000,-0.04300819107,-0.002586289329,0.5665234538,0.6967062561
520000000,-0.03794804809,-0.003281029192,0.6354982155,0.6328432366
530000000,-0.03318078452,-0.005094732432,0.6973333797,0.5621836027
540000000,-0.0289423409,-0.007924218345,0.7513543673,0.4855217896
550000000,-0.02543864749,-0.0116171566,0.7969758771,0.4037226564
560000000,-0.02283555283,-0.01598009981,0.8337106156,0.3177105899
570000000,-0.02125072419,-0.02078860974,0.8611761706,0.228457059
580000000,-0.02074809461,-0.02579881038,0.8790999829,0.1369678974
590000000,-0.02133502514,-0.03076002285,0.8873221773,0.04426916137
600000000,-0.02296246309,-0.03542754537,0.88579615,-0.04860679574
610000000,-0.02552782597,-0.03957512868,0.8745873267,-0.1406346374
620000000,-0.02888076595,-0.04300632516,0.8538694576,-0.2308089914
630000000,-0.03283104857,-0.04556434599,0.8239200688,-0.3181557989
640000000,-0.03715860257,-0.04713973654,0.7851140573,-0.4017430493
650000000,-0.04162473771,-0.04767570266,0.7379165688,-0.4806891595
660000000,-0.04598438084,-0.04717086682,0.6828760807,-0.5541709453
670000000,-0.04999839847,-0.04567921156,0.6206161736,-0.6214293943
680000000,-0.05344568591,-0.04330742686,0.5518284456,-0.6817750584
690000000,-0.05613436609,-0.04020972181,0.4772652185,-0.7345924658
700000000,-0.05791160409,-0.03658039894,0.3977328124,-0.779343824
710000000,-0.05867165219,-0.03264439783,0.3140845674,-0.8155727174
720000000,-0.05836168277,-0.02864639881,0.2272145595,-0.8429075858
730000000,-0.05698531015,-0.02483875805,0.1380508625,-0.8610655975
740000000,-0.05460331212,-0.02146897811,0.04754813905,-0.8698558648
750000000,-0.05133176755,-0.01876701311,-0.04331973286,-0.8691835659
760000000,-0.04733735548,-0.01693328752,-0.1335689478,-0.8590531337
770000000,-0.04283016645,-0.01612776768,-0.222214971,-0.839571037
780000000,-0.03805404066,-0.0164607642,-0.308283767,-0.8109479859
790000000,-0.03327508656,-0.01798591816,-0.3908235412,-0.7734993152
800000000,-0.02876865673,-0.02069599997,-0.4689172414,-0.7276439213
810000000,-0.02480552445,-0.02452144145,-0.5416958651,-0.6739015485
820000000,-0.02163794,-0.02933226212,-0.6083508635,-0.6128870144
830000000,-0.01948629762,-0.03494295652,-0.6681468727,-0.5453032315
840000000,-0.01852704922,-0.04112047137,-0.720433169,-0.4719311063
850000000,-0.01888277975,-0.04759466366,-0.7646523992,-0.3936180519
860000000,-0.02061470257,-0.05407091038,-0.8003486873,-0.3112651079
870000000,-0.02371819357,-0.06024407159,-0.8271723674,-0.2258126519
880000000,-0.0281215809,-0.06581317622,-0.8448824168,-0.1382261564
890000000,-0.03368813286,-0.07049602133,-0.8533466817,-0.04948213237
900000000,-0.04022124272,-0.0740429542,-0.8525394656,0.03944547678
910000000,-0.0474724263,-0.07624916661,-0.8425371839,0.1275970042
920000000,-0.0551517114,-0.0769651224,-0.8235131065,0.2140379607
930000000,-0.06294002762,-0.07610431269,-0.7957305536,0.2978675093
940000000,-0.07050275774,-0.07364844525,-0.7595359887,0.3782253991
950000000,-0.07750424412,-0.06964976814,-0.7153523663,0.4542978005
960000000,-0.08362221736,-0.06423029191,-0.6636724773,0.5253209347
970000000,-0.08856207092,-0.0575783151,-0.6050535917,0.5905846809
980000000,-0.09207006973,-0.04994210484,-0.5401124232,0.6494350399
990000000,-0.09394525098,-0.04162105354,-0.4695212773,0.7012770917
1000000000,-0.09404950407,-0.03295466147,-0.3940049239,0.7455778561
1010000000,-0.0922997491,-0.02428923146,-0.3142572144,0.7819050727
1020000000,-0.08871395736,-0.01603015006,-0.2311745969,0.8098076015
1030000000,-0.08338084867,-0.00855457134,-0.1456233873,0.8289648836
1040000000,-0.07646688384,-0.002219888996,-0.05850794305,0.8391392005
1050000000,-0.06821194789,0.002652565155,0.02923570706,0.8401826642
1060000000,-0.05892172702,0.005792776928,0.1166478841,0.8320445246
1070000000,-0.04895658426,0.006995795815,0.2027554111,0.8147771488
1080000000,-0.03871757438,0.006133137687,0.286583904,0.7885417737
1090000000,-0.02862982804,0.003161091496,0.3671720316,0.753611598
1100000000,-0.01912421941,-0.001874691543,0.4435870618,0.7103727319
1110000000,-0.01061797588,-0.008838750276,0.5149412598,0.6593218763
1120000000,-0.003495439523,-0.01750974321,0.5804084004,0.6010611068
1130000000,0.001910076009,-0.027588713,0.6392395934,0.5362887381
1140000000,0.005332188252,-0.03871135896,0.6907764461,0.4657873897
1150000000,0.006584360007,-0.05046358986,0.734463013,0.39040961
1160000000,0.005568869823,-0.06239965531,0.7698534899,0.3110610933
1170000000,0.002281490877,-0.07406174115,0.7966167733,0.228683321
1180000000,-0.003188201814,-0.08499988509,0.8145373557,0.1442363187
1190000000,-0.01066097098,-0.09479147338,0.8235132318,0.05868163882
1200000000,-0.01987596506,-0.1030587761,0.8235499426,-0.02703220915
1210000000,-0.0305021862,-0.1094844051,0.8147533021,-0.1119825958
1220000000,-0.04215258147,-0.1138237021,0.7973201305,-0.195282831
1230000000,-0.05440003955,-0.1159136658,0.7715284639,-0.276089382
1240000000,-0.06679442741,-0.1156787154,0.737728111,-0.353606297
1250000000,-0.07888016831,-0.1131326951,0.6963314288,-0.4270880584
1260000000,-0.09021348948,-0.1083778022,0.6478060055,-0.4958401667
1270000000,-0.1003788084,-0.1016003038,0.5926688469,-0.5592182095
1280000000,-0.109004248,-0.0930635436,0.5314821708,-0.6166279196
1290000000,-0.115775125,-0.0830982746,0.4648510837,-0.6675234631
1300000000,-0.1204460518,-0.07209093921,0.3934227332,-0.7114086426
1310000000,-0.1228502746,-0.06046977183,0.3178860154,-0.7478374645
1320000000,-0.1229073127,-0.04868941763,0.2389725757,-0.7764179421
1330000000,-0.1206268746,-0.03721405454,0.1574563535,-0.7968165941
1340000000,-0.1161101446,-0.02649983103,0.0741535573,-0.8087655127
1350000000,-0.1095482719,-0.01697660667,-0.0100801156,-0.8120702167
1360000000,-0.1012155362,-0.009030286529,-0.09435410853,-0.8066191712
1370000000,-0.09146120284,-0.00298580922,-0.1777501469,-0.7923932123
1380000000,-0.08069513767,0.0009076580789,-0.2593326043,-0.7694742559
1390000000,-0.06937258497,0.002489208079,-0.3381619187,-0.7380531354
1400000000,-0.05797415764,0.001694718605,-0.4133099795,-0.6984343302
1410000000,-0.04698515705,-0.001438695109,-0.4838783326,-0.6510377747
1420000000,-0.03687352913,-0.006773181568,-0.5490165756,-0.596396894
1430000000,-0.02806812276,-0.01407559093,-0.6079410768,-0.5351518604
1440000000,-0.02093876153,-0.02302808812,-0.6599525034,-0.4680395038
1450000000,-0.0157790314,-0.03324305743,-0.7044504531,-0.395878837
1460000000,-0.01279308435,-0.044281499,-0.7409450773,-0.3195537357
1470000000,-0.01208707587,-0.05567420346,-0.7690645713,-0.239994046
1480000000,-0.01366562657,-0.06694346573,-0.7885582123,-0.1581557085
1490000000,-0.01743368172,-0.07762574031,-0.7992949619,-0.07500152999
1500000000,-0.02320299843,-0.08729208942,-0.8012582359,0.008516638711
1510000000,-0.03070273187,-0.09556630584,-0.7945380979,0.09147275319
1520000000,-0.03959366221,-0.1021401421,-0.7793203205,0.1729787423
1530000000,-0.04948472008,-0.1067850652,-0.755875254,0.2521931313
1540000000,-0.05995093167,-0.1093593213,-0.7245460463,0.3283263998
1550000000,-0.07055200188,-0.1098118323,-0.6857379581,0.4006431881
1560000000,-0.08085084431,-0.1081820571,-0.639909041,0.4684627151
1570000000,-0.0904311652,-0.1045964567,-0.5875629736,0.5311569269
1580000000,-0.09891357451,-0.09926194471,-0.5292438205,0.5881483612
1590000000,-0.1059708087,-0.09245641221,-0.4655334748,0.6389077825
1600000000,-0.1113395129,-0.08451742155,-0.3970507742,0.682952707
1610000000,-0.1148311319,-0.07582818998,-0.3244519983,0.7198472503
1620000000,-0.1163396275,-0.06680233781,-0.248432546,0.7492041296
1630000000,-0.1158461755,-0.05786722985,-0.1697286028,0.7706884906
1640000000,-0.1134211223,-0.0494461008,-0.08911766069,0.7840242786
1650000000,-0.1092223438,-0.04194005652,-0.007418264636,0.7890024582
1660000000,-0.1034899132,-0.0357100055,0.07451316498,0.7854906517
1670000000,-0.09653718808,-0.03105976181,0.155788486,0.7734435323
1680000000,-0.0887377995,-0.02822041968,0.2354968596,0.7529133278
1690000000,-0.08050964278,-0.02733825714,0.3127176317,0.7240585523
1700000000,-0.07229554061,-0.02846536204,0.3865360469,0.687151014
1710000000,-0.06454198679,-0.03155530922,0.4560615741,0.6425785793
1720000000,-0.05767709577,-0.03646370209,0.5204474811,0.5908444244
1730000000,-0.05208842956,-0.0429537864,0.5789110646,0.5325612099
1740000000,-0.04810305482,-0.05070742582,0.6307519664,0.4684410471
1750000000,-0.04597022556,-0.0593406345,0.6753687437,0.3992803065
1760000000,-0.04584845111,-0.06842279285,0.7122711223,0.3259417942
1770000000,-0.04779736731,-0.07749832037,0.7410880102,0.2493345328
1780000000,-0.05177508635,-0.08610946456,0.7615704663,0.17039243
1790000000,-0.05764071896,-0.09381891873,0.7735898999,0.09005373023
1800000000,-0.06516256435,-0.1002302399,0.7771316871,0.009242616019
1810000000,-0.07402917716,-0.1050066248,0.7722855597,-0.07114671756
1820000000,-0.08386504265,-0.1078852368,0.7592334745,-0.150261724
1830000000,-0.09424795702,-0.1086881915,0.7382365831,-0.2273000204
1840000000,-0.1047276236,-0.1073293914,0.7096218321,-0.3015130973
1850000000,-0.1148448444,-0.1038174479,0.6737702654,-0.3722073461
1860000000,-0.1241503458,-0.09825488162,0.6311068933,-0.4387420835
1870000000,-0.1322228309,-0.09083413355,0.5820932969,-0.5005256686
1880000000,-0.1386854799,-0.08183025644,0.5272231349,-0.5570109282
1890000000,-0.1432212195,-0.07159156248,0.4670203731,-0.6076903142
1900000000,-0.1455858926,-0.06052730476,0.4020402097,-0.6520927204
1910000000,-0.145619544,-0.04909353274,0.3328721113,-0.6897812236
1920000000,-0.1432554337,-0.03777697598,0.260144208,-0.7203543163
1930000000,-0.138526079,-0.0270768296,0.1845280944,-0.7434490362
1940000000,-0.1315662369,-0.01748506504,0.1067435656,-0.7587482095
1950000000,-0.1226127149,-0.009466203236,0.02756081204,-0.7659897837
1960000000,-0.1119991502,-0.003435491651,-0.05219911514,-0.7649794784
1970000000,-0.1001468853,0.0002615521883,-0.1316678826,-0.7556045749
1980000000,-0.08755068305,0.001368787427,-0.209938109,-0.7378485811
1990000000,-0.07475980407,-0.0002639868188,-0.2860757576,-0.7118051582
2000000000,-0.06235464067,-0.004668323674,-0.3591377217,-0.6776893251
2010000000,-0.05092001042,-0.01175019108,-0.4281928862,-0.6358450808
2020000000,-0.04101681906,-0.02128887408,-0.4923464324,-0.5867475936
2030000000,-0.03315291783,-0.03294375407,-0.5507653384,-0.5309993896
2040000000,-0.02775639381,-0.04626775388,-0.6027025844,-0.4693194517
2050000000,-0.02515254857,-0.06072707346,-0.6475192178,-0.4025268265
2060000000,-0.02554607098,-0.07572703934,-0.6847014993,-0.3315185758
2070000000,-0.02901060777,-0.0906405658,-0.7138719624,-0.2572440738
2080000000,-0.03548542675,-0.1048385466,-0.7347938393,-0.1806779992
2090000000,-0.04477961829,-0.1177194571,-0.7473686036,-0.1027936402
2100000000,-0.05658291996,-0.1287363699,-0.7516272213,-0.02453856663
2110000000,-0.07048211112,-0.1374199386,-0.7477164361,0.05318578659
2120000000,-0.08598129023,-0.1433961622,-0.7358813534,0.1295387794
2130000000,-0.1025245011,-0.1463988045,-0.7164465722,0.2037507101
2140000000,-0.1195192513,-0.1462763204,-0.6897971698,0.2751265454
2150000000,-0.1363595052,-0.1429937807,-0.6563609866,0.3430450475
2160000000,-0.1524476627,-0.1366307457,-0.6165937833,0.4069540079
2170000000,-0.1672140129,-0.1273753267,-0.5709676786,0.4663623681
2180000000,-0.1801347767,-0.1155160121,-0.5199635813,0.5208304795
2190000000,-0.1907474879,-0.1014311601,-0.4640671837,0.5699602988
2200000000,-0.1986645278,-0.0855770533,-0.4037694856,0.6133857057
2210000000,-0.2035847057,-0.06847454278,-0.3395698375,0.6507643895
2220000000,-0.2053033102,-0.05069444316,-0.2719824639,0.6817727609
2230000000,-0.2037201338,-0.03284181624,-0.2015443388,0.7061031483
2240000000,-0.1988461662,-0.01553809439,-0.1288247611,0.7234653292
2250000000,-0.1908074395,0.000597315065,-0.05443389664,0.733591442
2260000000,-0.179846674,0.01496824285,0.02096869455,0.7362452009
2270000000,-0.1663210499,0.02702345588,0.0966691555,0.7312346364
2280000000,-0.1506958743,0.03627995065,0.1718974046,0.718427823
2290000000,-0.1335330936,0.04234548476,0.2458299283,0.6977707784
2300000000,-0.1154743954,0.04494058564,0.3175985346,0.6693056734
2310000000,-0.0972183122,0.04391681357,0.3863048832,0.6331879337
2320000000,-0.07949247063,0.03927089279,0.4510403115,0.589700601
2330000000,-0.06302124412,0.0311523998,0.5109115957,0.5392630983
2340000000,-0.04849130999,0.01986270395,0.565068791,0.4824338512
2350000000,-0.03651690278,0.005846015058,0.6127353582,0.4199045062
2360000000,-0.02760748886,-0.01032905217,0.6532361649,0.3524868466
2370000000,-0.02214107431,-0.02799603413,0.6860223297,0.2810913371
2380000000,-0.02034462724,-0.04642332806,0.7106891263,0.2067000486
2390000000,-0.02228337917,-0.06485080959,0.7269870064,0.1303355376
2400000000,-0.0278609213,-0.08252764567,0.7348229485,0.05302866438
2410000000,-0.03682725933,-0.09874809291,0.734254659,-0.02421235389
2420000000,-0.04879647917,-0.1128831018,0.7254759976,-0.10042906
2430000000,-0.06326928096,-0.1244056146,0.7087985504,-0.1747338468
2440000000,-0.07966156621,-0.1329088203,0.6846282643,-0.2463247765
2450000000,-0.09733229919,-0.1381167115,0.653442247,-0.3144929541
2460000000,-0.1156133314,-0.139887749,0.615765659,-0.3786238143
2470000000,-0.1338362596,-0.138212461,0.5721515407,-0.4381925235
2480000000,-0.1513566065,-0.1332059564,0.5231648933,-0.4927552772
2490000000,-0.167574791,-0.1250975141,0.4693704469,-0.5419381172
2500000000,-0.1819534047,-0.1142167335,0.4113256348,-0.5854242222
2510000000,-0.1940312666,-0.100978783,0.3495778606,-0.6229417055
2520000000,-0.2034342866,-0.08586910615,0.2846662339,-0.6542521253
2530000000,-0.2098840757,-0.06942691462,0.2171258058,-0.679142029
2540000000,-0.2132041615,-0.05222877073,0.1474952284,-0.6974167497
2550000000,-0.2133243349,-0.03487178265,0.07632530331,-0.7088982401
2560000000,-0.2102829789,-0.01795604162,0.004188193249,-0.7134263256
2570000000,-0.2042273405,-0.002066685843,-0.06831359543,-0.7108637915
2580000000,-0.1954113653,0.01224492995,-0.1405400866,-0.7011056032
2590000000,-0.1841903581,0.02448051379,-0.2118097373,-0.6840907137
2600000000,-0.1710122335,0.03421414918,-0.2813986945,-0.6598167483
2610000000,-0.1564047676,0.04111093146,-0.3485444783,-0.6283559016
2620000000,-0.1409575075,0.04494390892,-0.4124556305,-0.5898708408
2630000000,-0.1253011498,0.04560796999,-0.4723256266,-0.5446292166
2640000000,-0.1100809104,0.04312915057,-0.5273524442,-0.4930144677
2650000000,-0.09592817394,0.03766824945,-0.5767620514,-0.4355323615
2660000000,-0.08343032218,0.02951734523,-0.619833944,-0.3728104051
2670000000,-0.0731015594,0.0190887667,-0.6559276065,-0.3055909571
2680000000,-0.0653560623,0.006896765284,-0.6845073787,-0.2347167014
2690000000,-0.06048650729,-0.006467503109,-0.7051625986,-0.161109884
2700000000,-0.05864934682,-0.0203661473,-0.7176224911,-0.08574638252
2710000000,-0.05985810022,-0.034147284,-0.7217638392,-0.009626695891
2720000000,-0.06398541817,-0.04717810879,-0.7176101929,0.06625346876
2730000000,-0.07077304147,-0.0588762276,-0.705324719,0.1409308215
2740000000,-0.07984909455,-0.06873670601,-0.6851955609,0.2134986291
2750000000,-0.09075037177,-0.07635280439,-0.6576176945,0.2831247282
2760000000,-0.1029483021,-0.0814310244,-0.6230709284,0.3490638724
2770000000,-0.1158760957,-0.08379856268,-0.5820986323,0.4106635834
2780000000,-0.1289555138,-0.08340486436,-0.5352866306,0.4673641328
2790000000,-0.1416216983,-0.0803172757,-0.4832454761,0.5186936661
2800000000,-0.153345782,-0.07471209953,-0.4265962424,0.5642599372
2810000000,-0.1636534446,-0.06686295895,-0.3659605363,0.6037400716
2820000000,-0.1721401285,-0.05712587715,-0.3019550925,0.6368695054
2830000000,-0.1784837001,-0.04592322067,-0.2351896753,0.6634320329
2840000000,-0.1824531102,-0.03372667138,-0.1662693322,0.6832504178
2850000000,-0.1839142714,-0.02103965233,-0.09579831652,0.6961810793
2860000000,-0.1828333822,-0.008379463987,-0.02438646438,0.7021105745
2870000000,-0.1792779736,0.003741061043,0.04734443958,0.7009557652
2880000000,-0.17341437,0.01483148933,0.1187544209,0.6926677811
2890000000,-0.1655034279,0.02444212996,0.1891804671,0.6772387011
2900000000,-0.1558923064,0.03218164944,0.2579342827,0.6547110158
2910000000,-0.1450032313,0.03773380786,0.3243033424,0.6251890701
2920000000,-0.1333188012,0.04087287868,0.3875557256,0.5888513985
2930000000,-0.1213634031,0.04147612119,0.446949793,0.5459627117
2940000000,-0.1096817124,0.03953281915,0.5017471109,0.4968838852
2950000000,-0.09881429547,0.03514904093,0.5512308234,0.4420792987
2960000000,-0.0892721022,0.0285461975,0.594725333,0.3821192039
2970000000,-0.08151039402,0.02005413074,0.6316187427,0.3176767689
2980000000,-0.07590499086,0.01009704294,0.6613842908,0.2495194866
2990000000,-0.07273120305,-0.0008254377487,0.6836005672,0.1784943699
3000000000,-0.07214861606,-0.01216328337,0.6979670625,0.1055079882
3010000000,-0.07419195925,-0.02334368762,0.7043149541,0.03150287633
3020000000,-0.07876925596,-0.03380024959,0.7026116215,-0.04256807184
3030000000,-0.08566736866,-0.04300182871,0.6929579404,-0.1157677482
3040000000,-0.094563824,-0.05047885431,0.6755801625,-0.1871984814
3050000000,-0.1050455888,-0.0558445154,0.6508159439,-0.2560222923
3060000000,-0.1166299316,-0.05881189783,0.6190969795,-0.3214763555
3070000000,-0.1287897643,-0.05920383502,0.5809294606,-0.3828830575
3080000000,-0.1409776837,-0.05695759196,0.5368739488,-0.4396541405
3090000000,-0.1526508661,-0.05212376464,0.4875274295,-0.4912904988
3100000000,-0.163292981,-0.04485996451,0.4335064193,-0.537377013
3110000000,-0.1724337979,-0.03542169941,0.3754348703,-0.5775752096
3120000000,-0.1796656235,-0.02414899944,0.3139349356,-0.6116136563
3130000000,-0.1846565203,-0.01145212286,0.2496216014,-0.6392778813
3140000000,-0.1871606729,0.00220412581,0.1831012484,-0.6604013012
3150000000,-0.1870251622,0.01631759903,0.1149729151,-0.6748569912
3160000000,-0.1841946667,0.03036572607,0.04583181722,-0.6825520604
3170000000,-0.1787137254,0.04382258759,-0.02372538767,-0.6834250583
3180000000,-0.170725898,0.05617672058,-0.09309528611,-0.6774451806
3190000000,-0.1604708317,0.0669485735,-0.1616620441,-0.6646160209
3200000000,-0.1482785537,0.07570772081,-0.22879367,-0.6449806496
3210000000,-0.1345608751,0.08208967675,-0.2938400833,-0.6186299511
3220000000,-0.1197993148,0.08581191735,-0.3561339122,-0.5857124822
3230000000,-0.1045299447,0.08668798955,-0.4149950108,-0.5464449334
3240000000,-0.08932493678,0.08463930138,-0.4697386642,-0.5011224183
3250000000,-0.07477036514,0.07970359342,-0.5196873971,-0.450127741
3260000000,-0.0614423639,0.07203859717,-0.5641866993,-0.3939373304
3270000000,-0.04988129383,0.06192031783,-0.6026228909,-0.3331241489
3280000000,-0.04056597318,0.04973578792,-0.6344432944,-0.268355114
3290000000,-0.03388930872,0.03596886248,-0.6591756966,-0.2003838042
3300000000,-0.03013742802,0.02118072274,-0.6764472607,-0.1300375472
3310000000,-0.02947337848,0.005984664903,-0.6859997153,-0.05819983771
3320000000,-0.031927613,-0.008982204656,-0.6877000868,0.01421126497
3330000000,-0.03739565368,-0.02308897311,-0.6815462249,0.08626697943
3340000000,-0.04564270674,-0.03574157783,-0.6676659324,0.1570523111
3350000000,-0.05631602566,-0.04640999875,-0.6463106055,0.2256892924
3360000000,-0.06896312569,-0.05465182115,-0.6178430841,0.2913575152
3370000000,-0.08305460163,-0.06013057449,-0.5827220434,0.3533106751
3380000000,-0.09800938739,-0.06262711701,-0.5414834298,0.4108876114
3390000000,-0.1132217095,-0.06204543699,-0.4947213632,0.4635191459
3400000000,-0.1280872258,-0.05841190795,-0.4430691431,0.510729029
3410000000,-0.1420266681,-0.05186907763,-0.387182426,0.5521314557
3420000000,-0.1545072028,-0.04266538711,-0.3277248423,0.5874245475
3430000000,-0.1650604524,-0.03114177049,-0.2653570757,0.6163822573
3440000000,-0.1732957989,-0.01771550789,-0.2007296841,0.6388450498
3450000000,-0.1789113021,-0.002863266247,-0.1344783662,0.654710231
3460000000,-0.1817003083,0.01289658229,-0.0672232973,0.6639235843
3470000000,-0.1815554309,0.02902181851,0.0004300929885,0.6664723368
3480000000,-0.1784695468,0.04496386951,0.0678879243,0.6623801859
3490000000,-0.1725343887,0.06018475958,0.1345646813,0.6517046783
3500000000,-0.1639367768,0.07417354955,0.1998786435,0.6345370274
3510000000,-0.1529525263,0.08646189573,0.2632488916,0.6110041238
3520000000,-0.139938355,0.09663894531,0.3240929048,0.5812726345
3530000000,-0.1253212391,0.1043652365,0.3818266565,0.5455545792
3540000000,-0.1095854516,0.1093844654,0.4358658833,0.5041141141
3550000000,-0.09325728062,0.111533966,0.4856311641,0.4572741437
3560000000,-0.07688756423,0.110752749,0.5305548185,0.405422982
3570000000,-0.0610324379,0.1070859138,0.5700908843,0.3490193558
3580000000,-0.0462322075,0.1006856693,0.6037270552,0.2885950654
3590000000,-0.03299029467,0.09180799488,0.6309982935,0.2247553455
3600000000,-0.0217520179,0.08080462037,0.6515015487,0.1581752533
3610000000,-0.01288561485,0.06811031084,0.6649100665,0.08959262439
3620000000,-0.006665121238,0.05422584981,0.6709865388,0.01979734948
3630000000,-0.003257845654,0.03969728711,0.6695939744,-0.05038259384
3640000000,-0.002716820793,0.02509221721,0.6607034308,-0.1200980657
3650000000,-0.004978688732,0.0109749689,0.6443976788,-0.1884969967
3660000000,-0.009866970408,-0.002118257678,0.6208711115,-0.2547434199
3670000000,-0.01710185404,-0.01370273882,0.5904248466,-0.3180358606
3680000000,-0.02631430146,-0.02336546268,0.5534584809,-0.3776237515
3690000000,-0.03706422093,-0.03078134639,0.5104585155,-0.432821487
3700000000,-0.04886223387,-0.03572472782,0.4619846362,-0.4830192085
3710000000,-0.06119145604,-0.03807518007,0.408655007,-0.5276895692
3720000000,-0.07353077652,-0.03781911344,0.3511309714,-0.5663918194
3730000000,-0.0853760899,-0.03504477823,0.2901032001,-0.5987717855
3740000000,-0.09625995877,-0.02993560468,0.2262786251,-0.6245597628
3750000000,-0.1057682642,-0.02275774008,0.1603699507,-0.6435663207
3760000000,-0.1135537719,-0.01384615082,0.09308686052,-0.6556767313
3770000000,-0.1193461884,-0.003589105603,0.02512972277,-0.6608452911
3780000000,-0.1229587239,0.007588274383,-0.04281477168,-0.6590893202
3790000000,-0.1242914961,0.01924169022,-0.1100764341,-0.650484285
3800000000,-0.123331593,0.03092374668,-0.1760032267,-0.6351593936
3810000000,-0.1201504442,0.04220026329,-0.2399617889,-0.6132949054
3820000000,-0.114898449,0.05266497025,-0.3013388375,-0.5851204069
3830000000,-0.1077974393,0.06195332369,-0.3595412817,-0.5509142091
3840000000,-0.0991308063,0.06975401174,-0.4139986497,-0.5110035336
3850000000,-0.08923207889,0.0758190354,-0.4641652387,-0.4657656779
3860000000,-0.07847180566,0.07997135111,-0.5095241533,-0.4156286317
3870000000,-0.06724331942,0.08211007341,-0.5495922255,-0.3610721265
3880000000,-0.05594773274,0.08221305775,-0.5839261445,-0.3026272516
3890000000,-0.04497855808,0.08033662082,-0.6121297378,-0.240875416
3900000000,-0.0347066018,0.07661224279,-0.6338615843,-0.1764456848
3910000000,-0.02546565018,0.07124034093,-0.6488428802,-0.1100102458
3920000000,-0.01753955696,0.06448128585,-0.6568652743,-0.0422781581
3930000000,-0.01115140321,0.05664381053,-0.6577975391,0.02601258237
3940000000,-0.006455271495,0.04807138541,-0.6515912737,0.09410504923
3950000000,-0.003530970322,0.03912705596,-0.638284871,0.1612340935
3960000000,-0.002382222958,0.03017778238,-0.6180053438,0.2266382096
3970000000,-0.00293820055,0.02157827722,-0.5909679025,0.2895723211
3980000000,-0.005058554038,0.01365592109,-0.5574736076,0.3493193496
3990000000,-0.008541407429,0.006697501317,-0.5179047471,0.405201745
4000000000,-0.01313404016,0.0009379207752,-0.4727181265,0.4565920933
4010000000,-0.0185456579,-0.003448889047,-0.4224371704,0.5029217599
4020000000,-0.02446132381,-0.006354895798,-0.3676429128,0.543687893
4030000000,-0.03055671221,-0.00774074364,-0.3089639801,0.578459187
4040000000,-0.03651259401,-0.007634664482,-0.2470668817,0.6068790058
4050000000,-0.04202800692,-0.006128882451,-0.1826465423,0.6286674797
4060000000,-0.04683340962,-0.003372955514,-0.1164161541,0.6436223005
4070000000,-0.05070018382,0.0004347265501,-0.04909933236,0.6516175453
4080000000,-0.05344934939,0.005057323182,0.01857817344,0.6526029115
4090000000,-0.05495701679,0.01023108895,0.08589545914,0.6466011098
4100000000,-0.05515775829,0.01567754403,0.1521427651,0.6337059002
4110000000,-0.0540453094,0.02111578958,0.2166276007,0.6140792311
4120000000,-0.05167041945,0.02627431839,0.2786796107,0.5879486392
4130000000,-0.04813724266,0.03090223711,0.3376561166,0.5556049162
4140000000,-0.04359706275,0.03477912716,0.3929467381,0.5173989076
4150000000,-0.03824054467,0.03772341597,0.4439785008,0.4737391112
4160000000,-0.03228851177,0.03959918091,0.4902205601,0.4250881882
4170000000,-0.02598176885,0.04032014924,0.5311893699,0.371959938
4180000000,-0.01957028426,0.03985233131,0.5664535574,0.314914881
4190000000,-0.01330232439,0.03821460191,0.5956389884,0.2545562306
4200000000,-0.007413922252,0.03547572528,0.6184335129,0.19152398
4210000000,-0.002118725899,0.03175110357,0.6345909794,0.1264894054
4220000000,0.002400526947,0.02719601937,0.6439353567,0.06014812939
4230000000,0.005999351147,0.02199844416,0.6463636007,-0.006787360559
4240000000,0.008576944261,0.01636976326,0.6418479702,-0.07359567754
4250000000,0.01007967933,0.01053528533,0.6304370442,-0.1395547379
4260000000,0.01050212889,0.004723603999,0.6122557447,-0.2039504986
4270000000,0.009886587908,-0.0008429538672,0.5875043832,-0.266085537
4280000000,0.008319812195,-0.005958382922,0.5564563604,-0.3252872958
4290000000,0.005928334186,-0.01044134441,0.5194548005,-0.3809163321
4300000000,0.002871765331,-0.01414287432,0.4769083066,-0.4323737774
4310000000,-0.0006646848906,-0.01695189725,0.4292861149,-0.4791079565
4320000000,-0.004479313289,-0.01879903201,0.3771121542,-0.5206207268
4330000000,-0.008362633476,-0.01965891642,0.3209582796,-0.5564724808
4340000000,-0.01210708594,-0.01954985201,0.2614382362,-0.586286778
4350000000,-0.01551563318,-0.0185322119,0.199200172,-0.6097538254
4360000000,-0.01841013947,-0.01670457698,0.1349191836,-0.6266334242
4370000000,-0.02063847569,-0.01419869844,0.06929051784,-0.6367567268
4380000000,-0.0220803141,-0.01117294767,0.003021740061,-0.6400279359
4390000000,-0.02265152234,-0.007804924243,-0.06317476485,-0.6364244261
4400000000,-0.02230670151,-0.004283478857,-0.1285887789,-0.6259973334
4410000000,-0.02104018618,-0.0008003781451,-0.1925200106,-0.6088703258
4420000000,-0.01888521691,0.002457723576,-0.2542851696,-0.5852383902
4430000000,-0.01591149497,0.005317147463,-0.3132251891,-0.5553658422
4440000000,-0.01222132347,0.00762396073,-0.3687121351,-0.5195834041
4450000000,-0.007944474343,0.00924991376,-0.4201560254,-0.4782850294
4460000000,-0.003231744725,0.01009718376,-0.4670111215,-0.4319232972
4470000000,0.001751369592,0.01010127236,-0.5087820784,-0.3810048118
4480000000,0.006832614418,0.009232831023,-0.5450291203,-0.3260846273
4490000000,0.01183994878,0.007497972235,-0.5753731662,-0.2677599036
4500000000,0.01660868633,0.004936421853,-0.5994996603,-0.2066633829
4510000000,0.02098811396,0.001619019118,-0.6171622076,-0.14345632
4520000000,0.02484697032,-0.002356256864,-0.6281847422,-0.07882065438
4530000000,0.02807833157,-0.006869513989,-0.6324631777,-0.01345181184
4540000000,0.03060300443,-0.01178472076,-0.6299662762,0.05194919948
4550000000,0.03237127279,-0.01695551789,-0.620735452,0.1166835646
4560000000,0.03336414357,-0.02223214927,-0.6048834828,0.1800619226
4570000000,0.03359231255,-0.02746719027,-0.5825931174,0.2414116708
4580000000,0.03309469646,-0.03252181458,-0.5541144769,0.3000839424
4590000000,0.03193519482,-0.03727057069,-0.5197619979,0.3554599345
4600000000,0.03019895285,-0.04160589446,-0.4799108089,0.406957213
4610000000,0.02798794237,-0.04544184308,-0.4349927961,0.4540350617
4620000000,0.02541574212,-0.04871549377,-0.3854916596,0.4962000708
4630000000,0.02260244974,-0.05138925263,-0.3319386164,0.5330105869
4640000000,0.01966938858,-0.05344990545,-0.274906633,0.5640811902
4650000000,0.01673419428,-0.0549081277,-0.2150048326,0.589086528
4660000000,0.01390628528,-0.05579634637,-0.152872814,0.6077646874
4670000000,0.01128296414,-0.05616598171,-0.08917412025,0.6199202458
4680000000,0.008946360758,-0.05608398468,-0.02458938608,0.6254263786
4690000000,0.006961302647,-0.05562884397,0.04019005858,0.624226988
4700000000,0.005373587225,-0.05488671098,0.1044700664,0.6163372644
4710000000,0.004210272596,-0.05394679206,0.1675606797,0.6018445716
4720000000,0.003479885227,-0.05289758721,0.2287837528,0.580907536
4730000000,0.003173538942,-0.05182320476,0.2874807424,0.5537549753
4740000000,0.003267602957,-0.05080003518,0.3430198482,0.5206837109
4750000000,0.003725835064,-0.04989432997,0.3948036532,0.4820553829
4760000000,0.004502636974,-0.04916042098,0.4422756859,0.4382925315
4770000000,0.005546214554,-0.04863963452,0.4849272027,0.38987398
4780000000,0.006801818141,-0.0483601075,0.5223025932,0.3373290634
4790000000,0.008214793133,-0.04833733768,0.5540049352,0.2812319724
4800000000,0.009733305558,-0.04857529368,0.5796999595,0.2221944298
4810000000,0.01131055176,-0.04906822287,0.5991198383,0.1608593824
4820000000,0.01290645889,-0.04980274577,0.6120656583,0.09789301779
4830000000,0.01448874395,-0.05076022929,0.6184094535,0.03397783434
4840000000,0.01603317407,-0.05191929007,0.6180949432,-0.03019524979
4850000000,0.01752335301,-0.05325809896,0.6111379865,-0.09393427158
4860000000,0.01894984806,-0.05475651355,0.5976260395,-0.1565536137
4870000000,0.02030879534,-0.05639780182,0.5777167152,-0.2173811959
4880000000,0.02160004512,-0.05816993642,0.5516363434,-0.2757655832
4890000000,0.02282543722,-0.06006612464,0.5196769327,-0.3310828847
4900000000,0.02398649443,-0.06208503748,0.4821934101,-0.3827430721
4910000000,0.02508250816,-0.06423022005,0.4395998574,-0.4301965351
4920000000,0.02610886162,-0.06650895645,0.3923648878,-0.4729397324
4930000000,0.02705554999,-0.06893088199,0.3410069653,-0.5105210157
4940000000,0.02790634016,-0.071505835,0.2860887157,-0.5425454724
4950000000,0.0286384584,-0.07424185029,0.2282105775,-0.5686795809
4960000000,0.02922282207,-0.0771428156,0.1680043599,-0.5886550708
4970000000,0.02962507685,-0.08020667022,0.1061256783,-0.6022719398
4980000000,0.02980700859,-0.08342302724,0.04324676237,-0.6094006353
4990000000,0.02972867499,-0.08677189619,-0.01995207243,-0.6099835499
5000000000,0.02935081432,-0.09022279799,-0.08278983519,-0.604035205
5010000000,0.02863765056,-0.09373443803,-0.1445932655,-0.5916413289
5020000000,0.02755972861,-0.09725488711,-0.2047043412,-0.5729574362
5030000000,0.02609674122,-0.1007229408,-0.2624877991,-0.5482058099
5040000000,0.02424011352,-0.1040697013,-0.3173378585,-0.5176722316
5050000000,0.02199514348,-0.1072210455,-0.368684433,-0.481701291
5060000000,0.01938270392,-0.1101010988,-0.4159984959,-0.4406920479
5070000000,0.0164402442,-0.1126346416,-0.4587968217,-0.3950923983
5080000000,0.01322172842,-0.1147521306,-0.4966454418,-0.3453938841
5090000000,0.009797161944,-0.1163921406,-0.5291632891,-0.2921260955
5100000000,0.006251448892,-0.1175061668,-0.5560241615,-0.2358511527
5110000000,0.00268123063,-0.1180613762,-0.5769587687,-0.1771584438
5120000000,-0.0008073969974,-0.1180438155,-0.5917566063,-0.1166595879
5130000000,-0.004103208921,-0.1174607364,-0.6002667222,-0.05498332579
5140000000,-0.007094119086,-0.1163420955,-0.602399302,0.007229177487
5150000000,-0.009671573728,-0.1147412837,-0.5981264398,0.06932930881
5160000000,-0.01173618902,-0.1127346973,-0.5874833574,0.1306661181
5170000000,-0.01320230297,-0.1104203088,-0.5705692563,0.1905912106
5180000000,-0.01400279588,-0.1079151971,-0.5475482884,0.2484648043
5190000000,-0.0140936009,-0.1053518279,-0.5186497561,0.3036616009
5200000000,-0.01345738113,-0.102873462,-0.4841685434,0.3555778355
5210000000,-0.01210576055,-0.1006287474,-0.4444642361,0.403638196
5220000000,-0.01008146833,-0.09876537076,-0.3999592661,0.4473040556
5230000000,-0.007457912608,-0.09742364838,-0.3511364562,0.4860813504
5240000000,-0.00433824521,-0.09672971326,-0.2985341407,0.519528813
5250000000,-0.0008524070517,-0.09678912843,-0.2427410247,0.5472655222
5260000000,0.002847163182,-0.09768095521,-0.1843883827,0.568978668
5270000000,0.006591134951,-0.09945281427,-0.1241414662,0.5844291294
5280000000,0.01019998791,-0.1021173073,-0.06268956725,0.5934564501
5290000000,0.01349164769,-0.10564978,-0.00073494139,0.5959817516
5300000000,0.01628932193,-0.1099879556,0.06101826404,0.5920085297
5310000000,0.01842962653,-0.1150332505,0.1218758183,0.5816215875
5320000000,0.01977003912,-0.1206538887,0.1811637191,0.5649839879
5330000000,0.02019579262,-0.126689584,0.2382388128,0.5423318649
5340000000,0.01962543172,-0.1329576193,0.2924965731,0.513967989
5350000000,0.01801516246,-0.1392599841,0.3433785364,0.4802541794
5360000000,0.01536136254,-0.1453912832,0.3903771624,0.4416026536
5370000000,0.01170171061,-0.1511469163,0.4330390813,0.398468154
5380000000,0.007114412945,-0.1563313702,0.4709668438,0.3513390343
5390000000,0.001715933214,-0.1607661053,0.5038187807,0.3007305145
5400000000,-0.004342790316,-0.1642968431,0.5313077696,0.2471773821
5410000000,-0.01088131534,-0.1668000486,0.553200001,0.1912294411
5420000000,-0.0176960113,-0.1681883586,0.5693121856,0.1334467076
5430000000,-0.02456697823,-0.1684147946,0.5795100294,0.07439696231
5440000000,-0.03126593653,-0.1674756699,0.5837061916,0.01465370719
5450000000,-0.03756460696,-0.1654124182,0.5818597775,-0.04520539665
5460000000,-0.0432430141,-0.1623109377,0.5739763218,-0.1045988286
5470000000,-0.04809859917,-0.1583010504,0.5601089124,-0.1629423686
5480000000,-0.05195442377,-0.1535525952,0.5403607284,-0.2196506533
5490000000,-0.05466742762,-0.1482709802,0.5148875755,-0.27413925
5500000000,-0.05613578096,-0.142690722,0.483902156,-0.3258284324
5510000000,-0.05630509082,-0.1370673428,0.4476772298,-0.3741480141
5520000000,-0.0551732536,-0.1316678936,0.4065494723,-0.4185449325
5530000000,-0.05279294957,-0.1267599463,0.3609214851,-0.4584913751
5540000000,-0.04927269168,-0.1226003612,0.3112626039,-0.4934952982
5550000000,-0.0447745418,-0.119423103,0.2581072299,-0.523111557
5560000000,-0.03950940818,-0.1174275201,0.2020511079,-0.5469541404
5570000000,-0.03372951121,-0.116767843,0.1437435587,-0.5647074366
5580000000,-0.02771861631,-0.1175440087,0.08387768748,-0.5761368629
5590000000,-0.02177955446,-0.1197950982,0.02317768736,-0.5810974378
5600000000,-0.01622093947,-0.1234954922,-0.03761575775,-0.5795391877
5610000000,-0.01134251521,-0.1285545432,-0.09776220167,-0.5715097453
5620000000,-0.007421163356,-0.1348194437,-0.1565374581,-0.5571529395
5630000000,-0.004697653841,-0.1420814663,-0.2132495734,-0.5367034832
5640000000,-0.003365390895,-0.1500849619,-0.2672523729,-0.5104790109
5650000000,-0.003561512977,-0.158538773,-0.317957621,-0.4788686996
5660000000,-0.005361126351,-0.1671288896,-0.36484298,-0.4423203804
5670000000,-0.008774011834,-0.1755322816,-0.4074568149,-0.4013271221
5680000000,-0.01374526963,-0.1834299862,-0.4454200273,-0.3564130836
5690000000,-0.02015778085,-0.1905202719,-0.4784244753,-0.3081211841
5700000000,-0.02783761698,-0.1965299956,-0.5062287561,-0.2570020232
5710000000,-0.03656108478,-0.201224601,-0.5286523346,-0.2036055143
5720000000,-0.04606340009,-0.2044163063,-0.5455688915,-0.1484738749
5730000000,-0.05604809532,-0.2059704005,-0.55689865,-0.09213920698
5740000000,-0.0661973551,-0.2058098122,-0.5626019486,-0.03512103755
5750000000,-0.07618234189,-0.2039178483,-0.5626732735,0.02207199973
5760000000,-0.08567396962,-0.2003393913,-0.5571372782,0.07894006221
5770000000,-0.09435371834,-0.1951804679,-0.5460461874,0.13498927
5780000000,-0.101924039,-0.188606395,-0.529480228,0.1897267768
5790000000,-0.1081190595,-0.1808381561,-0.5075491111,0.2426583856
5800000000,-0.1127146983,-0.1721473084,-0.4803966833,0.2932852454
5810000000,-0.1155384926,-0.1628488722,-0.4482063985,0.3411038484
5820000000,-0.1164784053,-0.1532923766,-0.411208737,0.3856064513
5830000000,-0.1154906536,-0.1438507882,-0.3696886345,0.4262861063
5840000000,-0.1126054704,-0.1349074901,-0.3239931755,0.4626429448
5850000000,-0.1079306309,-0.1268412484,-0.2745373289,0.49419511
5860000000,-0.1016518424,-0.1200101611,-0.2218087168,0.5204909406
5870000000,-0.09402928231,-0.1147344142,-0.1663671374,0.5411247356
5880000000,-0.08539023009,-0.111279745,-0.1088419507,0.5557528023
5890000000,-0.07611727772,-0.1098419824,-0.04992366937,0.5641097516
5900000000,-0.06663290587,-0.1105345528,0.009648849878,0.5660234894
5910000000,-0.05738046268,-0.1133795801,0.06910492838,0.5614268943
5920000000,-0.04880285969,-0.1183038033,0.1276630601,0.5503655185
5930000000,-0.04132107378,-0.1251402183,0.1845524801,0.5329994513
5940000000,-0.03531258469,-0.1336347503,0.2390362229,0.5095999414
5950000000,-0.03109334703,-0.1434586509,0.2904315343,0.480539899
5960000000,-0.02890220043,-0.1542244317,0.3381277883,0.4462797733
5970000000,-0.02889131037,-0.1655051755,0.3815992403,0.4073498084
5980000000,-0.03112039702,-0.1768547694,0.4204133304,0.3643301368
5990000000,-0.03555740854,-0.1878287711,0.4542328677,0.3178300793
6000000000,-0.04208245627,-0.1980029599,0.4828133736,0.2684698808
6010000000,-0.05049671406,-0.2069901332,0.5059962781,0.2168631852
6020000000,-0.06053310663,-0.2144537733,0.5236985302,0.163604649
6030000000,-0.07186946227,-0.220118456,0.5359008572,0.1092604695
6040000000,-0.08414223551,-0.2237764205,0.542635222,0.05436303897
6050000000,-0.09696009881,-0.2252924761,0.5439723326,-0.0005902666694
6060000000,-0.109917408,-0.2246052149,0.5400109829,-0.05513508132
6070000000,-0.1226070067,-0.2217269867,0.5308693924,-0.1088365855
6080000000,-0.1346317535,-0.2167417646,0.5166789491,-0.1612819257
6090000000,-0.1456158817,-0.209801983,0.4975809701,-0.212074089
6100000000,-0.1552150912,-0.2011244531,0.4737261373,-0.2608238578
6110000000,-0.1631266702,-0.1909846219,0.4452769464,-0.307143129
6120000000,-0.1690986407,-0.1797106543,0.4124130058,-0.3506389332
6130000000,-0.1729391193,-0.1676749976,0.3753379908,-0.3909101822
6140000000,-0.1745244524,-0.1552853636,0.3342886981,-0.427546556
6150000000,-0.1738070125,-0.1429731182,0.2895453802,-0.4601303084
6160000000,-0.1708211295,-0.1311799913,0.2414413518,-0.4882424226
6170000000,-0.1656871445,-0.1203424797,0.1903721305,-0.5114719726
6180000000,-0.1586123478,-0.1108746296,0.1368024144,-0.52942895
6190000000,-0.149888315,-0.1031494533,0.08126973387,-0.5417604463
6200000000,-0.1398835501,-0.09747999395,0.02438285135,-0.5481688592
6210000000,-0.1290315093,-0.09410152089,-0.03318387463,-0.5484306883
6220000000,-0.1178134395,-0.09315614815,-0.09070287297,-0.5424143836
6230000000,-0.1067371865,-0.09468144222,-0.1474107977,-0.5300955266
6240000000,-0.09631260981,-0.09860466689,-0.2025303631,-0.5115668139
6250000000,-0.08702562131,-0.1047433932,-0.2552954934,-0.4870428221
6260000000,-0.07931274906,-0.1128130306,-0.3049770484,-0.4568569276
6270000000,-0.07353820938,-0.1224410573,-0.3509075729,-0.4214515591
6280000000,-0.06997564176,-0.133186526,-0.3925021286,-0.381362192
6290000000,-0.06879560325,-0.1445636349,-0.4292739491,-0.3371965399
6300000000,-0.07005984641,-0.1560670866,-0.460843696,-0.289610641
6310000000,-0.07372224831,-0.1671972877,-0.4869417643,-0.2392850868
6320000000,-0.07963537108,-0.1774835108,-0.5074041598,-0.1869015599
6330000000,-0.08756286962,-0.1865037525,-0.522163438,-0.133123845
6340000000,-0.09719375015,-0.1939000971,-0.5312351323,-0.07858249443
6350000000,-0.1081598316,-0.1993897985,-0.5347028786,-0.02386457498
6360000000,-0.1200537968,-0.202771802,-0.532702324,0.03049145191
6370000000,-0.1324456807,-0.2039292694,-0.5254059822,0.0839961773
6380000000,-0.1448993535,-0.2028291669,-0.5130104736,0.1362059096
6390000000,-0.156987075,-0.1995191227,-0.4957260698,0.1867166413
6400000000,-0.1683025752,-0.194122661,-0.4737696684,0.2351562122
6410000000,-0.1784720223,-0.1868330281,-0.4473610591,0.2811747028
6420000000,-0.1871646104,-0.177906203,-0.4167227388,0.3244364346
6430000000,-0.1941012887,-0.1676528512,-0.3820824977,0.3646111194
6440000000,-0.1990634269,-0.156429836,-0.3436790336,0.4013681103
6450000000,-0.2018995538,-0.1446302057,-0.3017698211,0.4343718749
6460000000,-0.2025324907,-0.1326721878,-0.2566400795,0.4632815368
6470000000,-0.2009641615,-0.1209868602,-0.2086134039,0.487752863
6480000000,-0.1972798349,-0.1100036794,-0.1580608412,0.5074442887
6490000000,-0.1916491343,-0.1001348551,-0.1054102495,0.5220266754
6500000000,-0.1843244182,-0.09175794995,-0.05115192326,0.5311965746
6510000000,-0.1756353451,-0.08519830057,0.004159120171,0.5346921688
6520000000,-0.1659790285,-0.08071162403,0.05990487168,0.5323109792
6530000000,-0.1558053404,-0.07846743572,0.1154127041,0.5239281504
6540000000,-0.1455980512,-0.07853707213,0.169968006,0.5095128979
6550000000,-0.1358518197,-0.08088492668,0.222833326,0.4891417406
6560000000,-0.1270471643,-0.08536653584,0.2732705197,0.4630068985
6570000000,-0.119624404,-0.09173260359,0.3205663736,0.4314179988
6580000000,-0.1139594545,-0.09964083979,0.364057808,0.3947966609
6590000000,-0.1103428992,-0.1086732479,0.4031557178,0.3536641322
6600000000,-0.108964635,-0.1183587605,0.4373634771,0.3086231611
6610000000,-0.1099050265,-0.1281989475,0.4662909562,0.2603347893
6620000000,-0.1131330977,-0.1376943525,0.4896601585,0.2094943135
6630000000,-0.1185115601,-0.1463699937,0.5073050272,0.1568060188
6640000000,-0.1258076718,-0.1537975851,0.5191644415,0.1029608856
6650000000,-0.1347083457,-0.1596136427,0.525270034,0.04861855585
6660000000,-0.1448382309,-0.1635325493,0.5257310879,-0.005606400432
6670000000,-0.1557788692,-0.165354782,0.5207176718,-0.0591522433
6680000000,-0.1670878605,-0.1649704218,0.510443931,-0.1115134684
6690000000,-0.1783168158,-0.1623588104,0.4951528897,-0.1622384808
6700000000,-0.1890276881,-0.1575851561,0.4751039436,-0.2109245012
6710000000,-0.1988071821,-0.150794875,0.4505635599,-0.2572100389
6720000000,-0.2072791857,-0.142206361,0.4217993027,-0.3007653099
6730000000,-0.2141155401,-0.1321027063,0.3890779611,-0.3412825833
6740000000,-0.2190454532,-0.1208225897,0.3526664849,-0.3784675422
6750000000,-0.2218635859,-0.1087503068,0.3128361509,-0.4120313893
6760000000,-0.2224373053,-0.09630514702,0.2698695668,-0.4416853575
6770000000,-0.2207129172,-0.08392958657,0.224069465,-0.4671381618
6780000000,-0.2167205861,-0.07207586241,0.1757679559,-0.488096758
6790000000,-0.2105777376,-0.06119140734,0.1253367123,-0.5042702354
6800000000,-0.2024902108,-0.05170228167,0.07319606746,-0.5153782898
6810000000,-0.1927503106,-0.04399554359,0.01982181024,-0.521162245
6820000000,-0.1817309883,-0.0384005146,-0.03425088725,-0.5214004847
6830000000,-0.1698757424,-0.03517033135,-0.08842815008,-0.5159247205
6840000000,-0.1576832369,-0.03446492505,-0.1420626836,-0.5046384681
6850000000,-0.145687359,-0.03633672404,-0.194466074,-0.4875336442
6860000000,-0.134432461,-0.04072156249,-0.2449252118,-0.4647053735
6870000000,-0.1244461626,-0.04743536706,-0.2927239781,-0.4363617623
6880000000,-0.1162103939,-0.05617859214,-0.3371688788,-0.4028273408
6890000000,-0.1101342959,-0.06654800343,-0.3776145854,-0.3645400274
6900000000,-0.1065302416,-0.07805610147,-0.413489115,-0.3220397729
6910000000,-0.1055958186,-0.09015628786,-0.4443150245,-0.2759512782
6920000000,-0.1074033672,-0.1022722222,-0.4697250105,-0.2269601793
6930000000,-0.111897788,-0.11382816,-0.4894698111,-0.1757880174
6940000000,-0.1189018001,-0.1242785352,-0.5034195112,-0.1231648723
6950000000,-0.128129473,-0.1331339889,-0.5115567017,-0.06980505454
6960000000,-0.1392036558,-0.1399820694,-0.5139648097,-0.01638592774
6970000000,-0.1516779176,-0.1445024759,-0.510811251,0.03646799194
6980000000,-0.1650594145,-0.1464752064,-0.502329099,0.08819474305
6990000000,-0.1788314117,-0.145784194,-0.4887981717,0.1382992128
7000000000,-0.1924742893,-0.1424152024,-0.4705276634,0.1863524671
7010000000,-0.2054840832,-0.1364505023,-0.4478408325,0.2319861751
7020000000,-0.2173880063,-0.1280606174,-0.4210634287,0.2748852535
7030000000,-0.2277574618,-0.1174951184,-0.3905157116,0.3147769859
7040000000,-0.2362183998,-0.1050719994,-0.3565081369,0.3514209591
7050000000,-0.2424596548,-0.09116691438,-0.3193403366,0.384598628
7060000000,-0.2462399023,-0.0762026446,-0.279303955,0.4141036986
7070000000,-0.2473932997,-0.06063798212,-0.2366872308,0.4397350183
7080000000,-0.2458343165,-0.04495651296,-0.1917822646,0.4612909972
7090000000,-0.2415618495,-0.02965485053,-0.1448938416,0.478567198
7100000000,-0.2346623148,-0.01522964778,-0.0963486952,0.4913568762
7110000000,-0.2253114227,-0.002163420574,-0.04650464242,0.4994549539
7120000000,-0.2137740765,0.009091056435,0.004241208103,0.5026649986
7130000000,-0.2004017426,0.01812752258,0.05544513751,0.5008096104
7140000000,-0.1856263037,0.02460403993,0.1066137452,0.4937435007
7150000000,-0.1699495302,0.02826091184,0.1572041278,0.4813682047
7160000000,-0.1539282999,0.02893729344,0.2066279603,0.4636485732
7170000000,-0.1381546771,0.02658539854,0.2542609275,0.4406279134
7180000000,-0.1232313392,0.0212804041,0.2994583766,0.41244161
7190000000,-0.1097441404,0.01322441094,0.3415731693,0.3793268435
7200000000,-0.09823250433,0.002743344222,0.3799787427,0.3416271178
7210000000,-0.08916055662,-0.009724073042,0.414092764,0.2997905265
7220000000,-0.08289110442,-0.02364510772,0.4434008423,0.2543608615
7230000000,-0.07966499129,-0.03841857448,0.4674772307,0.2059627334
7240000000,-0.07958801229,-0.05340510513,0.4860003617,0.155281329
7250000000,-0.08262602398,-0.06796035511,0.4987633937,0.1030374228
7260000000,-0.08860933809,-0.08146698811,0.5056761904,0.04996310115
7270000000,-0.09724453098,-0.09336521954,0.5067616906,-0.003223485466
7280000000,-0.1081338912,-0.1031763489,0.5021451826,-0.05583921777
7290000000,-0.120798414,-0.1105219868,0.4920400246,-0.1072534674
7300000000,-0.1347037662,-0.115134727,0.4767295836,-0.1568990949
7310000000,-0.1492863816,-0.1168628525,0.4565490514,-0.2042790717
7320000000,-0.1639778439,-0.1156689781,0.4318674993,-0.2489667018
7330000000,-0.1782271371,-0.1116231624,0.4030724411,-0.2906023884
7340000000,-0.1915187732,-0.104894008,0.3705568441,-0.3288869517
7350000000,-0.2033881449,-0.0957356582,0.3347102234,-0.3635724591
7360000000,-0.2134327307,-0.08447524296,0.2959126384,-0.3944527167
7370000000,-0.2213210008,-0.07149864193,0.2545332773,-0.421353125
7380000000,-0.2267982419,-0.05723686791,0.2109298055,-0.4441223915
7390000000,-0.2296905919,-0.04215304786,0.1654531134,-0.4626250178
7400000000,-0.2299079413,-0.02672860169,0.1184512583,-0.4767361584
7410000000,-0.2274443164,-0.01145092739,0.07027631647,-0.4863389977
7420000000,-0.2223783146,0.003199890423,0.02129096524,-0.4913241747
7430000000,-0.2148712134,0.01676408655,-0.02812430278,-0.4915926057
7440000000,-0.2051643431,0.02881568227,-0.0775662638,-0.4870601317
7450000000,-0.1935731853,0.03897615107,-0.126603778,-0.4776647323
7460000000,-0.180480781,0.04692779931,-0.1747760401,-0.4633756869
7470000000,-0.1663267583,0.05242690638,-0.2215929031,-0.4442038458
7480000000,-0.1515945528,0.05531541098,-0.266538764,-0.4202126691
7490000000,-0.136794344,0.05553061215,-0.309079881,-0.3915284322
7500000000,-0.1224448078,0.05311142582,-0.3486743647,-0.3583498274
7510000000,-0.1090509731,0.04820086039,-0.3847864559,-0.3209538156
7520000000,-0.09708231238,0.04104329245,-0.4169017233,-0.2796993887
7530000000,-0.08695050736,0.0319763648,-0.4445443184,-0.235026403
7540000000,-0.07898923655,0.02141733864,-0.4672943633,-0.1874498011
7550000000,-0.07343725939,0.009844539782,-0.4848031511,-0.1375498169
7560000000,-0.07042659656,-0.002225326026,-0.4968062373,-0.08595786067
7570000000,-0.06997651181,-0.01426218821,-0.5031323546,-0.03333970806
7580000000,-0.07199380576,-0.0257484897,-0.503708098,0.01962302412
7590000000,-0.07627982246,-0.03620391885,-0.4985573181,0.07225201469
7600000000,-0.08254277701,-0.04520731139,-0.4877964482,0.1238893924
7610000000,-0.09041488488,-0.05241436431,-0.4716255274,0.173913304
7620000000,-0.09947246227,-0.05757040938,-0.4503171313,0.2217490777
7630000000,-0.109257782,-0.06051778633,-0.4242030351,0.266878477
7640000000,-0.1193008251,-0.06119777303,-0.3936607217,0.3088428124
7650000000,-0.1291400417,-0.05964797018,-0.3591009274,0.3472444611
7660000000,-0.1383410722,-0.055995535,-0.3209562513,0.3817446396
7670000000,-0.1465126906,-0.05044722508,-0.2796722406,0.4120594879
7680000000,-0.1533198391,-0.0432772841,-0.2357006161,0.4379547753
7690000000,-0.1584935056,-0.03481374427,-0.1894952289,0.4592399834
7700000000,-0.161837851,-0.02542387918,-0.14151007,0.475763394
7710000000,-0.1632343174,-0.01549943983,-0.09219896034,0.4874071459
7720000000,-0.1626434339,-0.005441682386,-0.04201719217,0.4940847247
7730000000,-0.160103909,0.004353253415,0.008577528395,0.4957391606
7740000000,-0.1557298424,0.01350821882,0.05912122995,0.4923435357
7750000000,-0.1497053605,0.02167873333,0.1091434905,0.4839027609
7760000000,-0.1422774484,0.02856504425,0.1581655621,0.4704572816
7770000000,-0.1337462617,0.03392363777,0.205701324,0.4520872718
7780000000,-0.1244538911,0.03757672961,0.2512589997,0.4289183664
7790000000,-0.1147706091,0.03941969068,0.294346074,0.4011263732
7800000000,-0.105080124,0.0394258899,0.3344748545,0.3689425394
7810000000,-0.09576310707,0.03764884614,0.37117076,0.3326568752
7820000000,-0.08718077725,0.03422058657,0.4039820001,0.2926199903
7830000000,-0.07965825823,0.02934631705,0.4324900003,0.2492429615
7840000000,-0.07346921616,0.02329598127,0.4563207138,0.2029939178
7850000000,-0.06882305608,0.01639128134,0.4751548004,0.1543927628
7860000000,-0.06585397543,0.00899138079,0.4887375246,0.1040029114
7870000000,-0.06461526961,0.001474700817,0.4968863265,0.0524204132
7880000000,-0.06507654971,-0.005779063092,0.4994956823,0.0002626487559
7890000000,-0.06712563407,-0.0124077358,0.4965400214,-0.05184489802
7900000000,-0.07057535276,-0.01808408815,0.4880729882,-0.1032817941
7910000000,-0.07517306461,-0.02253136929,0.4742244869,-0.1534447164
7920000000,-0.08061445371,-0.02553561233,0.4551950093,-0.2017579878
7930000000,-0.0865585025,-0.02695489827,0.4312485531,-0.2476834955
7940000000,-0.09264456463,-0.02672439255,0.4027040618,-0.290726827
7950000000,-0.098509094,-0.02485771228,0.36992633,-0.3304422481
7960000000,-0.1038023141,-0.02144471483,0.333317618,-0.3664350793
7970000000,-0.1082033678,-0.01664586596,0.2933090414,-0.3983624546
7980000000,-0.1114336064,-0.01068393385,0.2503536768,-0.4259327982
7990000000,-0.1132679715,-0.003833401806,0.2049205397,-0.44890412
8000000000,-0.1135433891,0.003591803131,0.1574900045,-0.4670818439
8010000000,-0.1121649103,0.01125163028,0.1085505203,-0.4803167412
8020000000,-0.1091090235,0.01879407923,0.05859556212,-0.4885032515
8030000000,-0.1044243574,0.02586933058,0.008122818538,-0.4915780926
8040000000,-0.0982297869,0.03214389698,-0.04236805546,-0.4895199786
8050000000,-0.09070990402,0.0373140602,-0.09237613877,-0.4823498353
8060000000,-0.0821082549,0.04111829625,-0.1414013571,-0.4701318356
8070000000,-0.0727181016,0.04334840792,-0.1889464192,-0.4529750431
8080000000,-0.06287127885,0.04385880009,-0.2345202517,-0.431035353
8090000000,-0.05292519307,0.04257349061,-0.2776418511,-0.4045169527
8100000000,-0.04324846032,0.03949065856,-0.317845538,-0.3736739995
8110000000,-0.03420565586,0.03468425631,-0.3546870716,-0.3388115319
8120000000,-0.02614178157,0.02830234278,-0.3877503031,-0.3002845054
8130000000,-0.01936707403,0.02056230021,-0.4166544591,-0.2584964665
8140000000,-0.01414288753,0.01174276872,-0.4410617205,-0.2138960487
8150000000,-0.0106695916,0.002172656317,-0.4606839509,-0.1669723378
8160000000,-0.009076779688,-0.007782417115,-0.4752892131,-0.1182484315
8170000000,-0.009416708728,-0.01773557356,-0.4847066826,-0.06827400477
8180000000,-0.01166116088,-0.02729540958,-0.4888307487,-0.01761627603
8190000000,-0.01570210529,-0.03608282426,-0.4876227223,0.03314878465
8200000000,-0.02135586011,-0.04374759384,-0.4811115207,0.08344604022
8210000000,-0.02837089797,-0.0499833071,-0.4693918778,0.1327106756
8220000000,-0.03643859237,-0.05454058865,-0.4526217617,0.18039631
8230000000,-0.04520608863,-0.05723695321,-0.4310178284,0.2259829294
8240000000,-0.05429146048,-0.05796448022,-0.4048503539,0.2689831426
8250000000,-0.06329903025,-0.0566932212,-0.3744371262,0.3089478996
8260000000,-0.07183574842,-0.05347226934,-0.3401376439,0.3454694932
8270000000,-0.07952647184,-0.04842672334,-0.3023461938,0.3781852647
8280000000,-0.08602825611,-0.04175222703,-0.2614867524,0.406778649
8290000000,-0.09104347391,-0.033707019,-0.2180070692,0.4309803118
8300000000,-0.09433029835,-0.02460124053,-0.1723733422,0.4505683521
8310000000,-0.09571171257,-0.01478552526,-0.1250666806,0.465368337
8320000000,-0.09508112313,-0.004637023284,-0.07657807674,0.4752529752
8330000000,-0.09240608792,0.005453795719,-0.02740539436,0.4801420655
8340000000,-0.08772920986,0.01509814456,0.02194986057,0.4800020197
8350000000,-0.08116602152,0.02392240869,0.07098634084,0.4748461025
8360000000,-0.0729011167,0.03158216659,0.1192061104,0.4647345502
8370000000,-0.0631807387,0.037774202,0.1661182546,0.449774411
8380000000,-0.05230440972,0.04224774611,0.2112424296,0.4301196546
8390000000,-0.04061360917,0.04481358291,0.254113745,0.4059711317
8400000000,-0.02847924915,0.04535084088,0.2942871174,0.3775753306
8410000000,-0.01628833898,0.04381165751,0.3313418177,0.3452239125
8420000000,-0.004429239376,0.04022257342,0.364887076,0.3092514041
8430000000,0.006722369667,0.03468356826,0.3945665728,0.270032093
8440000000,0.01681782783,0.02736396244,0.4200634722,0.2279775773
8450000000,0.02554794033,0.01849594397,0.4411047791,0.1835315693
8460000000,0.03265463224,0.008365354634,0.457465215,0.1371656551
8470000000,0.03794013236,-0.002699635362,0.4689703731,0.08937282234
8480000000,0.04127357904,-0.01434089161,0.4754988643,0.04066269689
8490000000,0.04259512395,-0.02618430049,0.4769839947,-0.008446151404
8500000000,0.04191737536,-0.03785401349,0.4734139382,-0.05743102025
8510000000,0.03932339105,-0.04898617865,0.4648316873,-0.1057725827
8520000000,0.03496268151,-0.05924223694,0.4513337362,-0.1529594625
8530000000,0.02904421852,-0.06832104597,0.4330681847,-0.1984951048
8540000000,0.02182769358,-0.07596886521,0.4102327192,-0.2419016531
8550000000,0.01361287132,-0.08198776176,0.3830713804,-0.2827255126
8560000000,0.004727988963,-0.08624136386,0.3518720459,-0.3205405528
8570000000,-0.004482797919,-0.08865839828,0.3169629498,-0.3549521388
8580000000,-0.01367216948,-0.08923373086,0.278709483,-0.3856007937
8590000000,-0.02250204676,-0.08802695814,0.2375106774,-0.4121646728
8600000000,-0.03065552924,-0.0851587584,0.1937958802,-0.4343627776
8610000000,-0.03784762319,-0.08080498452,0.1480210127,-0.4519572401
8620000000,-0.04383472754,-0.07518919209,0.1006648684,-0.4647563875
8630000000,-0.04842230738,-0.06857330318,0.05222472022,-0.4726165418
8640000000,-0.05147064413,-0.0612473064,0.003212259512,-0.4754445627
8650000000,-0.05289868467,-0.05351805776,-0.04585130499,-0.4731997015
8660000000,-0.05268497153,-0.04569755838,-0.09444054016,-0.4658950883
8670000000,-0.05086748606,-0.03809155148,-0.1420314073,-0.4535988496
8680000000,-0.0475399684,-0.03098825555,-0.1881073286,-0.4364343445
8690000000,-0.04284694806,-0.02464824454,-0.2321654387,-0.4145801757
8700000000,-0.0369769273,-0.01929567277,-0.2737226557,-0.3882686291
8710000000,-0.03015336835,-0.01511090207,-0.3123227074,-0.3577836682
8720000000,-0.02262533562,-0.0122253527,-0.3475417533,-0.3234578275
8730000000,-0.01465687818,-0.01071845442,-0.3789942259,-0.2856683634
8740000000,-0.006516097617,-0.01061660418,-0.4063381718,-0.2448321665
8750000000,0.001535064643,-0.01189441026,-0.4292794566,-0.2014005974
8760000000,0.009250699284,-0.01447861162,-0.4475752572,-0.1558528666
8770000000,0.01640982134,-0.01825271443,-0.4610369096,-0.1086898574
8780000000,0.0228235486,-0.02306405012,-0.4695309208,-0.06042809602
8790000000,0.02834036945,-0.02873173564,-0.4729800289,-0.01159175883
8800000000,0.03285038648,-0.03505526324,-0.4713627003,0.03729197442
8810000000,0.03628671331,-0.04182360612,-0.4647124445,0.08570011838
8820000000,0.03862536153,-0.04882392441,-0.4531155425,0.1331187794
8830000000,0.03988350955,-0.05585025169,-0.4367096266,0.1790484934
8840000000,0.04011602094,-0.06271086292,-0.415680774,0.2230087393
8850000000,0.03941067668,-0.06923491772,-0.390260917,0.2645418935
8860000000,0.03788229459,-0.07527782479,-0.3607251832,0.3032172564
8870000000,0.03566628704,-0.08072487595,-0.3273890241,0.3386338383
8880000000,0.03291158339,-0.08549372818,-0.2906047318,0.3704244396
8890000000,0.02977366687,-0.0895353669,-0.2507593459,0.3982578883
8900000000,0.02640761506,-0.09283339819,-0.2082708004,0.421842226
8910000000,0.0229616357,-0.0954021147,-0.1635848909,0.4409277611
8920000000,0.01957131284,-0.09728353533,-0.1171710669,0.4553096997
8930000000,0.016354847,-0.09854314844,-0.06951950236,0.4648306696
8940000000,0.01340922104,-0.09926518504,-0.02113578884,0.4693833629
8950000000,0.01080755267,-0.09954674973,0.02746425918,0.4689125495
8960000000,0.008597931598,-0.09949253838,0.07575850686,0.4634167484
8970000000,0.006803222706,-0.09920881345,0.1232260894,0.4529493675
8980000000,0.005422382457,-0.09879800118,0.1693522256,0.4376189209
8990000000,0.004432754134,-0.09835369464,0.2136349248,0.4175887012
9000000000,0.003793338486,-0.09795644513,0.2555916255,0.3930753927
9010000000,0.003448935938,-0.09767052154,0.2947651906,0.3643464004
9020000000,0.003334776716,-0.09754167487,0.3307293351,0.331717734
9030000000,0.003381368232,-0.09759607246,0.3630949115,0.2955486384
9040000000,0.00351941974,-0.09784053314,0.3915140978,0.2562378421
9050000000,0.003684489803,-0.09826365366,0.4156843305,0.2142180709
9060000000,0.003821042523,-0.09883820026,0.4353517612,0.1699503348
9070000000,0.003885860166,-0.09952412178,0.4503133665,0.1239179376
9080000000,0.003850565373,-0.1002723636,0.4604185255,0.07662117369
9090000000,0.00370316268,-0.1010290692,0.4655697367,0.02857084556
9100000000,0.003448327323,-0.1017398933,0.4657226632,-0.01971697638
9110000000,0.003107107094,-0.1023543801,0.4608858326,-0.06772608452
9120000000,0.002714886112,-0.1028298268,0.4511195657,-0.1149458131
9130000000,0.002319556569,-0.103134929,0.4365351165,-0.1608745908
9140000000,0.00197774575,-0.1032524433,0.4172930298,-0.2050254628
9150000000,0.001751507427,-0.1031813547,0.3936014867,-0.2469300226
9160000000,0.001703764401,-0.102937719,0.365714847,-0.2861424198
9170000000,0.001894204454,-0.1025547765,0.3339314973,-0.3222437271
9180000000,0.002375100822,-0.1020821314,0.2985916056,-0.3548462692
9190000000,0.0031872809,-0.1015837223,0.2600746597,-0.3835975658
9200000000,0.004356693089,-0.1011348217,0.218796185,-0.4081847521
9210000000,0.005891733246,-0.1008188201,0.1752043828,-0.4283388323
9220000000,0.00778139601,-0.1007228446,0.1297754491,-0.4438386068
9230000000,0.009994010971,-0.1009331572,0.08300911375,-0.454514396
9240000000,0.01247826643,-0.1015303451,0.03542214446,-0.4602512771
9250000000,0.01516355184,-0.1025849166,-0.01245727617,-0.4609916102
9260000000,0.01796300737,-0.1041528396,-0.06009716446,-0.4567364306
9270000000,0.02077651805,-0.1062718034,-0.1069686236,-0.4475461043
9280000000,0.02349488341,-0.1089585744,-0.1525533941,-0.4335400063
9290000000,0.0260045791,-0.1122069522,-0.1963517822,-0.4148938408
9300000000,0.02819282101,-0.1159867259,-0.2378885588,-0.3918377383
9310000000,0.0299525769,-0.1202446526,-0.2767207935,-0.3646509254
9320000000,0.03118783512,-0.1249050267,-0.3124420094,-0.3336578141
9330000000,0.03181766149,-0.1298732439,-0.3446875413,-0.2992213946
9340000000,0.03178042555,-0.1350385558,-0.3731378176,-0.2617375616
9350000000,0.03103665845,-0.1402784451,-0.3975203524,-0.221628628
9360000000,0.02957121513,-0.1454632903,-0.417611066,-0.1793369277
9370000000,0.02739422663,-0.1504614173,-0.4332344757,-0.1353191819
9380000000,0.02454112926,-0.1551442036,-0.4442630694,-0.09004080496
9390000000,0.02107164739,-0.1593909365,-0.450616065,-0.04397129258
9400000000,0.01706791937,-0.1630933301,-0.4522578774,0.002419896929
9410000000,0.01263161976,-0.1661598052,-0.4491961911,0.0486667846
9420000000,0.007880554552,-0.1685188837,-0.4414805888,0.09431021561
9430000000,0.002944583935,-0.1701218148,-0.429200706,0.1388994579
9440000000,-0.002038902749,-0.1709447609,-0.4124850655,0.1819950562
9450000000,-0.006929736642,-0.1709896911,-0.3915003757,0.2231704403
9460000000,-0.01158990179,-0.1702846175,-0.3664506573,0.2620143846
9470000000,-0.01588833726,-0.1688829006,-0.337577137,0.2981328984
9480000000,-0.01970576375,-0.1668614905,-0.3051578746,0.3311527682
9490000000,-0.02293891475,-0.1643186518,-0.2695077056,0.3607239684
9500000000,-0.02550448928,-0.1613703581,-0.2309772144,0.3865241489
9510000000,-0.02734228809,-0.1581464843,-0.1899519006,0.4082625939
9520000000,-0.02841762509,-0.154785919,-0.1468503467,0.4256849833
9530000000,-0.0287227057,-0.1514317022,-0.1021218735,0.4385783607
9540000000,-0.02827709923,-0.1482254119,-0.05624187404,0.4467760892
9550000000,-0.02712688916,-0.1453019267,-0.009707950358,0.4501624882
9560000000,-0.02534294612,-0.1427841347,0.03696684958,0.4486766805
9570000000,-0.02301790138,-0.1407782506,0.08326031281,0.4423160193
9580000000,-0.0202622663,-0.139369788,0.1286492007,0.4311380401
9590000000,-0.01719978964,-0.1386204441,0.172617531,0.4152606716
9600000000,-0.01396214422,-0.1385661209,0.2146643593,0.394861881
9610000000,-0.01068349357,-0.1392160704,0.2543124026,0.3701772417
9620000000,-0.007494835697,-0.1405534303,0.291116099,0.341495545
9630000000,-0.00451880425,-0.142536745,0.3246674447,0.309154384
9640000000,-0.001865127836,-0.1451025664,0.3546023666,0.27353359
9650000000,0.0003735994875,-0.1481694729,0.3806048981,0.2350490134
9660000000,0.002124493669,-0.1516418304,0.4024103345,0.1941443312
9670000000,0.003336511141,-0.1554148191,0.4198067303,0.1512851107
9680000000,0.003981115828,-0.159379144,0.4326356596,0.1069510312
9690000000,0.004052072113,-0.1634260881,0.4407916007,0.06162987708
9700000000,0.003564052235,-0.1674516277,0.4442208012,0.01581118156
9710000000,0.002550770992,-0.1713604357,0.4429192204,-0.03001817278
9720000000,0.001061788108,-0.1750696398,0.4369305767,-0.07537915698
9730000000,-0.0008408097803,-0.1785106067,0.4263442839,-0.1198033326
9740000000,-0.003085632015,-0.1816312716,0.4112926257,-0.162837277
9750000000,-0.005596462932,-0.18439661,0.3919495109,-0.2040443185
9760000000,-0.00829582781,-0.1867889149,0.368527818,-0.2430084896
9770000000,-0.01110854537,-0.1888067911,0.3412783428,-0.2793357333
9780000000,-0.01396505506,-0.1904636646,0.3104876615,-0.3126578007
9790000000,-0.01680459993,-0.1917858467,0.2764769567,-0.3426347909
9800000000,-0.01957678719,-0.1928095717,0.2395993346,-0.3689581458
9810000000,-0.02224368668,-0.1935781735,0.2002384674,-0.3913541267
9820000000,-0.02478054605,-0.1941388544,0.1588053096,-0.4095872325
9830000000,-0.02717551285,-0.1945392081,0.1157348539,-0.4234637591
9840000000,-0.02942939453,-0.194824327,0.07148234819,-0.4328346947
9850000000,-0.03155386763,-0.1950336348,0.02651792445,-0.4375989697
9860000000,-0.0335696546,-0.1951986797,-0.01867785138,-0.4377054196
9870000000,-0.03550380953,-0.1953411893,-0.06362060593,-0.4331543483
9880000000,-0.03738670525,-0.195471811,-0.1078279005,-0.423998233
9890000000,-0.03924926129,-0.1955899443,-0.150825684,-0.4103411118
9900000000,-0.04111929356,-0.1956839138,-0.1921544274,-0.3923371756
9910000000,-0.04301903397,-0.1957322206,-0.2313752063,-0.3701885577
9920000000,-0.04496242077,-0.1957054821,-0.2680746527,-0.3441417809
9930000000,-0.04695282561,-0.1955686838,-0.3018695942,-0.3144840672
9940000000,-0.04898189926,-0.1952842831,-0.3324109847,-0.2815389435
9950000000,-0.05102878838,-0.1948153384,-0.3593867167,-0.2456615498
9960000000,-0.05306025544,-0.1941288732,-0.3825235588,-0.2072342509
9970000000,-0.05503161986,-0.1931991543,-0.4015887329,-0.1666619129
9980000000,-0.05688842595,-0.1920107752,-0.4163906849,-0.1243681805
9990000000,-0.05856887485,-0.1905612357,-0.4267797097,-0.08079132224
1e+10,-0.06000685283,-0.1888631384,-0.4326482194,-0.03638122667
1.001e+10,-0.06113469682,-0.1869444026,-0.4339305169,0.008403739429
1.002e+10,-0.06188909873,-0.1848525521,-0.4306050837,0.05309953065
1.003e+10,-0.06221366106,-0.1826505845,-0.4226935131,0.09723983283
1.004e+10,-0.06206336767,-0.1804171844,-0.4102623659,0.1403580315
1.005e+10,-0.06140858898,-0.1782443808,-0.3934241043,0.1819917668
1.006e+10,-0.06023848344,-0.1762345416,-0.3723385812,0.2216860287
1.007e+10,-0.05856393085,-0.1744963092,-0.3472138979,0.2589987499
1.008e+10,-0.05641949128,-0.1731397971,-0.3183069315,0.2935060526
1.009e+10,-0.0538644206,-0.1722712725,-0.2859237651,0.3248079561
1.01e+10,-0.05098219708,-0.1719877067,-0.2504173991,0.3525365782
1.011e+10,-0.04787910923,-0.1723708916,-0.2121860057,0.3763623102
1.012e+10,-0.04468109172,-0.1734821085,-0.1716685604,0.396001365
1.013e+10,-0.04152953458,-0.175357462,-0.1293384862,0.4112226712
1.014e+10,-0.03857554668,-0.1780042224,-0.08569703467,0.4218538766
1.015e+10,-0.03597432613,-0.1813983014,-0.04126405193,0.4277852202
1.016e+10,-0.03387747087,-0.185483618,0.003431531467,0.4289729148
1.017e+10,-0.03242633297,-0.1901720119,0.04786220365,0.425439604
1.018e+10,-0.03174549688,-0.195346772,0.09151234539,0.417272577
1.019e+10,-0.03193597304,-0.2008652625,0.1338873959,0.4046206849
1.02e+10,-0.03307054365,-0.2065648498,0.1745228938,0.3876886514
1.021e+10,-0.03519024632,-0.2122686707,0.2129914979,0.3667299641
1.022e+10,-0.03830089174,-0.2177923699,0.2489079531,0.3420394009
1.023e+10,-0.04237337613,-0.2229512372,0.2819325968,0.3139439856
1.024e+10,-0.04734307249,-0.2275670368,0.3117724061,0.2827950733
1.025e+10,-0.05311271161,-0.2314746415,0.338180395,0.2489605167
1.026e+10,-0.05955467648,-0.2345279435,0.3609538152,0.2128175659
1.027e+10,-0.06651524705,-0.2366051284,0.3799307725,0.174747911
1.028e+10,-0.07381927655,-0.2376128816,0.3949867184,0.1351327859
1.029e+10,-0.08127557188,-0.2374899023,0.4060299122,0.0943511903
1.03e+10,-0.08868264414,-0.2362092801,0.4129981358,0.0527784972
1.031e+10,-0.0958342727,-0.2337801526,0.4158552617,0.01078600331
1.032e+10,-0.1025261852,-0.230248323,0.4145888174,-0.03125757573
1.033e+10,-0.1085618734,-0.225696079,0.4092087452,-0.07298438989
1.034e+10,-0.1137589416,-0.2202410344,0.3997477034,-0.1140260851
1.035e+10,-0.1179555075,-0.2140340956,0.3862621829,-0.1540114272
1.036e+10,-0.1210160508,-0.2072563115,0.3688354068,-0.192565555
1.037e+10,-0.1228374369,-0.2001145702,0.3475805821,-0.2293099906
1.038e+10,-0.1233540931,-0.1928363381,0.3226458565,-0.2638631419
1.039e+10,-0.1225426172,-0.1856628434,0.2942186791,-0.295843819
1.04e+10,-0.1204253457,-0.1788413643,0.2625309911,-0.3248758089
1.041e+10,-0.1170723106,-0.1726163087,0.2278627409,-0.3505941914
1.042e+10,-0.1126015202,-0.1672194579,0.1905446587,-0.372654162
1.043e+10,-0.10717714,-0.1628599699,0.1509591511,-0.3907402739
1.044e+10,-0.101005139,-0.1597143444,0.1095379785,-0.4045774752
1.045e+10,-0.09432666637,-0.1579171432,0.06675773517,-0.4139419467
1.046e+10,-0.08740915581,-0.1575534359,0.02313268016,-0.4186704925
1.047e+10,-0.08053521669,-0.1586529047,-0.02079609185,-0.4186697681
1.048e+10,-0.07399046496,-0.161186931,-0.06447289935,-0.413921429
1.049e+10,-0.06805058323,-0.1650688739,-0.1073415729,-0.4044854416
1.05e+10,-0.0629686258,-0.1701570146,-0.1488599324,-0.3904991687
1.051e+10,-0.05896348293,-0.176260991,-0.1885138335,-0.3721733812
1.052e+10,-0.05621015099,-0.1831505685,-0.2258294616,-0.3497845035
1.053e+10,-0.05483289849,-0.1905662342,-0.260383445,-0.3236649607
1.054e+10,-0.05490032847,-0.1982313511,-0.2918099993,-0.2941915839
1.055e+10,-0.05642477558,-0.2058640672,-0.3198047129,-0.2617725483
1.056e+10,-0.05936298896,-0.2131894458,-0.3441253952,-0.2268355825
1.057e+10,-0.06362068506,-0.2199497712,-0.3645896665,-0.1898166446
1.058e+10,-0.06905778523,-0.2259140719,-0.3810708408,-0.1511501193
1.059e+10,-0.07549576237,-0.2308853286,-0.3934917477,-0.1112613139
1.06e+10,-0.08272573702,-0.234705918,-0.4018180406,-0.07056174237
1.061e+10,-0.09051701945,-0.2372614034,-0.4060510023,-0.02944611911
1.062e+10,-0.09862515238,-0.2384826448,-0.4062211413,0.01170911098
1.063e+10,-0.1068007353,-0.2383461005,-0.4023827,0.0525437087
1.064e+10,-0.1147969977,-0.236873208,-0.3946093642,0.09271235619
1.065e+10,-0.1223770996,-0.2341286637,-0.3829911598,0.1318811654
1.066e+10,-0.1293209086,-0.2302178321,-0.367634324,0.1697242057
1.067e+10,-0.135431853,-0.2252828385,-0.3486610522,0.2059207586
1.068e+10,-0.1405421997,-0.2194985962,-0.3262121673,0.2401525205
1.069e+10,-0.1445187186,-0.2130674412,-0.3004502132,0.2721020031
1.07e+10,-0.1472672021,-0.2062130447,-0.2715640809,0.3014528967
1.071e+10,-0.1487359248,-0.1991737636,-0.239773294,0.327891533
1.072e+10,-0.1489190543,-0.1921944513,-0.2053332133,0.3511106342
1.073e+10,-0.1478574795,-0.1855182413,-0.1685391299,0.3708147555
1.074e+10,-0.145639115,-0.1793770791,-0.1297287051,0.3867278805
1.075e+10,-0.1423963976,-0.1739826124,-0.0892832824,0.3986015445
1.076e+10,-0.1383023781,-0.1695167959,-0.04762651769,0.4062253974
1.077e+10,-0.1335645076,-0.1661233671,-0.005220717023,0.4094361966
1.078e+10,-0.1284159059,-0.1639007723,0.03744022657,0.4081278411
1.079e+10,-0.1231056755,-0.1628967186,0.07984021695,0.4022588039
1.08e+10,-0.1178871049,-0.1631054897,0.121452179,0.3918581334
1.081e+10,-0.1130057601,-0.1644679841,0.1617511989,0.3770276909
1.082e+10,-0.1086877256,-0.166874446,0.2002282279,0.3579422209
1.083e+10,-0.1051285694,-0.1701704966,0.2364031064,0.3348451309
1.084e+10,-0.1024845191,-0.1741651354,0.2698361423,0.308041669
1.085e+10,-0.1008655325,-0.1786409247,0.300138171,0.277889769
1.086e+10,-0.1003312204,-0.1833654791,0.326976899,0.2447884174
1.087e+10,-0.1008898525,-0.1881027472,0.3500808077,0.2091664382
1.088e+10,-0.1024997611,-0.1926246095,0.3692400493,0.1714701939
1.089e+10,-0.1050732343,-0.1967210741,0.3843038933,0.1321536691
1.09e+10,-0.1084828472,-0.200208769,0.3951774081,0.0916687353
1.091e+10,-0.1125683893,-0.2029383678,0.4018154236,0.05045823843
1.092e+10,-0.1171455171,-0.2047992411,0.4042164564,0.008951612369
1.093e+10,-0.1220145849,-0.2057226238,0.4024165701,-0.03243822216
1.094e+10,-0.1269691205,-0.2056831544,0.3964835117,-0.07331552901
1.095e+10,-0.1318050676,-0.2046979638,0.386512209,-0.1133009992
1.096e+10,-0.1363283711,-0.2028252968,0.3726217288,-0.1520302268
1.097e+10,-0.1403627957,-0.200161053,0.3549532362,-0.1891512439
1.098e+10,-0.1437565801,-0.1968345211,0.3336700653,-0.2243230228
1.099e+10,-0.1463885087,-0.1930028871,0.3089592609,-0.2572133377
1.1e+10,-0.1481727123,-0.1888448958,0.281033591,-0.2874986479
1.101e+10,-0.1490624852,-0.1845536019,0.2501345816,-0.3148653089
1.102e+10,-0.1490529857,-0.1803282559,0.2165365483,-0.3390113532
1.103e+10,-0.1481819673,-0.1763658403,0.1805487186,-0.35965164
1.104e+10,-0.1465293924,-0.1728518502,0.1425181312,-0.3765231704
1.105e+10,-0.144214576,-0.1699516751,0.1028301861,-0.3893926805
1.106e+10,-0.1413917721,-0.1678016214,0.06190689439,-0.3980648304
1.107e+10,-0.1382432961,-0.1665018006,0.02020334517,-0.4023907092
1.108e+10,-0.1349714747,-0.1661096223,-0.02179752789,-0.4022758533
1.109e+10,-0.1317883571,-0.1666357599,-0.06359528353,-0.397687316
1.11e+10,-0.1289051041,-0.1680425213,-0.1046802985,-0.3886583821
1.111e+10,-0.1265204879,-0.1702447924,-0.1445474946,-0.3752911504
1.112e+10,-0.1248104295,-0.1731135037,-0.1827077066,-0.3577555877
1.113e+10,-0.1239179603,-0.1764823877,-0.2187002784,-0.3362860286
1.114e+10,-0.1239456154,-0.180156125,-0.252103783,-0.3111746266
1.115e+10,-0.1249500228,-0.1839203685,-0.2825446205,-0.282762272
1.116e+10,-0.1269387415,-0.1875530532,-0.3097039588,-0.2514283205
1.117e+10,-0.129870287,-0.1908352265,-0.3333202851,-0.2175793315
1.118e+10,-0.1336564693,-0.1935617449,-0.3531903081,-0.1816378813
1.119e+10,-0.1381668512,-0.1955510155,-0.3691670422,-0.1440323331
1.12e+10,-0.1432352778,-0.1966526763,-0.3811552678,-0.1051883166
1.121e+10,-0.1486672956,-0.1967542842,-0.3891062208,-0.06552212858
1.122e+10,-0.1542488083,-0.1957853447,-0.3930110877,-0.02543636971
1.123e+10,-0.159754691,-0.193720389,-0.3928949748,0.01468266963
1.124e+10,-0.1649577604,-0.190579713,-0.3888106878,0.05446502269
1.125e+10,-0.1696375303,-0.1864287278,-0.3808343731,0.09355628014
1.126e+10,-0.1735883436,-0.1813762739,-0.3690617731,0.1316149567
1.127e+10,-0.1766273336,-0.1755712463,-0.3536069758,0.168309571
1.128e+10,-0.178601646,-0.1691982699,-0.3346020186,0.2033158634
1.129e+10,-0.1793950937,-0.1624720304,-0.3121984654,0.2363143264
1.13e+10,-0.1789340568,-0.1556306606,-0.2865708858,0.2669884459
1.131e+10,-0.1771922777,-0.1489278443,-0.2579202136,0.2950250804
1.132e+10,-0.1741944583,-0.1426239681,-0.2264789119,0.3201155859
1.133e+10,-0.1700185606,-0.136975666,-0.1925156196,0.3419600027
1.134e+10,-0.1647958024,-0.1322251654,-0.1563390841,0.3602727091
1.135e+10,-0.1587084324,-0.1285889789,-0.1183007037,0.3747901191
1.136e+10,-0.1519852116,-0.12624635,-0.07879583272,0.3852797518
1.137e+10,-0.144893667,-0.1253287047,-0.0382612106,0.3915510665
1.138e+10,-0.1377299192,-0.1259105459,0.002829415268,0.3934653418
1.139e+10,-0.1308060103,-0.1280026791,0.04397326204,0.3909454992
1.14e+10,-0.1244352508,-0.1315483703,0.08464964593,0.3839843118
1.141e+10,-0.1189167347,-0.1364235095,0.1243330576,0.3726488805
1.142e+10,-0.1145198714,-0.1424403469,0.1625077436,0.3570827324
1.143e+10,-0.111470212,-0.1493554119,0.1986828205,0.3375035418
1.144e+10,-0.1099373937,-0.1568806393,0.2324063353,0.3141968989
1.145e+10,-0.1100266336,-0.164697263,0.2632773162,0.2875069168
1.146e+10,-0.1117736133,-0.1724711925,0.2909549035,0.2578242103
1.147e+10,-0.1151438265,-0.1798689056,0.3151639298,0.2255721677
1.148e+10,-0.1200352344,-0.1865726807,0.3356967725,0.1911926412
1.149e+10,-0.1262843521,-0.1922938694,0.3524113608,0.1551330981
1.15e+10,-0.1336752645,-0.196784534,0.3652266896,0.1178346841
1.151e+10,-0.1419499207,-0.1998456909,0.3741155209,0.07972285278
1.152e+10,-0.1508193942,-0.2013333875,0.3790961162,0.04120106824
1.153e+10,-0.1599757383,-0.2011615358,0.3802232397,0.002646614584
1.154e+10,-0.1691029566,-0.1993034751,0.3775795602,-0.03559014591
1.155e+10,-0.1778877178,-0.1957903315,0.3712682443,-0.07318456206
1.156e+10,-0.1860288966,-0.1907090338,0.3614061751,-0.1098354187
1.157e+10,-0.1932462706,-0.1841983732,0.3481202182,-0.1452599005
1.158e+10,-0.1992884521,-0.1764444991,0.3315444422,-0.1791894514
1.159e+10,-0.2039398492,-0.1676757821,0.3118195627,-0.2113646747
1.16e+10,-0.2070270576,-0.1581567842,0.2890946789,-0.2415305643
1.161e+10,-0.2084247377,-0.1481812959,0.2635299855,-0.2694336354
1.162e+10,-0.2080605548,-0.1380650423,0.2353014596,-0.2948190345
1.163e+10,-0.205919683,-0.1281366237,0.2046064839,-0.317430699
1.164e+10,-0.202047905,-0.1187279336,0.171669127,-0.3370127761
1.165e+10,-0.1965534919,-0.1101632837,0.1367464443,-0.353313375
1.166e+10,-0.1896071645,-0.1027473283,0.1001335365,-0.3660907809
1.167e+10,-0.1814395093,-0.09675242424,0.06216669534,-0.3751216852
1.168e+10,-0.172335691,-0.09240584236,0.0232249939,-0.380210785
1.169e+10,-0.1626270411,-0.08987768583,-0.01627103711,-0.3812018506
1.17e+10,-0.1526791901,-0.08926978469,-0.05586445308,-0.3779887018
1.171e+10,-0.1428777113,-0.09060808521,-0.09506916956,-0.370525812
1.172e+10,-0.1336108212,-0.09383742203,-0.1333816495,-0.3588363544
1.173e+10,-0.1252511608,-0.09882122866,-0.1702940871,-0.3430182715
1.174e+10,-0.118137213,-0.1053457838,-0.2053099623,-0.3232459493
1.175e+10,-0.1125561191,-0.1131293457,-0.2379595469,-0.2997679736
1.176e+10,-0.1087291143,-0.1218350593,-0.2678144704,-0.2729013432
1.177e+10,-0.1068007631,-0.1310879498,-0.2945009349,-0.2430207124
1.178e+10,-0.106832799,-0.1404931233,-0.3177088199,-0.2105464088
1.179e+10,-0.1088030002,-0.1496552341,-0.337197367,-0.1759294263
1.18e+10,-0.1126086095,-0.1581968592,-0.3527970954,-0.1396367994
1.181e+10,-0.1180741173,-0.1657749463,-0.3644074657,-0.1021372585
1.182e+10,-0.1249620082,-0.1720942167,-0.3719914846,-0.06388940859
1.183e+10,-0.1329858655,-0.1769174601,-0.375568278,-0.02533144218
1.184e+10,-0.1418244008,-0.1800718373,-0.3752036889,0.01312496776
1.185e+10,-0.15113575,-0.181452194,-0.3710005614,0.05109888083
1.186e+10,-0.1605710344,-0.1810213562,-0.3630901813,0.08824081875
1.187e+10,-0.1697870179,-0.1788077049,-0.3516235846,0.1242315509
1.188e+10,-0.1784569447,-0.1749012602,-0.3367657829,0.1587787038
1.189e+10,-0.1862805609,-0.1694482083,-0.3186908262,0.191612468
1.19e+10,-0.1929924206,-0.1626445683,-0.2975794751,0.2224813938
1.191e+10,-0.1983686158,-0.1547286806,-0.2736188296,0.2511468265
1.192e+10,-0.2022329578,-0.1459738591,-0.2470037027,0.2773790124
1.193e+10,-0.204461773,-0.1366797696,-0.2179392356,0.3009542903
1.194e+10,-0.2049875783,-0.1271636129,-0.1866450164,0.3216531836
1.195e+10,-0.2038021794,-0.1177507209,-0.1533600275,0.3392605974
1.196e+10,-0.2009577002,-0.1087638891,-0.118347063,0.3535678771
1.197e+10,-0.1965669078,-0.1005130261,-0.08189773994,0.3643766949
1.198e+10,-0.190801051,-0.09328363476,-0.04433570878,0.371505085
1.199e+10,-0.1838855542,-0.08732487311,-0.006018828636,0.3747949724
1.2e+10,-0.1760934571,-0.08283908132,0.03266143671,0.3741207701
1.201e+10,-0.1677360621,-0.07997123345,0.07128197384,0.369398778
1.202e+10,-0.1591509245,-0.07880077936,0.1093940903,0.360596182
1.203e+10,-0.1506876414,-0.07933580389,0.146531716,0.3477390937
1.204e+10,-0.142692124,-0.0815106159,0.1822217903,0.3309182902
1.205e+10,-0.1354901363,-0.08518732545,0.2159969157,0.3102930071
1.206e+10,-0.1293708947,-0.09016095979,0.2474088683,0.2860903377
1.207e+10,-0.1245729856,-0.09616963578,0.2760418742,0.2586021637
1.208e+10,-0.1212719904,-0.1029068015,0.3015248274,0.2281781251
1.209e+10,-0.1195726944,-0.1100375313,0.3235414177,0.1952158886
1.21e+10,-0.1195045056,-0.1172148952,0.3418373769,0.160149252
1.211e+10,-0.1210220303,-0.1240977408,0.3562242637,0.1234353328
1.212e+10,-0.1240092651,-0.1303668414,0.3665800997,0.08554154614
1.213e+10,-0.1282876134,-0.1357393206,0.3728466876,0.04693337183
1.214e+10,-0.1336266093,-0.1399803131,0.3750242849,0.008064396674
1.215e+10,-0.1397563479,-0.1429114608,0.3731648703,-0.03063159448
1.216e+10,-0.1463811335,-0.1444163185,0.3673642137,-0.06874627686
1.217e+10,-0.1531930921,-0.144442407,0.357753614,-0.1058995875
1.218e+10,-0.1598851667,-0.1430006418,0.34449261,-0.1417403952
1.219e+10,-0.1661633452,-0.1401624624,0.3277627071,-0.1759450871
1.22e+10,-0.1717574592,-0.1360547197,0.3077624934,-0.2082154434
1.221e+10,-0.1764306512,-0.130853358,0.2847043866,-0.238275493
1.222e+10,-0.179987114,-0.124775599,0.2588132901,-0.2658678808
1.223e+10,-0.1822786906,-0.1180714452,0.2303269847,-0.2907511633
1.224e+10,-0.1832099137,-0.1110142799,0.1994973047,-0.3126981231
1.225e+10,-0.1827412004,-0.1038905895,0.1665927583,-0.3314945131
1.226e+10,-0.1808908004,-0.0969895751,0.1319016083,-0.3469399147
1.227e+10,-0.1777349513,-0.0905919786,0.09573477763,-0.3588502052
1.228e+10,-0.1734057857,-0.08495886355,0.05842804472,-0.367061453
1.229e+10,-0.1680874541,-0.08032052764,0.02034386429,-0.3714351543
1.23e+10,-0.1620098358,-0.07686592619,-0.01812894052,-0.3718649535
1.231e+10,-0.1554396623,-0.07473313309,-0.05657747044,-0.3682834715
1.232e+10,-0.1486696637,-0.07400141783,-0.09456855571,-0.3606696639
1.233e+10,-0.1420057362,-0.07468590829,-0.131655878,-0.3490554177
1.234e+10,-0.1357526834,-0.07673500853,-0.1673882127,-0.3335304003
1.235e+10,-0.1301989801,-0.08003115777,-0.2013195036,-0.3142450183
1.236e+10,-0.1256023819,-0.08439547413,-0.2330206933,-0.2914112352
1.237e+10,-0.122175955,-0.08959543361,-0.2620903732,-0.2653000969
1.238e+10,-0.1200773093,-0.09535662147,-0.2881662056,-0.2362362832
1.239e+10,-0.1193995929,-0.101375857,-0.3109339767,-0.2045907452
1.24e+10,-0.1201673261,-0.1073370059,-0.3301348585,-0.1707706945
1.241e+10,-0.1223354348,-0.1129267185,-0.3455695385,-0.135208853
1.242e+10,-0.1257920042,-0.1178498473,-0.3571003798,-0.0983514837
1.243e+10,-0.1303647888,-0.1218433532,-0.364649832,-0.06064830035
1.244e+10,-0.135830553,-0.1246882871,-0.3681970603,-0.0225418232
1.245e+10,-0.1419262302,-0.1262188278,-0.367772883,0.015540229
1.246e+10,-0.1483614986,-0.1263283581,-0.3634527056,0.05319095451
1.247e+10,-0.1548319844,-0.1249728908,-0.3553500289,0.09002809954
1.248e+10,-0.1610321076,-0.122171396,-0.343609139,0.1256962423
1.249e+10,-0.1666674531,-0.1180039878,-0.3283994993,0.1598661856
1.25e+10,-0.171465922,-0.1126076949,-0.3099102714,0.1922338468
1.251e+10,-0.1751882601,-0.1061708593,-0.2883469495,0.2225182768
1.252e+10,-0.1776362387,-0.09892564113,-0.2639289356,0.2504587483
1.253e+10,-0.1786602764,-0.09113974324,-0.2368894003,0.2758122621
1.254e+10,-0.17816548,-0.08310694181,-0.207474992,0.2983517979
1.255e+10,-0.1761155877,-0.07513673099,-0.1759482446,0.3178649785
1.256e+10,-0.1725358919,-0.06754320844,-0.1425892327,0.3341544919
1.257e+10,-0.1675139524,-0.06063352276,-0.1076981519,0.3470394372
1.258e+10,-0.1611985844,-0.05469578225,-0.07159752752,0.3563584957
1.259e+10,-0.1537962649,-0.0499869662,-0.03463391213,0.3619740305
1.26e+10,-0.14556492,-0.04672098904,0.002822672461,0.3637776218
1.261e+10,-0.1368061173,-0.04505811486,0.04037905779,0.3616963781
1.262e+10,-0.1278533221,-0.04509532029,0.07762296464,0.3556993284
1.263e+10,-0.1190588306,-0.04685932127,0.1141281628,0.3458035276
1.264e+10,-0.1107787322,-0.05030247616,0.1494612313,0.33207922
1.265e+10,-0.103356115,-0.05530184431,0.1831905396,0.3146536854
1.266e+10,-0.09710485513,-0.06166278643,0.2148973478,0.2937120652
1.267e+10,-0.09229377856,-0.06912582018,0.244185147,0.2694969947
1.268e+10,-0.08913266443,-0.07737777941,0.2706908656,0.2423042373
1.269e+10,-0.08776124574,-0.0860656953,0.2940940523,0.2124772201
1.27e+10,-0.0882420958,-0.09481357584,0.3141250188,0.1803977213
1.271e+10,-0.09055727283,-0.1032398221,0.3305700127,0.1464763347
1.272e+10,-0.09460935804,-0.1109748803,0.3432739729,0.1111421983
1.273e+10,-0.1002268942,-0.1176781671,0.3521412999,0.07483154712
1.274e+10,-0.1071731445,-0.1230526983,0.3571333161,0.03797759068
1.275e+10,-0.1151572059,-0.1268569362,0.3582638947,0.001002659404
1.276e+10,-0.1238474142,-0.128913834,0.355594244,-0.03569004646
1.277e+10,-0.1328862277,-0.1291162977,0.3492257511,-0.07172020077
1.278e+10,-0.141904137,-0.1274296648,0.339293483,-0.1067344499
1.279e+10,-0.1505344374,-0.1238911314,0.3259594463,-0.1404063616
1.28e+10,-0.1584259996,-0.1186067839,0.3094068858,-0.1724371856
1.281e+10,-0.1652557025,-0.1117464679,0.2898356427,-0.2025533656
1.282e+10,-0.170738428,-0.1035369406,0.2674586886,-0.2305045468
1.283e+10,-0.1746366636,-0.09425381304,0.2425002111,-0.256060902
1.284e+10,-0.1767676821,-0.08421213884,0.2151947052,-0.2790106819
1.285e+10,-0.1770096727,-0.07375639317,0.1857877049,-0.2991583227
1.286e+10,-0.1753062287,-0.06324954991,0.1545369287,-0.3163228746
1.287e+10,-0.1716689521,-0.05306134546,0.1217138833,-0.3303383046
1.288e+10,-0.1661785128,-0.04355630721,0.0876064007,-0.3410544857
1.289e+10,-0.1589841602,-0.03508105014,0.05252021661,-0.3483394821
1.29e+10,-0.1503000769,-0.02795167769,0.01678031775,-0.3520829958
1.291e+10,-0.1404001402,-0.02244133994,-0.0192684735,-0.3522007211
1.292e+10,-0.1296098178,-0.0187683562,-0.05526298415,-0.3486396432
1.293e+10,-0.1182960004,-0.01708576594,-0.09082313451,-0.3413837457
1.294e+10,-0.1068530925,-0.0174728033,-0.125557546,-0.3304587335
1.295e+10,-0.09568882292,-0.01992894203,-0.1590678998,-0.3159372333
1.296e+10,-0.08520677867,-0.0243713198,-0.1909575675,-0.2979418186
1.297e+10,-0.07578944083,-0.03063587977,-0.2208394875,-0.2766469312
1.298e+10,-0.06778067381,-0.0384825089,-0.2483449094,-0.2522786343
1.299e+10,-0.06147013624,-0.0476041798,-0.2731334202,-0.2251121824
1.3e+10,-0.05707934036,-0.05763994911,-0.2949010758,-0.1954667879
1.301e+10,-0.05475139902,-0.06819028854,-0.313387697,-0.1637003619
1.302e+10,-0.0545447417,-0.07883522873,-0.3283831829,-0.1302001305
1.303e+10,-0.05643084444,-0.08915293985,-0.3397304294,-0.09537385461
1.304e+10,-0.06029644403,-0.09873803821,-0.3473273183,-0.05964094613
1.305e+10,-0.06595014721,-0.107218997,-0.3511259966,-0.02342244098
1.306e+10,-0.07313184167,-0.1142729548,-0.3511299686,0.01286702731
1.307e+10,-0.08152532404,-0.1196377896,-0.3473902012,0.04882594385
1.308e+10,-0.09077256221,-0.1231211284,-0.3400000614,0.08407233472
1.309e+10,-0.1004892578,-0.1246054937,-0.3290892605,0.1182468257
1.31e+10,-0.110279803,-0.1240507307,-0.3148186148,0.1510155714
1.311e+10,-0.1197525978,-0.1214929447,-0.2973743593,0.1820707814
1.312e+10,-0.128534238,-0.1170408775,-0.2769635284,0.211130824
1.313e+10,-0.1362816446,-0.1108702948,-0.2538107112,0.2379386689
1.314e+10,-0.14269348,-0.1032161869,-0.228154894,0.2622609634
1.315e+10,-0.1475193556,-0.09436367186,-0.2002481432,0.2838861812
1.316e+10,-0.1505675022,-0.08463766574,-0.1703547247,0.3026237387
1.317e+10,-0.1517104061,-0.07439167476,-0.1387513525,0.3183026545
1.318e+10,-0.1508888703,-0.06399575476,-0.1057274213,0.3307719567
1.319e+10,-0.14811373,-0.05382408443,-0.0715856849,0.3399012929
1.32e+10,-0.1434659308,-0.04424235807,-0.03664343447,0.3455827269
1.321e+10,-0.1370938703,-0.03559475296,-0.001231333831,0.3477329651
1.322e+10,-0.1292095177,-0.02819179321,0.03430519318,0.3462966653
1.323e+10,-0.1200806738,-0.02229851557,0.06960891372,0.3412499301
1.324e+10,-0.1100226075,-0.01812371524,0.1043128548,0.3326040461
1.325e+10,-0.09938616184,-0.01581139457,0.1380436986,0.3204092781
1.326e+10,-0.0885448234,-0.01543397232,0.1704269797,0.3047575124
1.327e+10,-0.07787987764,-0.01698845187,0.2010928591,0.2857847692
1.328e+10,-0.06776474852,-0.02039576873,0.2296827992,0.2636719728
1.329e+10,-0.05854958985,-0.02550336991,0.255856871,0.2386443185
1.33e+10,-0.0505462891,-0.03209132556,0.2793001271,0.210969577
1.331e+10,-0.04401490625,-0.03988162233,0.2997303579,0.1809544736
1.332e+10,-0.0391528728,-0.04855032547,0.3169037829,0.1489390549
1.333e+10,-0.03608666711,-0.05774201395,0.330619196,0.1152913122
1.334e+10,-0.03486726581,-0.06708528487,0.3407221949,0.08039997605
1.335e+10,-0.03546898243,-0.07620928758,0.3471069408,0.0446668816
1.336e+10,-0.03779204983,-0.08475942786,0.349716115,0.008500049122
1.337e+10,-0.04166848316,-0.09241220468,0.3485403931,-0.02769347834
1.338e+10,-0.04687091285,-0.09888799217,0.3436157843,-0.06351392282
1.339e+10,-0.05312341809,-0.103961555,0.3350209537,-0.09857378063
1.34e+10,-0.06011440361,-0.107469699,0.3228732421,-0.1325023315
1.341e+10,-0.06750995216,-0.1093162548,0.3073248908,-0.1649486313
1.342e+10,-0.07496820333,-0.1094736834,0.2885594012,-0.1955837163
1.343e+10,-0.08215238572,-0.1079828754,0.2667879339,-0.2241022122
1.344e+10,-0.08874447907,-0.1049491063,0.2422461503,-0.2502231156
1.345e+10,-0.0944566837,-0.1005368287,0.2151917836,-0.2736903778
1.346e+10,-0.09904199239,-0.09496183501,0.1859026945,-0.2942732452
1.347e+10,-0.1023024462,-0.08848246528,0.1546751645,-0.3117670322
1.348e+10,-0.1040966873,-0.0813882725,0.1218225542,-0.3259937482
1.349e+10,-0.1043439404,-0.07398912234,0.0876742817,-0.3368034242
1.35e+10,-0.103026994,-0.06660255101,0.05257447883,-0.3440758181
1.351e+10,-0.1001919255,-0.05954144279,0.01688009925,-0.3477220143
1.352e+10,-0.09594647851,-0.0531013919,-0.01904038953,-0.3476871826
1.353e+10,-0.09045469376,-0.0475492629,-0.05481059741,-0.3439524218
1.354e+10,-0.08393075928,-0.043111855,-0.09004888216,-0.3365373736
1.355e+10,-0.0766294832,-0.03996692632,-0.1243729326,-0.3255019466
1.356e+10,-0.06883554191,-0.03823574495,-0.1574043586,-0.3109477743
1.357e+10,-0.06085145995,-0.03797786843,-0.188773777,-0.2930185181
1.358e+10,-0.05298396573,-0.03918909357,-0.2181270064,-0.2718999853
1.359e+10,-0.04553102748,-0.04180145885,-0.2451304644,-0.2478179577
1.36e+10,-0.03876831006,-0.04568714521,-0.2694766386,-0.2210365149
1.361e+10,-0.03293736857,-0.0506642305,-0.2908894177,-0.1918538882
1.362e+10,-0.02823463091,-0.05650590405,-0.3091287858,-0.1605977968
1.363e+10,-0.02480390425,-0.0629502503,-0.3239937304,-0.1276211386
1.364e+10,-0.02272982547,-0.06971339698,-0.3353253905,-0.09329551789
1.365e+10,-0.02203527903,-0.07650202386,-0.343008195,-0.05800578899
1.366e+10,-0.02268138407,-0.08302659391,-0.3469701816,-0.02214442154
1.367e+10,-0.02456998669,-0.08901436082,-0.3471829013,0.01389426354
1.368e+10,-0.02754906752,-0.09422101166,-0.343659831,0.04971869628
1.369e+10,-0.03142032557,-0.0984408202,-0.3364546758,0.08494478666
1.37e+10,-0.03594845068,-0.1015149041,-0.3256591537,0.1191989441
1.371e+10,-0.0408716755,-0.1033379679,-0.3114006404,0.1521223744
1.372e+10,-0.04591362993,-0.1038612556,-0.2938402274,0.1833726347
1.373e+10,-0.05079499983,-0.1030946428,-0.2731699666,0.212626095
1.374e+10,-0.0552455817,-0.1011053679,-0.2496111029,0.2395802424
1.375e+10,-0.05901552243,-0.09801512701,-0.2234126171,0.2639551523
1.376e+10,-0.06188600839,-0.09399433077,-0.1948492048,0.285495626
1.377e+10,-0.0636783738,-0.08925509957,-0.1642197953,0.3039732113
1.378e+10,-0.06426186627,-0.08404192704,-0.1318454981,0.319188621
1.379e+10,-0.06355924321,-0.07862176603,-0.09806825496,0.3309738619
1.38e+10,-0.06155055026,-0.0732721824,-0.06324781269,0.3391954361
1.381e+10,-0.05827428171,-0.06826947101,-0.02775916237,0.3437565941
1.382e+10,-0.05382605519,-0.0638766855,0.008011475459,0.3446002246
1.383e+10,-0.04835489619,-0.06033177808,0.04367060467,0.3417107915
1.384e+10,-0.04205708496,-0.05783657727,0.07882262311,0.3351163148
1.385e+10,-0.0351675937,-0.05654797323,0.1130752527,0.3248890339
1.386e+10,-0.02794978524,-0.05657033657,0.146045195,0.3111454399
1.387e+10,-0.02068388376,-0.05795035153,0.1773643519,0.2940454389
1.388e+10,-0.01365415442,-0.06067513733,0.2066852467,0.2737897042
1.389e+10,-0.007136406273,-0.06467229204,0.233686886,0.2506170873
1.39e+10,-0.001385530916,-0.0698134035,0.2580787612,0.2248000913
1.391e+10,0.003375723652,-0.07591955796,0.2796055398,0.196640017
1.392e+10,0.006966542792,-0.08276989934,0.2980492292,0.166462094
1.393e+10,0.009255405263,-0.09011048212,0.3132309329,0.1346094686
1.394e+10,0.01016580792,-0.09766622495,0.3250121577,0.1014380194
1.395e+10,0.009678923866,-0.1051522889,0.333293913,0.06731108831
1.396e+10,0.007834065265,-0.1122860198,0.3380160991,0.0325947352
1.397e+10,0.004726695358,-0.1187980973,0.3391558454,-0.002345920972
1.398e+10,0.0005043991205,-0.1244441997,0.3367256149,-0.03715029673
1.399e+10,-0.004639348609,-0.1290138224,0.3307712887,-0.07146537429
1.4e+10,-0.01047272619,-0.1323385918,0.3213700064,-0.1049468569
1.401e+10,-0.01673459957,-0.1342991823,0.3086286959,-0.1372619717
1.402e+10,-0.02314441238,-0.1348294777,0.2926826661,-0.168089504
1.403e+10,-0.02941289373,-0.1339197955,0.2736944124,-0.1971223023
1.404e+10,-0.03525287187,-0.1316175509,0.2518535052,-0.2240676132
1.405e+10,-0.04039028466,-0.12802606,0.2273758321,-0.2486491867
1.406e+10,-0.04457489939,-0.1233016191,0.2005034811,-0.2706089711
1.407e+10,-0.04759030221,-0.117648057,0.1715047138,-0.2897098592
1.408e+10,-0.04926298823,-0.1113099683,0.140673276,-0.3057385667
1.409e+10,-0.04947006801,-0.104563427,0.1083271971,-0.3185093111
1.41e+10,-0.04814517669,-0.09770617999,0.07480726385,-0.3278674124
1.411e+10,-0.04528236984,-0.09104581602,0.04047467685,-0.3336934969
1.412e+10,-0.04093760799,-0.08488738425,0.005706818607,-0.335907251
1.413e+10,-0.03522757858,-0.07952065034,-0.02910714943,-0.3344710787
1.414e+10,-0.02832582795,-0.07520771582,-0.06357202577,-0.3293925748
1.415e+10,-0.02045623142,-0.07217173236,-0.09729273293,-0.3207265191
1.416e+10,-0.01188408494,-0.07058695025,-0.1298816404,-0.3085752185
1.417e+10,-0.002905033775,-0.07057086022,-0.1609657242,-0.2930874506
1.418e+10,0.006167317921,-0.07217924405,-0.1901929675,-0.2744559779
1.419e+10,0.01501474842,-0.07540379915,-0.2172395936,-0.2529139867
1.42e+10,0.02332780217,-0.08017303821,-0.2418148023,-0.2287293996
1.421e+10,0.03081838397,-0.0863555578,-0.2636650585,-0.2022000013
1.422e+10,0.03723146914,-0.09376674411,-0.2825773069,-0.1736456214
1.423e+10,0.04235457247,-0.1021765988,-0.2983798938,-0.1434024641
1.424e+10,0.04602533571,-0.111320407,-0.3109429888,-0.1118161381
1.425e+10,0.04813647556,-0.120909065,-0.3201766919,-0.07923600727
1.426e+10,0.04863857574,-0.1306409767,-0.3260295003,-0.04601011139
1.427e+10,0.0475402676,-0.1402133506,-0.3284849261,-0.01248075276
1.428e+10,0.04490641335,-0.1493329889,-0.3275585217,0.0210181193
1.429e+10,0.04085449904,-0.157726115,-0.323294486,0.05416302884
1.43e+10,0.03554926947,-0.1651474811,-0.3157626588,0.08664230239
1.431e+10,0.02919636388,-0.1713876043,-0.3050559815,0.1181560839
1.432e+10,0.022034865,-0.176279016,-0.291288559,0.148416499
1.433e+10,0.01432909963,-0.1797010007,-0.274594504,0.1771468628
1.434e+10,0.006360011004,-0.1815832997,-0.2551275181,0.2040814857
1.435e+10,-0.001583767279,-0.1819073585,-0.2330609793,0.228965542
1.436e+10,-0.009215128351,-0.1807075581,-0.208589147,0.2515549744
1.437e+10,-0.01625779804,-0.1780699466,-0.1819277262,0.2716182215
1.438e+10,-0.02245522056,-0.1741298966,-0.1533157854,0.2889373947
1.439e+10,-0.02757944779,-0.1690682569,-0.1230165153,0.3033113437
1.44e+10,-0.03143923229,-0.1631057394,-0.09131783079,0.3145590738
1.441e+10,-0.03388729217,-0.1564960145,-0.05853281366,0.3225241231
1.442e+10,-0.03482629539,-0.1495169247,-0.02499792289,0.3270794773
1.443e+10,-0.03421334471,-0.1424611393,0.008928760792,0.3281325656
1.444e+10,-0.03206242372,-0.1356249019,0.04287183971,0.3256304392
1.445e+10,-0.02844457605,-0.1292967527,0.0764434115,0.3195642241
1.446e+10,-0.02348587257,-0.1237464133,0.1092497313,0.3099725373
1.447e+10,-0.01736251836,-0.1192133103,0.1408984382,0.296943956
1.448e+10,-0.01029375776,-0.1158969385,0.1710069716,0.2806174322
1.449e+10,-0.002532835868,-0.1139490091,0.1992109971,0.2611809313
1.45e+10,0.005643944744,-0.1134674345,0.2251722481,0.2388685798
1.451e+10,0.01394904798,-0.1144930386,0.248585927,0.2139556525
1.452e+10,0.02209577515,-0.1170092238,0.2691866982,0.1867524788
1.453e+10,0.02981013259,-0.1209442321,0.28675305,0.1575968623
1.454e+10,0.03684161748,-0.1261758141,0.3011101682,0.1268462334
1.455e+10,0.04297214963,-0.1325383074,0.3121306371,0.09486996994
1.456e+10,0.04802362603,-0.1398307155,0.319733582,0.06204149261
1.457e+10,0.05186266837,-0.1478265013,0.3238824004,0.02873146535
1.458e+10,0.05440325349,-0.156283567,0.3245816107,-0.004697290403
1.459e+10,0.05560769523,-0.1649535283,0.3218724941,-0.03789500454
1.46e+10,0.05548504491,-0.1735913514,0.3158289722,-0.0705271743
1.461e+10,0.05408824056,-0.1819636493,0.3065533059,-0.1022770577
1.462e+10,0.05150967122,-0.1898561003,0.2941717767,-0.1328463285
1.463e+10,0.04787631617,-0.1970790459,0.2788320317,-0.1619546642
1.464e+10,0.04334344177,-0.2034727487,0.260699874,-0.1893396502
1.465e+10,0.03808838799,-0.2089108223,0.2399581197,-0.2147554893
1.466e+10,0.03230412378,-0.2133023793,0.2168051882,-0.2379725092
1.467e+10,0.02619250294,-0.2165934951,0.1914553047,-0.2587762247
1.468e+10,0.01995773827,-0.2187673613,0.1641385294,-0.2769674974
1.469e+10,0.01380004292,-0.2198435358,0.1351017684,-0.2923630164
1.47e+10,0.007909911865,-0.2198757891,0.1046094339,-0.3047965486
1.471e+10,0.002461918216,-0.2189501,0.07294404261,-0.3141210795
1.472e+10,-0.002389977194,-0.2171806339,0.04040696956,-0.3202117096
1.473e+10,-0.006517095258,-0.2147055037,0.007317333023,-0.3229689024
1.474e+10,-0.009819886903,-0.2116818868,-0.02598839047,-0.3223226944
1.475e+10,-0.01223056651,-0.2082799735,-0.05915977438,-0.3182365979
1.476e+10,-0.01371485486,-0.2046768829,-0.09183481965,-0.310711425
1.477e+10,-0.01427248918,-0.2010500851,-0.1236453387,-0.2997890408
1.478e+10,-0.01393648816,-0.1975709294,-0.1542225669,-0.2855548681
1.479e+10,-0.01277084298,-0.1943981846,-0.1832030627,-0.2681395954
1.48e+10,-0.01086709087,-0.1916722946,-0.2102364457,-0.2477191797
1.481e+10,-0.008339885727,-0.1895106337,-0.2349924274,-0.2245136387
1.482e+10,-0.005321480126,-0.1880037202,-0.2571674217,-0.1987846978
1.483e+10,-0.001955011456,-0.1872122968,-0.2764915134,-0.1708306637
1.484e+10,0.001610979455,-0.1871671706,-0.2927333665,-0.1409820864
1.485e+10,0.005229954041,-0.187868828,-0.3057048742,-0.1095941873
1.486e+10,0.008762750665,-0.1892897923,-0.3152632683,-0.07704097651
1.487e+10,0.01208318462,-0.1913774155,-0.321313215,-0.04370762121
1.488e+10,0.0150822347,-0.1940580911,-0.3238059819,-0.009983172244
1.489e+10,0.01767141716,-0.1972417841,-0.3227385349,0.0237452767
1.49e+10,0.01978472713,-0.2008271914,-0.3181512471,0.05709849729
1.491e+10,0.02137943319,-0.2047070147,-0.3101245013,0.08971011007
1.492e+10,0.02243584153,-0.2087728458,-0.2987753196,0.1212304983
1.493e+10,0.02295589462,-0.2129198557,-0.2842543752,0.1513292558
1.494e+10,0.02296113443,-0.2170507787,-0.2667414495,0.1796980957
1.495e+10,0.02248981511,-0.2210791927,-0.2464430372,0.2060516476
1.496e+10,0.02159366203,-0.2249320919,-0.2235888897,0.2301288993
1.497e+10,0.02033427764,-0.2285516361,-0.1984298422,0.251693971
1.498e+10,0.018779669,-0.2318959397,-0.1712353783,0.2705366812
1.499e+10,0.01700056371,-0.2349393064,-0.1422919306,0.2864733071
1.5e+10,0.01506687028,-0.2376717234,-0.1119009548,0.2993476218
1.501e+10,0.0130449248,-0.2400975043,-0.08037749726,0.309031802
1.502e+10,0.01099437781,-0.2422337942,-0.0480481866,0.3154279257
1.503e+10,0.008966669549,-0.2441080425,-0.01524898553,0.318469425
1.504e+10,0.007002651448,-0.245755907,0.01767691847,0.3181224807
1.505e+10,0.005132250846,-0.247218209,0.05038254707,0.3143877217
1.506e+10,0.003373610023,-0.2485383852,0.08252004127,0.3073011873
1.507e+10,0.001733486835,-0.2497596581,0.1137449077,0.2969354134
1.508e+10,0.0002082086501,-0.2509224815,0.143720153,0.2833992956
1.509e+10,-0.001215150877,-0.2520623177,0.1721204121,0.2668381268
1.51e+10,-0.002557260436,-0.2532079341,0.1986370773,0.2474321101
1.511e+10,-0.003843925363,-0.2543798562,0.2229818194,0.2253949115
1.512e+10,-0.005104233853,-0.255589735,0.2448917988,0.2009704129
1.513e+10,-0.006367868404,-0.2568400403,0.2641324318,0.1744296652
1.514e+10,-0.007662955988,-0.2581243903,0.2805007311,0.1460671847
1.515e+10,-0.009014066973,-0.2594284987,0.2938277935,0.1161964882
1.516e+10,-0.01044021982,-0.2607314098,0.3039801066,0.08514567761
1.517e+10,-0.01195349244,-0.2620071778,0.3108605627,0.05325305124
1.518e+10,-0.01355810904,-0.2632268065,0.3144086386,0.02086281314
1.519e+10,-0.01524988228,-0.2643603045,0.3145998939,-0.01167920392
1.52e+10,-0.01701643731,-0.2653788332,0.3114450931,-0.04402906192
1.521e+10,-0.01883751412,-0.2662566433,0.3049890227,-0.07584801363
1.522e+10,-0.02068575173,-0.2669728544,0.2953090398,-0.1068053548
1.523e+10,-0.02252831851,-0.2675131609,0.2825137586,-0.1365815504
1.524e+10,-0.02432823049,-0.2678709169,0.2667412713,-0.164869624
1.525e+10,-0.02604649971,-0.2680480498,0.2481581045,-0.1913778591
1.526e+10,-0.02764368196,-0.2680554103,0.2269575933,-0.2158315207
1.527e+10,-0.02908219983,-0.2679128392,0.2033587508,-0.237974954
1.528e+10,-0.03032821818,-0.2676486664,0.1776051524,-0.2575738293
1.529e+10,-0.03135337935,-0.2672988848,0.1499632994,-0.2744169455
1.53e+10,-0.03213661884,-0.2669059235,0.1207213824,-0.2883190199
1.531e+10,-0.03266542599,-0.2665170425,0.09018703497,-0.2991231577
1.532e+10,-0.03293677048,-0.2661825553,0.05868563618,-0.3067034255
1.533e+10,-0.03295785436,-0.2659537538,0.0265569683,-0.3109672805
1.534e+10,-0.03274618062,-0.2658808129,-0.005847957439,-0.3118584234
1.535e+10,-0.03232919808,-0.2660106053,-0.03817084062,-0.3093584286
1.536e+10,-0.03174375653,-0.2663846838,-0.07005039363,-0.3034886333
1.537e+10,-0.03103465104,-0.2670374294,-0.1011275957,-0.2943110441
1.538e+10,-0.03025314277,-0.2679944589,-0.1310508129,-0.2819283578
1.539e+10,-0.02945529618,-0.2692714648,-0.1594808824,-0.2664835091
1.54e+10,-0.02869955849,-0.2708734067,-0.1860973384,-0.2481574405
1.541e+10,-0.02804469564,-0.2727942543,-0.2106024502,-0.2271672698
1.542e+10,-0.02754784169,-0.2750171568,-0.2327262211,-0.2037623521
1.543e+10,-0.02726215496,-0.2775150417,-0.2522305787,-0.1782200795
1.544e+10,-0.02723468678,-0.2802517399,-0.2689119135,-0.150841677
1.545e+10,-0.02750556297,-0.2831832973,-0.2826038264,-0.1219465144
1.546e+10,-0.02810617602,-0.2862596534,-0.2931781128,-0.0918676546
1.547e+10,-0.02905861885,-0.2894264757,-0.3005454239,-0.06094598524
1.548e+10,-0.03037485987,-0.2926270301,-0.3046547731,-0.02952564614
1.549e+10,-0.0320575471,-0.2958039583,-0.3054926468,0.002050024819
1.55e+10,-0.03409953815,-0.2989011476,-0.3030813111,0.03344358394
1.551e+10,-0.03648486238,-0.3018652182,-0.2974769136,0.06432613711
1.552e+10,-0.03918964006,-0.3046468955,-0.2887671766,0.09438070576
1.553e+10,-0.04218309361,-0.3072021302,-0.2770692334,0.1233048571
1.554e+10,-0.045428656,-0.3094929084,-0.2625269927,0.1508124988
1.555e+10,-0.0488853856,-0.3114877951,-0.2453090968,0.1766357372
1.556e+10,-0.05250906039,-0.3131623022,-0.2256066555,0.2005261804
1.557e+10,-0.05625345325,-0.3144989196,-0.2036309218,0.2222561652
1.558e+10,-0.06007113379,-0.3154871084,-0.1796117078,0.2416198702
1.559e+10,-0.06391500425,-0.316122858,-0.1537953444,0.2584341281
1.56e+10,-0.06773867892,-0.3164084851,-0.1264428356,0.2725393908
1.561e+10,-0.07149720032,-0.3163520934,-0.0978284485,0.2838007572
1.562e+10,-0.07514785887,-0.3159670864,-0.06823734126,0.2921087098
1.563e+10,-0.07865048465,-0.3152716308,-0.03796419152,0.2973802009
1.564e+10,-0.08196773785,-0.3142882337,-0.007310986131,0.2995595323
1.565e+10,-0.0850653498,-0.3130432812,0.02341502997,0.2986189127
1.566e+10,-0.08791231259,-0.3115666892,0.05390360822,0.2945596502
1.567e+10,-0.09048111798,-0.3098915255,0.08384386382,0.2874124458
1.568e+10,-0.09274780599,-0.3080538619,0.1129269752,0.2772379424
1.569e+10,-0.09469194979,-0.3060926286,0.1408488012,0.2641270268
1.57e+10,-0.09629729897,-0.3040493534,0.1673125288,0.2482010425
1.571e+10,-0.09755182137,-0.3019681025,0.1920321215,0.2296112283
1.572e+10,-0.0984481107,-0.2998953991,0.2147348625,0.2085387173
1.573e+10,-0.09898421728,-0.2978797654,0.2351650354,0.1851934589
1.574e+10,-0.09916359732,-0.2959717539,0.2530866451,0.1598134302
1.575e+10,-0.09899658076,-0.2942230279,0.2682871522,0.1326630097
1.576e+10,-0.09850037198,-0.2926860176,0.2805805712,0.1040311311
1.577e+10,-0.09770008842,-0.29141283,0.2898110527,0.07422922283
1.578e+10,-0.09662900223,-0.2904541805,0.295856031,0.0435876201
1.579e+10,-0.09532945032,-0.289857852,0.2986290455,0.01245320132
1.58e+10,-0.09385247542,-0.2896672705,0.2980830405,-0.01881559112
1.581e+10,-0.09225763501,-0.2899196881,0.2942123123,-0.04985331451
1.582e+10,-0.0906129448,-0.2906441601,0.2870546023,-0.08029213677
1.583e+10,-0.08899313919,-0.2918599396,0.2766916941,-0.1097686742
1.584e+10,-0.08747897099,-0.2935743337,0.2632496948,-0.1379295475
1.585e+10,-0.0861545669,-0.2957815576,0.2468979472,-0.1644379448
1.586e+10,-0.08510553966,-0.2984613175,0.2278467134,-0.1889801078
1.587e+10,-0.08441616471,-0.3015781257,0.2063438019,-0.2112714003
1.588e+10,-0.08416649847,-0.3050811929,0.1826697466,-0.2310614573
1.589e+10,-0.08442923024,-0.3089049873,0.1571322048,-0.2481392455
1.59e+10,-0.0852670227,-0.3129702048,0.1300596872,-0.2623360366
1.591e+10,-0.08672964116,-0.3171855927,0.1017940306,-0.2735275728
1.592e+10,-0.0888517987,-0.3214501496,0.07268401845,-0.2816347659
1.593e+10,-0.09165094205,-0.3256561875,0.04307697874,-0.2866228284
1.594e+10,-0.09512656201,-0.3296919143,0.01331361786,-0.2884987768
1.595e+10,-0.09925899221,-0.3334451198,-0.01627849362,-0.2873086542
1.596e+10,-0.1040098354,-0.3368061715,-0.04538942336,-0.2831325596
1.597e+10,-0.1093220767,-0.3396715274,-0.07373034103,-0.2760804154
1.598e+10,-0.1151217435,-0.3419463176,-0.1010357612,-0.2662864454
1.599e+10,-0.1213188214,-0.3435476259,-0.1270644359,-0.2539042048
1.6e+10,-0.1278097466,-0.3444064038,-0.1515993902,-0.2391018813
1.601e+10,-0.1344791884,-0.3444699009,-0.1744465844,-0.2220582579
1.602e+10,-0.1412026394,-0.3437033759,-0.1954332428,-0.2029590955
1.603e+10,-0.1478491822,-0.3420912247,-0.2144052013,-0.1819951927
1.604e+10,-0.1542839665,-0.3396385166,-0.2312247538,-0.1593604624
1.605e+10,-0.160371255,-0.336371584,-0.2457677719,-0.1352519883
1.606e+10,-0.165977473,-0.3323386952,-0.2579217592,-0.1098698231
1.607e+10,-0.1709744886,-0.3276101911,-0.2675838591,-0.08341936749
1.608e+10,-0.17524307,-0.3222783885,-0.2746600581,-0.0561121378
1.609e+10,-0.1786765515,-0.3164571174,-0.2790653656,-0.02816901075
1.61e+10,-0.1811847476,-0.3102805114,-0.2807247826,0.0001776555271
1.611e+10,-0.1826980582,-0.3039011734,-0.2795755467,0.02868135014
1.612e+10,-0.1831715351,-0.2974875039,-0.2755705845,0.05707986628
1.613e+10,-0.1825888571,-0.2912200954,-0.2686833839,0.08509381554
1.614e+10,-0.1809659258,-0.2852869209,-0.2589129537,0.1124270461
1.615e+10,-0.1783537978,-0.279877305,-0.2462902441,0.1387688421
1.616e+10,-0.1748402567,-0.2751752493,-0.2308841571,0.1637972469
1.617e+10,-0.1705501862,-0.2713514408,-0.2128070549,0.1871851455
1.618e+10,-0.1656440953,-0.2685548611,-0.1922194448,0.2086078655
1.619e+10,-0.1603141073,-0.2669047032,-0.1693324817,0.2277531552
1.62e+10,-0.1547782385,-0.266482468,-0.1444080424,0.2443314361
1.621e+10,-0.1492722171,-0.2673257825,-0.1177561861,0.2580874138
1.622e+10,-0.1440395313,-0.2694240963,-0.0897289955,0.2688108441
1.623e+10,-0.1393206388,-0.2727167775,-0.06071200961,0.2763454169
1.624e+10,-0.1353413155,-0.2770944464,-0.03111260531,0.2805959812
1.625e+10,-0.1323019288,-0.2824028742,-0.001347134724,0.281532297
1.626e+10,-0.1303678648,-0.2884500922,0.02817249029,0.2791889235
1.627e+10,-0.1296622004,-0.2950149712,0.05705224432,0.2736622109
1.628e+10,-0.1302608847,-0.3018579142,0.08492708017,0.2651033031
1.629e+10,-0.1321908383,-0.3087314384,0.1114702457,0.2537097384
1.63e+10,-0.1354306892,-0.3153910591,0.1363993722,0.2397139883
1.631e+10,-0.1399139257,-0.3216047428,0.159479624,0.2233730504
1.632e+10,-0.1455339495,-0.3271609489,0.180523352,0.2049571576
1.633e+10,-0.1521502208,-0.3318752144,0.1993879307,0.1847399785
1.634e+10,-0.1595952601,-0.3355942551,0.2159708428,0.1629907086
1.635e+10,-0.1676815695,-0.3381990004,0.2302040955,0.1399679642
1.636e+10,-0.1762084945,-0.3396054846,0.2420473163,0.1159157297
1.637e+10,-0.1849682587,-0.3397651203,0.2514811252,0.09106174446
1.638e+10,-0.1937516411,-0.3386637176,0.2585009924,0.06561700042
1.639e+10,-0.2023526536,-0.3363202216,0.2631113573,0.03977764708
1.64e+10,-0.2105728961,-0.3327848089,0.2653214586,0.01372758487
1.641e+10,-0.2182252244,-0.3281372324,0.2651420721,-0.01235778936
1.642e+10,-0.2251372849,-0.3224845547,0.262583295,-0.03830758797
1.643e+10,-0.2311546797,-0.3159595873,0.2576547335,-0.06395046872
1.644e+10,-0.236144395,-0.3087182646,0.2503657856,-0.08911053211
1.645e+10,-0.2399981267,-0.3009375437,0.2407288089,-0.1136032021
1.646e+10,-0.2426357765,-0.2928122892,0.228762268,-0.137231981
1.647e+10,-0.2440090225,-0.2845516937,0.2144960279,-0.1597860886
1.648e+10,-0.244104717,-0.2763748192,0.1979773097,-0.1810397331
1.649e+10,-0.2429479772,-0.2685047284,0.1792769985,-0.2007532338
1.65e+10,-0.2406042458,-0.2611624822,0.1584964266,-0.2186756456
1.651e+10,-0.2371806225,-0.254558413,0.1357737876,-0.2345504007
1.652e+10,-0.2328250453,-0.2488842786,0.1112892751,-0.2481220613
1.653e+10,-0.2277236671,-0.2443036165,0.08526847569,-0.2591460931
1.654e+10,-0.2220956787,-0.240943176,0.05798328701,-0.2673992318
1.655e+10,-0.2161856964,-0.2388848018,0.02974988263,-0.2726910872
1.656e+10,-0.2102538189,-0.2381589507,0.0009232748735,-0.2748751559
1.657e+10,-0.2045638142,-0.2387414806,-0.02811146313,-0.2738586507
1.658e+10,-0.1993700669,-0.2405526287,-0.05695044438,-0.2696099011
1.659e+10,-0.1949049814,-0.2434602834,-0.08518458789,-0.2621623345
1.66e+10,-0.1913669192,-0.2472861205,-0.1124135887,-0.2516148204
1.661e+10,-0.1889102889,-0.2518151451,-0.1382600304,-0.2381278607
1.662e+10,-0.1876388235,-0.2568071681,-0.1623811669,-0.2219166788
1.663e+10,-0.1876019461,-0.2620095409,-0.1844785737,-0.2032408242
1.664e+10,-0.1887946341,-0.2671700367,-0.2043040289,-0.1823928006
1.665e+10,-0.1911605951,-0.2720488145,-0.2216622078,-0.1596855478
1.666e+10,-0.194597889,-0.2764286689,-0.2364096627,-0.1354408941
1.667e+10,-0.1989665303,-0.2801231921,-0.2484513327,-0.1099793634
1.668e+10,-0.204097102,-0.282982519,-0.2577348294,-0.08361212627
1.669e+10,-0.2097998987,-0.2848966568,-0.2642434224,-0.05663527898
1.67e+10,-0.2158736667,-0.285796832,-0.2679887197,-0.02932696785
1.671e+10,-0.2221139793,-0.2856549913,-0.2690037598,-0.001945948835
1.672e+10,-0.2283204532,-0.2844819914,-0.2673366198,0.02526663799
1.673e+10,-0.234303383,-0.2823249085,-0.2630458328,0.05208518084
1.674e+10,-0.2398891895,-0.2792633782,-0.2561970293,0.07829599833
1.675e+10,-0.2449251681,-0.2754056787,-0.2468611971,0.103693136
1.676e+10,-0.2492835085,-0.2708843846,-0.2351147457,0.1280746066
1.677e+10,-0.2528647556,-0.2658516833,-0.2210412391,0.1512388819
1.678e+10,-0.2556004876,-0.2604742629,-0.2047340028,0.1729820356
1.679e+10,-0.2574556437,-0.2549276474,-0.1863005265,0.193096508
1.68e+10,-0.2584298645,-0.2493904729,-0.1658665962,0.2113710633
1.681e+10,-0.258558238,-0.2440379263,-0.1435820081,0.2275926654
1.682e+10,-0.2579106121,-0.2390348542,-0.1196244339,0.2415502176
1.683e+10,-0.2565898565,-0.2345287674,-0.09420385137,0.2530400543
1.684e+10,-0.2547282204,-0.2306427358,-0.06756430866,0.261872942
1.685e+10,-0.2524823705,-0.2274689571,-0.03998519072,0.2678822539
1.686e+10,-0.2500263818,-0.2250634751,-0.01177826025,0.2709329228
1.687e+10,-0.2475434294,-0.2234418194,0.01671619739,0.2709297138
1.688e+10,-0.2452162999,-0.2225774626,0.0451368791,0.2678249463
1.689e+10,-0.2432173688,-0.2224023648,0.07311088591,0.261623954
1.69e+10,-0.2416988066,-0.2228099066,0.100264435,0.2523879613
1.691e+10,-0.2407837491,-0.2236609318,0.126234319,0.2402343505
1.692e+10,-0.2405591289,-0.2247911574,0.1506796002,0.2253330147
1.693e+10,-0.2410707576,-0.2260209279,0.1732910874,0.2079010378
1.694e+10,-0.2423211765,-0.2271653599,0.1937993359,0.188193445
1.695e+10,-0.2442699455,-0.2280448127,0.2119799541,0.1664942607
1.696e+10,-0.2468367086,-0.2284944483,0.2276554645,0.1431057588
1.697e+10,-0.2499060079,-0.2283726648,0.2406951419,0.1183388671
1.698e+10,-0.2533340799,-0.2275678551,0.2510118044,0.0925040386
1.699e+10,-0.2569563432,-0.2260031156,0.2585572429,0.06590461148
1.7e+10,-0.2605955932,-0.223639372,0.2633162474,0.03883186713
1.701e+10,-0.2640699227,-0.2204763506,0.2653005597,0.01156248442
1.702e+10,-0.2672007595,-0.2165523608,0.2645428927,-0.01564263307
1.703e+10,-0.2698200361,-0.211942588,0.2610917515,-0.04253695963
1.704e+10,-0.2717769504,-0.2067562761,0.2550076572,-0.06888616146
1.705e+10,-0.2729441047,-0.2011331354,0.2463609535,-0.09446481837
1.706e+10,-0.27322304,-0.1952387871,0.235230659,-0.1190533059
1.707e+10,-0.2725490287,-0.1892594816,0.2217057092,-0.1424340339
1.708e+10,-0.2708953223,-0.1833958401,0.2058871526,-0.1643893314
1.709e+10,-0.2682764965,-0.1778559228,0.1878918459,-0.1846994396
1.71e+10,-0.2647507543,-0.1728471053,0.1678569701,-0.2031429051
1.711e+10,-0.2604208333,-0.1685672429,0.1459449449,-0.2194984044
1.712e+10,-0.2554331735,-0.1651951075,0.1223482443,-0.2335483815
1.713e+10,-0.2499750248,-0.1628804087,0.09729346865,-0.2450852602
1.714e+10,-0.2442688602,-0.1617339477,0.07104340732,-0.2539189384
1.715e+10,-0.2385644179,-0.1618186948,0.04389758954,-0.2598861683
1.716e+10,-0.2331278664,-0.1631425464,0.0161891433,-0.2628598657
1.717e+10,-0.2282290489,-0.1656537343,-0.01172043849,-0.2627590152
1.718e+10,-0.2241268984,-0.1692393196,-0.03945032121,-0.2595566064
1.719e+10,-0.2210549369,-0.173728159,-0.06661136939,-0.2532852933
1.72e+10,-0.2192067119,-0.1788970857,-0.09281947758,-0.2440401998
1.721e+10,-0.2187241587,-0.1844817645,-0.1177091694,-0.2319773249
1.722e+10,-0.2196884711,-0.1901896891,-0.1409463774,-0.2173088939
1.723e+10,-0.22211526,-0.1957158374,-0.1622401568,-0.2002943276
1.724e+10,-0.2259538618,-0.200758253,-0.1813504741,-0.1812292507
1.725e+10,-0.2310908565,-0.2050332053,-0.1980930403,-0.1604330648
1.726e+10,-0.2373570052,-0.2082882605,-0.212340474,-0.1382352569
1.727e+10,-0.244537025,-0.2103127993,-0.2240197165,-0.1149635975
1.728e+10,-0.2523807641,-0.21094519,-0.2331066828,-0.09093366969
1.729e+10,-0.2606148426,-0.2100767094,-0.2396188223,-0.06644094138
1.73e+10,-0.2689545346,-0.2076533099,-0.2436066872,-0.04175513616
1.731e+10,-0.2771134953,-0.2036736973,-0.2451452601,-0.01711806143
1.732e+10,-0.2848136896,-0.1981872643,-0.2443253038,0.00725718063
1.733e+10,-0.2917924423,-0.1912895546,-0.2412461606,0.03118380274
1.734e+10,-0.2978089444,-0.183118011,-0.2360099308,0.0544982276
1.735e+10,-0.3026491423,-0.1738468322,-0.2287166972,0.07705585832
1.736e+10,-0.3061299313,-0.1636824302,-0.219462007,0.098725712
1.737e+10,-0.3081030169,-0.1528589114,-0.2083356142,0.1193856594
1.738e+10,-0.3084574738,-0.1416329551,-0.1954220441,0.1389169803
1.739e+10,-0.3071235498,-0.1302796423,-0.1808021239,0.1572002897
1.74e+10,-0.3040752719,-0.1190868291,-0.1645560755,0.1741117016
1.741e+10,-0.2993336517,-0.108349941,-0.1467678418,0.1895200298
1.742e+10,-0.2929696565,-0.09836510818,-0.1275296905,0.2032856343
1.743e+10,-0.2851063003,-0.08942143072,-0.1069480079,0.2152604311
1.744e+10,-0.2759199327,-0.08179178821,-0.08514854974,0.2252898091
1.745e+10,-0.265640237,-0.07572266083,-0.0622821878,0.2332162269
1.746e+10,-0.2545472197,-0.07142248542,-0.03852925982,0.2388848773
1.747e+10,-0.2429668043,-0.06905019385,-0.01410296353,0.242150677
1.748e+10,-0.2312614457,-0.06870308275,0.01074977909,0.2428873426
1.749e+10,-0.2198186503,-0.07040693323,0.03574917598,0.2409965122
1.75e+10,-0.209035428,-0.07410818619,0.06058693398,0.2364173568
1.751e+10,-0.1993002577,-0.07966996912,0.08493332267,0.229135298
1.752e+10,-0.1909732868,-0.08687295328,0.1084470398,0.2191889908
1.753e+10,-0.1843667558,-0.0954217929,0.1307871592,0.2066738761
1.754e+10,-0.1797268601,-0.1049567871,0.1516262832,0.191743004
1.755e+10,-0.1772191894,-0.1150706086,0.1706636329,0.1746037322
1.756e+10,-0.1769191361,-0.1253285931,0.1876368839,0.1555106117
1.757e+10,-0.1788081289,-0.1352909383,0.202331546,0.1347552998
1.758e+10,-0.1827761514,-0.1445347669,0.2145868274,0.1126545463
1.759e+10,-0.1886296809,-0.1526742385,0.2242981831,0.08953738615
1.76e+10,-0.1961044868,-0.1593772747,0.2314159989,0.065732125
1.761e+10,-0.2048812479,-0.1643776336,0.2359409843,0.04155575798
1.762e+10,-0.2146030141,-0.1674823426,0.2379173169,0.01730441523
1.763e+10,-0.2248923564,-0.1685742587,0.237424065,-0.006752245931
1.764e+10,-0.2353673439,-0.1676108003,0.2345667045,-0.03037470491
1.765e+10,-0.2456556715,-0.164619427,0.2294677736,-0.05335434188
1.766e+10,-0.2554062288,-0.1596909869,0.2222594897,-0.0755122577
1.767e+10,-0.2642980264,-0.1529719286,0.2130774511,-0.09669599127
1.768e+10,-0.2720469577,-0.1446557082,0.2020550229,-0.1167755291
1.769e+10,-0.2784103363,-0.1349746602,0.1893209049,-0.1356383087
1.77e+10,-0.2831902736,-0.1241921248,0.174997329,-0.1531843083
1.771e+10,-0.2862355265,-0.1125948872,0.1591996932,-0.1693213972
1.772e+10,-0.2874431714,-0.100486581,0.1420378383,-0.1839608554
1.773e+10,-0.2867591431,-0.08818110457,0.1236185287,-0.1970138334
1.774e+10,-0.284179158,-0.07599630163,0.1040483944,-0.2083887788
1.775e+10,-0.2797491634,-0.06424770133,0.08343795401,-0.2179898092
1.776e+10,-0.2735652894,-0.05324152601,0.06190560421,-0.2257164578
1.777e+10,-0.2657736268,-0.04326766346,0.03958210927,-0.2314644274
1.778e+10,-0.2565688347,-0.03459164392,0.01661496147,-0.2351279265
1.779e+10,-0.2461916261,-0.02744606752,-0.00682796887,-0.2366035143
1.78e+10,-0.2349245692,-0.02202190767,-0.03055591259,-0.2357946116
1.781e+10,-0.2230860539,-0.01845956732,-0.05435301936,-0.2326178234
1.782e+10,-0.2110214516,-0.01684064047,-0.07797869641,-0.2270094232
1.783e+10,-0.1990922614,-0.01718092024,-0.1011694353,-0.2189328246
1.784e+10,-0.1876631983,-0.01942571485,-0.1236425401,-0.2083853139
1.785e+10,-0.1770867459,-0.02344786041,-0.1451022768,-0.1954042892
1.786e+10,-0.1676874843,-0.02904959942,-0.1652476996,-0.1800722056
1.787e+10,-0.1597463201,-0.03596850816,-0.1837819262,-0.1625187939
1.788e+10,-0.1534855043,-0.04388748095,-0.2004222972,-0.1429217804
1.789e+10,-0.149057273,-0.05244853237,-0.2149103029,-0.1215040132
1.79e+10,-0.1465349451,-0.06126968072,-0.227021097,-0.09852862019
1.791e+10,-0.1459098147,-0.06996362121,-0.2365710295,-0.07429115672
1.792e+10,-0.1470918108,-0.07815638519,-0.2434231437,-0.04911099697
1.793e+10,-0.1499157239,-0.08550570347,-0.2474900278,-0.0233208928
1.794e+10,-0.1541513128,-0.09171617721,-0.2487336785,0.002742677912
1.795e+10,-0.1595164916,-0.09655183054,-0.2471635267,0.02874910874
1.796e+10,-0.1656929058,-0.09984422264,-0.2428319184,0.05438124442
1.797e+10,-0.1723421005,-0.1014964294,-0.2358283158,0.07934166925
1.798e+10,-0.1791215384,-0.101483882,-0.2262728411,0.1033565292
1.799e+10,-0.1856993599,-0.09985052783,-0.214310173,0.1261773943
1.8e+10,-0.1917674781,-0.09670323403,-0.2001028534,0.1475819668
1.801e+10,-0.1970523361,-0.09220364745,-0.1838266311,0.1673726064
1.802e+10,-0.2013234025,-0.08655885184,-0.1656665145,0.1853742185
1.803e+10,-0.2043995058,-0.08001101509,-0.1458138523,0.2014321552
1.804e+10,-0.2061528651,-0.07282692624,-0.1244654205,0.2154090024
1.805e+10,-0.20651129,-0.06528725052,-0.1018225524,0.2271826193
1.806e+10,-0.2054586648,-0.05767613488,-0.07809241558,0.2366443908
1.807e+10,-0.203033729,-0.05027101521,-0.05348874913,0.2436982731
1.808e+10,-0.1993274779,-0.04333291217,-0.0282340594,0.2482609307
1.809e+10,-0.1944788866,-0.03709716246,-0.002560425142,0.2502628554
1.81e+10,-0.1886694176,-0.03176502648,0.02328829725,0.2496503973
1.811e+10,-0.182115708,-0.02749598089,0.04905671601,0.2463889013
1.812e+10,-0.1750612032,-0.0244013509,0.07447751286,0.2404662265
1.813e+10,-0.1677661571,-0.02253951931,0.09927342451,0.2318965125
1.814e+10,-0.1604963507,-0.02191282288,0.1231596982,0.2207245397
1.815e+10,-0.1535115662,-0.02246700274,0.1458482994,0.2070291672
1.816e+10,-0.1470531805,-0.02409311472,0.1670531348,0.1909259611
1.817e+10,-0.1413325883,-0.02663213377,0.1864962024,0.1725691544
1.818e+10,-0.1365202393,-0.02988252422,0.2039148704,0.1521514011
1.819e+10,-0.1327366617,-0.03361009442,0.2190685613,0.1299025569
1.82e+10,-0.1300464104,-0.03756005117,0.2317458826,0.1060860714
1.821e+10,-0.1284539005,-0.04147048101,0.2417707442,0.08099445846
1.822e+10,-0.127903734,-0.04508625872,0.2490068737,0.05494284392
1.823e+10,-0.1282836338,-0.04817283026,0.2533615433,0.02826204088
1.824e+10,-0.1294311853,-0.05052870375,0.2547870391,0.001290450641
1.825e+10,-0.1311427901,-0.05199584597,0.2532804067,-0.0256329584
1.826e+10,-0.13318516,-0.05246766833,0.2488818179,-0.05217618257
1.827e+10,-0.1353078704,-0.05189397421,0.241671546,-0.07802031546
1.828e+10,-0.1372564158,-0.05028284287,0.2317659939,-0.102864414
1.829e+10,-0.1387856923,-0.04769929356,0.2193128988,-0.126429642
1.83e+10,-0.1396716734,-0.04426146789,0.2044866912,-0.1484618498
1.831e+10,-0.1397222728,-0.04013414014,0.1874836055,-0.1687328185
1.832e+10,-0.1387865547,-0.03552049846,0.1685178908,-0.1870408816
1.833e+10,-0.1367610739,-0.03065245066,0.1478176718,-0.2032108317
1.834e+10,-0.1335949223,-0.02577961087,0.1256221673,-0.2170932469
1.835e+10,-0.1292920394,-0.02115822577,0.1021792853,-0.2285638262
1.836e+10,-0.1239114549,-0.01703966629,0.07774393531,-0.2375226134
1.837e+10,-0.1175649027,-0.01365952734,0.05257625227,-0.2438935134
1.838e+10,-0.1104130874,-0.01122645537,0.02694105466,-0.247624195
1.839e+10,-0.1026593835,-0.009913090555,0.001106094065,-0.2486863457
1.84e+10,-0.09454198425,-0.009847539638,-0.0246585799,-0.2470759681
1.841e+10,-0.08632424315,-0.01110648979,-0.05008264231,-0.2428142489
1.842e+10,-0.07828410643,-0.01371061645,-0.07489664576,-0.2359485381
1.843e+10,-0.07070215426,-0.01762185193,-0.09883495237,-0.2265531189
1.844e+10,-0.06384932077,-0.02274327226,-0.121638347,-0.214729694
1.845e+10,-0.05797473382,-0.02892143711,-0.1430570323,-0.2006079203
1.846e+10,-0.05329380038,-0.03595145517,-0.1628544499,-0.1843449252
1.847e+10,-0.04997761579,-0.04358450751,-0.1808109135,-0.1661243021
1.848e+10,-0.04814407188,-0.0515375815,-0.1967273374,-0.1461546008
1.849e+10,-0.04785108102,-0.05950508703,-0.2104288378,-0.1246668164
1.85e+10,-0.04909240514,-0.06717187739,-0.2217679712,-0.1019113634
1.851e+10,-0.0517965859,-0.07422695178,-0.230627316,-0.07815400574
1.852e+10,-0.05582862298,-0.08037714626,-0.236921452,-0.05367193631
1.853e+10,-0.0609947399,-0.08536018365,-0.2405982344,-0.02874917827
1.854e+10,-0.0670499025,-0.08895644003,-0.2416389487,-0.003671942739
1.855e+10,-0.07370750903,-0.09099876656,-0.2400580686,0.021275875
1.856e+10,-0.08065112543,-0.09138002581,-0.2359020855,0.04581705938
1.857e+10,-0.08754719314,-0.09005788967,-0.2292473423,0.06968473632
1.858e+10,-0.09405859303,-0.08705700457,-0.2201981839,0.09262604293
1.859e+10,-0.09985807925,-0.08246812222,-0.2088839279,0.1144046239
1.86e+10,-0.1046411365,-0.07644474988,-0.1954560859,0.1348030942
1.861e+10,-0.1081378158,-0.06919723453,-0.180085353,0.1536246184
1.862e+10,-0.1101230311,-0.06098482671,-0.1629588969,0.170694066
1.863e+10,-0.1104248853,-0.05210594347,-0.1442770614,0.185858801
1.864e+10,-0.1089310767,-0.04288719763,-0.1242510717,0.1989891422
1.865e+10,-0.1055930998,-0.03367133187,-0.1031004384,0.2099784971
1.866e+10,-0.1004278849,-0.02480490332,-0.08105055362,0.2187430912
1.867e+10,-0.09351703835,-0.01662629921,-0.05833082467,0.2252220442
1.868e+10,-0.08500440268,-0.009453060103,-0.03517219216,0.2293768049
1.869e+10,-0.07509067497,-0.003571438615,-0.01180585413,0.2311910633
1.87e+10,-0.06402680002,0.0007742299027,0.01153915826,0.2306699184
1.871e+10,-0.05210513543,0.003389644274,0.03463720278,0.2278397477
1.872e+10,-0.03964933017,0.004137391081,0.0572681098,0.2227472402
1.873e+10,-0.02700355439,0.002941910144,0.07921852684,0.2154587191
1.874e+10,-0.01452049939,-0.0002079674347,0.1002837065,0.206059478
1.875e+10,-0.002549270547,-0.005258790423,0.1202690002,0.194652449
1.876e+10,0.008576047291,-0.01209373864,0.1389911962,0.181357426
1.877e+10,0.01854811816,-0.02053730421,0.1562798097,0.1663095202
1.878e+10,0.02709646505,-0.03036052197,0.1719781231,0.1496582321
1.879e+10,0.03399656775,-0.0412891771,0.1859445099,0.1315655898
1.88e+10,0.03907716569,-0.05301274503,0.1980528051,0.1122048265
1.881e+10,0.04222594836,-0.0651946384,0.2081930799,0.09175955342
1.882e+10,0.0433932717,-0.07748355426,0.2162724693,0.07042146832
1.883e+10,0.04259351872,-0.08952478509,0.2222149689,0.04838970413
1.884e+10,0.03990490592,-0.1009718681,0.2259623761,0.02586935042
1.885e+10,0.03546672036,-0.1114979443,0.2274743107,0.003070096362
1.886e+10,0.02947503911,-0.1208062424,0.2267286378,-0.01979446799
1.887e+10,0.02217636953,-0.1286399081,0.2237216426,-0.0425083561
1.888e+10,0.01385993721,-0.1347904923,0.2184688761,-0.06485416807
1.889e+10,0.004848346384,-0.1391049685,0.2110052915,-0.08661445189
1.89e+10,-0.004512736732,-0.1414911797,0.2013862868,-0.1075729004
1.891e+10,-0.01386602674,-0.1419212287,0.1896877304,-0.1275162209
1.892e+10,-0.02285441775,-0.1404330403,0.176006984,-0.1462360536
1.893e+10,-0.03113311051,-0.1371295716,0.1604631154,-0.163530932
1.894e+10,-0.03838164199,-0.1321758706,0.1431972357,-0.1792089885
1.895e+10,-0.04431528203,-0.1257938195,0.1243718959,-0.1930906765
1.896e+10,-0.04869543112,-0.1182547331,0.1041709354,-0.2050118775
1.897e+10,-0.05133849078,-0.1098699247,0.08279798888,-0.2148268367
1.898e+10,-0.05212287989,-0.1009794773,0.06047478266,-0.2224113616
1.899e+10,-0.05099370319,-0.09193977378,0.0374386666,-0.2276657304
1.9e+10,-0.04796480363,-0.08310999627,0.0139392678,-0.2305174451
1.901e+10,-0.04311793921,-0.07483869254,-0.009764759714,-0.2309227708
1.902e+10,-0.03659929042,-0.06745036441,-0.03341005678,-0.2288687382
1.903e+10,-0.02861299761,-0.0612333651,-0.05673307067,-0.2243733297
1.904e+10,-0.01941247914,-0.05642928841,-0.07947433806,-0.2174854179
1.905e+10,-0.009289768876,-0.05322453678,-0.1013827609,-0.2082835924
1.906e+10,0.00143682243,-0.05174458359,-0.122219864,-0.1968744327
1.907e+10,0.01243541299,-0.05205074724,-0.1417629747,-0.1833896961
1.908e+10,0.02337372292,-0.05413981741,-0.1598082827,-0.1679835646
1.909e+10,0.03393156739,-0.05794679498,-0.1761728813,-0.1508289967
1.91e+10,0.04381215896,-0.06334924461,-0.1906957651,-0.1321144221
1.911e+10,0.05275222089,-0.07017447512,-0.2032390172,-0.112040263
1.912e+10,0.0605298401,-0.07820770462,-0.2136870797,-0.09081570967
1.913e+10,0.06697063759,-0.08720179023,-0.2219466712,-0.06865590273
1.914e+10,0.07195167091,-0.09688697752,-0.227945646,-0.04578012264
1.915e+10,0.07540327361,-0.1069814072,-0.2316317242,-0.02240948153
1.916e+10,0.07730912772,-0.1172011288,-0.2329715883,0.001234067079
1.917e+10,0.07770454171,-0.1272697187,-0.2319497873,0.02492835927
1.918e+10,0.076673196,-0.1369268596,-0.228568124,0.04845125825
1.919e+10,0.07434243669,-0.1459364371,-0.2228451837,0.0715813201
1.92e+10,0.07087778304,-0.1540936206,-0.2148164903,0.09409734739
1.921e+10,0.06647607733,-0.1612301681,-0.2045352415,0.1157788683
1.922e+10,0.06135830936,-0.1672193402,-0.1920731504,0.1364061228
1.923e+10,0.05576136129,-0.1719788931,-0.1775218119,0.1557614811
1.924e+10,0.04992968167,-0.1754730665,-0.1609942762,0.1736305161
1.925e+10,0.04410661231,-0.1777128075,-0.1426267257,0.1898038961
1.926e+10,0.03852550369,-0.1787547173,-0.1225794222,0.2040806283
1.927e+10,0.03340127785,-0.1786980963,-0.1010379988,0.2162712834
1.928e+10,0.02892249522,-0.1776805979,-0.07821361241,0.2262019839
1.929e+10,0.02524424503,-0.1758721158,-0.05434231866,0.233719106
1.93e+10,0.02248238244,-0.1734672144,-0.02968326241,0.2386939108
1.931e+10,0.0207093562,-0.1706765224,-0.004515826863,0.2410271903
1.932e+10,0.01995193613,-0.1677172798,0.02086408353,0.2406534506
1.933e+10,0.02019123669,-0.1648032834,0.046149397,0.2375443366
1.934e+10,0.02136474444,-0.1621352429,0.0710276265,0.2317111622
1.935e+10,0.02337085914,-0.1598917201,0.09518749834,0.2232056738
1.936e+10,0.02607504975,-0.158221442,0.1183253389,0.2121201224
1.937e+10,0.02931788345,-0.1572372281,0.1401517861,0.1985851875
1.938e+10,0.0329239302,-0.1570120667,0.1603972553,0.1827672402
1.939e+10,0.03671146115,-0.1575774453,0.1788174909,0.1648639028
1.94e+10,0.04050174479,-0.1589239414,0.195196737,0.1450992929
1.941e+10,0.04412809544,-0.1610039368,0.2093509391,0.1237186949
1.942e+10,0.04744346028,-0.1637362329,0.221128505,0.1009832167
1.943e+10,0.05032690674,-0.1670121656,0.2304111398,0.07716428134
1.944e+10,0.05268809873,-0.1707026037,0.2371125629,0.05253966006
1.945e+10,0.0544702267,-0.1746657746,0.2411774829,0.02738901517
1.946e+10,0.05565104222,-0.1787549464,0.2425796711,0.001991243918
1.947e+10,0.05624212026,-0.1828264037,0.2413200042,-0.02337822311
1.948e+10,0.05628680976,-0.1867462356,0.2374249562,-0.04844887318
1.949e+10,0.05585657351,-0.1903968639,0.2309447504,-0.0729561276
1.95e+10,0.05504646939,-0.1936825364,0.2219527466,-0.09664231474
1.951e+10,0.05396949159,-0.19653328,0.2105446667,-0.1192574768
1.952e+10,0.05275045176,-0.1989081785,0.1968387991,-0.1405599723
1.953e+10,0.05151919309,-0.2007970481,0.180976055,-0.1603180619
1.954e+10,0.05040379536,-0.2022204983,0.1631204924,-0.1783115688
1.955e+10,0.04952374641,-0.2032290476,0.1434598291,-0.1943341078
1.956e+10,0.04898339398,-0.2039003828,0.1222053983,-0.2081964199
1.957e+10,0.04886614913,-0.2043354182,0.09959169925,-0.2197297132
1.958e+10,0.04922944736,-0.2046531281,0.07587493759,-0.2287898867
1.959e+10,0.05010112951,-0.2049843035,0.05133102004,-0.2352612856
1.96e+10,0.05147725013,-0.2054641436,0.02625165139,-0.2390610751
1.961e+10,0.05332157267,-0.2062249685,0.0009400972425,-0.2401422133
1.962e+10,0.05556671781,-0.2073890003,-0.0242943537,-0.2384963035
1.963e+10,0.0581174855,-0.2090604835,-0.04914262188,-0.2341548371
1.964e+10,0.06085533842,-0.2113204456,-0.07330270246,-0.2271890414
1.965e+10,0.06364454695,-0.2142212307,-0.09648564751,-0.217708444
1.966e+10,0.06633918911,-0.2177835483,-0.1184222189,-0.2058578131
1.967e+10,0.06879070786,-0.2219948672,-0.1388678553,-0.1918128666
1.968e+10,0.07085531134,-0.2268099378,-0.1576067817,-0.1757752387
1.969e+10,0.07240120725,-0.232152785,-0.1744546956,-0.1579662374
1.97e+10,0.0733147719,-0.2379203434,-0.1892599995,-0.1386210494
1.971e+10,0.07350573524,-0.2439872244,-0.2019037746,-0.1179830085
1.972e+10,0.07291112955,-0.2502110943,-0.2122980405,-0.09629811307
1.973e+10,0.07149759153,-0.2564390622,-0.2203839107,-0.07381074899
1.974e+10,0.06926267551,-0.2625136802,-0.2261281699,-0.05076013426
1.975e+10,0.06623469232,-0.2682789564,-0.2295201593,-0.02737828849
1.976e+10,0.06247165834,-0.2735862107,-0.2305682752,-0.003888342184
1.977e+10,0.05805914124,-0.2782991848,-0.2292970705,0.01949525697
1.978e+10,0.05310758625,-0.2822987507,-0.2257446709,0.04256645818
1.979e+10,0.04774872347,-0.2854870126,-0.2199605627,0.06512664855
1.98e+10,0.04213184493,-0.287790771,-0.2120053006,0.08698291666
1.981e+10,0.03641927635,-0.2891643379,-0.2019494512,0.1079467102
1.982e+10,0.03078168958,-0.2895918039,-0.1898747524,0.1278324413
1.983e+10,0.02539292442,-0.289088584,-0.175875381,0.1464565103
1.984e+10,0.02042446125,-0.2877022171,-0.1600598231,0.1636371336
1.985e+10,0.0160396716,-0.2855123145,-0.1425533841,0.1791948398
1.986e+10,0.01238777385,-0.2826295353,-0.1235006929,0.1929540233
1.987e+10,0.009597729316,-0.2791933491,-0.103067956,0.2047457636
1.988e+10,0.007772383651,-0.2753686434,-0.08144509152,0.2144113474
1.989e+10,0.006982979831,-0.2713409203,-0.05884652906,0.2218071021
1.99e+10,0.007264555169,-0.2673100537,-0.0355108628,0.226809638
1.991e+10,0.008612626782,-0.263482992,-0.01169942303,0.2293216234
1.992e+10,0.01098117359,-0.2600655268,0.01230706294,0.2292775294
1.993e+10,0.01428312278,-0.2572531096,0.03621363361,0.2266485513
1.994e+10,0.01839234175,-0.2552221671,0.05971735227,0.2214466765
1.995e+10,0.02314838622,-0.2541214933,0.08251507698,0.2137269934
1.996e+10,0.02836289035,-0.2540651442,0.1043115897,0.2035880694
1.997e+10,0.0338278154,-0.2551269167,0.1248280841,0.1911703302
1.998e+10,0.03932475042,-0.2573370959,0.1438097354,0.1766523878
1.999e+10,0.04463482902,-0.2606813829,0.1610323776,0.1602455006
2e+10,0.04954834131,-0.2651025641,0.1763076944,0.1421862994
2.001e+10,0.05387330778,-0.2705042294,0.1894858726,0.1227295371
2.002e+10,0.05744309635,-0.2767561339,0.200456682,0.1021400584
2.003e+10,0.06012173418,-0.28370135,0.2091486184,0.08068476585
2.004e+10,0.06180787735,-0.2911635478,0.2155262479,0.05862647102
2.005e+10,0.06243634951,-0.2989549036,0.2195862797,0.03621834391
2.006e+10,0.06197834812,-0.3068835383,0.2213529895,0.01369958713
2.007e+10,0.06043977605,-0.3147603819,0.2208730459,-0.00870657673
2.008e+10,0.05785889494,-0.3224049954,0.2182107248,-0.03079433885
2.009e+10,0.05430283978,-0.3296505527,0.2134432448,-0.05237497748
2.01e+10,0.04986369178,-0.3363477888,0.2066570522,-0.07327574768
2.011e+10,0.04465454442,-0.3423677886,0.1979448786,-0.09333763637
2.012e+10,0.03880517033,-0.3476042715,0.1874035113,-0.1124136387
2.013e+10,0.03245802509,-0.3519749313,0.1751330489,-0.1303656564
2.014e+10,0.02576436598,-0.3554222667,0.1612366084,-0.1470622988
2.015e+10,0.01888040132,-0.3579139795,0.1458210495,-0.1623766754
2.016e+10,0.01196371576,-0.3594429934,0.1289985271,-0.1761848542
2.017e+10,0.0051696375,-0.360027175,0.1108885496,-0.1883648159
2.018e+10,-0.001352185336,-0.3597086233,0.09162031263,-0.1987963481
2.019e+10,-0.007461316865,-0.3585527107,0.0713353927,-0.2073618026
2.02e+10,-0.01303001185,-0.3566466134,0.05018995459,-0.2139478134
2.021e+10,-0.01794657942,-0.3540973819,0.02835730414,-0.2184477674
2.022e+10,-0.02211874008,-0.3510294433,0.006029241679,-0.2207657324
2.023e+10,-0.02547655527,-0.347581376,-0.01658327038,-0.2208201819
2.024e+10,-0.02797512239,-0.3439020607,-0.03925056724,-0.2185491241
2.025e+10,-0.02959645897,-0.3401462542,-0.06172566701,-0.2139150556
2.026e+10,-0.03035063557,-0.3364694585,-0.08374773476,-0.2069097331
2.027e+10,-0.03027588875,-0.3330225371,-0.1050465175,-0.1975584782
2.028e+10,-0.02943747989,-0.329946273,-0.1253477697,-0.1859234431
2.029e+10,-0.02792538303,-0.3273659108,-0.1443803081,-0.1721058378
2.03e+10,-0.0258506762,-0.325386517,-0.1618832072,-0.1562459344
2.031e+10,-0.02334095852,-0.3240889566,-0.1776130108,-0.138522129
2.032e+10,-0.0205347878,-0.3235272284,-0.1913510776,-0.1191473875
2.033e+10,-0.01757572446,-0.3237270788,-0.2029094433,-0.09836458991
2.034e+10,-0.01460636268,-0.3246859828,-0.2121360109,-0.07644073114
2.035e+10,-0.01176229686,-0.3263747652,-0.2189173305,-0.05365976936
2.036e+10,-0.009167181527,-0.3287403172,-0.2231807049,-0.03031528529
2.037e+10,-0.006928447926,-0.3317093856,-0.2248937197,-0.006703602035
2.038e+10,-0.005134140733,-0.3351930121,-0.2240625497,0.0168829262
2.039e+10,-0.003851149699,-0.3390915047,-0.2207295718,0.04016183522
2.04e+10,-0.003124591589,-0.3432992045,-0.214969061,0.06286460813
2.041e+10,-0.002977996283,-0.3477091707,-0.2068834,0.08474061576
2.042e+10,-0.00341500533,-0.3522172901,-0.1965987283,0.1055589217
2.043e+10,-0.00442113093,-0.3567258293,-0.1842606116,0.1251097205
2.044e+10,-0.005966563809,-0.3611461837,-0.1700306681,0.1432046876
2.045e+10,-0.008008890114,-0.3654008818,-0.1540830717,0.159676409
2.046e+10,-0.01049615941,-0.3694249085,-0.1366022161,0.1743780969
2.047e+10,-0.01336983221,-0.3731663343,-0.1177806054,0.1871826393
2.048e+10,-0.01656759332,-0.3765863156,-0.09781740887,0.1979818722
2.049e+10,-0.02002588004,-0.3796586452,-0.07691742051,0.2066858675
2.05e+10,-0.02368202193,-0.3823688946,-0.05529065735,0.2132227574
2.051e+10,-0.02747631621,-0.3847131634,-0.03315094346,0.2175387573
2.052e+10,-0.03135341423,-0.3866967282,-0.01071588606,0.2195980999
2.053e+10,-0.03526342224,-0.388332404,0.01179416156,0.219383914
2.054e+10,-0.03916280781,-0.3896389465,0.03415706623,0.2168988678
2.055e+10,-0.04301461177,-0.3906393981,0.05615030309,0.2121656538
2.056e+10,-0.04678869615,-0.3913594393,0.07755275252,0.2052279438
2.057e+10,-0.05046122238,-0.3918260281,0.09814633504,0.1961508233
2.058e+10,-0.054014396,-0.392065999,0.1177185756,0.1850211878
2.059e+10,-0.05743541464,-0.3921051039,0.1360649442,0.1719474378
2.06e+10,-0.06071576242,-0.3919671027,0.1529914627,0.1570591311
2.061e+10,-0.06385006919,-0.3916732879,0.1683170958,0.140506063
2.062e+10,-0.06683508685,-0.3912422779,0.1818762605,0.1224568481
2.063e+10,-0.06966863257,-0.3906899834,0.1935211513,0.1030973165
2.064e+10,-0.07234863324,-0.3900300179,0.2031233877,0.08262834845
2.065e+10,-0.07487242851,-0.3892741781,0.2105759566,0.06126361
2.066e+10,-0.07723606676,-0.388433202,0.2157941066,0.03922730688
2.067e+10,-0.07943425684,-0.3875175806,0.2187164545,0.01675163545
2.068e+10,-0.08145993621,-0.3865385163,0.2193054465,-0.005925818718
2.069e+10,-0.08330491088,-0.3855087234,0.2175478896,-0.02856396365
2.07e+10,-0.08496003898,-0.3844433309,0.2134547774,-0.05092126218
2.071e+10,-0.08641603803,-0.3833604586,0.2070615497,-0.07275719727
2.072e+10,-0.0876645312,-0.3822817056,0.1984278419,-0.0938348237
2.073e+10,-0.08869903349,-0.3812323137,0.1876375155,-0.1139230191
2.074e+10,-0.08951606028,-0.3802410937,0.1747981954,-0.1327984549
2.075e+10,-0.09011637097,-0.3793399816,0.160040962,-0.1502481373
2.076e+10,-0.09050599437,-0.3785633228,0.1435200615,-0.1660718402
2.077e+10,-0.09069729147,-0.3779467883,0.1254119318,-0.1800847431
2.078e+10,-0.0907094645,-0.3775261022,0.1059143194,-0.1921203758
2.079e+10,-0.09056905684,-0.3773354776,0.08524437895,-0.2020333506
2.08e+10,-0.09031007227,-0.3774059388,0.06363687015,-0.2097026278
2.081e+10,-0.08997340075,-0.3777635891,0.04134137121,-0.2150338293
2.082e+10,-0.08960610579,-0.3784279678,0.01861893558,-0.2179621764
2.083e+10,-0.08926020698,-0.3794104917,-0.004262010016,-0.218454169
2.084e+10,-0.08899107459,-0.3807132676,-0.02702972618,-0.2165089897
2.085e+10,-0.08885548526,-0.3823282104,-0.04941404963,-0.2121592903
2.086e+10,-0.08890948335,-0.3842366423,-0.07115182504,-0.2054704737
2.087e+10,-0.08920629933,-0.3864093528,-0.09199068899,-0.1965395151
2.088e+10,-0.08979410197,-0.388807166,-0.1116945769,-0.1854926986
2.089e+10,-0.09071395731,-0.3913820542,-0.1300471677,-0.1724826005
2.09e+10,-0.09199817992,-0.3940785636,-0.146855341,-0.1576841039
2.091e+10,-0.09366905388,-0.396835619,-0.1619513232,-0.1412905107
2.092e+10,-0.09573770504,-0.3995886214,-0.1751944044,-0.1235088509
2.093e+10,-0.09820379458,-0.4022715846,-0.1864711008,-0.1045554621
2.094e+10,-0.1010554415,-0.4048193285,-0.1956950105,-0.08465213523
2.095e+10,-0.1042696211,-0.4071695739,-0.2028056222,-0.06402190735
2.096e+10,-0.1078130561,-0.4092648197,-0.2077667057,-0.04288635535
2.097e+10,-0.1116431466,-0.4110541423,-0.2105640699,-0.02146285782
2.098e+10,-0.1157095553,-0.4124944749,-0.2112035368,3.727204903e-05
2.099e+10,-0.1199555503,-0.4135518295,-0.2097087488,0.02140977804
2.1e+10,-0.1243197521,-0.4142020675,-0.2061189545,0.04245819327
2.101e+10,-0.1287378341,-0.4144314613,-0.2004872505,0.06299375047
2.102e+10,-0.1331443345,-0.4142368635,-0.1928795359,0.0828353089
2.103e+10,-0.137474089,-0.4136259012,-0.1833732598,0.1018090396
2.104e+10,-0.1416643283,-0.4126164063,-0.1720573787,0.1197475984
2.105e+10,-0.1456559317,-0.4112362236,-0.1590319281,0.1364903719
2.106e+10,-0.1493951015,-0.4095223445,-0.1444088315,0.1518828017
2.107e+10,-0.1528347816,-0.4075199604,-0.1283124908,0.1657767822
2.108e+10,-0.1559359527,-0.4052813579,-0.1108802789,0.1780318299
2.109e+10,-0.1586686023,-0.4028646113,-0.09226387439,0.1885156325
2.11e+10,-0.1610128611,-0.4003319256,-0.07262969485,0.1971061842
2.111e+10,-0.1629595185,-0.3977479797,-0.05215923504,0.2036939189
2.112e+10,-0.1645103936,-0.3951780653,-0.03104923823,0.208184261
2.113e+10,-0.1656784503,-0.3926860767,-0.009510762065,0.2105004831
2.114e+10,-0.1664874292,-0.3903325205,0.01223211509,0.210587018
2.115e+10,-0.1669711098,-0.3881726065,0.03394438896,0.2084120141
2.116e+10,-0.1671721636,-0.3862544538,0.05538318996,0.2039703668
2.117e+10,-0.1671407403,-0.3846174299,0.07630135308,0.1972856143
2.118e+10,-0.1669325586,-0.3832910053,0.09645171722,0.1884117218
2.119e+10,-0.1666069378,-0.382293824,0.115591878,0.177433369
2.12e+10,-0.1662244969,-0.3816333946,0.133488845,0.164465851
2.121e+10,-0.1658450507,-0.381306064,0.1499238324,0.1496536837
2.122e+10,-0.1655253245,-0.3812977743,0.1646967202,0.1331682429
2.123e+10,-0.165317074,-0.3815850139,0.1776301892,0.1152047077
2.124e+10,-0.1652655441,-0.3821361943,0.1885726223,0.09597821918
2.125e+10,-0.1654081297,-0.3829134233,0.1974005185,0.0757199536
2.126e+10,-0.1657736126,-0.3838743793,0.2040199816,0.05467215721
2.127e+10,-0.1663818795,-0.3849742367,0.208367374,0.03308398043
2.128e+10,-0.1672439433,-0.3861675285,0.2104088503,0.01120737137
2.129e+10,-0.1683625129,-0.3874098982,0.2101397126,-0.01070719368
2.13e+10,-0.169732819,-0.3886596211,0.2075829305,-0.03241376821
2.131e+10,-0.1713436705,-0.389878763,0.2027873681,-0.05367401674
2.132e+10,-0.173178719,-0.3910341259,0.1958258365,-0.07425973688
2.133e+10,-0.1752178428,-0.392097692,0.1867930946,-0.09395464118
2.134e+10,-0.1774383926,-0.3930469836,0.1758037178,-0.1125560146
2.135e+10,-0.1798165561,-0.3938648162,0.1629905958,-0.129876062
2.136e+10,-0.1823284366,-0.3945390608,0.148502528,-0.1457426799
2.137e+10,-0.1849510223,-0.3950620665,0.1325031497,-0.1600007112
2.138e+10,-0.1876629476,-0.3954298961,0.1151689702,-0.1725126733
2.139e+10,-0.1904449871,-0.3956415353,0.09668778849,-0.1831594229
2.14e+10,-0.1932803659,-0.3956979727,0.07725719991,-0.1918412718
2.141e+10,-0.1961547445,-0.3956014787,0.05708299627,-0.1984785953
2.142e+10,-0.1990561529,-0.3953545717,0.03637720827,-0.203012536
2.143e+10,-0.201974518,-0.3949595574,0.0153560649,-0.2054057077
2.144e+10,-0.2049011721,-0.3944179514,-0.005762030459,-0.2056425224
2.145e+10,-0.2078282583,-0.393730039,-0.0267587584,-0.2037294849
2.146e+10,-0.2107479975,-0.3928948435,-0.0474180477,-0.1996950582
2.147e+10,-0.213652075,-0.391909956,-0.06752863281,-0.1935892919
2.148e+10,-0.2165308185,-0.3907721861,-0.08688643706,-0.1854829514
2.149e+10,-0.219372747,-0.3894776578,-0.1052962304,-0.1754667701
2.15e+10,-0.2221640593,-0.3880225978,-0.1225740886,-0.1636496858
2.151e+10,-0.2248884674,-0.3864039698,-0.1385487736,-0.1501577352
2.152e+10,-0.2275269323,-0.3846205044,-0.1530631274,-0.1351320436
2.153e+10,-0.2300580081,-0.3826733008,-0.1659752768,-0.1187271963
2.154e+10,-0.2324580526,-0.3805668883,-0.1771591815,-0.1011095641
2.155e+10,-0.2347019138,-0.378309933,-0.1865054187,-0.08245551382
2.156e+10,-0.2367636738,-0.3759158903,-0.1939212168,-0.0629501456
2.157e+10,-0.2386176447,-0.3734036487,-0.1993309539,-0.04278559412
2.158e+10,-0.2402395262,-0.370797757,-0.202676151,-0.02216053996
2.159e+10,-0.2416076801,-0.3681285199,-0.2039158372,-0.00127857996
2.16e+10,-0.2427044589,-0.365431846,-0.2030270843,0.01965240558
2.161e+10,-0.2435176203,-0.3627487356,-0.2000053904,0.0404209034
2.162e+10,-0.24404161,-0.3601244244,-0.1948655332,0.06081331638
2.163e+10,-0.2442788019,-0.3576073986,-0.1876427452,0.08061450415
2.164e+10,-0.2442405233,-0.3552477277,-0.1783935638,0.09961003776
2.165e+10,-0.2439478422,-0.353095377,-0.1671972848,0.1175875075
2.166e+10,-0.2434319242,-0.3511982957,-0.1541567236,0.1343394918
2.167e+10,-0.2427340095,-0.3496001058,-0.1393990493,0.1496664076
2.168e+10,-0.2419048589,-0.3483379416,-0.1230761288,0.1633799011
2.169e+10,-0.2410037221,-0.3474401321,-0.1053641581,0.1753069064
2.17e+10,-0.240096649,-0.346924312,-0.08646215142,0.1852936022
2.171e+10,-0.2392544151,-0.3467955014,-0.06659019047,0.1932096565
2.172e+10,-0.2385498688,-0.3470451026,-0.04598598138,0.1989521204
2.173e+10,-0.2380550675,-0.3476502185,-0.02490065575,0.2024484104
2.174e+10,-0.2378381469,-0.348573616,-0.003594369541,0.203659275
2.175e+10,-0.2379604063,-0.349764651,0.01766985743,0.2025797022
2.176e+10,-0.2384732575,-0.351160588,0.03863150864,0.1992395558
2.177e+10,-0.2394159334,-0.352689044,0.05903849613,0.1937021511
2.178e+10,-0.2408135588,-0.3542703398,0.07865228901,0.1860620773
2.179e+10,-0.2426757328,-0.3558206867,0.09725287101,0.1764418303
2.18e+10,-0.244996432,-0.3572553809,0.1146420021,0.1649874635
2.181e+10,-0.2477536475,-0.3584919574,0.1306461224,0.1518640645
2.182e+10,-0.2509106203,-0.3594530966,0.1451173565,0.1372506477
2.183e+10,-0.2544171173,-0.3600695177,0.1579340484,0.121335314
2.184e+10,-0.2582113127,-0.3602820137,0.1689996724,0.1043110499
2.185e+10,-0.2622219956,-0.3600434251,0.1782413147,0.08637189959
2.186e+10,-0.2663709555,-0.3593197529,0.1856074751,0.06770977465
2.187e+10,-0.2705754521,-0.3580911204,0.1910654529,0.04851266119
2.188e+10,-0.2747507088,-0.3563520168,0.1945986971,0.02896298994
2.189e+10,-0.278812284,-0.3541113858,0.1962043514,0.009237598394
2.19e+10,-0.2826784143,-0.3513921586,0.195891183,-0.01049275464
2.191e+10,-0.2862721193,-0.3482306871,0.1936775979,-0.03006185382
2.192e+10,-0.2895232981,-0.344675809,0.189590815,-0.04930768831
2.193e+10,-0.2923705746,-0.3407875309,0.1836663949,-0.06807067873
2.194e+10,-0.2947630411,-0.3366358484,0.1759482168,-0.08619286643
2.195e+10,-0.2966618855,-0.3322990224,0.1664895755,-0.1035164152
2.196e+10,-0.2980417766,-0.3278616614,0.1553545247,-0.1198833351
2.197e+10,-0.2988920587,-0.3234124244,0.1426194403,-0.1351353521
2.198e+10,-0.2992176619,-0.3190419067,0.1283754602,-0.1491143453
2.199e+10,-0.2990396418,-0.314839614,0.1127305312,-0.1616638454
2.2e+10,-0.2983952102,-0.3108911003,0.09581146538,-0.1726312753
2.201e+10,-0.2973373053,-0.3072749729,0.07776552561,-0.1818710043
2.202e+10,-0.2959333822,-0.3040596388,0.05876147324,-0.1892480083
2.203e+10,-0.2942636356,-0.301300425,0.03898943617,-0.1946425259
2.204e+10,-0.2924184049,-0.2990367603,0.01865996184,-0.1979543128
2.205e+10,-0.2904949661,-0.2972902341,-0.001998205882,-0.1991076329
2.206e+10,-0.2885937335,-0.2960627166,-0.02274202647,-0.1980551124
2.207e+10,-0.2868140488,-0.2953360951,-0.04331849134,-0.1947817836
2.208e+10,-0.2852499252,-0.2950727808,-0.06347056124,-0.18930676
2.209e+10,-0.2839857797,-0.2952167837,-0.0829433411,-0.181684821
2.21e+10,-0.2830926652,-0.2956963309,-0.1014903029,-0.1720055663
2.211e+10,-0.2826251373,-0.2964272445,-0.1188796927,-0.1603915815
2.212e+10,-0.2826191109,-0.2973167907,-0.1348998201,-0.1469949485
2.213e+10,-0.2830905895,-0.2982681587,-0.1493637388,-0.1319926872
2.214e+10,-0.2840353836,-0.2991846538,-0.1621119926,-0.1155816214
2.215e+10,-0.2854302125,-0.2999740366,-0.1730146402,-0.09797286501
2.216e+10,-0.2872345209,-0.3005525163,-0.18197168,-0.07938612274
2.217e+10,-0.2893927405,-0.300847585,-0.1889120181,-0.0600446854
2.218e+10,-0.2918374178,-0.3008008596,-0.1937917958,-0.04017133872
2.219e+10,-0.2944928405,-0.300369379,-0.1965919428,-0.0199846321
2.22e+10,-0.2972781584,-0.2995268369,-0.1973152751,0.0003034792544
2.221e+10,-0.3001109195,-0.2982635069,-0.1959836674,0.0204889975
2.222e+10,-0.3029103869,-0.2965858935,-0.1926352596,0.04037681032
2.223e+10,-0.3056005152,-0.2945155505,-0.1873226646,0.05978045785
2.224e+10,-0.3081123585,-0.2920878215,-0.1801106067,0.07852176981
2.225e+10,-0.3103866423,-0.2893497505,-0.1710754118,0.09643004153
2.226e+10,-0.3123752804,-0.2863579345,-0.1603045098,0.1133414641
2.227e+10,-0.3140431053,-0.2831762926,-0.1478964261,0.1290983529
2.228e+10,-0.3153686234,-0.2798732228,-0.1339615295,0.1435491172
2.229e+10,-0.3163446722,-0.2765190034,-0.1186230085,0.156548544
2.23e+10,-0.3169784948,-0.2731830363,-0.1020181547,0.1679586647
2.231e+10,-0.3172912054,-0.2699308455,-0.0842991232,0.1776505201
2.232e+10,-0.3173167937,-0.2668215251,-0.06563342033,0.1855062701
2.233e+10,-0.3171006828,-0.2639050812,-0.04620482483,0.191422041
2.234e+10,-0.3166975001,-0.2612201946,-0.02621221487,0.1953109101
2.235e+10,-0.3161686433,-0.2587924575,-0.005868371379,0.1971064611
2.236e+10,-0.3155791839,-0.256633037,0.01460224476,0.196765843
2.237e+10,-0.3149946515,-0.2547381224,0.03496679407,0.1942725729
2.238e+10,-0.3144776556,-0.2530891341,0.05498803078,0.1896390361
2.239e+10,-0.3140845478,-0.2516536661,0.07442887669,0.1829074232
2.24e+10,-0.3138624442,-0.2503873032,0.09305753698,0.1741499817
2.241e+10,-0.3138465088,-0.2492358665,0.1106522969,0.1634683963
2.242e+10,-0.3140581811,-0.2481386466,0.1270064979,0.1509917041
2.243e+10,-0.3145039923,-0.2470316755,0.1419322916,0.1368729124
2.244e+10,-0.3151751447,-0.2458512365,0.1552642928,0.1212856517
2.245e+10,-0.3160481263,-0.2445373521,0.1668613945,0.1044197886
2.246e+10,-0.3170860048,-0.2430371799,0.1766084662,0.08647686081
2.247e+10,-0.318240392,-0.2413076573,0.1844159738,0.06766588019
2.248e+10,-0.3194538754,-0.2393177299,0.1902197718,0.04819954218
2.249e+10,-0.3206631295,-0.2370502287,0.1939793032,0.02829059805
2.25e+10,-0.3218018352,-0.2345025717,0.1956759931,0.008149676338
2.251e+10,-0.3228040311,-0.2316871547,0.1953111261,-0.01201707719
2.252e+10,-0.3236072255,-0.2286310039,0.1929037795,-0.03200857101
2.253e+10,-0.3241553822,-0.2253747143,0.1884891221,-0.05162953944
2.254e+10,-0.3244017167,-0.2219711727,0.1821172072,-0.07069074068
2.255e+10,-0.3243110613,-0.2184830275,0.1738519026,-0.08900832201
2.256e+10,-0.3238619149,-0.2149808843,0.1637708569,-0.1064039935
2.257e+10,-0.3230480033,-0.2115399868,0.1519657032,-0.1227046692
2.258e+10,-0.3218792576,-0.208237314,0.1385426197,-0.137742616
2.259e+10,-0.3203824099,-0.2051481159,0.1236237662,-0.1513565498
2.26e+10,-0.3186006252,-0.202342297,0.1073477703,-0.1633927787
2.261e+10,-0.3165925414,-0.1998810423,0.08987134589,-0.1737073376
2.262e+10,-0.3144305956,-0.1978131841,0.07136944013,-0.182168775
2.263e+10,-0.312198333,-0.1961722333,0.05203535509,-0.188661493
2.264e+10,-0.3099871987,-0.1949735474,0.03208000811,-0.1930895475
2.265e+10,-0.3078926896,-0.1942126445,0.01172981005,-0.1953802257
2.266e+10,-0.3060095983,-0.1938640425,-0.008776319873,-0.1954881349
2.267e+10,-0.3044274535,-0.1938814192,-0.0291907451,-0.1933979393
2.268e+10,-0.3032255873,-0.1941987818,-0.04926227217,-0.1891269366
2.269e+10,-0.3024688858,-0.1947330494,-0.06874189175,-0.1827258371
2.27e+10,-0.3022039094,-0.1953871199,-0.08738853609,-0.1742789595
2.271e+10,-0.3024559584,-0.1960546869,-0.1049749294,-0.163902068
2.272e+10,-0.3032272358,-0.1966247428,-0.1212930892,-0.1517398034
2.273e+10,-0.3044964133,-0.1969870681,-0.1361585545,-0.137961208
2.274e+10,-0.3062192485,-0.1970373379,-0.1494138149,-0.1227549216
2.275e+10,-0.3083304549,-0.1966819304,-0.1609303999,-0.1063235871
2.276e+10,-0.3107467172,-0.1958420532,-0.1706091927,-0.08887822776
2.277e+10,-0.3133701668,-0.1944570244,-0.1783799408,-0.07063328856
2.278e+10,-0.3160926592,-0.1924866869,-0.1841993471,-0.05180172007
2.279e+10,-0.3188000654,-0.1899126862,-0.1880485785,-0.03259150926
2.28e+10,-0.3213767505,-0.1867390154,-0.1899300909,-0.01320285401
2.281e+10,-0.3237097008,-0.1829914952,-0.1898644347,0.006173587029
2.282e+10,-0.3256926552,-0.1787167976,-0.1878870236,0.0253572916
2.283e+10,-0.3272292802,-0.1739804937,-0.1840451877,0.04417786835
2.284e+10,-0.3282367307,-0.168865124,-0.1783962083,0.06247426236
2.285e+10,-0.3286479056,-0.1634673881,-0.171005329,0.08009345403
2.286e+10,-0.3284139685,-0.1578953726,-0.1619450081,0.09688926209
2.287e+10,-0.3275059426,-0.1522653156,-0.1512948415,0.1127206067
2.288e+10,-0.3259161506,-0.1466982243,-0.1391418366,0.1274504071
2.289e+10,-0.3236590548,-0.1413161847,-0.1255817451,0.140944803
2.29e+10,-0.3207715754,-0.1362385231,-0.110720557,0.1530726947
2.291e+10,-0.3173129438,-0.1315777389,-0.09467626495,0.163706555
2.292e+10,-0.3133634713,-0.1274353101,-0.07758081611,0.1727232444
2.293e+10,-0.3090232228,-0.1238976317,-0.0595819476,0.180006353
2.294e+10,-0.3044089214,-0.1210318303,-0.04084424178,0.1854489972
2.295e+10,-0.2996507808,-0.1188822682,-0.02154978518,0.1889573388
2.296e+10,-0.2948878051,-0.1174674267,-0.001897899884,0.190454447
2.297e+10,-0.2902626308,-0.1167777657,0.01789639049,0.1898848823
2.298e+10,-0.2859154948,-0.1167747236,0.03760513165,0.1872183304
2.299e+10,-0.2819779765,-0.1173910332,0.05699110932,0.1824537784
2.3e+10,-0.2785667689,-0.1185326049,0.07581293164,0.1756217433
2.301e+10,-0.2757776259,-0.120081957,0.09383078094,0.1667862994
2.302e+10,-0.2736804815,-0.1219031871,0.1108123815,0.1560450766
2.303e+10,-0.27231551,-0.1238476477,0.1265396218,0.1435277817
2.304e+10,-0.2716910273,-0.1257612602,0.1408139768,0.1293934894
2.305e+10,-0.271782737,-0.1274914152,0.1534618157,0.1138265512
2.306e+10,-0.2725351498,-0.1288942918,0.1643376151,0.09703115092
2.307e+10,-0.2738644335,-0.1298412927,0.1733268512,0.07922566894
2.308e+10,-0.2756627443,-0.1302247995,0.1803462107,0.06063637682
2.309e+10,-0.2778031763,-0.1299627205,0.1853456904,0.04149400038
2.31e+10,-0.2801467887,-0.129000061,0.1882990155,0.02202293329
2.311e+10,-0.2825475314,-0.1273124132,0.1892122675,0.002444367841
2.312e+10,-0.2848594461,-0.1249045294,0.1881121244,-0.01703149401
2.313e+10,-0.28694195,-0.1218095246,0.1850452262,-0.03620606692
2.314e+10,-0.2886653698,-0.118086819,0.1800746392,-0.05489350259
2.315e+10,-0.2899152176,-0.1138188979,0.1732766841,-0.07292059667
2.316e+10,-0.2905960015,-0.1091076065,0.1647380533,-0.09012647423
2.317e+10,-0.2906341071,-0.1040702844,0.1545545412,-0.1063612542
2.318e+10,-0.2899799824,-0.0988353276,0.1428292673,-0.1214848077
2.319e+10,-0.288609403,-0.09353736901,0.1296727075,-0.1353654645
2.32e+10,-0.2865242465,-0.08831297988,0.1152026733,-0.1478791566
2.321e+10,-0.2837523333,-0.08329572996,0.09954523095,-0.1589085927
2.322e+10,-0.2803466629,-0.078611588,0.08283552533,-0.1683430548
2.323e+10,-0.2763838172,-0.07437429217,0.06521942031,-0.1760794456
2.324e+10,-0.2719615021,-0.07068101868,0.04685445964,-0.1820230014
2.325e+10,-0.2671954155,-0.06760825468,0.02791105818,-0.1860897841
2.326e+10,-0.262215296,-0.06520833872,0.008572733893,-0.1882088215
2.327e+10,-0.2571598045,-0.06350657295,-0.01096380502,-0.1883253806
2.328e+10,-0.2521712371,-0.0624993228,-0.03048987363,-0.1864043759
2.329e+10,-0.2473892472,-0.06215324223,-0.04978679583,-0.1824336171
2.33e+10,-0.242944563,-0.06240592606,-0.06862909557,-0.1764268451
2.331e+10,-0.2389527311,-0.06316794906,-0.08678833652,-0.1684262139
2.332e+10,-0.2355080664,-0.06432632509,-0.1040377234,-0.1585040427
2.333e+10,-0.2326786775,-0.06574960621,-0.1201577631,-0.1467630748
2.334e+10,-0.2305028158,-0.06729382666,-0.1349411794,-0.1333359333
2.335e+10,-0.2289861569,-0.06880965681,-0.1481986696,-0.1183829565
2.336e+10,-0.2281014812,-0.07014979096,-0.1597634836,-0.1020890844
2.337e+10,-0.2277898175,-0.07117632399,-0.1694950661,-0.08465935052
2.338e+10,-0.227963332,-0.07176772413,-0.1772821989,-0.06631420751
2.339e+10,-0.2285099623,-0.07182478798,-0.1830443019,-0.04728382521
2.34e+10,-0.2292988854,-0.07127529373,-0.1867316027,-0.02780318241
2.341e+10,-0.2301871625,-0.0700772956,-0.1883244734,-0.008106520218
2.342e+10,-0.2310267916,-0.06822063692,-0.1878314944,0.01157659298
2.343e+10,-0.2316713886,-0.0657270143,-0.1852867033,0.03102518996
2.344e+10,-0.2319830461,-0.06264853191,-0.1807466522,0.0500294278
2.345e+10,-0.2318381374,-0.05906475509,-0.1742875072,0.068392245
2.346e+10,-0.2311326073,-0.05507934168,-0.1660016447,0.08593061644
2.347e+10,-0.229786128,-0.05081503059,-0.155995313,0.1024754476
2.348e+10,-0.2277451529,-0.04640842653,-0.1443862321,0.1178714635
2.349e+10,-0.2249850644,-0.04200473831,-0.131302052,0.1319765929
2.35e+10,-0.2215113407,-0.03775172639,-0.1168791446,0.1446612379
2.351e+10,-0.2173593302,-0.03379376385,-0.1012621786,0.1558076529
2.352e+10,-0.2125932764,-0.03026638925,-0.08460390701,0.1653097041
2.353e+10,-0.2073043396,-0.02729035076,-0.06706538648,0.1730728821
2.354e+10,-0.2016075265,-0.02496686798,-0.04881629,0.1790146706
2.355e+10,-0.195637649,-0.02337272017,-0.03003524013,0.1830657052
2.356e+10,-0.1895444957,-0.02255639977,-0.0109096545,0.1851712351
2.357e+10,-0.1834868943,-0.02253507221,0.008364403085,0.1852929469
2.358e+10,-0.1776265273,-0.02329262066,0.02758309324,0.1834110057
2.359e+10,-0.1721208315,-0.02477926921,0.04653660728,0.1795266164
2.36e+10,-0.1671158451,-0.02691212683,0.06501111691,0.1736639049
2.361e+10,-0.1627391326,-0.02957777254,0.08279203769,0.1658719173
2.362e+10,-0.1590933379,-0.03263638786,0.09966739637,0.1562258288
2.363e+10,-0.1562502351,-0.03592726264,0.1154321929,0.1448276358
2.364e+10,-0.154246622,-0.03927559043,0.1298925207,0.1318054743
2.365e+10,-0.1530812589,-0.04250047389,0.1428701963,0.1173127039
2.366e+10,-0.1527141067,-0.04542344812,0.1542069006,0.1015251852
2.367e+10,-0.15306734,-0.04787686353,0.1637677683,0.0846382922
2.368e+10,-0.1540284395,-0.04971214064,0.1714443653,0.06686275508
2.369e+10,-0.1554549858,-0.05080706868,0.1771566676,0.04842031424
2.37e+10,-0.1571812212,-0.05107153083,0.1808540506,0.02953871892
2.371e+10,-0.1590254294,-0.05045196302,0.1825151811,0.01044721053
2.372e+10,-0.1607981113,-0.04893371481,0.1821470884,-0.008628165783
2.373e+10,-0.1623105993,-0.0465414959,0.1797832805,-0.02746844208
2.374e+10,-0.1633830453,-0.04333819076,0.1754815243,-0.04586490412
2.375e+10,-0.1638520144,-0.03942176408,0.1693205207,-0.06362195388
2.376e+10,-0.1635770609,-0.03492104295,0.1613974437,-0.08055870465
2.377e+10,-0.1624461907,-0.02999009852,0.1518245723,-0.09651014267
2.378e+10,-0.1603798427,-0.02480212052,0.1407266227,-0.1113274264
2.379e+10,-0.1573338451,-0.01954246293,0.1282383202,-0.1248780591
2.38e+10,-0.1533007422,-0.01440170749,0.1145022191,-0.1370453698
2.381e+10,-0.1483097844,-0.009568612897,0.09966689799,-0.1477276831
2.382e+10,-0.142425957,-0.005223310741,0.08388607353,-0.1568379216
2.383e+10,-0.1357475727,-0.001530888211,0.06731747169,-0.1643027061
2.384e+10,-0.1284030622,0.001364646009,0.05012238665,-0.1700619967
2.385e+10,-0.120546491,0.003345424364,0.03246522603,-0.1740686258
2.386e+10,-0.1123525994,0.004324319348,0.01451346104,-0.176288397
2.387e+10,-0.1040107633,0.004248312885,-0.003562720217,-0.1767003043
2.388e+10,-0.09571854242,0.003101393552,-0.02159061904,-0.175297027
2.389e+10,-0.08767485365,0.0009051466661,-0.03939556092,-0.1720856111
2.39e+10,-0.08007241136,-0.00228046143,-0.05680147437,-0.1670884471
2.391e+10,-0.07309073751,-0.006358701883,-0.07363227734,-0.160344228
2.392e+10,-0.06688885173,-0.0111986866,-0.08971291198,-0.1519089128
2.393e+10,-0.06159871072,-0.01663979822,-0.1048714642,-0.1418563826
2.394e+10,-0.05731931508,-0.02249676424,-0.1189409687,-0.1302792606
2.395e+10,-0.05411193175,-0.02856651373,-0.1317621267,-0.1172890102
2.396e+10,-0.0519967861,-0.03463611915,-0.1431857407,-0.1030157205
2.397e+10,-0.05095104961,-0.04049096371,-0.1530755476,-0.08760752057
2.398e+10,-0.05090904566,-0.04592384477,-0.1613110247,-0.0712292209
2.399e+10,-0.05176435324,-0.05074364107,-0.1677899428,-0.05406060149
2.4e+10,-0.05337293016,-0.0547835956,-0.1724306741,-0.03629419602
2.401e+10,-0.05555981657,-0.05790904825,-0.1751742904,-0.01813217589
2.402e+10,-0.05812513632,-0.06002310529,-0.1759859706,0.0002163962621
2.403e+10,-0.06085343397,-0.06107158531,-0.1748558276,0.01853922579
2.404e+10,-0.06352213716,-0.06104499361,-0.1717993974,0.03662409271
2.405e+10,-0.06591167306,-0.05997942089,-0.1668569958,0.05426271469
2.406e+10,-0.0678145665,-0.05795480882,-0.1600932142,0.07125380275
2.407e+10,-0.06904414217,-0.05509120162,-0.151595061,0.08740611206
2.408e+10,-0.06944260262,-0.05154351279,-0.1414702639,0.102541578
2.409e+10,-0.06888732943,-0.04749470202,-0.1298449406,0.1164973148
2.41e+10,-0.06729530906,-0.0431476959,-0.1168609765,0.1291274053
2.411e+10,-0.06462640254,-0.03871669333,-0.1026735189,0.140304348
2.412e+10,-0.06088414747,-0.03441835305,-0.08744817186,0.1499199627
2.413e+10,-0.05611497628,-0.03046289454,-0.0713584395,0.1578856653
2.414e+10,-0.05040562889,-0.02704570027,-0.05458324115,0.1641324702
2.415e+10,-0.04387900573,-0.0243398134,-0.03730467577,0.1686108245
2.416e+10,-0.03668862732,-0.02248969045,-0.01970588813,0.1712898453
2.417e+10,-0.02901225592,-0.02160579945,-0.001969456499,0.1721567401
2.418e+10,-0.02104454889,-0.02176107526,0.01572411833,0.1712159449
2.419e+10,-0.01298933255,-0.02298873872,0.03319766674,0.168488145
2.42e+10,-0.005051693488,-0.0252814247,0.05027860553,0.1640095286
2.421e+10,0.002569730044,-0.0285921505,0.06679930824,0.1578309463
2.422e+10,0.009690253921,-0.03283648508,0.08259801777,0.1500173263
2.423e+10,0.01614602826,-0.03789586895,0.09751980171,0.140647024
2.424e+10,0.02180002363,-0.04362266533,0.1114166499,0.1298113712
2.425e+10,0.02654714451,-0.04984557788,0.1241483768,0.1176146042
2.426e+10,0.03031827309,-0.05637634149,0.1355835191,0.1041734697
2.427e+10,0.03308289039,-0.06301696082,0.1456000517,0.08961713966
2.428e+10,0.03485047604,-0.06956743607,0.1540867107,0.0740870528
2.429e+10,0.0356702973,-0.07583352726,0.1609441289,0.05773665233
2.43e+10,0.0356298107,-0.0816347498,0.1660863864,0.04073095565
2.431e+10,0.03485144813,-0.08681181792,0.1694430497,0.02324592842
2.432e+10,0.03348793146,-0.09123348011,0.1709606761,0.005467419096
2.433e+10,0.03171618115,-0.09480245687,0.1706049213,-0.01241015279
2.434e+10,0.02973006735,-0.09746012416,0.1683624699,-0.03018595073
2.435e+10,0.0277317849,-0.09918953027,0.164242634,-0.04765492904
2.436e+10,0.02592348365,-0.1000169406,0.1582790014,-0.06461067635
2.437e+10,0.02449720541,-0.1000108312,0.1505299862,-0.08084910719
2.438e+10,0.02362673181,-0.09927939376,0.1410795238,-0.09617175091
2.439e+10,0.02345855693,-0.09796572677,0.1300364317,-0.1103900086
2.44e+10,0.02410502206,-0.09624121809,0.117533365,-0.123328911
2.441e+10,0.02563912431,-0.09429757156,0.1037246797,-0.1348308685
2.442e+10,0.02809011985,-0.09233733479,0.08878374701,-0.1447590251
2.443e+10,0.03144313795,-0.0905644536,0.07289952598,-0.1530001323
2.444e+10,0.03563955754,-0.08917395044,0.05627249647,-0.1594663797
2.445e+10,0.04058026892,-0.08834313336,0.03911059345,-0.1640968211
2.446e+10,0.04613118259,-0.08822288674,0.02162467485,-0.1668573163
2.447e+10,0.05212986089,-0.08893134007,0.004024564605,-0.1677400552
2.448e+10,0.05839348066,-0.09054879905,-0.01348484582,-0.1667622712
2.449e+10,0.06472770964,-0.09311468858,-0.03070672356,-0.1639640639
2.45e+10,0.07093571117,-0.09662679705,-0.04745516386,-0.1594058759
2.451e+10,0.07682643508,-0.1010421966,-0.06355652123,-0.1531659152
2.452e+10,0.08222329082,-0.1062799329,-0.07885114634,-0.1453371462
2.453e+10,0.08697078658,-0.1122252204,-0.0931934114,-0.1360247187
2.454e+10,0.09094073614,-0.1187346835,-0.1064519232,-0.125343797
2.455e+10,0.09403682448,-0.1256426971,-0.1185089291,-0.1134172119
2.456e+10,0.09619821851,-0.1327680423,-0.1292595007,-0.100374404
2.457e+10,0.09740138233,-0.1399211326,-0.1386108001,-0.0863500982
2.458e+10,0.09766100718,-0.1469112569,-0.1464813333,-0.07148400235
2.459e+10,0.09702952605,-0.153553787,-0.1528002965,-0.05592075364
2.46e+10,0.09559539335,-0.1596773016,-0.1575073047,-0.03981009972
2.461e+10,0.09348025282,-0.1651302883,-0.160552922,-0.02330729782
2.462e+10,0.09083488048,-0.1697872964,-0.1618990977,-0.00657349506
2.463e+10,0.08783398834,-0.1735546547,-0.1615204422,0.01022384528
2.464e+10,0.08466994225,-0.1763752082,-0.1594060684,0.02691118931
2.465e+10,0.08154550289,-0.1782316424,-0.1555615364,0.04330949867
2.466e+10,0.07866555054,-0.1791489845,-0.1500110283,0.0592354422
2.467e+10,0.07622829337,-0.1791949538,-0.1427996534,0.07450369249
2.468e+10,0.07441617981,-0.1784788118,-0.1339955252,0.08892954138
2.469e+10,0.07338682286,-0.1771477718,-0.123690947,0.1023328745
2.47e+10,0.07326483577,-0.1753813575,-0.1120031304,0.1145421944
2.471e+10,0.07413456826,-0.1733842108,-0.0990737631,0.1253995912
2.472e+10,0.07603501732,-0.1713764328,-0.08506711514,0.1347655041
2.473e+10,0.07895697647,-0.1695834371,-0.07016736611,0.1425228789
2.474e+10,0.08284282927,-0.1682243411,-0.05457398235,0.1485813713
2.475e+10,0.08758853231,-0.1675009798,-0.03849700675,0.1528805545
2.476e+10,0.09304866232,-0.1675886137,-0.02215155499,0.1553906933
2.477e+10,0.09904419283,-0.1686271865,-0.005751927331,0.1561133075
2.478e+10,0.1053717166,-0.1707150979,0.01049454062,0.155079346
2.479e+10,0.1118133324,-0.173905482,0.02639231818,0.1523467978
2.48e+10,0.1181469787,-0.1782047835,0.04176197602,0.1479972078
2.481e+10,0.1241565201,-0.1835744742,0.05644290922,0.142130866
2.482e+10,0.129640778,-0.1899344042,0.07029530029,0.134862394
2.483e+10,0.1344208764,-0.1971678231,0.08320040347,0.1263158251
2.484e+10,0.1383465255,-0.205127638,0.09506001678,0.1166205601
2.485e+10,0.1412997967,-0.2136433924,0.1057949092,0.1059074541
2.486e+10,0.1431981518,-0.2225284125,0.1153426199,0.09430579014
2.487e+10,0.1439952162,-0.231586532,0.1236547989,0.08194174052
2.488e+10,0.1436809328,-0.2406190596,0.1306944946,0.06893658104
2.489e+10,0.1422805188,-0.2494303709,0.1364335555,0.05540689823
2.49e+10,0.1398525301,-0.2578336313,0.1408501121,0.04146470713
2.491e+10,0.1364867495,-0.2656556247,0.1439269128,0.0272186441
2.492e+10,0.1323014145,-0.2727413789,0.1456494795,0.0127755162
2.493e+10,0.1274401493,-0.2789582281,0.1460059484,-0.001757888837
2.494e+10,0.1220682451,-0.2841994553,0.1449867438,-0.01627283616
2.495e+10,0.1163688641,-0.2883878979,0.1425855051,-0.03065667394
2.496e+10,0.1105383863,-0.2914790906,0.1388004477,-0.0447911045
2.497e+10,0.1047811462,-0.2934639634,0.1336367085,-0.05855103531
2.498e+10,0.09930346769,-0.294371009,0.1271090993,-0.07180394147
2.499e+10,0.0943068424,-0.2942674529,0.1192451816,-0.08441021265
2.5e+10,0.08998051055,-0.2932593989,0.110088761,-0.09622446477
2.501e+10,0.08649230383,-0.2914907158,0.09970297479,-0.1070981887
2.502e+10,0.0839835764,-0.289137604,0.08817326542,-0.116882676
2.503e+10,0.08255881743,-0.2864055192,0.0756090234,-0.1254344049
2.504e+10,0.08227977421,-0.2835207923,0.06214437907,-0.1326199991
2.505e+10,0.08316042374,-0.2807210939,0.04793718249,-0.1383223945
2.506e+10,0.08516436466,-0.2782446137,0.03316639749,-0.1424462954
2.507e+10,0.08820507055,-0.2763183097,0.0180280165,-0.144923433
2.508e+10,0.09214915699,-0.2751464044,0.002729200979,-0.1457164195
2.509e+10,0.096822747,-0.2748998905,-0.01251846683,-0.1448210937
2.51e+10,0.1020203614,-0.2757080565,-0.02750618278,-0.1422667416
2.511e+10,0.1075158059,-0.2776526569,-0.04203485535,-0.138114606
2.512e+10,0.1130737795,-0.2807652067,-0.05592156501,-0.1324545577
2.513e+10,0.118461843,-0.2850274933,-0.06900440138,-0.1253999059
2.514e+10,0.1234610622,-0.2903749219,-0.08114573988,-0.1170817787
2.515e+10,0.1278752035,-0.296702174,-0.09223406257,-0.1076429217
2.516e+10,0.1315376772,-0.3038706813,-0.1021834931,-0.09723167682
2.517e+10,0.1343163698,-0.3117167145,-0.1109324097,-0.08599663642
2.518e+10,0.13611588,-0.3200599664,-0.1184406879,-0.074082142
2.519e+10,0.1368782155,-0.3287114022,-0.1246861747,-0.06162536422
2.52e+10,0.1365815354,-0.3374806323,-0.1296608791,-0.04875400688
2.521e+10,0.1352378561,-0.3461821654,-0.1333671167,-0.03558559115
2.522e+10,0.1328901784,-0.3546403619,-0.1358140206,-0.0222277276
2.523e+10,0.1296089708,-0.3626937543,-0.1370144291,-0.008779196258
2.524e+10,0.125488499,-0.3701980481,-0.1369824942,0.004668358676
2.525e+10,0.1206434836,-0.3770288937,-0.1357319494,0.01802813503
2.526e+10,0.115205518,-0.3830839148,-0.1332753189,0.03121568053
2.527e+10,0.1093197764,-0.3882841124,-0.1296236811,0.04414624543
2.528e+10,0.1031417991,-0.3925754496,-0.1247875671,0.0567324343
2.529e+10,0.09683365005,-0.3959302129,-0.1187785287,0.06888175213
2.53e+10,0.09056060277,-0.3983481596,-0.111611309,0.08049482196
2.531e+10,0.08448692638,-0.3998574161,-0.1033067643,0.09146450953
2.532e+10,0.07877136372,-0.4005148146,-0.09389536664,0.1016753625
2.533e+10,0.07356211379,-0.4004058092,-0.08342083397,0.1110045612
2.534e+10,0.06899130399,-0.3996434207,-0.07194398494,0.1193237459
2.535e+10,0.06516922026,-0.3983659146,-0.05954601686,0.1265023138
2.536e+10,0.06217869139,-0.3967330787,-0.04633144063,0.1324117315
2.537e+10,0.06006984601,-0.394920675,-0.03242927078,0.136931034
2.538e+10,0.05885606084,-0.393113831,-0.01799341022,0.139953063
2.539e+10,0.0585113888,-0.3914985205,-0.003200570773,0.1413908275
2.54e+10,0.05897029822,-0.3902526153,0.01175329583,0.1411835632
2.541e+10,0.06012982602,-0.389536187,0.02665862147,0.1393017862
2.542e+10,0.06185428162,-0.3894832395,0.04129946221,0.1357509178
2.543e+10,0.06398211531,-0.3901939511,0.05546112679,0.1305722113
2.544e+10,0.06633510231,-0.3917294941,0.06893852745,0.1238419808
2.545e+10,0.06872820282,-0.3941094775,0.08154349841,0.1156684998
2.546e+10,0.0709798271,-0.3973123899,0.09311096163,0.1061865793
2.547e+10,0.07292132196,-0.4012784071,0.1035032834,0.09555117931
2.548e+10,0.07440499267,-0.4059144835,0.1126124708,0.08393032914
2.549e+10,0.07531025807,-0.4111013061,0.1203602597,0.07149808031
2.55e+10,0.07554755473,-0.416700936,0.1266962661,0.0584280884
2.551e+10,0.07506017729,-0.4225646182,0.1315950704,0.04488857638
2.552e+10,0.07382403899,-0.4285403009,0.1350518439,0.03103847108
2.553e+10,0.07184602519,-0.4344792555,0.1370780521,0.01702550517
2.554e+10,0.06916136784,-0.4402417447,0.1376970612,0.002985087671
2.555e+10,0.06582980982,-0.4457015021,0.136939981,-0.01095891094
2.556e+10,0.06193198458,-0.4507492111,0.1348427917,-0.02469256435
2.557e+10,0.05756516942,-0.4552950716,0.1314436476,-0.03811007555
2.558e+10,0.05283955289,-0.4592705975,0.1267819135,-0.05111079718
2.559e+10,0.04787401053,-0.4626297993,0.1208976425,-0.06359685914
2.56e+10,0.04279247506,-0.4653500025,0.1138324192,-0.07547055534
2.561e+10,0.03771983825,-0.4674320583,0.1056308004,-0.08663222501
2.562e+10,0.03277835911,-0.4689003401,0.09634287688,-0.09697888421
2.563e+10,0.02808333161,-0.4698023536,0.08602699217,-0.1064038268
2.564e+10,0.02373918801,-0.4702073816,0.07475303517,-0.1147968906
2.565e+10,0.01983511309,-0.4702048264,0.06260589313,-0.1220464297
2.566e+10,0.01644103199,-0.469901473,0.04968802085,-0.1280419021
2.567e+10,0.01360374705,-0.4694176737,0.03612188634,-0.1326782794
2.568e+10,0.0113436034,-0.4688825226,0.0220509664,-0.1358607234
2.569e+10,0.009652405313,-0.4684281493,0.007639230419,-0.1375105736
2.57e+10,0.00849263947,-0.4681830641,-0.006931104996,-0.1375707472
2.571e+10,0.007798206326,-0.4682652229,-0.02146350647,-0.1360112712
2.572e+10,0.007477285009,-0.4687751871,-0.03575301152,-0.1328334079
2.573e+10,0.007416828387,-0.4697901283,-0.04959308041,-0.1280720723
2.574e+10,0.007488873651,-0.4713590543,-0.06278340873,-0.1217962947
2.575e+10,0.00755782022,-0.473500109,-0.07513744156,-0.1141074124
2.576e+10,0.007488335897,-0.4761994707,-0.08648958635,-0.105135058
2.577e+10,0.007153014531,-0.4794132695,-0.09670005796,-0.09503133187
2.578e+10,0.006439201954,-0.4830704405,-0.1056588329,-0.0839640468
2.579e+10,0.005254421871,-0.4870779955,-0.1132866919,-0.07210944061
2.58e+10,0.003530264695,-0.4913266795,-0.1195344965,-0.05964503165
2.581e+10,0.00122440432,-0.4956975272,-0.124380739,-0.04674345698
2.582e+10,-0.001679087224,-0.5000678135,-0.1278275634,-0.03356783579
2.583e+10,-0.005170651008,-0.5043166098,-0.1298962658,-0.02026827401
2.584e+10,-0.009217372447,-0.5083298309,-0.1306222778,-0.006980289037
2.585e+10,-0.01376572451,-0.5120040371,-0.1300506085,0.006175643041
2.586e+10,-0.01874462246,-0.5152492813,-0.1282314858,0.01909293145
2.587e+10,-0.02406873236,-0.5179914062,-0.1252172262,0.03167713028
2.588e+10,-0.02964163687,-0.5201735208,-0.1210596504,0.04384340067
2.589e+10,-0.0353588843,-0.5217570774,-0.1158088017,0.05551353346
2.59e+10,-0.0411108674,-0.5227223657,-0.1095124063,0.06661312128
2.591e+10,-0.0467856848,-0.523069095,-0.1022165265,0.07706871957
2.592e+10,-0.0522719447,-0.5228166625,-0.09396690721,0.08680534882
2.593e+10,-0.05746170393,-0.5220041956,-0.08481111064,0.09574475994
2.594e+10,-0.06225360107,-0.5206904512,-0.07480136955,0.1038041265
2.595e+10,-0.06655622263,-0.5189532335,-0.06399785535,0.1108961398
2.596e+10,-0.0702918175,-0.5168883972,-0.05247203636,0.1169297218
2.597e+10,-0.07340012908,-0.5146079713,-0.04030994466,0.1218121879
2.598e+10,-0.07584223745,-0.512237304,-0.02761517403,0.1254526309
2.599e+10,-0.07760418409,-0.5099112541,-0.01451080329,0.1277663658
2.6e+10,-0.07869981072,-0.5077689856,-0.001139909188,0.1286801355
2.601e+10,-0.07917260584,-0.5059479338,0.01233496276,0.1281383519
2.602e+10,-0.07909596979,-0.5045766857,0.02573509803,0.1261086075
2.603e+10,-0.07857140611,-0.5037678653,0.03887006737,0.1225872257
2.604e+10,-0.07772492953,-0.5036110086,0.05154447471,0.1176029609
2.605e+10,-0.07670115675,-0.5041667043,0.06356551045,0.1112188641
2.606e+10,-0.07565594129,-0.5054622505,0.07475150649,0.1035319608
2.607e+10,-0.07474773102,-0.5074898211,0.08493977167,0.09467007098
2.608e+10,-0.07412893443,-0.5102067188,0.09399349484,0.08478676921
2.609e+10,-0.07393756217,-0.5135385876,0.101806838,0.07405394425
2.61e+10,-0.07429044716,-0.5173843053,0.1083074126,0.06265406208
2.611e+10,-0.07527822663,-0.5216225519,0.113456467,0.05077176923
2.612e+10,-0.07696255089,-0.5261191085,0.1172468849,0.03858638268
2.613e+10,-0.07937529997,-0.5307341026,0.1196991194,0.02626572238
2.614e+10,-0.08251976398,-0.5353288511,0.1208559762,0.01396130745
2.615e+10,-0.08637326825,-0.5397712462,0.120776961,0.001805843966
2.616e+10,-0.09089055546,-0.543940475,0.1195324943,-0.01008797896
2.617e+10,-0.09600793966,-0.5477296926,0.1171985909,-0.02162682335
2.618e+10,-0.1016471422,-0.551048223,0.1138523283,-0.03273495836
2.619e+10,-0.1077191324,-0.5538222177,0.1095684051,-0.04335187625
2.62e+10,-0.114127457,-0.5559949187,0.1044164426,-0.05342910077
2.621e+10,-0.1207710174,-0.5575262956,0.098459685,-0.06292701318
2.622e+10,-0.1275464418,-0.5583922746,0.09175424006,-0.07181152774
2.623e+10,-0.1343498329,-0.5585842624,0.08434939297,-0.08005104396
2.624e+10,-0.1410783437,-0.5581083015,0.07628848095,-0.08761375807
2.625e+10,-0.1476316358,-0.556984753,0.06761043479,-0.0944651802
2.626e+10,-0.1539128972,-0.5552478338,0.058351845,-0.1005664329
2.627e+10,-0.1598304362,-0.5529454637,0.04854937402,-0.1058727603
2.628e+10,-0.1652990291,-0.5501391658,0.03824277021,-0.1103331029
2.629e+10,-0.1702418381,-0.5469037661,0.02747765568,-0.1138899486
2.63e+10,-0.1745926261,-0.5433272249,0.01630886249,-0.116480442
2.631e+10,-0.1782981043,-0.5395096038,0.004803394051,-0.1180380019
2.632e+10,-0.1813209735,-0.5355620104,-0.006956770431,-0.1184953943
2.633e+10,-0.1836424855,-0.5316042231,-0.0188725296,-0.1177882388
2.634e+10,-0.185265502,-0.5277618088,-0.03082669445,-0.1158596485
2.635e+10,-0.1862166171,-0.5241619658,-0.04268368846,-0.1126656761
2.636e+10,-0.1865476223,-0.520928556,-0.05429147834,-0.1081805887
2.637e+10,-0.1863357998,-0.5181763426,-0.06548482413,-0.1024023392
2.638e+10,-0.1856824062,-0.516004824,-0.07609028452,-0.09535715959
2.639e+10,-0.1847096242,-0.5144922952,-0.08593289694,-0.08710260254
2.64e+10,-0.1835555381,-0.5136905935,-0.0948439118,-0.07772876531
2.641e+10,-0.182367616,-0.5136212854,-0.1026686765,-0.06735714377
2.642e+10,-0.1812951656,-0.5142737313,-0.109274314,-0.05613720102
2.643e+10,-0.180481373,-0.5156055,-0.1145559915,-0.04424046655
2.644e+10,-0.1800557371,-0.517544874,-0.1184414583,-0.03185334085
2.645e+10,-0.1801276141,-0.5199954786,-0.1208928989,-0.01916882969
2.646e+10,-0.1807815161,-0.5228423635,-0.1219065005,-0.006378353009
2.647e+10,-0.1820742908,-0.5259589793,-0.1215097232,0.006335943518
2.648e+10,-0.1840345117,-0.5292140229,-0.1197567935,0.01880678083
2.649e+10,-0.1866635452,-0.5324781089,-0.1167229915,0.03088625574
2.65e+10,-0.1899382261,-0.5356292344,-0.1124984884,0.04244795917
2.651e+10,-0.1938143731,-0.5385571008,-0.1071825548,0.05338739233
2.652e+10,-0.1982309696,-0.5411660136,-0.100878159,0.06362091597
2.653e+10,-0.2031143704,-0.5433766333,-0.09368759189,0.07308340106
2.654e+10,-0.2083821487,-0.5451267086,-0.08570933984,0.0817253665
2.655e+10,-0.2139467326,-0.5463708682,-0.07703604465,0.08950951866
2.656e+10,-0.2197184946,-0.5470798739,-0.06775338363,0.09640753181
2.657e+10,-0.2256079274,-0.5472396025,-0.05794027374,0.1023967077
2.658e+10,-0.2315279029,-0.5468498574,-0.04766945295,0.1074574176
2.659e+10,-0.2373950792,-0.5459230734,-0.03700878352,0.1115707026
2.66e+10,-0.2431309923,-0.5444831709,-0.02602332447,0.1147166472
2.661e+10,-0.2486633717,-0.5425644003,-0.01477711163,0.1168734267
2.662e+10,-0.2539267815,-0.5402103872,-0.003335752286,0.1180168755
2.663e+10,-0.2588636743,-0.537473194,0.008231262971,0.118120777
2.664e+10,-0.263425091,-0.5344123913,0.01984872892,0.1171579725
2.665e+10,-0.2675718731,-0.5310940239,0.03143329256,0.1151017702
2.666e+10,-0.271275377,-0.5275894621,0.04289215875,0.1119284412
2.667e+10,-0.2745186308,-0.5239739915,0.05412198765,0.1076199702
2.668e+10,-0.2772971242,-0.520325149,0.06500877644,0.1021671995
2.669e+10,-0.2796196101,-0.5167207637,0.07542836761,0.09557344863
2.67e+10,-0.2815082527,-0.5132365103,0.08524827438,0.08785793501
2.671e+10,-0.2829989104,-0.5099435199,0.09433017884,0.07905905489
2.672e+10,-0.2841400871,-0.5069054458,0.1025338597,0.06923705097
2.673e+10,-0.2849917952,-0.5041759003,0.1097216458,0.0584756797
2.674e+10,-0.2856234698,-0.5017959203,0.1157637001,0.04688281978
2.675e+10,-0.2861112534,-0.4997920127,0.1205434244,0.03458946968
2.676e+10,-0.2865345205,-0.4981746775,0.123962773,0.02174746537
2.677e+10,-0.2869725391,-0.4969380553,0.1259466701,0.008525728047
2.678e+10,-0.2875006563,-0.4960603174,0.1264466732,-0.004894823713
2.679e+10,-0.2881867061,-0.4955050326,0.1254429629,-0.01832679898
2.68e+10,-0.2890881689,-0.4952235149,0.1229448991,-0.03158251028
2.681e+10,-0.2902498119,-0.4951576044,0.118989721,-0.04447961118
2.682e+10,-0.2917021966,-0.4952430927,0.1136405213,-0.05684630055
2.683e+10,-0.2934612948,-0.4954131233,0.1069823626,-0.06852554921
2.684e+10,-0.2955287198,-0.495601554,0.09911824058,-0.07937779115
2.685e+10,-0.2978929106,-0.4957459307,0.09016468659,-0.0892826931
2.686e+10,-0.3005307271,-0.4957900027,0.08024740631,-0.09813957221
2.687e+10,-0.3034096332,-0.4956855773,0.06949769498,-0.1058667092
2.688e+10,-0.3064899156,-0.4953938672,0.05804888078,-0.1124001508
2.689e+10,-0.3097270782,-0.49488617,0.04603436826,-0.1176917372
2.69e+10,-0.3130740299,-0.4941440465,0.03358597384,-0.1217073081
2.691e+10,-0.3164833092,-0.4931591163,0.02083302142,-0.124424615
2.692e+10,-0.3199088366,-0.4919324497,0.007902220353,-0.1258318038
2.693e+10,-0.3233075647,-0.4904736591,-0.005082095654,-0.1259260167
2.694e+10,-0.3266409548,-0.4887999593,-0.01799745837,-0.1247127478
2.695e+10,-0.3298758715,-0.4869348574,-0.03072252313,-0.1222054
2.696e+10,-0.332985661,-0.484906813,-0.04313660102,-0.1184256022
2.697e+10,-0.3359506745,-0.4827480609,-0.05511934384,-0.1134038251
2.698e+10,-0.3387586354,-0.4804928413,-0.06655066965,-0.10718039
2.699e+10,-0.3414048638,-0.478176174,-0.0773112915,-0.09980642938
2.7e+10,-0.3438920506,-0.4758323764,-0.08728368598,-0.09134533564
2.701e+10,-0.3462300125,-0.4734933971,-0.09635355228,-0.08187355771
2.702e+10,-0.3484349117,-0.4711877623,-0.1044119231,-0.0714815795
2.703e+10,-0.3505285095,-0.4689390442,-0.1113573825,-0.06027411277
2.704e+10,-0.3525368433,-0.4667650835,-0.1170987904,-0.04836980672
2.705e+10,-0.3544889382,-0.4646770165,-0.121558084,-0.03590015446
2.706e+10,-0.3564153225,-0.462678852,-0.1246726648,-0.02300811655
2.707e+10,-0.3583463389,-0.4607674066,-0.1263978476,-0.009845400835
2.708e+10,-0.3603105087,-0.4589323933,-0.1267085403,0.003430114849
2.709e+10,-0.3623331436,-0.4571572218,-0.1256001767,0.01665798004
2.71e+10,-0.364434894,-0.455419738,-0.1230891512,0.02967839772
2.711e+10,-0.3666306496,-0.4536934953,-0.119212208,0.04233599531
2.712e+10,-0.3689288841,-0.4519492125,-0.1140251082,0.05448285968
2.713e+10,-0.3713311328,-0.4501562382,-0.1076008719,0.06598136729
2.714e+10,-0.3738319933,-0.448284057,-0.1000271485,0.07670627648
2.715e+10,-0.3764192906,-0.4463038819,-0.09140365475,0.08654647725
2.716e+10,-0.3790748213,-0.4441898888,-0.08183935838,0.09540555504
2.717e+10,-0.3817749369,-0.4419203677,-0.07144991075,0.1032021608
2.718e+10,-0.3844916627,-0.4394787693,-0.06035507168,0.1098694307
2.719e+10,-0.3871938498,-0.4368543346,-0.04867683098,0.1153544101
2.72e+10,-0.3898482042,-0.4340425603,-0.03653779924,0.1196168196
2.721e+10,-0.3924205588,-0.431045511,-0.02406019023,0.1226278339
2.722e+10,-0.3948771501,-0.4278718084,-0.01136504502,0.1243688934
2.723e+10,-0.397185613,-0.4245365581,0.001427736864,0.1248307574
2.724e+10,-0.3993162606,-0.4210609825,0.0141996003,0.1240125099
2.725e+10,-0.401243018,-0.4174720605,0.02683263015,0.1219212924
2.726e+10,-0.4029444467,-0.4138018522,0.03920952127,0.1185719244
2.727e+10,-0.4044047634,-0.4100867749,0.05121281678,0.1139874827
2.728e+10,-0.4056145754,-0.4063667291,0.06272485967,0.1081997031
2.729e+10,-0.4065716379,-0.4026840282,0.07362767099,0.1012500641
2.73e+10,-0.407281485,-0.3990821685,0.0838033761,0.09319104407
2.731e+10,-0.4077578256,-0.3956044548,0.09313518569,0.08408726407
2.732e+10,-0.408022694,-0.3922924843,0.1015084281,0.07401700711
2.733e+10,-0.4081064647,-0.3891844901,0.1088129542,0.06307330239
2.734e+10,-0.4080473065,-0.3863136784,0.1149452111,0.05136467237
2.735e+10,-0.4078904945,-0.3837064738,0.1198114457,0.03901535424
2.736e+10,-0.4076871379,-0.3813809736,0.1233308817,0.02616492131
2.737e+10,-0.4074925874,-0.3793455622,0.1254389324,0.01296683129
2.738e+10,-0.4073645254,-0.3775978381,0.1260907369,-0.000413678704
2.739e+10,-0.4073606411,-0.3761240142,0.1252637483,-0.01380289708
2.74e+10,-0.4075362893,-0.3748988227,0.1229599725,-0.02702225034
2.741e+10,-0.407941988,-0.373886006,0.1192071897,-0.03989321954
2.742e+10,-0.4086210413,-0.3730393652,0.1140590747,-0.05224188985
2.743e+10,-0.4096076198,-0.3723044125,0.1075941973,-0.06390391
2.744e+10,-0.4109250477,-0.3716204162,0.09991386568,-0.07472897532
2.745e+10,-0.4125846716,-0.3709227759,0.09113870269,-0.08458480465
2.746e+10,-0.4145855948,-0.3701456214,0.08140479429,-0.09336004524
2.747e+10,-0.4169145473,-0.3692243122,0.07085929292,-0.1009659584
2.748e+10,-0.4195466932,-0.3680977491,0.05965559822,-0.1073374541
2.749e+10,-0.4224467977,-0.366710562,0.04794892875,-0.1124325121
2.75e+10,-0.4255706162,-0.3650147483,0.03589220769,-0.116230941
2.751e+10,-0.4288667406,-0.3629709095,0.0236328507,-0.1187322258
2.752e+10,-0.4322783113,-0.3605491125,0.01130993171,-0.1199528069
2.753e+10,-0.4357449265,-0.357729346,-0.0009475654064,-0.1199233555
2.754e+10,-0.4392042446,-0.3545016227,-0.01302171051,-0.1186856511
2.755e+10,-0.4425937184,-0.3508656588,-0.02480588223,-0.1162896476
2.756e+10,-0.4458518253,-0.3468306588,-0.03620431985,-0.1127911263
2.757e+10,-0.4489193363,-0.3424147169,-0.04713143149,-0.1082493921
2.758e+10,-0.4517403406,-0.3376443106,-0.05751024289,-0.1027256599
2.759e+10,-0.4542631977,-0.3325534948,-0.06727129816,-0.09628186904
2.76e+10,-0.4564412171,-0.3271835721,-0.07635076249,-0.08898007512
2.761e+10,-0.4582335443,-0.3215822273,-0.08468921947,-0.08088213621
2.762e+10,-0.4596057351,-0.3158031422,-0.09222995439,-0.07205035096
2.763e+10,-0.4605306805,-0.309905266,-0.09891800907,-0.0625477661
2.764e+10,-0.4609892213,-0.3039521446,-0.1046991877,-0.05243950713
2.765e+10,-0.4609710932,-0.2980111585,-0.1095196767,-0.04179409104
2.766e+10,-0.460475803,-0.2921525794,-0.1133258537,-0.03068497729
2.767e+10,-0.4595134516,-0.28644836,-0.1160649919,-0.01919211151
2.768e+10,-0.4581056433,-0.2809707287,-0.1176860496,-0.007403719065
2.769e+10,-0.4562861236,-0.2757904139,-0.1181416031,0.00458232745
2.77e+10,-0.4541014037,-0.2709744687,-0.1173898993,0.0166573652
2.771e+10,-0.4516106055,-0.2665839612,-0.1153975979,0.02870146292
2.772e+10,-0.4488852774,-0.2626711897,-0.1121431603,0.04058335378
2.773e+10,-0.4460082952,-0.2592768634,-0.107620002,0.05216155497
2.774e+10,-0.4430719938,-0.2564272713,-0.1018401778,0.06328648049
2.775e+10,-0.4401756399,-0.2541317239,-0.09483730585,0.07380337049
2.776e+10,-0.4374220276,-0.2523804306,-0.08666911846,0.08355654517
2.777e+10,-0.4349133019,-0.2511432712,-0.07741893867,0.09239434789
2.778e+10,-0.4327465885,-0.2503693683,-0.06719564215,0.1001747909
2.779e+10,-0.4310090527,-0.2499881493,-0.05613248435,0.1067711931
2.78e+10,-0.4297734618,-0.2499114157,-0.04438396496,0.1120777724
2.781e+10,-0.4290942326,-0.2500367617,-0.03212129824,0.1160140568
2.782e+10,-0.4290044271,-0.2502518734,-0.01952713129,0.1185283485
2.783e+10,-0.4295139249,-0.2504396439,-0.006788709178,0.1195994558
2.784e+10,-0.4306090324,-0.2504834938,0.005908356536,0.1192365629
2.785e+10,-0.4322534812,-0.2502724356,0.01838640661,0.1174775257
2.786e+10,-0.4343906094,-0.2497057626,0.03048113916,0.1143857727
2.787e+10,-0.4369464985,-0.2486968114,0.04204579233,0.1100457373
2.788e+10,-0.4398337742,-0.2471756701,0.05295381703,0.1045580368
2.789e+10,-0.4429557121,-0.2450908387,0.06310022912,0.09803414624
2.79e+10,-0.4462102925,-0.2424097783,0.07240139503,0.09059144569
2.791e+10,-0.4494939876,-0.2391186597,0.08079397375,0.08234906543
2.792e+10,-0.4527049571,-0.2352213678,0.08823283078,0.07342383178
2.793e+10,-0.4557459543,-0.2307379755,0.09468833293,0.06392773293
2.794e+10,-0.4585263928,-0.225703035,0.1001433471,0.05396612245
2.795e+10,-0.4609640701,-0.2201636136,0.1045903476,0.04363669837
2.796e+10,-0.4629862096,-0.2141774501,0.1080286233,0.03302955147
2.797e+10,-0.4645304857,-0.2078112409,0.110461756,0.02222748193
2.798e+10,-0.4655453574,-0.2011389822,0.1118956216,0.01130714661
2.799e+10,-0.465990597,-0.1942405589,0.1123368202,0.0003403706115
2.8e+10,-0.4658377871,-0.1872004054,0.1117915394,-0.01060406892
2.801e+10,-0.4650704523,-0.1801062429,0.1102651538,-0.02145875834
2.802e+10,-0.4636845892,-0.1730477422,0.1077621517,-0.03215566882
2.803e+10,-0.4616889781,-0.1661152821,0.1042866789,-0.04262451262
2.804e+10,-0.4591055913,-0.1593985268,0.09984372455,-0.05279108006
2.805e+10,-0.4559702086,-0.1529846082,0.09444060533,-0.06257584784
2.806e+10,-0.4523323641,-0.1469562863,0.08808889919,-0.07189331135
2.807e+10,-0.4482555735,-0.1413896358,0.08080691145,-0.08065132982
2.808e+10,-0.443816947,-0.1363514164,0.07262227786,-0.08875158958
2.809e+10,-0.4391062204,-0.1318964536,0.06357479267,-0.09609050031
2.81e+10,-0.4342243088,-0.1280645825,0.05371887173,-0.1025611962
2.811e+10,-0.4292808785,-0.124877946,0.04312613239,-0.1080561269
2.812e+10,-0.4243912234,-0.1223384475,0.0318869826,-0.1124706747
2.813e+10,-0.4196722164,-0.1204259566,0.02011155433,-0.1157073632
2.814e+10,-0.4152377114,-0.1190971144,0.007929536798,-0.1176805519
2.815e+10,-0.4111932614,-0.1182856298,-0.004511492262,-0.118321352
2.816e+10,-0.4076308409,-0.1179037895,-0.0170490056,-0.117582008
2.817e+10,-0.4046238415,-0.1178452929,-0.02950968238,-0.1154397599
2.818e+10,-0.4022228699,-0.1179896807,-0.04171479512,-0.1118995142
2.819e+10,-0.400452502,-0.1182076891,-0.0534859253,-0.106994859
2.82e+10,-0.399309922,-0.1183674222,-0.06465128222,-0.1007877528
2.821e+10,-0.3987647124,-0.1183408861,-0.07505147975,-0.09336652018
2.822e+10,-0.3987607882,-0.1180099125,-0.08454441439,-0.08484220207
2.823e+10,-0.3992196013,-0.1172718008,-0.09300918145,-0.07534400562
2.824e+10,-0.4000445436,-0.1160436056,-0.1003483531,-0.06501407684
2.825e+10,-0.4011260795,-0.1142648568,-0.1064888037,-0.05400212771
2.826e+10,-0.4023473331,-0.1118993903,-0.1113811473,-0.04246032684
2.827e+10,-0.4035893969,-0.1089352058,-0.1149979557,-0.03053879566
2.828e+10,-0.4047364199,-0.1053834917,-0.1173311341,-0.01838225915
2.829e+10,-0.4056797246,-0.101276667,-0.1183888163,-0.006127535223
2.83e+10,-0.4063214457,-0.09666572147,-0.1181922221,0.006097790774
2.831e+10,-0.4065772773,-0.09161713984,-0.1167723973,0.01817582095
2.832e+10,-0.4063782029,-0.08620953704,-0.1141675907,0.02999796552
2.833e+10,-0.4056718998,-0.08053062737,-0.1104210929,0.04146384651
2.834e+10,-0.4044233341,-0.07467390382,-0.1055796541,0.05248006781
2.835e+10,-0.4026149793,-0.06873562524,-0.09969261361,0.06295842646
2.836e+10,-0.4002465468,-0.06281199704,-0.09281175167,0.07281437626
2.837e+10,-0.3973345772,-0.05699646061,-0.08499168587,0.08196567835
2.838e+10,-0.3939115562,-0.05137688316,-0.07629074482,0.0903312262
2.839e+10,-0.3900248586,-0.04603336249,-0.06677253874,0.09783036713
2.84e+10,-0.385735264,-0.04103560265,-0.0565072952,0.1043828672
2.841e+10,-0.3811152295,-0.03644064906,-0.04557382709,0.1099094241
2.842e+10,-0.3762465679,-0.03229086596,-0.03406132358,0.1143328206
2.843e+10,-0.3712177823,-0.02861207309,-0.02207062157,0.1175799463
2.844e+10,-0.3661209784,-0.02541204678,-0.009715355254,0.119584207
2.845e+10,-0.3610481518,-0.02267989873,0.002877789322,0.1202884818
2.846e+10,-0.3560873985,-0.02038574336,0.0155693673,0.1196485573
2.847e+10,-0.3513187404,-0.01848159537,0.02820874855,0.1176364669
2.848e+10,-0.3468101259,-0.01690309891,0.04063641875,0.1142437622
2.849e+10,-0.3426137201,-0.01557231565,0.05268747203,0.1094840138
2.85e+10,-0.3387629272,-0.01440142904,0.06419561824,0.1033949302
2.851e+10,-0.3352702225,-0.01329733945,0.07499796164,0.09603890331
2.852e+10,-0.3321262518,-0.01216660994,0.08493998827,0.08750271513
2.853e+10,-0.3293001365,-0.0109207196,0.09388005483,0.07789590262
2.854e+10,-0.3267412206,-0.009481084696,0.1016939599,0.06734773704
2.855e+10,-0.3243819663,-0.00778348529,0.1082779904,0.05600367248
2.856e+10,-0.3221419168,-0.005781680873,0.1135513076,0.04402072675
2.857e+10,-0.3199322753,-0.003449770473,0.1174569822,0.03156302888
2.858e+10,-0.3176611279,-0.0007833999531,0.1199617054,0.01879697213
2.859e+10,-0.3152382869,0.002200397683,0.1210549303,0.005887363857
2.86e+10,-0.3125802522,0.00546428869,0.1207465313,-0.007006117628
2.861e+10,-0.3096141396,0.00895298064,0.1190644393,-0.01973163695
2.862e+10,-0.306281713,0.01259625609,0.116051945,-0.03214672456
2.863e+10,-0.302541383,0.01631236044,0.1117648886,-0.04411928855
2.864e+10,-0.298370711,0.02001205675,0.1062692036,-0.05552775448
2.865e+10,-0.2937669595,0.02360284805,0.09963885192,-0.06626062033
2.866e+10,-0.288747526,0.02699280524,0.09195445149,-0.07621582226
2.867e+10,-0.2833495835,0.03009477674,0.0833023413,-0.08529950019
2.868e+10,-0.2776285287,0.03283028784,0.07377411179,-0.09342565571
2.869e+10,-0.271656474,0.03513310666,0.06346681279,-0.1005150773
2.87e+10,-0.2655194627,0.03695243549,0.05248350685,-0.1064951826
2.871e+10,-0.2593145758,0.0382561145,0.04093378587,-0.1113004275
2.872e+10,-0.2531461365,0.03903264812,0.02893467948,-0.1148726627
2.873e+10,-0.2471213768,0.03929329812,0.01661123999,-0.1171627488
2.874e+10,-0.2413455707,0.03907264294,0.004096611592,-0.1181320861
2.875e+10,-0.2359172452,0.03842866686,-0.00846791681,-0.1177548502
2.876e+10,-0.230922425,0.03744154341,-0.02093420011,-0.1160204898
2.877e+10,-0.226429967,0.0362110479,-0.03314878421,-0.1129358678
2.878e+10,-0.2224865423,0.03485290352,-0.04495546165,-0.1085276422
2.879e+10,-0.2191129898,0.03349372704,-0.05619855981,-0.1028436698
2.88e+10,-0.2163015277,0.03226501339,-0.0667268735,-0.09595404234
2.881e+10,-0.2140146523,0.03129641437,-0.07639793751,-0.08795078676
2.882e+10,-0.212185664,0.03070876396,-0.08508234362,-0.07894675827
2.883e+10,-0.2107210768,0.03060716179,-0.0926678617,-0.06907315534
2.884e+10,-0.209504611,0.03107499149,-0.09906277983,-0.05847620961
2.885e+10,-0.2084027898,0.03216888737,-0.1041985108,-0.04731289478
2.886e+10,-0.2072714321,0.03391548257,-0.1080310825,-0.03574640867
2.887e+10,-0.2059628721,0.03630977593,-0.1105412462,-0.02394113999
2.888e+10,-0.2043330626,0.03931537709,-0.1117335443,-0.01205822159
2.889e+10,-0.2022484166,0.04286638098,-0.111634505,-0.0002512291289
2.89e+10,-0.1995916335,0.04687079918,-0.1102895959,0.01133707546
2.891e+10,-0.1962665232,0.05121501084,-0.1077599799,0.02257719953
2.892e+10,-0.1922000618,0.05576954655,-0.1041083695,0.03335478705
2.893e+10,-0.1873517376,0.06039097656,-0.09945305672,0.04356688356
2.894e+10,-0.1816996946,0.06493559556,-0.09384375755,0.05313418328
2.895e+10,-0.1752557819,0.06925571483,-0.08738516353,0.06198374539
2.896e+10,-0.1680566549,0.07320953434,-0.0801683807,0.07005825275
2.897e+10,-0.1601635676,0.07666433531,-0.07228366783,0.07731139099
2.898e+10,-0.1516600762,0.07950028338,-0.06381905547,0.08370617103
2.899e+10,-0.1426493471,0.08161363639,-0.05485992316,0.08921326045
2.9e+10,-0.1332511409,0.08291956752,-0.04548890838,0.09380942404
2.901e+10,-0.1235985884,0.08335424532,-0.03578617386,0.09747608046
2.902e+10,-0.1138348112,0.08287690836,-0.02583010647,0.1001983765
2.903e+10,-0.1041093633,0.08147118337,-0.01569832849,0.1019643326
2.904e+10,-0.09457443426,0.07914594664,-0.005468382453,0.1027647183
2.905e+10,-0.08538089377,0.07593639171,0.004781077661,0.1025929961
2.906e+10,-0.07667395451,0.0719037287,0.01496924899,0.1014458733
2.907e+10,-0.06858908154,0.06713497284,0.02501268722,0.09932398326
2.908e+10,-0.06124688682,0.06174160101,0.03482460963,0.09623328075
2.909e+10,-0.05474887624,0.05585775024,0.04431472608,0.09218611205
2.91e+10,-0.04917278215,0.04963706233,0.05338957637,0.0872031076
2.911e+10,-0.04456818982,0.04324881479,0.06195320326,0.08131461224
2.912e+10,-0.04095298642,0.03687278816,0.06990844293,0.07456229168
2.913e+10,-0.03831056209,0.03069325441,0.07715874617,0.06700057151
2.914e+10,-0.03658816562,0.02489194292,0.08361036789,0.0586975616
2.915e+10,-0.03569707905,0.01964052169,0.08917507842,0.04973547564
2.916e+10,-0.03551389046,0.01509276247,0.09377304377,0.04021045622
2.917e+10,-0.03588467547,0.01137695596,0.09733586959,0.03023169153
2.918e+10,-0.03663010448,0.008589331312,0.0998093283,0.01991965253
2.919e+10,-0.03755273396,0.006788214265,0.1011559321,0.009403552224
2.92e+10,-0.03844559208,0.005990683838,0.1013567027,-0.001181671342
2.921e+10,-0.03910141535,0.00617094557,0.1004123194,-0.01169884408
2.922e+10,-0.03932213145,0.007260898605,0.09834324197,-0.02201244997
2.923e+10,-0.03892804535,0.009153583002,0.09518920753,-0.03199228116
2.924e+10,-0.03776570312,0.01170810567,0.09100739252,-0.04151677286
2.925e+10,-0.03571423946,0.01475664332,0.08587029367,-0.05047596543
2.926e+10,-0.03268993251,0.01811236216,0.07986288225,-0.05877361521
2.927e+10,-0.02864845103,0.02157809644,0.07307945755,-0.06632873125
2.928e+10,-0.02358511843,0.02495481121,0.06562036367,-0.07307603086
2.929e+10,-0.01753336406,0.02804967994,0.05758899712,-0.07896578075
2.93e+10,-0.0105614748,0.03068313183,0.04908901751,-0.08396303668
2.931e+10,-0.002768126385,0.03269482967,0.04022208491,-0.08804630796
2.932e+10,0.005722695147,0.0339481458,0.03108593256,-0.09120588005
2.933e+10,0.014767428,0.03433347116,0.02177339481,-0.09344192333
2.934e+10,0.0242083408,0.03377014387,0.01237138038,-0.09476245073
2.935e+10,0.03387952011,0.03220696794,0.002960638876,-0.09518201644
2.936e+10,0.04361196405,0.02962252356,-0.006383618806,-0.09471977224
2.937e+10,0.05323844759,0.02602414335,-0.01559149485,-0.09339805893
2.938e+10,0.0625976046,0.02144645491,-0.02459760536,-0.09124131688
2.939e+10,0.07153804725,0.01594931534,-0.03334023819,-0.08827563398
2.94e+10,0.0799215796,0.009615734976,-0.04176023059,-0.0845280267
2.941e+10,0.08762639991,0.002549258299,-0.04979997202,-0.08002664172
2.942e+10,0.09454962399,-0.005128804943,-0.05740257248,-0.07480091158
2.943e+10,0.1006096831,-0.01328212023,-0.06451087795,-0.068882204
2.944e+10,0.1057483031,-0.02176298205,-0.0710671195,-0.06230449874
2.945e+10,0.1099325177,-0.03041543496,-0.07701234833,-0.05510562311
2.946e+10,0.1131555974,-0.03907926206,-0.08228654701,-0.04732835361
2.947e+10,0.1154385371,-0.04759426014,-0.08682896056,-0.03902183053
2.948e+10,0.1168299378,-0.05580457614,-0.09057894743,-0.03024275899
2.949e+10,0.1174061091,-0.06356378844,-0.09347703961,-0.02105677295
2.95e+10,0.117269577,-0.07073994159,-0.09546678461,-0.01153934784
2.951e+10,0.1165470347,-0.077220639,-0.09649668524,-0.001776514222
2.952e+10,0.1153858747,-0.08291813445,-0.09652270399,0.008134999305
2.953e+10,0.1139496183,-0.08777380523,-0.09551085355,0.01808828871
2.954e+10,0.1124119927,-0.09176175073,-0.09343984724,0.02796727081
2.955e+10,0.1109503583,-0.09489130712,-0.09030363603,0.03764869161
2.956e+10,0.1097377927,-0.09720787424,-0.08611368857,0.0470047287
2.957e+10,0.1089353121,-0.09879202134,-0.08090028327,0.05590636249
2.958e+10,0.1086841181,-0.09975641909,-0.07471344111,0.06422694924
2.959e+10,0.1090984113,-0.1002411054,-0.0676226225,0.07184630414
2.96e+10,0.110259887,-0.1004067374,-0.05971541863,0.07865459979
2.961e+10,0.112213696,-0.1004265707,-0.05109549807,0.08455575513
2.962e+10,0.1149667608,-0.100477893,-0.04187942215,0.08947043035
2.963e+10,0.1184880984,-0.1007333423,-0.03219316586,0.09333789002
2.964e+10,0.1227116172,-0.1013520551,-0.02216798458,0.09611711123
2.965e+10,0.1275406232,-0.1024731219,-0.01193677127,0.09778669307
2.966e+10,0.1328537731,-0.1042094067,-0.001630077574,0.09834384252
2.967e+10,0.1385120591,-0.1066439523,0.008626587967,0.09780281817
2.968e+10,0.1443660553,-0.1098277411,0.0187153602,0.09619237022
2.969e+10,0.1502632066,-0.1137794692,0.02852764222,0.0935534345
2.97e+10,0.1560544149,-0.1184870457,0.03796472209,0.08993629264
2.971e+10,0.16159996,-0.1239097753,0.04693810198,0.08539819645
2.972e+10,0.1667744217,-0.129982023,0.05536878953,0.08000115649
2.973e+10,0.1714704333,-0.136617276,0.06318664302,0.07381028291
2.974e+10,0.1756016514,-0.1437124853,0.07032888209,0.06689266432
2.975e+10,0.179104599,-0.151152744,0.07673898829,0.05931656106
2.976e+10,0.1819396231,-0.1588157649,0.08236543837,0.05115145841
2.977e+10,0.184091433,-0.1665763255,0.08716055648,0.04246828151
2.978e+10,0.1855686596,-0.1743106163,0.09107982012,0.03334031553
2.979e+10,0.1864030299,-0.1819003672,0.09408169899,0.02384395345
2.98e+10,0.1866478871,-0.1892367467,0.09612748528,0.01406007363
2.981e+10,0.1863760923,-0.1962241569,0.09718224817,0.004075096862
2.982e+10,0.1856775871,-0.2027837293,0.09721594724,-0.006017984053
2.983e+10,0.1846558771,-0.2088563934,0.09620516174,-0.01611893784
2.984e+10,0.1834242701,-0.2144055353,0.09413522601,-0.02612000131
2.985e+10,0.1821012958,-0.2194190293,0.09100270062,-0.03590648453
2.986e+10,0.1808053759,-0.2239102009,0.08681785268,-0.04535794956
2.987e+10,0.17964943,-0.227917796,0.08160701833,-0.05435029869
2.988e+10,0.1787352374,-0.2315047472,0.07541462961,-0.06275849836
2.989e+10,0.1781478507,-0.234755315,0.06830429486,-0.07046036826
2.99e+10,0.1779509013,-0.2377710106,0.06035919538,-0.07734066969
2.991e+10,0.1781827125,-0.240665216,0.05168119536,-0.08329512636
2.992e+10,0.1788540254,-0.2435568404,0.04238887056,-0.08823479117
2.993e+10,0.1799473793,-0.2465635453,0.03261424395,-0.09208934681
2.994e+10,0.1814182988,-0.2497947817,0.02249889389,-0.09480985413
2.995e+10,0.1831982073,-0.2533457591,0.01218916028,-0.09637021681
2.996e+10,0.1851989297,-0.2572920852,0.001831478734,-0.0967671198
2.997e+10,0.1873182316,-0.2616859715,-0.008432265952,-0.09601934629
2.998e+10,0.1894459411,-0.266554421,-0.01846878414,-0.0941651929
2.999e+10,0.1914702419,-0.2718982553,-0.02815639611,-0.0912596535
3e+10,0.1932835598,-0.2776936493,-0.03738724323,-0.0873708345
3.001e+10,0.1947882023,-0.2838943278,-0.04606901753,-0.08257526131
3.002e+10,0.1958990995,-0.2904347862,-0.0541223091,-0.07695739297
3.003e+10,0.1965486219,-0.2972340066,-0.06148279372,-0.07060368758
3.004e+10,0.1966880563,-0.3042000265,-0.06809864146,-0.06360092848
3.005e+10,0.1962888231,-0.3112338669,-0.07392872557,-0.05603459398
3.006e+10,0.195342684,-0.3182337281,-0.07894051965,-0.04798773305
3.007e+10,0.1938616526,-0.3250987512,-0.08310823332,-0.03954060247
3.008e+10,0.1918768887,-0.3317326394,-0.0864109981,-0.03077100999
3.009e+10,0.1894375186,-0.3380467084,-0.08883156251,-0.02175503099
3.01e+10,0.1866090008,-0.3439629279,-0.09035531847,-0.01256812526
3.011e+10,0.1834710934,-0.3494165324,-0.09096995792,-0.003286461275
3.012e+10,0.1801154911,-0.3543586229,-0.09066570566,0.00601161708
3.013e+10,0.1766430287,-0.3587583221,-0.0894361537,0.01524440508
3.014e+10,0.1731606076,-0.3626045621,-0.08727953996,0.0243257149
3.015e+10,0.1697773753,-0.3659077012,-0.08420068171,0.03316446904
3.016e+10,0.1666005834,-0.3687003063,-0.08021321114,0.0416646735
3.017e+10,0.1637309351,-0.3710372112,-0.07534185071,0.04972637096
3.018e+10,0.1612577674,-0.3729945457,-0.06962470697,0.05724722152
3.019e+10,0.1592540752,-0.3746675177,-0.06311528969,0.06412516158
3.02e+10,0.1577720624,-0.3761670853,-0.05588369423,0.07026158571
3.021e+10,0.1568392184,-0.3776150342,-0.0480169239,0.07556538148
3.022e+10,0.1564557899,-0.3791382678,-0.03961817791,0.07995686932
3.023e+10,0.1565936804,-0.380862178,-0.03080462855,0.08337187354
3.024e+10,0.1571971071,-0.3829037552,-0.02170439576,0.08576515316
3.025e+10,0.1581854148,-0.3853651252,-0.01245200724,0.08711274559
3.026e+10,0.1594571714,-0.3883278325,-0.003183877256,0.08741336819
3.027e+10,0.1608960428,-0.3918486208,0.00596705372,0.08668795115
3.028e+10,0.1623772613,-0.3959570334,0.01487584813,0.08497826472
3.029e+10,0.163774413,-0.400654795,0.0234297862,0.08234380581
3.03e+10,0.1649658783,-0.4059170225,0.0315311858,0.07885835294
3.031e+10,0.1658404041,-0.4116949686,0.03909931774,0.07460560033
3.032e+10,0.1663015557,-0.4179199407,0.0460708681,0.06967494155
3.033e+10,0.1662706841,-0.4245076454,0.05239940284,0.06415750576
3.034e+10,0.1656887985,-0.4313631224,0.05805382139,0.05814270464
3.035e+10,0.1645169298,-0.4383849638,0.06301626818,0.05171555258
3.036e+10,0.1627358282,-0.4454696562,0.06727956729,0.04495486282
3.037e+10,0.1603447845,-0.4525148803,0.07084460771,0.03793214495
3.038e+10,0.1573600315,-0.4594225749,0.07371776161,0.03071128926
3.039e+10,0.1538129694,-0.4661008756,0.07590854646,0.02334892688
3.04e+10,0.1497482606,-0.4724660336,0.07742759974,0.0158951773
3.041e+10,0.145222158,-0.4784435748,0.07828511932,0.008394816764
3.042e+10,0.140300756,-0.4839692667,0.07848969478,0.0008888661638
3.043e+10,0.1350585587,-0.4889899044,0.07804753056,-0.006583954311
3.044e+10,0.1295770729,-0.4934641798,0.07696232082,-0.01398531505
3.045e+10,0.12394341,-0.4973632121,0.07523538631,-0.02127578746
3.046e+10,0.1182490777,-0.5006714575,0.07286630959,-0.02841311587
3.047e+10,0.1125881362,-0.5033876202,0.06985412653,-0.03535077014
3.048e+10,0.1070557056,-0.5055255057,0.06619882371,-0.04203682508
3.049e+10,0.1017455661,-0.5071146432,0.06190329577,-0.04841328236
3.05e+10,0.09674774606,-0.508201058,0.05697564414,-0.054415664
3.051e+10,0.09214522566,-0.5088474974,0.05143150989,-0.05997353727
3.052e+10,0.08801083154,-0.5091326071,0.04529677105,-0.06501167097
3.053e+10,0.08440323545,-0.5091500205,0.03860978568,-0.06945187086
3.054e+10,0.0813634796,-0.5090058234,0.03142326423,-0.07321587204
3.055e+10,0.07891147384,-0.5088151771,0.02380554268,-0.07622885841
3.056e+10,0.07704346791,-0.5086977778,0.01584064119,-0.07842335932
3.057e+10,0.07573043929,-0.5087723306,0.007627330459,-0.07974351387
3.058e+10,0.07491817062,-0.5091504964,-0.0007232546339,-0.08014911952
3.059e+10,0.074528935,-0.5099308146,-0.009091119569,-0.07961879484
3.06e+10,0.07446501094,-0.5111930388,-0.01735199521,-0.07815232959
3.061e+10,0.07461372517,-0.5129936146,-0.02538250361,-0.07577152213
3.062e+10,0.07485359415,-0.5153627443,-0.03306524508,-0.07251932744
3.063e+10,0.0750610955,-0.5183033492,-0.04029363835,-0.068457713
3.064e+10,0.07511727636,-0.5217919079,-0.04697572253,-0.06366423064
3.065e+10,0.07491365899,-0.5257810682,-0.05303665656,-0.05822768878
3.066e+10,0.07435700585,-0.5302036582,-0.05841999977,-0.05224352114
3.067e+10,0.07337261347,-0.5349774778,-0.0630874091,-0.04580930436
3.068e+10,0.07190602766,-0.5400103462,-0.06701731731,-0.03902080265
3.069e+10,0.06992344287,-0.5452052095,-0.07020271807,-0.03196864615
3.07e+10,0.06741090387,-0.5504645458,-0.07264833511,-0.02473628033
3.071e+10,0.0643725966,-0.5556940841,-0.07436775512,-0.01739850103
3.072e+10,0.06082869409,-0.5608057048,-0.07538036518,-0.01002117615
3.073e+10,0.05681289222,-0.5657196585,-0.07570878461,-0.002661499227
3.074e+10,0.05237002341,-0.5703657601,-0.0753766376,0.004630938138
3.075e+10,0.04755368549,-0.5746843954,-0.07440685471,0.01181300666
3.076e+10,0.04242422246,-0.5786267895,-0.07282033836,0.01884622318
3.077e+10,0.03704691413,-0.5821552032,-0.0706354978,0.02569507659
3.078e+10,0.03149039026,-0.5852428663,-0.06786780427,0.0323253102
3.079e+10,0.02582530866,-0.5878739385,-0.06453027486,0.03870208559
3.08e+10,0.02012306343,-0.5900434233,-0.06063409538,0.04478858557
3.081e+10,0.01445460944,-0.591757039,-0.05618983278,0.05054461182
3.082e+10,0.008889214363,-0.5930314441,-0.05120892116,0.05592550736
3.083e+10,0.003493029902,-0.5938939117,-0.045705407,0.06088178625
3.084e+10,-0.001672409211,-0.5943824533,-0.03969815594,0.06535880432
3.085e+10,-0.006551961286,-0.594545374,-0.03321290221,0.0692973257
3.086e+10,-0.01109881908,-0.5944406176,-0.02628454139,0.07263466417
3.087e+10,-0.01527655526,-0.5941347239,-0.01895905279,0.07530648988
3.088e+10,-0.01906113642,-0.593701136,-0.01129523164,0.07724935657
3.089e+10,-0.02244271874,-0.5932179031,-0.003365424703,0.07840382534
3.09e+10,-0.02542711083,-0.5927649096,0.004744121661,0.07871806644
3.091e+10,-0.02803640918,-0.5924202267,0.01293442618,0.07815159979
3.092e+10,-0.03030885838,-0.5922565565,0.02109585415,0.07667890764
3.093e+10,-0.03229769622,-0.5923373041,0.02911118994,0.07429235713
3.094e+10,-0.0340687778,-0.5927130023,0.0368599763,0.07100448102
3.095e+10,-0.03569733812,-0.5934185942,0.04422307338,0.06684869587
3.096e+10,-0.03726393473,-0.5944711969,0.05108763088,0.06187877907
3.097e+10,-0.03884997812,-0.5958697182,0.05735162062,0.05616694248
3.098e+10,-0.04053328908,-0.5975952175,0.06292754822,0.04980069836
3.099e+10,-0.04238395232,-0.5996126394,0.06774517551,0.04287876034
3.1e+10,-0.04446104565,-0.6018736272,0.07175274489,0.03550666127
3.101e+10,-0.04681021598,-0.6043197472,0.07491703389,0.02779230062
3.102e+10,-0.04946238158,-0.6068863503,0.07722210913,0.01984208052
3.103e+10,-0.05243342626,-0.6095060781,0.07866728265,0.01175745259
3.104e+10,-0.05572476293,-0.6121123276,0.07926439272,0.003632877632
3.105e+10,-0.0593245928,-0.6146420525,0.07903491415,-0.004445594484
3.106e+10,-0.06320960155,-0.6170380232,0.07800713719,-0.0124007297
3.107e+10,-0.0673469746,-0.619250679,0.07621361042,-0.02016364396
3.108e+10,-0.07169639198,-0.6212390953,0.07368906573,-0.02767304895
3.109e+10,-0.07621205132,-0.622971797,0.07046897947,-0.03487351592
3.11e+10,-0.08084456449,-0.6244270574,0.06658874855,-0.04171417228
3.111e+10,-0.08554269684,-0.6255928293,0.06208326692,-0.04814704912
3.112e+10,-0.09025501044,-0.6264668482,0.0569874046,-0.0541254401
3.113e+10,-0.09493133354,-0.627055995,0.05133663768,-0.05960285256
3.114e+10,-0.09952418929,-0.6273761369,0.04516830671,-0.06453196486
3.115e+10,-0.1039901708,-0.6274513176,0.03852299433,-0.06886438921
3.116e+10,-0.1082913021,-0.6273132948,0.03144630535,-0.07255066693
3.117e+10,-0.1123962627,-0.6270003074,0.02399027017,-0.07554105195
3.118e+10,-0.1162817149,-0.6265561463,0.01621504319,-0.07778677212
3.119e+10,-0.1199333184,-0.6260285743,0.008189948533,-0.07924197005
3.12e+10,-0.123346651,-0.6254675785,-5.946649215e-06,-0.07986600045
3.121e+10,-0.1265277344,-0.6249233639,-0.008283792958,-0.07962617203
3.122e+10,-0.1294931745,-0.6244440996,-0.01654595709,-0.07850054551
3.123e+10,-0.1322696858,-0.6240735574,-0.02468769252,-0.07648060069
3.124e+10,-0.134893067,-0.6238487587,-0.0325998662,-0.07357349168
3.125e+10,-0.1374065915,-0.6237980112,-0.04017223591,-0.06980353619
3.126e+10,-0.1398588233,-0.6239392275,-0.04729722092,-0.06521288149
3.127e+10,-0.1423009872,-0.6242788411,-0.05387377386,-0.059860812
3.128e+10,-0.1447841529,-0.6248115609,-0.0598113455,-0.05382227673
3.129e+10,-0.1473565078,-0.6255208028,-0.06503273188,-0.04718524672
3.13e+10,-0.1500607758,-0.6263797655,-0.06947637775,-0.04004733276
3.131e+10,-0.1529321915,-0.6273532472,-0.07309752141,-0.03251223872
3.132e+10,-0.1559964135,-0.6284005954,-0.07586872691,-0.02468424064
3.133e+10,-0.1592693383,-0.6294755216,-0.07777972516,-0.01666905426
3.134e+10,-0.1627571154,-0.6305318776,-0.07883279041,-0.008566004115
3.135e+10,-0.1664555538,-0.6315239583,-0.07904355976,-0.0004679994525
3.136e+10,-0.1703514637,-0.6324087816,-0.07843722918,0.007539965623
3.137e+10,-0.174423715,-0.6331477545,-0.07704610915,0.01538157175
3.138e+10,-0.1786446051,-0.6337079291,-0.07490715986,0.02298914561
3.139e+10,-0.1829812819,-0.6340628724,-0.07205996449,0.0303028516
3.14e+10,-0.1873970869,-0.6341930201,-0.06854509547,0.03726954868
3.141e+10,-0.1918529555,-0.6340861807,-0.06440321681,0.04384153932
3.142e+10,-0.1963086866,-0.6337374047,-0.05967440276,0.04997506265
3.143e+10,-0.2007241381,-0.633149086,-0.05439824111,0.05562887164
3.144e+10,-0.2050603176,-0.6323305948,-0.04861422911,0.06076292836
3.145e+10,-0.2092804443,-0.6312980502,-0.04236251977,0.0653375621
3.146e+10,-0.2133509763,-0.6300739269,-0.03568516677,0.06931264906
3.147e+10,-0.2172426353,-0.628686563,-0.02862740964,0.07264759397
3.148e+10,-0.2209313417,-0.627169446,-0.02123915258,0.07530149032
3.149e+10,-0.2243992372,-0.6255604791,-0.01357632917,0.07723397109
3.15e+10,-0.2276355744,-0.6239009505,-0.005702073179,0.07840650012
3.151e+10,-0.2306374646,-0.6222342494,0.002312306353,0.07878418975
3.152e+10,-0.2334104376,-0.6206043146,0.01038702456,0.07833791708
3.153e+10,-0.2359688966,-0.6190541416,0.01843399219,0.07704692143
3.154e+10,-0.2383358558,-0.6176236711,0.02635794163,0.07490112602
3.155e+10,-0.2405424787,-0.6163479521,0.03405813539,0.07190365007
3.156e+10,-0.2426270915,-0.6152553366,0.04143086505,0.06807263446
3.157e+10,-0.2446336457,-0.6143658057,0.04837269754,0.06344252432
3.158e+10,-0.246609699,-0.6136896941,0.0547839671,0.05806445154
3.159e+10,-0.2486042209,-0.613226992,0.06057247065,0.05200560469
3.16e+10,-0.2506650651,-0.6129672103,0.06565690056,0.04534755693
3.161e+10,-0.2528366167,-0.6128899524,0.06996986199,0.03818373574
3.162e+10,-0.255157584,-0.6129660072,0.07345982291,0.03061611717
3.163e+10,-0.2576592365,-0.6131590578,0.07609235515,0.02275160129
3.164e+10,-0.260364174,-0.6134276981,0.07785027496,0.01469827973
3.165e+10,-0.263285598,-0.6137275657,0.07873258157,0.006561852161
3.166e+10,-0.266427326,-0.6140135871,0.0787529733,-0.001557078389
3.167e+10,-0.2697841376,-0.6142419392,0.07793742656,-0.009565603594
3.168e+10,-0.2733426904,-0.6143718235,0.07632176875,-0.0173796918
3.169e+10,-0.2770826492,-0.6143668737,0.07394884096,-0.02492505899
3.17e+10,-0.2809779275,-0.6141960727,0.07086627054,-0.03213701685
3.171e+10,-0.2849981544,-0.6138344728,0.06712409778,-0.03895987871
3.172e+10,-0.2891100212,-0.6132636,0.06277335758,-0.04534596921
3.173e+10,-0.2932783523,-0.6124712798,0.05786436545,-0.05125430649
3.174e+10,-0.2974674353,-0.6114518242,0.05244660523,-0.0566491151
3.175e+10,-0.301641922,-0.6102055692,0.04656813491,-0.06149847646
3.176e+10,-0.3057676618,-0.6087385547,0.0402758062,-0.06577306902
3.177e+10,-0.3098125558,-0.6070621967,0.03361593776,-0.06944509488
3.178e+10,-0.3137471505,-0.6051927386,0.02663498363,-0.07248749825
3.179e+10,-0.3175452463,-0.6031507541,0.01938073231,-0.07487364923
3.18e+10,-0.3211845328,-0.6009607377,0.01190314849,-0.07657707176
3.181e+10,-0.3246470686,-0.5986503998,0.004255887166,-0.07757209957
3.182e+10,-0.327919789,-0.5962500931,-0.003502992103,-0.07783430277
3.183e+10,-0.3309949007,-0.5937919904,-0.01130992681,-0.07734188152
3.184e+10,-0.3338702966,-0.5913093136,-0.01909546893,-0.07607692049
3.185e+10,-0.3365497803,-0.5888353263,-0.02678400354,-0.07402723166
3.186e+10,-0.3390430824,-0.5864022497,-0.0342941651,-0.07118816458
3.187e+10,-0.3413659245,-0.5840402229,-0.0415395614,-0.06756460095
3.188e+10,-0.3435393907,-0.5817759886,-0.04843044474,-0.0631726011
3.189e+10,-0.3455895306,-0.579631908,-0.05487548614,-0.05804096582
3.19e+10,-0.3475462823,-0.5776248523,-0.06078438658,-0.05221217021
3.191e+10,-0.3494423513,-0.5757654153,-0.06607059298,-0.04574269872
3.192e+10,-0.351311891,-0.5740574182,-0.0706542379,-0.03870266833
3.193e+10,-0.3531888662,-0.5724976343,-0.07446487413,-0.03117481157
3.194e+10,-0.3551056379,-0.5710760551,-0.07744418019,-0.02325237989
3.195e+10,-0.3570914315,-0.5697763651,-0.07954771853,-0.01503697029
3.196e+10,-0.3591710464,-0.5685769169,-0.08074641647,-0.006635394431
3.197e+10,-0.3613639179,-0.5674518704,-0.08102699697,0.00184322097
3.198e+10,-0.3636834276,-0.5663725957,-0.08039178064,0.01029047919
3.199e+10,-0.3661365847,-0.5653090442,-0.07885767012,0.01860150683
3.2e+10,-0.3687240807,-0.5642312793,-0.07645478689,0.02667724011
3.201e+10,-0.3714407178,-0.5631106805,-0.07322439557,0.03442612097
3.202e+10,-0.3742760557,-0.5619211961,-0.06921700891,0.04176537469
3.203e+10,-0.3772151105,-0.5606400379,-0.06449014245,0.04862137754
3.204e+10,-0.3802395028,-0.559248553,-0.05910648372,0.05492987987
3.205e+10,-0.3833283683,-0.5577325031,-0.05313212209,0.06063558265
3.206e+10,-0.3864592105,-0.5560822049,-0.04663543021,0.06569136343
3.207e+10,-0.3896091285,-0.5542926445,-0.03968584866,0.07005765571
3.208e+10,-0.392755406,-0.5523631533,-0.03235346363,0.0737014649
3.209e+10,-0.3958764423,-0.550297187,-0.02470876759,0.07659565738
3.21e+10,-0.3989523439,-0.5481018748,-0.01682255099,0.07871830354
3.211e+10,-0.4019653778,-0.5457875084,-0.008766209442,0.08005227777
3.212e+10,-0.40490056,-0.5433670604,-0.0006119732101,0.08058508958
3.213e+10,-0.4077459254,-0.5408555541,0.007566802354,0.08030895018
3.214e+10,-0.4104927037,-0.5382694682,0.01569520521,0.07922116397
3.215e+10,-0.4131355426,-0.5356261545,0.02369695082,0.07732459647
3.216e+10,-0.415672492,-0.5329431576,0.03149418803,0.07462835142
3.217e+10,-0.4181048985,-0.5302375897,0.03900800188,0.07114873065
3.218e+10,-0.4204373262,-0.5275256099,0.04615897256,0.06690979221
3.219e+10,-0.4226771668,-0.5248217614,0.0528681545,0.06194431931
3.22e+10,-0.4248342977,-0.5221385123,0.05905816343,0.05629422029
3.221e+10,-0.4269205835,-0.5194858277,0.06465469811,0.0500109115
3.222e+10,-0.4289493807,-0.5168708969,0.06958798717,0.04315535753
3.223e+10,-0.4309347948,-0.5142978265,0.07379453129,0.03579766236
3.224e+10,-0.4328911623,-0.5117676949,0.07721859105,0.02801647004
3.225e+10,-0.434832325,-0.5092785553,0.07981379238,0.01989767528
3.226e+10,-0.4367709676,-0.5068256487,0.08154422885,0.01153323865
3.227e+10,-0.4387182813,-0.5044018583,0.08238549244,0.003019374484
3.228e+10,-0.440683304,-0.5019980248,0.08232516704,-0.005545198362
3.229e+10,-0.4426726567,-0.4996035686,0.08136301621,-0.01406108607
3.23e+10,-0.444690424,-0.4972070388,0.07951081828,-0.02243017368
3.231e+10,-0.4467380144,-0.4947967214,0.07679181411,-0.03055716598
3.232e+10,-0.4488143811,-0.4923612,0.07323975405,-0.03835116585
3.233e+10,-0.4509160929,-0.4898898705,0.06889814707,-0.04572681172
3.234e+10,-0.4530376413,-0.4873733847,0.06381875682,-0.05260533489
3.235e+10,-0.4551719062,-0.4848040051,0.05806078401,-0.05891503772
3.236e+10,-0.4573105393,-0.4821758314,0.051689476,-0.06459185671
3.237e+10,-0.4594444111,-0.479484981,0.0447750411,-0.06957952647
3.238e+10,-0.4615640244,-0.4767295805,0.03739191827,-0.07382958548
3.239e+10,-0.4636600085,-0.4739097599,0.02961770743,-0.0773013776
3.24e+10,-0.4657234667,-0.4710275094,0.02153270375,-0.07996192216
3.241e+10,-0.4677463882,-0.4680864655,0.01321920351,-0.08178585898
3.242e+10,-0.4697217683,-0.4650916501,0.004761069022,-0.08275538241
3.243e+10,-0.4716440253,-0.4620492123,-0.003756715065,-0.08286023652
3.244e+10,-0.473509023,-0.4589660479,-0.01224838666,-0.08209783925
3.245e+10,-0.4753141725,-0.4558495386,-0.02062799124,-0.08047336097
3.246e+10,-0.4770584502,-0.4527071378,-0.02880977311,-0.07799993599
3.247e+10,-0.478742331,-0.4495461328,-0.03670895066,-0.07469888833
3.248e+10,-0.4803677075,-0.4463733041,-0.04424220832,-0.07059983293
3.249e+10,-0.4819377072,-0.4431946891,-0.0513287411,-0.06574085212
3.25e+10,-0.4834563754,-0.440015373,-0.05789104755,-0.06016841598
3.251e+10,-0.4849285881,-0.4368393283,-0.06385599143,-0.05393738085
3.252e+10,-0.486359669,-0.433669314,-0.06915587558,-0.04711056331
3.253e+10,-0.4877552535,-0.4305068892,-0.07372938062,-0.03975830373
3.254e+10,-0.4891208395,-0.4273523795,-0.07752268676,-0.03195785858
3.255e+10,-0.490461608,-0.4242049915,-0.08049038856,-0.02379245754
3.256e+10,-0.4917822856,-0.4210629512,-0.08259621505,-0.01535030778
3.257e+10,-0.49308695,-0.4179236635,-0.08381371923,-0.006723563572
3.258e+10,-0.4943787906,-0.4147839384,-0.0841267309,0.00199299906
3.259e+10,-0.4956601977,-0.4116401577,-0.08352960708,0.01070331215
3.26e+10,-0.4969327145,-0.4084885621,-0.08202723856,0.01931114423
3.261e+10,-0.4981969545,-0.4053253674,-0.07963501959,0.02772145192
3.262e+10,-0.4994528391,-0.4021469981,-0.076378549,0.03584154203
3.263e+10,-0.5006997051,-0.3989502518,-0.07229307043,0.04358226954
3.264e+10,-0.5019362545,-0.3957322956,-0.06742310986,0.05085884734
3.265e+10,-0.5031610545,-0.3924908297,-0.06182176041,0.05759193711
3.266e+10,-0.5043723525,-0.3892240578,-0.05554991309,0.0637084005
3.267e+10,-0.5055684951,-0.3859306176,-0.04867574231,0.06914195824
3.268e+10,-0.5067478371,-0.3826095582,-0.04127370538,0.07383386799
3.269e+10,-0.507908987,-0.3792602057,-0.03342386348,0.07773351325
3.27e+10,-0.5090508287,-0.3758820559,-0.0252110319,0.08079880774
3.271e+10,-0.5101724898,-0.37247463,-0.01672386884,0.08299669401
3.272e+10,-0.5112733287,-0.3690373571,-0.008054008308,0.08430350048
3.273e+10,-0.5123529801,-0.365569427,0.0007049023491,0.08470518688
3.274e+10,-0.5134110352,-0.3620697344,0.009458268495,0.08419761157
3.275e+10,-0.5144471535,-0.3585367743,0.0181114655,0.0827866082
3.276e+10,-0.515460707,-0.3549686725,0.02657118207,0.08048792771
3.277e+10,-0.5164508123,-0.3513631305,0.03474620763,0.07732719171
3.278e+10,-0.5174159887,-0.3477175804,0.04254875294,0.07333944812
3.279e+10,-0.5183541225,-0.3440292415,0.04989549298,0.06856884213
3.28e+10,-0.5192624443,-0.3402952711,0.05670840317,0.06306798014
3.281e+10,-0.5201371775,-0.3365130112,0.06291589938,0.05689715808
3.282e+10,-0.5209738674,-0.3326801097,0.06845348697,0.05012356907
3.283e+10,-0.5217670849,-0.3287948458,0.07326430745,0.04282027304
3.284e+10,-0.5225107682,-0.3248562609,0.07729977404,0.0350653129
3.285e+10,-0.5231981962,-0.3208644127,0.08051982065,0.02694064742
3.286e+10,-0.5238221681,-0.3168205999,0.08289298108,0.01853111147
3.287e+10,-0.5243753576,-0.3127274275,0.08439656125,0.009923628881
3.288e+10,-0.5248505358,-0.3085889594,0.08501638339,0.00120617611
3.289e+10,-0.5252408106,-0.3044107683,0.08474673886,-0.007532873184
3.29e+10,-0.5255399697,-0.3001999014,0.08359011446,-0.01620542787
3.291e+10,-0.5257429582,-0.2959647805,0.0815569785,-0.02472434264
3.292e+10,-0.5258459076,-0.2917151023,0.07866557224,-0.03300376981
3.293e+10,-0.5258467733,-0.2874615336,0.0749417387,-0.04095982077
3.294e+10,-0.5257452512,-0.28321552,0.07041880537,-0.0485107955
3.295e+10,-0.5255433177,-0.2789888327,0.06513756196,-0.05557773307
3.296e+10,-0.5252451217,-0.2747932264,0.05914625121,-0.06208486832
3.297e+10,-0.5248572222,-0.2706399358,0.05250054986,-0.06796029204
3.298e+10,-0.5243884781,-0.2665392202,0.04526360348,-0.07313659984
3.299e+10,-0.5238499914,-0.2624998135,0.03750600576,-0.07755170545
3.3e+10,-0.5232547519,-0.2585284988,0.02930565098,-0.08114985237
3.301e+10,-0.5226174955,-0.2546295432,0.02074739176,-0.08388264843
3.302e+10,-0.5219540146,-0.2508043688,0.01192258772,-0.08571021242
3.303e+10,-0.5212806997,-0.2470512359,0.002928204844,-0.08660239661
3.304e+10,-0.520613884,-0.2433649935,-0.006134064991,-0.08653986434
3.305e+10,-0.5199691567,-0.2397370556,-0.01515931602,-0.08551512101
3.306e+10,-0.519360509,-0.2361555194,-0.02404097946,-0.0835332898
3.307e+10,-0.5187996923,-0.2326054292,-0.03267261488,-0.08061264657
3.308e+10,-0.5182956029,-0.2290691947,-0.04095002594,-0.07678470953
3.309e+10,-0.5178535484,-0.2255272483,-0.04877320513,-0.07209405045
3.31e+10,-0.5174749225,-0.2219587597,-0.05604847048,-0.06659749012
3.311e+10,-0.5171569598,-0.218342415,-0.06269020659,-0.06036311622
3.312e+10,-0.516892574,-0.2146573776,-0.06862253919,-0.05346875518
3.313e+10,-0.5166705093,-0.2108841297,-0.07378055154,-0.04600026571
3.314e+10,-0.5164757621,-0.2070052508,-0.07811124276,-0.03804950159
3.315e+10,-0.516289852,-0.2030062831,-0.08157375186,-0.02971244409
3.316e+10,-0.5160916806,-0.1988762047,-0.0841395575,-0.0210871793
3.317e+10,-0.5158580929,-0.1946080041,-0.08579199777,-0.01227204208
3.318e+10,-0.5155647613,-0.1901989311,-0.08652558851,-0.003364066064
3.319e+10,-0.5151869108,-0.1856506981,-0.08634508827,0.005542405212
3.32e+10,-0.5147003,-0.1809693487,-0.08526442924,0.01435661366
3.321e+10,-0.5140818804,-0.1761651543,-0.08330552616,0.02299219448
3.322e+10,-0.5133105434,-0.1712523336,-0.08049726413,0.0313674416
3.323e+10,-0.5123677794,-0.1662485729,-0.07687443543,0.03940548811
3.324e+10,-0.5112381674,-0.1611746419,-0.07247691438,0.04703423614
3.325e+10,-0.5099099595,-0.1560536594,-0.06734905378,0.05418602979
3.326e+10,-0.508375348,-0.1509106106,-0.06153922755,0.06079757451
3.327e+10,-0.5066307587,-0.1457716012,-0.05509962762,0.0668093684
3.328e+10,-0.5046770927,-0.1406630853,-0.04808630232,0.07216564127
3.329e+10,-0.5025196048,-0.135611302,-0.04055925424,0.07681425505
3.33e+10,-0.5001680394,-0.1306413506,-0.03258275412,0.08070667982
3.331e+10,-0.4976363707,-0.1257765106,-0.02422574142,0.08379830405
3.332e+10,-0.494942536,-0.1210374641,-0.01556207828,0.08604896393
3.333e+10,-0.4921079939,-0.1164415869,-0.00667084024,0.08742359577
3.334e+10,-0.4891571326,-0.112002297,0.002363551162,0.08789331629
3.335e+10,-0.4861166312,-0.1077284027,0.01145140115,0.08743635575
3.336e+10,-0.4830145226,-0.103623743,0.02049831394,0.08603949572
3.337e+10,-0.4798792606,-0.09968681171,0.02940566068,0.08369917502
3.338e+10,-0.4767386939,-0.09591065568,0.03807187056,0.08042288876
3.339e+10,-0.473618996,-0.09228292839,0.0463938142,0.07623014197
3.34e+10,-0.4705434468,-0.08878637116,0.05426860728,0.07115330408
3.341e+10,-0.4675315605,-0.0853992235,0.06159559279,0.06523806665
3.342e+10,-0.4645980287,-0.08209624983,0.06827863316,0.05854344961
3.343e+10,-0.4617520971,-0.07884965234,0.07422829728,0.05114132735
3.344e+10,-0.4589971301,-0.07563022757,0.0793640864,0.04311547148
3.345e+10,-0.4563303008,-0.0724088296,0.08361636104,0.03456008588
3.346e+10,-0.4537427904,-0.06915755051,0.08692796717,0.02557804045
3.347e+10,-0.4512202257,-0.0658509859,0.08925548298,0.01627860751
3.348e+10,-0.4487433155,-0.06246739684,0.09056984763,0.006775351409
3.349e+10,-0.4462888055,-0.05898964357,0.09085658451,-0.002816454908
3.35e+10,-0.4438305393,-0.05540589498,0.09011559958,-0.01238184679
3.351e+10,-0.4413407522,-0.05170993276,0.08836047947,-0.02180833422
3.352e+10,-0.4387912924,-0.04790134453,0.08561733165,-0.03098760349
3.353e+10,-0.4361547519,-0.04398552985,0.08192377897,-0.03981693631
3.354e+10,-0.4334065389,-0.03997328939,0.07732731863,-0.04820017541
3.355e+10,-0.4305206759,-0.03587738389,0.07188469675,-0.05604848778
3.356e+10,-0.4274823732,-0.03172091734,0.06565908898,-0.06328084361
3.357e+10,-0.4242754682,-0.02752372623,0.05872077168,-0.06982382409
3.358e+10,-0.420890261,-0.02331013265,0.05114509369,-0.07561196734
3.359e+10,-0.4173219758,-0.01910525513,0.04301205065,-0.08058747071
3.36e+10,-0.4135708091,-0.01493418685,0.03440560675,-0.08470031967
3.361e+10,-0.4096417116,-0.0108209716,0.02541316144,-0.08790781573
3.362e+10,-0.4055441013,-0.006787759647,0.01612583188,-0.09017478157
3.363e+10,-0.4012913411,-0.002853847379,0.006637719974,-0.09147409
3.364e+10,-0.3968999248,0.0009647922423,-0.002954254533,-0.09178665213
3.365e+10,-0.3923888334,0.004656335177,-0.01255058438,-0.09110197602
3.366e+10,-0.3877785401,0.008213353467,-0.02204965842,-0.08941883915
3.367e+10,-0.3830900452,0.01163303805,-0.03134847609,-0.08674584
3.368e+10,-0.3783438387,0.01491718406,-0.04034342033,-0.08310225933
3.369e+10,-0.373558962,0.01807209101,-0.04893146816,-0.07851842036
3.37e+10,-0.3687519827,0.02110804413,-0.05701146782,-0.07303643179
3.371e+10,-0.3639361747,0.02403868173,-0.06448588791,-0.0667101666
3.372e+10,-0.3591207508,0.02688007003,-0.07126234435,-0.05960538334
3.373e+10,-0.3543104357,0.02964984671,-0.07725553016,-0.05179920797
3.374e+10,-0.349505184,0.03236615094,-0.082388972,-0.04337932314
3.375e+10,-0.3447001293,0.03504629161,-0.08659666163,-0.03444289716
3.376e+10,-0.3398858968,0.03770575704,-0.08982451814,-0.02509497567
3.377e+10,-0.3350491052,0.04035711501,-0.09203150633,-0.01544679377
3.378e+10,-0.330173175,0.04300914765,-0.09319046621,-0.005613669356
3.379e+10,-0.325239271,0.04566612428,-0.09328840911,0.004286972244
3.38e+10,-0.3202274199,0.04832730401,-0.09232651228,0.01413774419
3.381e+10,-0.3151177159,0.05098683757,-0.09031971216,0.02382329035
3.382e+10,-0.309891507,0.05363377924,-0.08729588271,0.03323193336
3.383e+10,-0.3045325683,0.05625258989,-0.08329483921,0.04225733188
3.384e+10,-0.2990281029,0.05882344673,-0.07836721737,0.05079964646
3.385e+10,-0.2933696668,0.06132345517,-0.07257306416,0.05876644378
3.386e+10,-0.2875538211,0.0637274742,-0.06598067323,0.06607329468
3.387e+10,-0.2815825804,0.06600910362,-0.05866535583,0.07264415789
3.388e+10,-0.2754636324,0.06814206541,-0.05070834229,0.07841157074
3.389e+10,-0.2692103104,0.07010129885,-0.0421959165,0.08331663269
3.39e+10,-0.2628413075,0.07186421792,-0.03321860908,0.08730901127
3.391e+10,-0.2563801723,0.07341191,-0.0238706452,0.09034687882
3.392e+10,-0.2498545412,0.07472990073,-0.01424950454,0.09239693815
3.393e+10,-0.2432952435,0.07580940489,-0.004455474648,0.09343457605
3.394e+10,-0.2367351489,0.07664760321,0.005408642811,0.09344406273
3.395e+10,-0.2302078902,0.07724846909,0.01523791629,0.09241900317
3.396e+10,-0.2237465024,0.07762291038,0.02492580724,0.0903627941
3.397e+10,-0.2173819584,0.07778847765,0.03436487077,0.08728925761
3.398e+10,-0.2111416812,0.07776944828,0.04344751525,0.08322327167
3.399e+10,-0.2050481788,0.07759560291,0.05206718092,0.07820141924
3.4e+10,-0.1991176744,0.07730171897,0.06011979321,0.07227237101
3.401e+10,-0.1933590601,0.07692610185,0.06750523011,0.06549734457
3.402e+10,-0.1877730824,0.07650871067,0.07412928439,0.05794996754
3.403e+10,-0.1823518325,0.07608994833,0.07990560775,0.04971594858
3.404e+10,-0.1770786697,0.07570833393,0.08475761866,0.04089238761
3.405e+10,-0.1719286618,0.0753987033,0.08862060911,0.03158642223
3.406e+10,-0.1668693018,0.07519042947,0.09144334537,0.02191362855
3.407e+10,-0.1618618292,0.0751056099,0.09318956653,0.01199596014
3.408e+10,-0.1568627673,0.07515809584,0.09383899278,0.001959414468
3.409e+10,-0.1518259098,0.07535209795,0.09338784822,-0.008068649583
3.41e+10,-0.1467043574,0.07568200311,0.09184880926,-0.01796204304
3.411e+10,-0.1414526804,0.0761322256,0.08925050005,-0.02759833281
3.412e+10,-0.136028967,0.07667788466,0.08563638609,-0.03686124136
3.413e+10,-0.1303967781,0.07728553102,0.08106335749,-0.0456426434
3.414e+10,-0.1245267162,0.07791472363,0.07559987369,-0.05384424686
3.415e+10,-0.1183977868,0.0785193081,0.06932406114,-0.06137874139
3.416e+10,-0.1119981728,0.07904964001,0.06232151053,-0.06817061532
3.417e+10,-0.1053257927,0.07945415326,0.05468339423,-0.07415631415
3.418e+10,-0.09838828777,0.07968154991,0.0465044802,-0.07928421087
3.419e+10,-0.09120277106,0.07968242,0.03788143703,-0.08351419562
3.42e+10,-0.08379511079,0.07941112302,0.0289115126,-0.08681692055
3.421e+10,-0.07619903083,0.07882721793,0.01969142655,-0.08917304215
3.422e+10,-0.06845504743,0.07789657603,0.01031641645,-0.09057235133
3.423e+10,-0.06060909024,0.07659256011,0.0008799057063,-0.09101284606
3.424e+10,-0.05271102222,0.07489685985,-0.008526996663,-0.09050001458
3.425e+10,-0.04481334778,0.07279964842,-0.01781543989,-0.08904613309
3.426e+10,-0.03696948559,0.07030027888,-0.02689894009,-0.08666978924
3.427e+10,-0.02923235808,0.06740696855,-0.03569319284,-0.08339560258
3.428e+10,-0.02165296351,0.06413663014,-0.04411602918,-0.07925409633
3.429e+10,-0.01427870264,0.06051466909,-0.05208731602,-0.07428177414
3.43e+10,-0.007152250955,0.05657409217,-0.05952901414,-0.06852134578
3.431e+10,-0.0003102026999,0.05235458449,-0.06636544973,-0.06202206301
3.432e+10,0.006218124302,0.04790170194,-0.07252360854,-0.05484015783
3.433e+10,0.01241156904,0.04326533059,-0.07793382833,-0.0470392141
3.434e+10,0.01825794449,0.03849840204,-0.0825305586,-0.03869060107
3.435e+10,0.02375450575,0.03365514152,-0.08625351036,-0.02987365386
3.436e+10,0.02890829651,0.0287895126,-0.08904885139,-0.02067579051
3.437e+10,0.03373588114,0.02395319667,-0.09087066974,-0.01119221255
3.438e+10,0.03826292012,0.01919381885,-0.09168246595,-0.001525488456
3.439e+10,0.04252362666,0.0145535063,-0.09145868126,0.008215424509
3.44e+10,0.04655912391,0.01006679412,-0.09018616659,0.01791641517
3.441e+10,0.05041635056,0.005759753938,-0.08786543198,0.02745981207
3.442e+10,0.05414593566,0.00164864682,-0.08451160913,0.03672647066
3.443e+10,0.05780046064,-0.002260435725,-0.08015512543,0.04559783071
3.444e+10,0.06143200724,-0.005972068258,-0.07484177422,0.05395848481
3.445e+10,0.06509035527,-0.009500794723,-0.06863244343,0.06169858765
3.446e+10,0.06882067035,-0.01287070773,-0.06160228865,0.06871621059
3.447e+10,0.07266185589,-0.01611399782,-0.05383935515,0.07491965331
3.448e+10,0.07664506249,-0.01926952301,-0.04544293441,0.08022925998
3.449e+10,0.08079261377,-0.02238086293,-0.03652142071,0.08457904426
3.45e+10,0.08511729066,-0.02549445679,-0.02719009574,0.08791767775
3.451e+10,0.08962241321,-0.02865734328,-0.01756867405,0.09020914273
3.452e+10,0.09430176909,-0.03191555152,-0.007779048215,0.09143281679
3.453e+10,0.09914078423,-0.03531185153,0.002057097998,0.09158318298
3.454e+10,0.1041172312,-0.03888458412,0.01182013234,0.09066914991
3.455e+10,0.1092026239,-0.04266628872,0.02139439998,0.0887131053
3.456e+10,0.1143637518,-0.04668281696,0.03066957443,0.08574979308
3.457e+10,0.1195641064,-0.05095289447,0.03954185874,0.08182498116
3.458e+10,0.1247656015,-0.05548783616,0.04791477677,0.07699428101
3.459e+10,0.1299297434,-0.06029187595,0.05569978364,0.07132185819
3.46e+10,0.1350192463,-0.06536237858,0.06281670296,0.06487925432
3.461e+10,0.1399991372,-0.07069054292,0.06919391928,0.05774438522
3.462e+10,0.1448375494,-0.07626226995,0.07476846088,0.05000063301
3.463e+10,0.1495065802,-0.08205902221,0.07948620724,0.04173599447
3.464e+10,0.1539827615,-0.08805886737,0.08330188848,0.03304243465
3.465e+10,0.1582473714,-0.09423740919,0.08617921632,0.02401520887
3.466e+10,0.1622865322,-0.1005688473,0.08809103516,0.01475229708
3.467e+10,0.1660909558,-0.1070269497,0.08901952207,0.005353759494
3.468e+10,0.1696560004,-0.1135857422,0.08895643643,-0.004078887296
3.469e+10,0.1729808994,-0.1202204487,0.08790335385,-0.01344341586
3.47e+10,0.1760683769,-0.1269079796,0.08587193726,-0.02263767653
3.471e+10,0.1789240991,-0.1336274124,0.08288413433,-0.03156057611
3.472e+10,0.18155591,-0.1403603448,0.07897229348,-0.04011304467
3.473e+10,0.1839734051,-0.1470909282,0.07417916815,-0.04819922471
3.474e+10,0.1861869631,-0.1538059792,0.06855773129,-0.05572761732
3.475e+10,0.188207368,-0.1604948421,0.06217085708,-0.06261235647
3.476e+10,0.1900452723,-0.1671490446,0.0550907727,-0.06877439944
3.477e+10,0.191710847,-0.1737619994,0.04739831422,-0.07414270298
3.478e+10,0.1932132795,-0.1803286207,0.03918199455,-0.07865531643
3.479e+10,0.1945609681,-0.1868448135,0.03053692388,-0.08226026984
3.48e+10,0.1957612667,-0.1933070524,0.02156356536,-0.08491637654
3.481e+10,0.196820602,-0.1997120201,0.0123664066,-0.08659380088
3.482e+10,0.1977448535,-0.2060562097,0.003052609329,-0.08727438144
3.483e+10,0.1985394854,-0.2123357105,-0.006269391016,-0.08695189576
3.484e+10,0.1992100237,-0.2185460586,-0.01549121816,-0.08563194
3.485e+10,0.199762471,-0.2246822471,-0.02450588337,-0.08333184676
3.486e+10,0.2002035326,-0.2307388702,-0.03320900309,-0.08008035891
3.487e+10,0.2005411523,-0.2367102788,-0.04149990634,-0.07591721425
3.488e+10,0.2007845886,-0.2425910796,-0.04928276767,-0.0708926675
3.489e+10,0.2009448549,-0.2483764189,-0.05646754956,-0.06506696453
3.49e+10,0.2010343049,-0.2540626039,-0.06297098377,-0.05850976576
3.491e+10,0.2010670893,-0.259647565,-0.06871753011,-0.05129945809
3.492e+10,0.2010585091,-0.2651314146,-0.07364023134,-0.04352250451
3.493e+10,0.2010246085,-0.2705169157,-0.0776816715,-0.03527261028
3.494e+10,0.200981873,-0.2758098644,-0.0807948443,-0.02664988102
3.495e+10,0.2009463796,-0.2810192953,-0.08294404895,-0.01775969602
3.496e+10,0.2009331183,-0.2861576952,-0.08410571549,-0.008711557826
3.497e+10,0.2009551327,-0.2912407893,-0.08426907659,0.0003823282393
3.498e+10,0.2010226704,-0.2962873364,-0.08343677072,0.009408669763
3.499e+10,0.2011426854,-0.3013186022,-0.08162515943,0.01825483194
3.5e+10,0.2013178667,-0.3063576749,-0.07886436396,0.02681074608
3.501e+10,0.2015462562,-0.3114285743,-0.07519801951,0.03497090017
3.502e+10,0.2018211168,-0.3165553272,-0.07068257351,0.04263631989
3.503e+10,0.2021307447,-0.3217608826,-0.06538628933,0.04971643828
3.504e+10,0.2024586166,-0.3270660631,-0.05938781607,0.05613082106
3.505e+10,0.202784006,-0.3324884943,-0.05277449612,0.06181054082
3.506e+10,0.2030824916,-0.3380418357,-0.04564034509,0.06669926526
3.507e+10,0.2033268361,-0.3437349325,-0.03808397728,0.070753872
3.508e+10,0.2034881685,-0.3495713851,-0.03020641271,0.07394465371
3.509e+10,0.2035369105,-0.3555492407,-0.02210893322,0.07625508105
3.51e+10,0.2034437877,-0.3616609625,-0.01389120678,0.07768118032
3.511e+10,0.2031812461,-0.3678936741,-0.005649491893,0.07823051527
3.512e+10,0.2027240184,-0.3742295193,0.002524654164,0.07792103632
3.513e+10,0.2020502889,-0.3806462469,0.01054546569,0.07677964651
3.514e+10,0.2011423278,-0.3871179892,0.01833364565,0.07484079035
3.515e+10,0.1999869249,-0.3936160312,0.0258166584,0.07214499973
3.516e+10,0.1985758034,-0.4001096781,0.03292882556,0.06873760836
3.517e+10,0.1969059398,-0.406567174,0.03961103271,0.064667604
3.518e+10,0.1949794704,-0.4129565392,0.04581038089,0.05998667932
3.519e+10,0.192803685,-0.4192464712,0.05147963292,0.05474851528
3.52e+10,0.1903907947,-0.4254070859,0.05657663748,0.04900836873
3.521e+10,0.1877576375,-0.4314107246,0.06106377394,0.04282279126
3.522e+10,0.1849251672,-0.437232563,0.06490746824,0.03624964303
3.523e+10,0.1819182738,-0.4428513628,0.06807783875,0.02934827298
3.524e+10,0.1787648225,-0.4482499054,0.07054853298,0.02217976616
3.525e+10,0.1754953168,-0.4534155815,0.0722967348,0.01480734386
3.526e+10,0.1721419605,-0.4583406956,0.07330341739,0.00729672498
3.527e+10,0.1687380241,-0.4630228894,0.07355381849,-0.0002835567935
3.528e+10,0.165316907,-0.4674653025,0.07303812287,-0.007861925551
3.529e+10,0.1619110641,-0.4716765218,0.07175235078,-0.01536380506
3.53e+10,0.1585512641,-0.4756706745,0.0696993245,-0.02271181771
3.531e+10,0.1552654774,-0.4794669997,0.06688974028,-0.02982636485
3.532e+10,0.1520778763,-0.4830894138,0.06334320108,-0.03662650932
3.533e+10,0.1490079312,-0.4865657883,0.05908910978,-0.04303117899
3.534e+10,0.1460697324,-0.4899270607,0.05416732838,-0.04896073915
3.535e+10,0.1432712467,-0.4932061369,0.04862853371,-0.05433873979
3.536e+10,0.1406140898,-0.4964366494,0.04253412579,-0.05909391965
3.537e+10,0.1380933971,-0.4996516265,0.03595567174,-0.06316218879
3.538e+10,0.1356979677,-0.5028821093,0.02897391265,-0.06648858738
3.539e+10,0.1334110153,-0.5061559821,0.02167720249,-0.06902894176
3.54e+10,0.13121079,-0.5094967425,0.01415967245,-0.07075124503
3.541e+10,0.1290718227,-0.5129226802,0.00651903433,-0.07163655587
3.542e+10,0.1269659862,-0.516446155,-0.001145693391,-0.07167936546
3.543e+10,0.1248641073,-0.5200734639,-0.00873656612,-0.07088744336
3.544e+10,0.1227370377,-0.5238047329,-0.01615878042,-0.06928122933
3.545e+10,0.120557171,-0.5276343175,-0.02332265353,-0.06689269681
3.546e+10,0.118299378,-0.5315514151,-0.03014508396,-0.06376406329
3.547e+10,0.1159420638,-0.535540888,-0.03655069248,-0.05994611068
3.548e+10,0.1134677636,-0.5395842629,-0.04247254194,-0.05549661983
3.549e+10,0.1108635366,-0.543660674,-0.04785239874,-0.05047872224
3.55e+10,0.1081212064,-0.5477480495,-0.05264074698,-0.04495947611
3.551e+10,0.1052373117,-0.551824119,-0.05679649955,-0.03900858976
3.552e+10,0.1022126773,-0.5558671816,-0.06028654057,-0.03269744054
3.553e+10,0.09905221508,-0.5598571489,-0.06308525984,-0.02609830054
3.554e+10,0.09576420049,-0.5637760334,-0.06517400711,-0.01928380967
3.555e+10,0.09235967092,-0.5676085014,-0.06654068631,-0.01232664125
3.556e+10,0.08885176895,-0.5713423481,-0.06717941276,-0.005299339057
3.557e+10,0.08525503612,-0.5749685936,-0.06709038121,0.001725887922
3.558e+10,0.08158452418,-0.5784815162,-0.06627982032,0.008677243407
3.559e+10,0.07785524916,-0.5818786718,-0.06476013297,0.01548350736
3.56e+10,0.07408155034,-0.5851606828,-0.0625500949,0.02207438309
3.561e+10,0.07027634302,-0.5883307571,-0.05967513945,0.02838089037
3.562e+10,0.06645078683,-0.5913944143,-0.05616763882,0.03433599465
3.563e+10,0.06261381355,-0.5943588195,-0.05206706418,0.03987541447
3.564e+10,0.05877189547,-0.5972322658,-0.0474200244,0.04493855858
3.565e+10,0.05492891958,-0.6000234949,-0.04228014894,0.04946959511
3.566e+10,0.05108625229,-0.6027410857,-0.03670767429,0.05341854325
3.567e+10,0.04724291847,-0.6053927678,-0.0307687304,0.05674239473
3.568e+10,0.04339592856,-0.6079849491,-0.02453449905,0.05940605887
3.569e+10,0.03954064447,-0.6105221746,-0.01807999593,0.06138321659
3.57e+10,0.03567150607,-0.6130068582,-0.0114827303,0.06265684255
3.571e+10,0.03178256385,-0.615439089,-0.004821303555,0.06321946883
3.572e+10,0.02786807482,-0.6178165881,0.001826099529,0.06307316919
3.573e+10,0.02392321366,-0.6201348508,0.008383063517,0.06222917949
3.574e+10,0.01994458481,-0.6223874756,0.01477621229,0.06070730065
3.575e+10,0.01593076883,-0.6245664122,0.02093622733,0.05853506057
3.576e+10,0.01188262233,-0.6266627451,0.02679863373,0.05574678924
3.577e+10,0.007803648496,-0.6286670045,0.03230435266,0.05238256743
3.578e+10,0.003700058105,-0.6305701001,0.0373999089,0.04848726701
3.579e+10,-0.0004193708539,-0.63236366,0.0420375433,0.04410967181
3.58e+10,-0.004543262574,-0.634040946,0.04617507933,0.0393017097
3.581e+10,-0.008658088761,-0.6355972808,0.04977571477,0.03411789698
3.582e+10,-0.01274859213,-0.6370306809,0.05280780823,0.02861496652
3.583e+10,-0.0167982492,-0.6383422389,0.05524467662,0.0228516551
3.584e+10,-0.02078999497,-0.6395365911,0.0570645285,0.01688861463
3.585e+10,-0.02470698233,-0.6406220275,0.05825051945,0.01078846878
3.586e+10,-0.02853332226,-0.6416106596,0.05879103806,0.004615806595
3.587e+10,-0.03225499055,-0.6425182698,0.05868012245,-0.001562834647
3.588e+10,-0.03586068767,-0.6433640541,0.0579181125,-0.007679155481
3.589e+10,-0.03934270042,-0.6441701956,0.05651236675,-0.01366346613
3.59e+10,-0.04269766924,-0.6449610036,0.05447809673,-0.01944541496
3.591e+10,-0.04592716606,-0.6457621831,0.05183907121,-0.02495495682
3.592e+10,-0.04903818754,-0.6465995257,0.048628225,-0.0301236951
3.593e+10,-0.05204322238,-0.6474979633,0.04488790615,-0.03488649373
3.594e+10,-0.05496023817,-0.6484799408,0.04066982033,-0.03918326186
3.595e+10,-0.05781202745,-0.6495644328,0.03603439647,-0.04296091804
3.596e+10,-0.0606255141,-0.6507655843,0.03104968658,-0.04617513964
3.597e+10,-0.063430602,-0.6520918629,0.02578977346,-0.04879194922
3.598e+10,-0.0662587962,-0.6535454751,0.02033271401,-0.05078888375
3.599e+10,-0.06914179644,-0.6551218871,0.01475825112,-0.05215564767
3.6e+10,-0.07210991021,-0.6568102824,0.009145360147,-0.05289409944
3.601e+10,-0.07519074702,-0.6585936982,0.003569919183,-0.05301771262
3.602e+10,-0.07840792675,-0.6604501349,-0.00189741273,-0.05255041381
3.603e+10,-0.08178020358,-0.6623533556,-0.007192889898,-0.05152498533
3.604e+10,-0.08532080681,-0.6642742958,-0.01226088125,-0.04998118309
3.605e+10,-0.08903716005,-0.666182255,-0.01705452972,-0.04796368972
3.606e+10,-0.09293087566,-0.6680460304,-0.02153589796,-0.04552013586
3.607e+10,-0.09699801807,-0.6698350924,-0.02567561905,-0.04269922757
3.608e+10,-0.1012295067,-0.6715205512,-0.02945219472,-0.0395491529
3.609e+10,-0.1056117416,-0.6730758128,-0.03285098514,-0.03611633071
3.61e+10,-0.1101272307,-0.6744772427,-0.03586309254,-0.03244449139
3.611e+10,-0.1147552397,-0.6757046078,-0.03848409688,-0.02857412439
3.612e+10,-0.1194724318,-0.6767412417,-0.04071287983,-0.02454223152
3.613e+10,-0.1242534789,-0.6775742777,-0.04255050674,-0.02038240457
3.614e+10,-0.1290716085,-0.6781947487,-0.04399922374,-0.01612510287
3.615e+10,-0.1338990485,-0.6785976026,-0.04506166508,-0.01179814498
3.616e+10,-0.1387075836,-0.6787817123,-0.04574023582,-0.007427357142
3.617e+10,-0.1434688193,-0.6787500117,-0.04603666916,-0.003037285034
3.618e+10,-0.1481547746,-0.6785093128,-0.04595186528,0.001348002938
3.619e+10,-0.1527382215,-0.678070652,-0.04548588961,0.005704112894
3.62e+10,-0.1571932543,-0.6774489845,-0.04463822295,0.0100055389
3.621e+10,-0.1614958175,-0.6766634818,-0.043408238,0.01422496489
3.622e+10,-0.1656243669,-0.6757372577,-0.04179585638,0.01833265457
3.623e+10,-0.1695605831,-0.6746973186,-0.03980245619,0.02229606963
3.624e+10,-0.1732902523,-0.6735742606,-0.03743187933,0.02607965135
3.625e+10,-0.1768039644,-0.672401668,-0.03469161775,0.02964497253
3.626e+10,-0.1800980575,-0.6712154963,-0.03159397387,0.03295114765
3.627e+10,-0.1831753085,-0.6700530385,-0.02815722978,0.03595568471
3.628e+10,-0.186045465,-0.6689516335,-0.02440660564,0.03861567351
3.629e+10,-0.1887255295,-0.6679472658,-0.02037493587,0.04088935671
3.63e+10,-0.1912397694,-0.6670729311,-0.01610295693,0.04273792098
3.631e+10,-0.1936190835,-0.6663568316,-0.01163899261,0.04412748714
3.632e+10,-0.1959000953,-0.6658209074,-0.007038172477,0.04503104018
3.633e+10,-0.1981236616,-0.665479442,-0.002360985291,0.04543016429
3.634e+10,-0.2003331467,-0.6653380354,0.002328613011,0.04531633649
3.635e+10,-0.20257223,-0.6653933265,0.006965478615,0.04469171651
3.636e+10,-0.2048828986,-0.6656328495,0.01148569767,0.04356920757
3.637e+10,-0.2073033375,-0.6660359176,0.015828947,0.04197188831
3.638e+10,-0.2098662402,-0.6665748099,0.01994057507,0.03993177728
3.639e+10,-0.2125973859,-0.6672162677,0.02377321028,0.03748813352
3.64e+10,-0.2155149717,-0.6679233619,0.02728781515,0.03468544893
3.641e+10,-0.2186291555,-0.6686573635,0.03045409529,0.03157133941
3.642e+10,-0.2219422252,-0.6693795476,0.03325036303,0.02819449456
3.643e+10,-0.2254493599,-0.6700527257,0.03566287987,0.02460292655
3.644e+10,-0.2291392038,-0.6706424881,0.0376848557,0.02084253468
3.645e+10,-0.2329950019,-0.6711182702,0.03931519697,0.01695606975
3.646e+10,-0.2369958026,-0.671453825,0.04055719745,0.01298257075
3.647e+10,-0.2411173548,-0.6716277671,0.04141720191,0.008957105103
3.648e+10,-0.2453331762,-0.6716235847,0.04190343349,0.0049109084
3.649e+10,-0.2496154238,-0.6714296236,0.04202494874,0.000871776726
3.65e+10,-0.2539357469,-0.6710389858,0.04179084471,-0.003135363966
3.651e+10,-0.2582657499,-0.6704492075,0.04120966036,-0.00708773012
3.652e+10,-0.2625777123,-0.6696621286,0.04028906283,-0.01096388581
3.653e+10,-0.2668449698,-0.6686835287,0.03903571931,-0.01474293207
3.654e+10,-0.2710423479,-0.6675229712,0.0374554251,-0.01840371196
3.655e+10,-0.2751465693,-0.6661935378,0.03555345455,-0.02192407429
3.656e+10,-0.2791366359,-0.6647115882,0.03333506696,-0.02528027547
3.657e+10,-0.2829942798,-0.6630964598,0.03080627208,-0.02844648678
3.658e+10,-0.2867044194,-0.6613702995,0.02797465691,-0.03139454771
3.659e+10,-0.2902555611,-0.6595575224,0.02485037835,-0.03409389809
3.66e+10,-0.2936403764,-0.6576843575,0.02144723224,-0.03651185595
3.661e+10,-0.2968560543,-0.6557783498,0.01778366334,-0.03861413284
3.662e+10,-0.2999046943,-0.6538674054,0.01388371931,-0.04036574772
3.663e+10,-0.3027935975,-0.6519789705,0.009777813139,-0.04173219171
3.664e+10,-0.305535211,-0.6501389761,0.005503165959,-0.04268093265
3.665e+10,-0.3081469924,-0.6483707007,0.001103881445,-0.04318306553
3.666e+10,-0.310650933,-0.6466935987,-0.003369480546,-0.04321508683
3.667e+10,-0.3130726597,-0.6451223703,-0.007860809628,-0.04276057325
3.668e+10,-0.3154404162,-0.6436659633,-0.01230985671,-0.04181166398
3.669e+10,-0.3177836673,-0.6423270807,-0.01665407366,-0.04037010859
3.67e+10,-0.3201315993,-0.6411020038,-0.02083072568,-0.03844782293
3.671e+10,-0.3225116244,-0.6399806804,-0.0247791147,-0.03606684107
3.672e+10,-0.3249478965,-0.6389475574,-0.02844270714,-0.03325864627
3.673e+10,-0.3274601391,-0.6379822369,-0.03177100026,-0.03006297105
3.674e+10,-0.3300626489,-0.6370610177,-0.03472088372,-0.02652607116
3.675e+10,-0.332763683,-0.6361582323,-0.0372573876,-0.0226990263
3.676e+10,-0.3355656871,-0.6352477718,-0.03935427048,-0.01863586585
3.677e+10,-0.338465244,-0.6343042968,-0.04099372039,-0.01439151603
3.678e+10,-0.3414536234,-0.6333045479,-0.04216561019,-0.01002035888
3.679e+10,-0.3445174921,-0.6322284701,-0.0428666228,-0.005575088222
3.68e+10,-0.3476400555,-0.6310598387,-0.04309918184,-0.001105908862
3.681e+10,-0.3508018735,-0.6297869109,-0.04287034312,0.003339867916
3.682e+10,-0.3539820405,-0.6284025949,-0.04219079182,0.00771787281
3.683e+10,-0.3571590565,-0.6269045442,-0.04107402811,0.01198648776
3.684e+10,-0.3603118999,-0.6252950413,-0.03953580952,0.01610637686
3.685e+10,-0.3634208622,-0.62358081,-0.03759381859,0.02004005627
3.686e+10,-0.3664683881,-0.6217724589,-0.03526767582,0.02375138359
3.687e+10,-0.3694396828,-0.6198841412,-0.03257912916,0.02720519457
3.688e+10,-0.3723235065,-0.6179327942,-0.02955252007,0.03036707083
3.689e+10,-0.3751126557,-0.6159374655,-0.0262153076,0.03320335808
3.69e+10,-0.3778042844,-0.6139184235,-0.02259869135,0.03568147645
3.691e+10,-0.3804002479,-0.6118962805,-0.01873814173,0.03777050781
3.692e+10,-0.3829071462,-0.609890881,-0.01467385418,0.03944209602
3.693e+10,-0.3853362373,-0.6079202828,-0.01045093342,0.04067151601
3.694e+10,-0.3877027995,-0.6059997179,-0.006119075302,0.04143890174
3.695e+10,-0.3900257208,-0.6041405614,-0.001732090253,0.04173064603
3.696e+10,-0.3923263337,-0.6023495107,0.002653156421,0.04154052539
3.697e+10,-0.3946274957,-0.6006280302,0.006978099004,0.04087065518
3.698e+10,-0.3969520122,-0.5989720723,0.0111842414,0.03973205587
3.699e+10,-0.3993214974,-0.5973721082,0.01521500475,0.03814473256
3.7e+10,-0.4017550631,-0.5958135917,0.01901760088,0.0361372162
3.701e+10,-0.4042679576,-0.5942777683,0.0225448279,0.03374561078
3.702e+10,-0.4068708924,-0.5927426329,0.02575640805,0.03101219019
3.703e+10,-0.4095692895,-0.5911840931,0.02861998885,0.02798368937
3.704e+10,-0.4123632226,-0.5895774422,0.03111155692,0.02470944489
3.705e+10,-0.4152473255,-0.5878984131,0.0332154186,0.02123956753
3.706e+10,-0.4182112263,-0.5861244398,0.03492364844,0.01762326699
3.707e+10,-0.421240175,-0.5842355674,0.03623522851,0.0139074728
3.708e+10,-0.4243157374,-0.5822152199,0.03715490411,0.01013580523
3.709e+10,-0.4274167079,-0.5800506853,0.03769193097,0.006347958253
3.71e+10,-0.4305198595,-0.5777334886,0.03785883459,0.002579394684
3.711e+10,-0.4336008357,-0.5752594816,0.03767022595,-0.00113858372
3.712e+10,-0.436634835,-0.5726289025,0.03714180705,-0.004778484407
3.713e+10,-0.4395973934,-0.5698462887,0.03628954051,-0.008316132311
3.714e+10,-0.4424649233,-0.5669202817,0.0351291294,-0.01172998852
3.715e+10,-0.4452153666,-0.5638634177,0.03367563542,-0.01500042232
3.716e+10,-0.447828642,-0.5606920206,0.03194340477,-0.01810898995
3.717e+10,-0.4502872355,-0.5574257839,0.02994617654,-0.02103774514
3.718e+10,-0.4525767548,-0.5540875736,0.02769741076,-0.02376862952
3.719e+10,-0.4546864383,-0.5507030073,0.02521078184,-0.02628301525
3.72e+10,-0.4566096825,-0.5473000966,0.02250076672,-0.02856142708
3.721e+10,-0.4583446792,-0.543908514,0.01958340718,-0.03058342308
3.722e+10,-0.4598948511,-0.5405589055,0.01647707257,-0.03232777352
3.723e+10,-0.4612693286,-0.5372821779,0.01320319564,-0.03377282765
3.724e+10,-0.4624832839,-0.5341080671,0.009786978037,-0.03489721439
3.725e+10,-0.4635579859,-0.5310641754,0.006257875879,-0.03568074204
3.726e+10,-0.4645205303,-0.5281745012,0.002649840855,-0.0361055333
3.727e+10,-0.465403351,-0.5254579733,-0.000998733483,-0.03615729503
3.728e+10,-0.4662433244,-0.5229271575,-0.004645494041,-0.03582662791
3.729e+10,-0.4670802604,-0.520587131,-0.008245003392,-0.03511025537
3.73e+10,-0.4679553203,-0.5184345326,-0.01175002791,-0.03401201972
3.731e+10,-0.4689089619,-0.5164573681,-0.01511309813,-0.0325435282
3.732e+10,-0.4699789335,-0.5146350007,-0.01828834566,-0.0307243201
3.733e+10,-0.471198196,-0.5129390293,-0.02123329824,-0.02858151696
3.734e+10,-0.4725932231,-0.5113345228,-0.02391058996,-0.02614894644
3.735e+10,-0.4741826507,-0.509781772,-0.02628933559,-0.02346581892
3.736e+10,-0.4759763509,-0.5082382156,-0.02834608572,-0.02057506318
3.737e+10,-0.477975348,-0.5066605849,-0.03006525975,-0.01752152436
3.738e+10,-0.4801721084,-0.5050069599,-0.03143906162,-0.01435013672
3.739e+10,-0.4825511408,-0.5032384819,-0.03246691817,-0.01110427397
3.74e+10,-0.4850904658,-0.5013207369,-0.03315455642,-0.007824440598
3.741e+10,-0.4877627278,-0.4992249314,-0.03351283249,-0.004547235052
3.742e+10,-0.4905367114,-0.4969281347,-0.03355643638,-0.001304783363
3.743e+10,-0.4933788138,-0.4944139367,-0.03330259335,0.001875491412
3.744e+10,-0.4962541629,-0.4916720167,-0.03276988606,0.004970783439
3.745e+10,-0.499127795,-0.4886980168,-0.03197719456,0.007962527465
3.746e+10,-0.501965545,-0.4854929904,-0.03094289686,0.01083586119
3.747e+10,-0.5047346833,-0.4820629848,-0.02968421798,0.01357895602
3.748e+10,-0.5074044198,-0.4784183899,-0.02821684512,0.01618230529
3.749e+10,-0.5099462598,-0.4745736176,-0.02655471124,0.0186379853
3.75e+10,-0.51233439,-0.4705464129,-0.02470995769,0.02093893084
3.751e+10,-0.5145457472,-0.4663576804,-0.02269307369,0.02307830835
3.752e+10,-0.5165602596,-0.4620311357,-0.02051313439,0.02504890562
3.753e+10,-0.5183611745,-0.457592909,-0.0181781879,0.02684264431
3.754e+10,-0.5199351133,-0.4530714013,-0.015695734,0.02845018007
3.755e+10,-0.5212724594,-0.4484970155,-0.0130732567,0.02986061829
3.756e+10,-0.5223677959,-0.4439018339,-0.01031889038,0.03106135337
3.757e+10,-0.5232201482,-0.439319231,-0.007442086031,0.03203805906
3.758e+10,-0.5238335801,-0.4347833899,-0.004454324292,0.03277485728
3.759e+10,-0.5242175381,-0.4303286468,-0.001369830146,0.03325464746
3.76e+10,-0.5243872918,-0.4259885856,0.001793744451,0.03345964692
3.761e+10,-0.5243641503,-0.4217950669,0.005014769042,0.03337216069
3.762e+10,-0.5241754909,-0.4177770522,0.008267217157,0.03297552325
3.763e+10,-0.5238546147,-0.4139590633,0.01152048184,0.03225522247
3.764e+10,-0.5234401932,-0.4103599952,0.01473947387,0.03120014047
3.765e+10,-0.5229751538,-0.4069915237,0.01788511209,0.02980383284
3.766e+10,-0.5225054367,-0.4038569846,0.02091513712,0.028065739
3.767e+10,-0.5220779995,-0.4009504195,0.02378533887,0.02599220089
3.768e+10,-0.5217388784,-0.3982561306,0.02645107192,0.02359713762
3.769e+10,-0.521530762,-0.3957488334,0.02886903175,0.02090233679
3.77e+10,-0.521490808,-0.3933944164,0.03099903987,0.01793719794
3.771e+10,-0.5216484622,-0.3911512456,0.03280582013,0.01473798538
3.772e+10,-0.5220239387,-0.3889722427,0.03426044368,0.01134660788
3.773e+10,-0.5226271333,-0.3868072021,0.03534141141,0.007809003301
3.774e+10,-0.5234571879,-0.3846051121,0.03603521649,0.004173354239
3.775e+10,-0.5245028254,-0.3823168493,0.03633639537,0.0004882146215
3.776e+10,-0.5257433371,-0.3798973732,0.0362470415,-0.003199180518
3.777e+10,-0.5271498777,-0.3773074134,0.0357759417,-0.006844375396
3.778e+10,-0.5286873081,-0.3745150103,0.03493739621,-0.01040676276
3.779e+10,-0.530316004,-0.3714962118,0.03374990051,-0.01385022052
3.78e+10,-0.531993744,-0.3682353471,0.03223482489,-0.01714339348
3.781e+10,-0.5336775309,-0.3647250897,0.03041514339,-0.02025952643
3.782e+10,-0.5353249646,-0.3609657622,0.02831445574,-0.02317609568
3.783e+10,-0.5368956691,-0.3569649603,0.02595610776,-0.02587416792
3.784e+10,-0.5383521989,-0.3527365118,0.02336270152,-0.0283376547
3.785e+10,-0.5396608903,-0.3482997392,0.0205558001,-0.03055253409
3.786e+10,-0.5407922977,-0.3436785137,0.01755589707,-0.03250607987
3.787e+10,-0.5417217803,-0.3389006287,0.01438260423,-0.03418616074
3.788e+10,-0.5424296495,-0.3339967265,0.01105502975,-0.03558068094
3.789e+10,-0.542901574,-0.3289997752,0.007592314112,-0.03667714932
3.79e+10,-0.5431285774,-0.3239443435,0.004014232244,-0.03746243771
3.791e+10,-0.5431073517,-0.3188656292,0.0003419392522,-0.03792275253
3.792e+10,-0.5428402985,-0.3137990167,-0.003401318722,-0.03804380015
3.793e+10,-0.5423356627,-0.3087790597,-0.007189512994,-0.03781119102
3.794e+10,-0.5416074494,-0.3038385066,-0.01099318134,-0.03721109813
3.795e+10,-0.5406752575,-0.2990076082,-0.0147789746,-0.0362310758
3.796e+10,-0.5395642034,-0.2943127084,-0.01850936162,-0.03486115283
3.797e+10,-0.5383039582,-0.2897753515,-0.02214267215,-0.0330950057
3.798e+10,-0.5369283738,-0.2854112859,-0.02563339623,-0.03093124345
3.799e+10,-0.5354740228,-0.281229262,-0.02893293533,-0.02837466968
3.8e+10,-0.5339790061,-0.2772304854,-0.03199067629,-0.02543743178
3.801e+10,-0.5324811747,-0.2734082198,-0.03475547602,-0.022139854
3.802e+10,-0.5310164464,-0.2697475024,-0.0371773924,-0.01851100136
3.803e+10,-0.5296167033,-0.2662258001,-0.03920962803,-0.01458867131
3.804e+10,-0.528308228,-0.2628139366,-0.0408104809,-0.01041890606
3.805e+10,-0.5271099598,-0.259477503,-0.04194516468,-0.00605497019
3.806e+10,-0.5260324867,-0.2561786853,-0.04258730893,-0.001555843283
3.807e+10,-0.5250774441,-0.2528783722,-0.04272001528,0.003015644711
3.808e+10,-0.5242373229,-0.2495384207,-0.0423363692,0.007594870892
3.809e+10,-0.5234962245,-0.2461236564,-0.04143938937,0.01211748145
3.81e+10,-0.5228306966,-0.2426039393,-0.04004144973,0.01652132662
3.811e+10,-0.5222114247,-0.2389555751,-0.03816326485,0.02074804583
3.812e+10,-0.5216049194,-0.2351624313,-0.0358325799,0.02474427077
3.813e+10,-0.5209754126,-0.2312163294,-0.0330827514,0.0284623617
3.814e+10,-0.520286669,-0.2271174132,-0.02995126452,0.03186074763
3.815e+10,-0.5195039985,-0.2228736486,-0.02647846231,0.03490381417
3.816e+10,-0.5185955775,-0.2185000398,-0.02270645804,0.03756158205
3.817e+10,-0.5175340428,-0.2140180114,-0.01867832008,0.03980911357
3.818e+10,-0.5162973024,-0.209453986,-0.01443758728,0.04162594544
3.819e+10,-0.5148696504,-0.20483812,-0.01002805761,0.04299542777
3.82e+10,-0.5132419511,-0.2002030879,-0.005493783577,0.04390427505
3.821e+10,-0.5114123141,-0.1955826574,-0.0008792736178,0.04434220214
3.822e+10,-0.5093859669,-0.1910101714,0.003770187681,0.04430182921
3.823e+10,-0.5071750601,-0.1865172914,0.008408231313,0.04377880289
3.824e+10,-0.5047983225,-0.1821323916,0.0129871498,0.04277213137
3.825e+10,-0.5022804333,-0.1778794139,0.01745772323,0.04128475559
3.826e+10,-0.4996509531,-0.1737765729,0.02176934198,0.03932424606
3.827e+10,-0.4969431895,-0.1698352136,0.02587035304,0.03690359624
3.828e+10,-0.4941927673,-0.1660589685,0.02970866833,0.03404202074
3.829e+10,-0.4914357372,-0.1624433779,0.0332327696,0.03076561978
3.83e+10,-0.4887068454,-0.158975422,0.03639292628,0.02710786537
3.831e+10,-0.4860375932,-0.1556341202,0.0391426554,0.02310971233
3.832e+10,-0.4834537147,-0.152390772,0.04144041565,0.01882000551
3.833e+10,-0.4809756222,-0.1492119422,0.04325068809,0.01429186893
3.834e+10,-0.4786131464,-0.1460579876,0.04454631798,0.009587243196
3.835e+10,-0.4763681984,-0.1428882521,0.04530881454,0.004769867123
3.836e+10,-0.4742326506,-0.1396617582,0.04552946704,-9.383675e-05
3.837e+10,-0.4721889146,-0.1363398204,0.04520954488,-0.004937219498
3.838e+10,-0.4702106581,-0.1328882304,0.04436007355,-0.009695347442
3.839e+10,-0.4682640553,-0.1292792066,0.04300107725,-0.01430683577
3.84e+10,-0.4663095971,-0.1254928088,0.04116046903,-0.01871531559
3.841e+10,-0.4643040296,-0.1215179383,0.03887264765,-0.02287060045
3.842e+10,-0.4622022312,-0.1173528454,0.03617692048,-0.02672938145
3.843e+10,-0.4599594386,-0.1130050756,0.03311591453,-0.03025548396
3.844e+10,-0.4575331861,-0.1084911028,0.02973408967,-0.03341976794
3.845e+10,-0.4548846143,-0.1038353827,0.02607645474,-0.03619967804
3.846e+10,-0.4519802505,-0.09906954061,0.02218750847,-0.0385785441
3.847e+10,-0.4487927526,-0.09423099868,0.01811051254,-0.04054477966
3.848e+10,-0.44530198,-0.08936158946,0.01388702194,-0.04209098103
3.849e+10,-0.4414953426,-0.0845064097,0.009556695313,-0.04321307379
3.85e+10,-0.437368292,-0.07971245631,0.005157344505,-0.04390954396
3.851e+10,-0.4329243676,-0.07502715977,0.0007251833525,-0.04418080097
3.852e+10,-0.4281750968,-0.07049721698,-0.003704824438,-0.04402870167
3.853e+10,-0.4231400542,-0.06616739809,-0.008098472589,-0.04345628311
3.854e+10,-0.4178463586,-0.06207903924,-0.01242181712,-0.04246766734
3.855e+10,-0.4123282691,-0.05826917791,-0.01664072873,-0.04106817863
3.856e+10,-0.4066267033,-0.05476911372,-0.02072045187,-0.03926462518
3.857e+10,-0.4007882454,-0.05160311661,-0.02462529064,-0.03706578419
3.858e+10,-0.3948640713,-0.04878761552,-0.02831850446,-0.03448295439
3.859e+10,-0.3889089081,-0.04632977612,-0.03176230834,-0.03153066193
3.86e+10,-0.382979238,-0.04422690964,-0.03491815166,-0.02822738088
3.861e+10,-0.3771314471,-0.04246576834,-0.03774724923,-0.02459624049
3.862e+10,-0.3714201427,-0.04102210775,-0.0402112762,-0.02066563466
3.863e+10,-0.3658953178,-0.03986109775,-0.0422734054,-0.0164696987
3.864e+10,-0.3606005006,-0.0389376235,-0.04389942434,-0.01204853358
3.865e+10,-0.3555704103,-0.03819779429,-0.04505906555,-0.007448125494
3.866e+10,-0.3508286951,-0.03758047623,-0.0457273288,-0.002719955948
3.867e+10,-0.3463864638,-0.03701970735,-0.0458857613,0.002079780195
3.868e+10,-0.3422410507,-0.03644737117,-0.04552359003,0.006891277068
3.869e+10,-0.3383756216,-0.03579650185,-0.04463854379,0.01165256708
3.87e+10,-0.3347592896,-0.03500405724,-0.04323737474,0.01630111577
3.871e+10,-0.3313484999,-0.03401436278,-0.04133590082,0.02077559006
3.872e+10,-0.3280886084,-0.0327814762,-0.03895868999,0.02501756142
3.873e+10,-0.3249162129,-0.03127166421,-0.03613825674,0.02897309996
3.874e+10,-0.321762443,-0.02946484418,-0.03291398313,0.03259408402
3.875e+10,-0.3185556317,-0.02735535903,-0.02933073789,0.03583919359
3.876e+10,-0.3152246491,-0.02495200579,-0.02543737927,0.03867451126
3.877e+10,-0.3117018251,-0.02227737169,-0.02128522529,0.04107375476
3.878e+10,-0.3079255577,-0.01936649603,-0.01692662478,0.04301809859
3.879e+10,-0.3038425061,-0.01626523254,-0.01241365714,0.04449575384
3.88e+10,-0.2994091527,-0.01302791077,-0.007797115222,0.04550126729
3.881e+10,-0.2945930083,-0.009715606444,-0.003125697178,0.04603470899
3.882e+10,-0.2893731522,-0.006393202482,0.00155445586,0.04610077483
3.883e+10,-0.2837405215,-0.003127880311,0.006200070928,0.04570791235
3.884e+10,-0.2776976061,1.340058476e-05,0.01077070923,0.04486749142
3.885e+10,-0.2712579281,0.002965444233,0.01522866121,0.04359313621
3.886e+10,-0.2644453786,0.005666877024,0.0195386224,0.04190015706
3.887e+10,-0.2572933986,0.008061037887,0.02366733659,0.03980516604
3.888e+10,-0.2498437481,0.01009783797,0.02758315982,0.03732586703
3.889e+10,-0.2421456377,0.01173428143,0.03125566004,0.0344809659
3.89e+10,-0.2342542606,0.01293580211,0.03465520935,0.03129031343
3.891e+10,-0.226229817,0.01367684948,0.03775269814,0.02777509698
3.892e+10,-0.2181358615,0.01394160269,0.04051933239,0.02395820711
3.893e+10,-0.2100381488,0.0137245246,0.0429265323,0.01986465272
3.894e+10,-0.2020027658,0.01303058483,0.04494601869,0.01552206983
3.895e+10,-0.1940949696,0.01187559361,0.0465500461,0.01096118258
3.896e+10,-0.1863767762,0.0102860384,0.0477117993,0.00621635222
3.897e+10,-0.1789059127,0.008298740948,0.04840598577,0.001325960439
3.898e+10,-0.1717333827,0.005960367445,0.04860956737,-0.003667257361
3.899e+10,-0.1649018366,0.00332635311,0.04830267891,-0.008716045599
3.9e+10,-0.1584439447,0.0004593834421,0.04746960926,-0.01376868129
3.901e+10,-0.1523806499,-0.002572063865,0.04609991542,-0.01876923499
3.902e+10,-0.1467202124,-0.005696100308,0.04418947921,-0.02365813586
3.903e+10,-0.1414570528,-0.008840019283,0.04174155435,-0.02837301757
3.904e+10,-0.1365716555,-0.01193273258,0.03876766672,-0.03284979854
3.905e+10,-0.1320309364,-0.01490791591,0.03528825146,-0.03702409775
3.906e+10,-0.1277889445,-0.0177067703,0.03133306314,-0.04083275914
3.907e+10,-0.1237887979,-0.0202806111,0.0269411897,-0.0442155595
3.908e+10,-0.1199647301,-0.02259324094,0.02216071,-0.04711692345
3.909e+10,-0.1162449893,-0.02462277858,0.01704795658,-0.0494875622
3.91e+10,-0.112554879,-0.02636246458,0.01166639592,-0.05128592608
3.911e+10,-0.1088203756,-0.02782111941,0.006085261523,-0.05247942401
3.912e+10,-0.1049708964,-0.02902260091,0.0003778893662,-0.05304525547
3.913e+10,-0.1009431371,-0.03000470852,-0.005380028153,-0.05297091262
3.914e+10,-0.09668321314,-0.03081701101,-0.01111217987,-0.05225423533
3.915e+10,-0.09214902837,-0.03151850405,-0.01674336224,-0.05090313769
3.916e+10,-0.08731178511,-0.03217480767,-0.02220095858,-0.04893500258
3.917e+10,-0.08215666929,-0.03285512321,-0.0274162505,-0.04637580153
3.918e+10,-0.07668308874,-0.03362940931,-0.03232539056,-0.04325908418
3.919e+10,-0.07090404765,-0.03456520521,-0.03687012892,-0.03962488199
3.92e+10,-0.06484515282,-0.03572550742,-0.04099826241,-0.03551854934
3.921e+10,-0.0585431257,-0.03716620833,-0.04466382265,-0.03098973745
3.922e+10,-0.05204376555,-0.03893450445,-0.0478270697,-0.02609145024
3.923e+10,-0.04540033195,-0.04106756296,-0.05045436318,-0.02087922118
3.924e+10,-0.03867078321,-0.04359171596,-0.052517932,-0.01541051131
3.925e+10,-0.03191636947,-0.04652184934,-0.05399560856,-0.009744190589
3.926e+10,-0.02519869534,-0.04986161526,-0.05487059126,-0.003940227072
3.927e+10,-0.0185782741,-0.05360356731,-0.05513125195,0.001940554103
3.928e+10,-0.01211245165,-0.05772990791,-0.0547710613,0.007836601823
3.929e+10,-0.005853585335,-0.06221319631,-0.05378855815,0.01368572652
3.93e+10,0.000152207363,-0.06701775936,-0.05218750468,0.01942521922
3.931e+10,0.005866585078,-0.07210084509,-0.04997710109,0.02499196736
3.932e+10,0.01125987534,-0.07741439837,-0.04717232194,0.03032270632
3.933e+10,0.01631178695,-0.08290632345,-0.04379429902,0.03535433188
3.934e+10,0.02101209801,-0.08852271302,-0.03987075235,0.04002443116
3.935e+10,0.02536061821,-0.09420958514,-0.03543641578,0.04427194312
3.936e+10,0.02936704043,-0.09991453239,-0.03053335418,0.04803799703
3.937e+10,0.03305058369,-0.1055889764,-0.02521121162,0.05126696547
3.938e+10,0.03643887587,-0.1111895316,-0.0195272418,0.05390761729
3.939e+10,0.03956687041,-0.1166799677,-0.01354610577,0.05591444007
3.94e+10,0.04247517146,-0.1220322546,-0.00733943012,0.05724898332
3.941e+10,0.04520855287,-0.1272276413,-0.0009849892692,0.05788118617
3.942e+10,0.04781330112,-0.132257308,0.00543436043,0.05779064599
3.943e+10,0.05033581829,-0.1371224288,0.01183209546,0.05696767765
3.944e+10,0.05281979208,-0.1418338714,0.01811966464,0.05541411488
3.945e+10,0.05530466316,-0.1464115442,0.02420836014,0.05314378711
3.946e+10,0.05782363017,-0.1508827425,0.03001126255,0.05018260902
3.947e+10,0.06040218181,-0.1552810353,0.0354452434,0.04656829442
3.948e+10,0.06305701589,-0.1596437879,0.04043283429,0.04234959499
3.949e+10,0.06579558322,-0.1640105197,0.04490392876,0.03758526086
3.95e+10,0.06861616131,-0.1684205527,0.04879722286,0.03234262894
3.951e+10,0.07150793024,-0.1729109918,0.05206131763,0.02669603958
3.952e+10,0.07445228424,-0.1775149449,0.05465545007,0.02072507396
3.953e+10,0.07742368718,-0.1822597612,0.05654984958,0.01451277811
3.954e+10,0.08039151594,-0.1871661623,0.05772578838,0.008143946995
3.955e+10,0.08332171652,-0.1922470266,0.05817526318,0.001703544394
3.956e+10,0.08617840451,-0.1975074162,0.05790049337,-0.004724731
3.957e+10,0.08892584274,-0.202944283,0.05691319382,-0.011059602
3.958e+10,0.09152998975,-0.2085470109,0.05523380353,-0.0172231914
3.959e+10,0.0939602819,-0.2142980195,0.05289061243,-0.02314174486
3.96e+10,0.09619048439,-0.2201738312,0.04991897092,-0.02874617279
3.961e+10,0.0981999717,-0.2261461286,0.04636049323,-0.03397242827
3.962e+10,0.09997449748,-0.2321830728,0.04226240308,-0.03876176641
3.963e+10,0.1015066595,-0.2382508482,0.03767696336,-0.04306095389
3.964e+10,0.1027961115,-0.2443147066,0.03266097277,-0.04682243884
3.965e+10,0.1038494969,-0.2503409648,0.02727536379,-0.05000454167
3.966e+10,0.1046800629,-0.2562978834,0.02158486663,-0.05257172613
3.967e+10,0.1053071762,-0.2621572668,0.0156576234,-0.05449488482
3.968e+10,0.1057554441,-0.2678954609,0.009564825278,-0.05575176419
3.969e+10,0.1060537566,-0.2734944832,0.003380252752,-0.05632740216
3.97e+10,0.1062339561,-0.278942647,-0.00282031582,-0.0562146409
3.971e+10,0.1063296201,-0.2842352882,-0.008959808903,-0.05541464517
3.972e+10,0.1063743916,-0.2893747157,-0.01496078951,-0.05393736834
3.973e+10,0.1064006829,-0.2943706628,-0.02074648668,-0.0518019288
3.974e+10,0.1064379747,-0.2992392714,-0.02624208119,-0.04903681395
3.975e+10,0.1065114786,-0.3040030305,-0.03137604532,-0.04567987678
3.976e+10,0.1066409273,-0.3086892024,-0.03608157033,-0.04177808986
3.977e+10,0.1068394695,-0.3133289427,-0.04029805753,-0.03738692356
3.978e+10,0.1071131094,-0.3179554592,-0.04397247683,-0.03256949937
3.979e+10,0.1074601857,-0.3226028801,-0.04706059459,-0.02739542509
3.98e+10,0.1078714853,-0.3273039424,-0.04952796595,-0.02193929997
3.981e+10,0.1083305735,-0.3320888356,-0.05135060992,-0.01627912291
3.982e+10,0.108814818,-0.3369834854,-0.05251536582,-0.01049452469
3.983e+10,0.1092961043,-0.3420083326,-0.05301985358,-0.004664987695
3.984e+10,0.1097424391,-0.347177514,-0.05287209291,0.001131857507
3.985e+10,0.1101193769,-0.3524980424,-0.05208978258,0.00682176604
3.986e+10,0.1103913958,-0.3579694417,-0.05069931911,0.01233524537
3.987e+10,0.1105236688,-0.3635841615,-0.04873461938,0.0176085446
3.988e+10,0.1104834493,-0.3693275979,-0.04623582744,0.02258443026
3.989e+10,0.1102411033,-0.3751787876,-0.04324798814,0.02721260712
3.99e+10,0.1097716354,-0.3811115124,-0.03981976924,0.03144986897
3.991e+10,0.1090552221,-0.3870950082,-0.0360022934,0.03525999597
3.992e+10,0.1080779823,-0.3930953101,-0.03184808646,0.03861343794
3.993e+10,0.1068322487,-0.399076184,-0.02741025953,0.04148688514
3.994e+10,0.1053171077,-0.4050004174,-0.02274185652,0.0438627254
3.995e+10,0.103537906,-0.4108310495,-0.01789540909,0.04572849517
3.996e+10,0.1015064528,-0.4165322806,-0.01292265776,0.04707634168
3.997e+10,0.09924069438,-0.4220705689,-0.007874429612,0.04790252557
3.998e+10,0.096763992,-0.4274157019,-0.002800658329,0.04820709224
3.999e+10,0.09410485705,-0.4325414388,0.002249560696,0.04799358632
4e+10,0.0912959959,-0.4374264551,0.007227830379,0.04726891228
4.001e+10,0.08837373121,-0.4420552312,0.01208637707,0.04604348827
4.002e+10,0.08537697837,-0.4464181898,0.01677789316,0.04433109172
4.003e+10,0.08234621805,-0.4505126854,0.02125562909,0.04214942105
4.004e+10,0.07932225883,-0.4543429589,0.02547354531,0.03952032075
4.005e+10,0.07634528491,-0.4579206471,0.0293866142,0.0364701698
4.006e+10,0.07345325483,-0.4612644807,0.03295131649,0.03303023383
4.007e+10,0.07068064793,-0.4643999593,0.036126325,0.02923696179
4.008e+10,0.06805711024,-0.4673591891,0.0388733202,0.02513218043
4.009e+10,0.06560613437,-0.47017934,0.04115798606,0.02076300778
4.01e+10,0.06334396959,-0.4729022466,0.04295108386,0.0161816516
4.011e+10,0.06127858303,-0.4755722659,0.04422951718,0.01144483032
4.012e+10,0.05940922,-0.4782350448,0.04497734638,0.006612922937
4.013e+10,0.05772606994,-0.4809354259,0.0451866703,0.001748874596
4.014e+10,0.05621046159,-0.4837157205,0.04485823013,-0.003083188813
4.015e+10,0.05483563724,-0.4866137169,0.04400169637,-0.00781949167
4.016e+10,0.05356764898,-0.4896610952,0.04263564689,-0.01239823562
4.017e+10,0.05236694941,-0.4928819518,0.04078708126,-0.01676117877
4.018e+10,0.05119020744,-0.4962919287,0.03849062076,-0.02085510946
4.019e+10,0.04999192676,-0.4998975571,0.03578740571,-0.02463306053
4.02e+10,0.04872678409,-0.5036963095,0.03272368745,-0.02805522753
4.021e+10,0.04735120947,-0.5076767004,0.02934937933,-0.03108952731
4.022e+10,0.04582523163,-0.5118193176,0.02571648794,-0.03371180173
4.023e+10,0.04411372599,-0.5160977029,0.02187765989,-0.03590564554
4.024e+10,0.0421878236,-0.5204798408,0.01788486882,-0.03766193165
4.025e+10,0.0400253231,-0.524929314,0.01378832271,-0.03897813195
4.026e+10,0.03761131311,-0.5294070345,0.009635612596,-0.03985742742
4.027e+10,0.0349381909,-0.5338726002,0.005471144398,-0.04030777821
4.028e+10,0.0320054443,-0.5382853586,0.001335815224,-0.0403409629
4.029e+10,0.02881941969,-0.5426059676,-0.002733047497,-0.03997162877
4.03e+10,0.02539287128,-0.5467971032,-0.006701587756,-0.03921653822
4.031e+10,0.02174415754,-0.5508244781,-0.01053911474,-0.03809385212
4.032e+10,0.0178965786,-0.5546573965,-0.01421774927,-0.03662262664
4.033e+10,0.01387790862,-0.5582696416,-0.01771194258,-0.03482245258
4.034e+10,0.009719468195,-0.5616396388,-0.02099801848,-0.03271328164
4.035e+10,0.005455413683,-0.5647509213,-0.02405371645,-0.0303153833
4.036e+10,0.001122119416,-0.5675925494,-0.0268577917,-0.02764948054
4.037e+10,-0.003242604702,-0.5701593308,-0.0293897035,-0.02473699185
4.038e+10,-0.007600545778,-0.5724519878,-0.03162941486,-0.02160036854
4.039e+10,-0.01191351605,-0.5744773299,-0.03355733441,-0.01826353461
4.04e+10,-0.01614456404,-0.5762482298,-0.03515441913,-0.01475231225
4.041e+10,-0.02025898786,-0.5777836503,-0.03640245416,-0.01109490306
4.042e+10,-0.0242249964,-0.5791085225,-0.03728445823,-0.007322258288
4.043e+10,-0.02801528143,-0.5802531675,-0.03778534913,-0.003468389375
4.044e+10,-0.03160756826,-0.5812527003,-0.03789264641,0.000429509366
4.045e+10,-0.03498622039,-0.5821463823,-0.0375973562,0.004331106254
4.046e+10,-0.0381425018,-0.5829761807,-0.03689487087,0.008193257135
4.047e+10,-0.04107601182,-0.5837856928,-0.03578586424,0.01197056948
4.048e+10,-0.0437944085,-0.58461823,-0.03427706193,0.01561627429
4.049e+10,-0.04631386491,-0.5855154735,-0.03238184954,0.01908328666
4.05e+10,-0.04865869417,-0.5865151225,-0.03012058095,0.02232555291
4.051e+10,-0.0508602967,-0.5876496031,-0.02752057277,0.02529941896
4.052e+10,-0.05295614052,-0.5889443605,-0.02461573223,0.02796507351
4.053e+10,-0.05498806656,-0.590416604,-0.0214458144,0.0302878756
4.054e+10,-0.05700030173,-0.592074666,-0.01805531495,0.03223944252
4.055e+10,-0.05903757016,-0.5939175275,-0.01449217276,0.03379848727
4.056e+10,-0.06114290048,-0.5959350972,-0.01080625888,0.03495123959
4.057e+10,-0.06335580213,-0.5981090536,-0.007047882075,0.03569149846
4.058e+10,-0.06571075754,-0.6004137785,-0.003266330751,0.03602033166
4.059e+10,-0.06823575811,-0.6028178128,0.0004913831887,0.03594540673
4.06e+10,-0.07095159167,-0.6052856755,0.004181503281,0.03548011955
4.061e+10,-0.07387138832,-0.6077791447,0.007764269882,0.03464256215
4.062e+10,-0.07700056268,-0.6102592392,0.01120428029,0.033454409
4.063e+10,-0.08033720423,-0.6126875648,0.01447061284,0.03193988671
4.064e+10,-0.08387226625,-0.6150275357,0.01753668887,0.0301247985
4.065e+10,-0.08759085827,-0.6172457319,0.02037990755,0.02803574003
4.066e+10,-0.09147265073,-0.6193123961,0.02298119222,0.02569947477
4.067e+10,-0.09549285759,-0.6212024829,0.02532444154,0.02314252171
4.068e+10,-0.09962331691,-0.6228957715,0.02739595695,0.02039095418
4.069e+10,-0.1038333074,-0.624377542,0.02918392363,0.01747035508
4.07e+10,-0.1080903785,-0.6256384036,0.03067793641,0.01440592297
4.071e+10,-0.1123612912,-0.6266746954,0.03186868316,0.01122275431
4.072e+10,-0.1166128904,-0.62748833,0.03274769844,0.007946156304
4.073e+10,-0.1208128115,-0.628086733,0.03330733458,0.004602044542
4.074e+10,-0.1249304106,-0.6284827542,0.03354082991,0.001217342768
4.075e+10,-0.1289376758,-0.6286944157,0.03344259726,-0.002179632604
4.076e+10,-0.1328099425,-0.628744239,0.03300863041,-0.005558908972
4.077e+10,-0.1365267772,-0.6286592888,0.03223706725,-0.008888668895
4.078e+10,-0.1400728841,-0.6284699335,0.03112882243,-0.01213525518
4.079e+10,-0.1434387253,-0.6282091969,0.02968832352,-0.01526339211
4.08e+10,-0.1466211224,-0.6279117653,0.02792422337,-0.01823659342
4.081e+10,-0.1496237196,-0.6276124544,0.02585001158,-0.02101785264
4.082e+10,-0.1524570295,-0.6273450792,0.02348453472,-0.02357053
4.083e+10,-0.1551383625,-0.6271408777,0.02085224688,-0.02585941724
4.084e+10,-0.1576910379,-0.6270269379,0.01798320035,-0.02785194305
4.085e+10,-0.1601437622,-0.6270250401,0.0149127182,-0.02951938567
4.086e+10,-0.1625290961,-0.6271503813,0.01168070359,-0.03083802651
4.087e+10,-0.1648820154,-0.6274108185,0.008330671272,-0.03179012017
4.088e+10,-0.1672382653,-0.6278066174,0.004908532365,-0.03236459629
4.089e+10,-0.1696324211,-0.6283302633,0.001461204962,-0.03255742982
4.09e+10,-0.1720963627,-0.6289671237,-0.001964813049,-0.03237164768
4.091e+10,-0.1746577124,-0.6296964025,-0.005324776593,-0.03181695897
4.092e+10,-0.1773385124,-0.6304921504,-0.008576901565,-0.03090908129
4.093e+10,-0.1801546497,-0.6313249084,-0.01168326964,-0.02966884483
4.094e+10,-0.1831151258,-0.6321631389,-0.01461048727,-0.02812109983
4.095e+10,-0.1862223043,-0.6329746366,-0.01732999744,-0.02629364345
4.096e+10,-0.1894718006,-0.6337281727,-0.01981811163,-0.02421610649
4.097e+10,-0.1928534196,-0.6343946121,-0.02205579871,-0.02191904552
4.098e+10,-0.1963515382,-0.6349478801,-0.02402828876,-0.01943312916
4.099e+10,-0.1999461492,-0.6353658836,-0.02572453774,-0.01678855415
4.1e+10,-0.2036138129,-0.6356310875,-0.02713665322,-0.01401467943
4.101e+10,-0.2073284705,-0.6357309063,-0.02825931192,-0.01113982424
4.102e+10,-0.211062551,-0.6356578588,-0.02908924995,-0.008191265462
4.103e+10,-0.2147878965,-0.63540973,-0.02962482517,-0.005195368915
4.104e+10,-0.2184763726,-0.634989568,-0.02986569935,-0.00217781347
4.105e+10,-0.2221010634,-0.6344054659,-0.02981268716,0.0008361265008
4.106e+10,-0.2256370353,-0.6336701921,-0.02946772861,0.003821247051
4.107e+10,-0.2290618969,-0.6328012072,-0.02883397974,0.006752160974
4.108e+10,-0.232356751,-0.6318196852,-0.02791609869,0.009603072658
4.109e+10,-0.2355070039,-0.6307503453,-0.02672057073,0.01234764761
4.11e+10,-0.2385026901,-0.6296205669,-0.02525614235,0.01495904371
4.111e+10,-0.2413393556,-0.6284592639,-0.02353429799,0.01741010239
4.112e+10,-0.2440182728,-0.627296345,-0.02156969123,0.01967367247
4.113e+10,-0.246546707,-0.6261611644,-0.0193805465,0.02172316211
4.114e+10,-0.2489379122,-0.625081346,-0.01698889078,0.02353321072
4.115e+10,-0.2512106544,-0.6240816196,-0.01442063191,0.02508049143
4.116e+10,-0.2533887726,-0.6231825291,-0.01170542305,0.02634456878
4.117e+10,-0.2555002097,-0.6223993316,-0.008876259673,0.02730876296
4.118e+10,-0.2575756387,-0.6217409684,-0.005968844193,0.02796093409
4.119e+10,-0.2596472306,-0.621209765,-0.003020725854,0.02829408876
4.12e+10,-0.261747016,-0.6208010953,-7.030172858e-05,0.02830675954
4.121e+10,-0.2639052229,-0.620503543,0.002844305512,0.02800314131
4.122e+10,-0.266148933,-0.6202994048,0.005686362667,0.02739292239
4.123e+10,-0.2685007679,-0.6201659736,0.008421519233,0.02649080921
4.124e+10,-0.2709778368,-0.6200761586,0.01101870198,0.02531587843
4.125e+10,-0.2735911414,-0.6200003607,0.01345072964,0.0238907023
4.126e+10,-0.2763453299,-0.6199076716,0.01569470224,0.02224041745
4.127e+10,-0.2792385772,-0.6197671506,0.01773214412,0.0203917667
4.128e+10,-0.2822631392,-0.6195494478,0.01954888245,0.01837219205
4.129e+10,-0.2854058306,-0.6192275275,0.02113475904,0.0162090671
4.13e+10,-0.2886486988,-0.6187777885,0.02248317185,0.01392905091
4.131e+10,-0.2919700663,-0.6181806418,0.02359055817,0.01155764087
4.132e+10,-0.2953452447,-0.6174210289,0.02445580417,0.009118901367
4.133e+10,-0.2987476855,-0.6164886684,0.02507970115,0.006635354233
4.134e+10,-0.3021494762,-0.6153783156,0.02546443508,0.00412799573
4.135e+10,-0.3055224902,-0.6140895399,0.02561316317,0.00161647547
4.136e+10,-0.3088389883,-0.6126267069,0.02552969708,-0.0008806895085
4.137e+10,-0.3120724136,-0.6109989729,0.02521828408,-0.003345795439
4.138e+10,-0.315198002,-0.6092198743,0.02468351631,-0.005761658211
4.139e+10,-0.3181935031,-0.6073070504,0.02393035869,-0.008111299547
4.14e+10,-0.3210398651,-0.605281886,0.02296427925,-0.01037765478
4.141e+10,-0.3237217391,-0.6031689695,0.02179147515,-0.01254338453
4.142e+10,-0.326228059,-0.6009957958,0.02041917725,-0.0145907256
4.143e+10,-0.3285526508,-0.5987916946,0.01885602479,-0.01650148987
4.144e+10,-0.3306947177,-0.5965872798,0.01711244237,-0.01825715762
4.145e+10,-0.3326590477,-0.5944134537,0.01520102839,-0.01983911541
4.146e+10,-0.3344563264,-0.5923002843,0.01313688985,-0.0212290375
4.147e+10,-0.3361031536,-0.5902759697,0.01093788903,-0.02240937808
4.148e+10,-0.3376215205,-0.5883654293,0.008624757599,-0.02336397362
4.149e+10,-0.3390384149,-0.5865892147,0.006221052915,-0.02407871682
4.15e+10,-0.34038488,-0.5849624366,0.00375291817,-0.02454224076
4.151e+10,-0.3416949572,-0.5834937638,0.001248673676,-0.02474654342
4.152e+10,-0.343004137,-0.5821848427,-0.001261823005,-0.02468756061
4.153e+10,-0.3443478078,-0.5810299527,-0.003747923943,-0.02436552448
4.154e+10,-0.3457597471,-0.5800161814,-0.006179053185,-0.02378515104
4.155e+10,-0.347270376,-0.5791238946,-0.008525621836,-0.02295559427
4.156e+10,-0.3489054876,-0.5783275363,-0.01075986515,-0.021890165
4.157e+10,-0.35068507,-0.5775970289,-0.01285663257,-0.02060583165
4.158e+10,-0.3526224661,-0.5768989315,-0.01479394873,-0.01912257469
4.159e+10,-0.3547239954,-0.5761982534,-0.016553434,-0.01746261507
4.16e+10,-0.3569889101,-0.5754597106,-0.01812049486,-0.01564960855
4.161e+10,-0.3594096658,-0.5746493988,-0.01948427207,-0.0137078575
4.162e+10,-0.3619726564,-0.5737359194,-0.02063745545,-0.01166160943
4.163e+10,-0.3646587701,-0.5726914243,-0.02157592486,-0.009534450487
4.164e+10,-0.3674445914,-0.5714925404,-0.02229829507,-0.00734887295
4.165e+10,-0.3703032101,-0.5701206134,-0.02280541923,-0.005125972676
4.166e+10,-0.3732054852,-0.5685624694,-0.02309988183,-0.002885312197
4.167e+10,-0.3761206611,-0.5668101168,-0.02318550873,-0.0006449065475
4.168e+10,-0.3790175522,-0.5648610651,-0.0230669634,0.001578671328
4.169e+10,-0.3818652239,-0.562717846,-0.02274940119,0.003770090342
4.17e+10,-0.3846339399,-0.560388257,-0.02223822163,0.005914999367
4.171e+10,-0.387295496,-0.5578845885,-0.02153893329,0.007999757284
4.172e+10,-0.3898242352,-0.5552235871,-0.02065710479,0.01001110642
4.173e+10,-0.392197426,-0.5524260669,-0.01959841836,0.01193589973
4.174e+10,-0.3943958754,-0.5495163034,-0.01836882834,0.01376084862
4.175e+10,-0.3964044192,-0.5465218223,-0.0169747668,0.01547232654
4.176e+10,-0.3982125653,-0.5434725587,-0.01542345722,0.01705624573
4.177e+10,-0.3998149059,-0.5404003678,-0.01372323932,0.01849805137
4.178e+10,-0.4012115947,-0.5373381599,-0.01188391213,0.01978279727
4.179e+10,-0.4024086402,-0.5343189612,-0.00991715761,0.02089517523
4.18e+10,-0.4034180744,-0.5313749163,-0.00783694693,0.02182025953
4.181e+10,-0.4042580559,-0.5285359974,-0.005659505523,0.02254354958
4.182e+10,-0.4049525181,-0.5258290077,-0.003403734771,0.02305162034
4.183e+10,-0.4055305789,-0.5232759909,-0.00109114208,0.02333276558
4.184e+10,-0.4060259573,-0.5208934156,0.001254303438,0.02337762837
4.185e+10,-0.4064754687,-0.518690836,0.003606523769,0.02317983086
4.186e+10,-0.4069178675,-0.5166703095,0.00593781907,0.02273652397
4.187e+10,-0.4073919178,-0.5148258502,0.008219563591,0.02204883953
4.188e+10,-0.4079349527,-0.5131435515,0.01042297815,0.02112213054
4.189e+10,-0.4085807177,-0.5116018957,0.01251999537,0.01996602765
4.19e+10,-0.4093579702,-0.510172649,0.01448412594,0.01859426817
4.191e+10,-0.4102891317,-0.508822201,0.01629122438,0.0170242999
4.192e+10,-0.4113890527,-0.5075130796,0.01792015988,0.01527669918
4.193e+10,-0.4126645478,-0.5062056715,0.01935330253,0.01337446871
4.194e+10,-0.4141143137,-0.5048601336,0.02057675003,0.01134224039
4.195e+10,-0.4157289154,-0.5034380123,0.02158044374,0.009205492744
4.196e+10,-0.4174919377,-0.5019039066,0.02235798103,0.006989803268
4.197e+10,-0.4193803015,-0.5002267031,0.02290633586,0.004720215826
4.198e+10,-0.4213660068,-0.4983806984,0.0232254371,0.00242073684
4.199e+10,-0.4234170301,-0.4963461747,0.02331767721,0.0001139999171
4.2e+10,-0.4254987821,-0.4941099576,0.02318739902,-0.002178923689
4.201e+10,-0.4275751998,-0.4916654051,0.02284042994,-0.00443858497
4.202e+10,-0.4296102081,-0.4890124547,0.02228362606,-0.006647047729
4.203e+10,-0.4315685524,-0.4861574051,0.02152454742,-0.008787732644
4.204e+10,-0.4334168845,-0.48311245,0.02057120153,-0.010845168
4.205e+10,-0.4351245721,-0.4798952576,0.01943190938,-0.01280471829
4.206e+10,-0.4366645185,-0.4765284156,0.01811526005,-0.014652299
4.207e+10,-0.4380139032,-0.473038897,0.01663019701,-0.01637412021
4.208e+10,-0.4391547169,-0.4694572396,0.01498615867,-0.01795646498
4.209e+10,-0.4400744883,-0.465816814,0.01319333594,-0.01938556514
4.21e+10,-0.4407665254,-0.4621531407,0.01126293907,-0.02064752868
4.211e+10,-0.441230537,-0.4585026818,0.009207554303,-0.02172841241
4.212e+10,-0.4414728428,-0.4549019925,0.007041562573,-0.02261417695
4.213e+10,-0.4415064827,-0.4513863638,0.004780772788,-0.02329139097
4.214e+10,-0.4413512084,-0.4479886836,0.002443992509,-0.02374747494
4.215e+10,-0.4410330531,-0.4447380216,5.204581245e-05,-0.02397082167
4.216e+10,-0.4405837293,-0.4416583979,-0.002371838874,-0.0239517671
4.217e+10,-0.4400397677,-0.4387673482,-0.004802152034,-0.02368310627
4.218e+10,-0.4394411392,-0.4360749687,-0.007211428158,-0.02316068344
4.219e+10,-0.4388296914,-0.4335831005,-0.009570743145,-0.02238394285
4.22e+10,-0.4382473683,-0.4312847716,-0.01185034934,-0.02135638195
4.221e+10,-0.4377342306,-0.4291642425,-0.01402046763,-0.02008583445
4.222e+10,-0.4373264448,-0.4271974072,-0.01605213776,-0.01858453032
4.223e+10,-0.4370546662,-0.4253528313,-0.01791808694,-0.01686897125
4.224e+10,-0.4369420738,-0.4235930716,-0.01959356976,-0.01495956093
4.225e+10,-0.4370035837,-0.4218764774,-0.02105706736,-0.0128800431
4.226e+10,-0.4372448616,-0.4201591819,-0.02229082056,-0.01065678942
4.227e+10,-0.4376621711,-0.4183972264,-0.02328117252,-0.00831797996
4.228e+10,-0.438242761,-0.4165484798,-0.0240186823,-0.005892765655
4.229e+10,-0.4389655527,-0.4145746338,-0.02449803103,-0.003410478211
4.23e+10,-0.4398023018,-0.4124427804,-0.02471774149,-0.0008999029208
4.231e+10,-0.4407189323,-0.4101265329,-0.02467978394,0.001611285175
4.232e+10,-0.4416772895,-0.4076069018,-0.02438905697,0.004096944431
4.233e+10,-0.4426365002,-0.404872915,-0.02385287136,0.006532725232
4.234e+10,-0.4435547284,-0.401921589,-0.02308042812,0.008896172318
4.235e+10,-0.4443906202,-0.3987578111,-0.02208234999,0.01116667401
4.236e+10,-0.4451047834,-0.3953939998,-0.02087029525,0.01332534457
4.237e+10,-0.4456609134,-0.3918494865,-0.01945668608,0.01535479503
4.238e+10,-0.4460268569,-0.3881497831,-0.01785452543,0.01723889754
4.239e+10,-0.4461754972,-0.3843257453,-0.01607733515,0.01896253799
4.24e+10,-0.4460859137,-0.3804125437,-0.01413921702,0.02051135519
4.241e+10,-0.4457433438,-0.3764488114,-0.01205494284,0.02187163269
4.242e+10,-0.4451403229,-0.3724754026,-0.00984017692,0.02303013338
4.243e+10,-0.4442769168,-0.3685341569,-0.007511724943,0.02397413089
4.244e+10,-0.4431606204,-0.3646668191,-0.005087749766,0.02469150443
4.245e+10,-0.4418067855,-0.3609134208,-0.002588056548,0.02517094965
4.246e+10,-0.4402382168,-0.3573110928,-3.427738331e-05,0.02540226501
4.247e+10,-0.4384848058,-0.3538924003,0.002550010718,0.02537679351
4.248e+10,-0.4365826351,-0.3506840044,0.005139271192,0.02508788769
4.249e+10,-0.4345729951,-0.3477054477,0.007706121522,0.02453144695
4.25e+10,-0.4325009729,-0.3449677848,0.01022161573,0.02370645625
4.251e+10,-0.4304135245,-0.3424728544,0.01265568731,0.02261546543
4.252e+10,-0.4283579121,-0.3402127078,0.01497769811,0.02126503331
4.253e+10,-0.4263790833,-0.3381695583,0.01715718892,0.0196659825
4.254e+10,-0.4245179015,-0.3363163481,0.0191646531,0.01783351062
4.255e+10,-0.422808957,-0.334617565,0.02097239571,0.01578710506
4.256e+10,-0.4212785634,-0.3330308613,0.02255533641,0.01355022857
4.257e+10,-0.419943581,-0.3315089574,0.02389174505,0.01114982438
4.258e+10,-0.4188104775,-0.3300017925,0.02496384258,0.00861566755
4.259e+10,-0.4178746662,-0.3284590633,0.02575822127,0.005979543336
4.26e+10,-0.4171212414,-0.3268324198,0.02626604955,0.003274451573
4.261e+10,-0.4165251337,-0.3250779136,0.02648307393,0.0005337036472
4.262e+10,-0.4160529402,-0.3231578476,0.02640943731,-0.002209818196
4.263e+10,-0.4156641217,-0.3210423425,0.02604932817,-0.004924356756
4.264e+10,-0.4153132794,-0.3187105729,0.02541052298,-0.007579815029
4.265e+10,-0.4149517901,-0.3161513993,0.0245038192,-0.01014813088
4.266e+10,-0.4145299192,-0.3133636241,0.02334246016,-0.01260361741
4.267e+10,-0.4139991182,-0.3103554712,0.02194188222,-0.01492289455
4.268e+10,-0.413313435,-0.3071446499,0.02031886143,-0.01708480777
4.269e+10,-0.4124312272,-0.3037571571,0.01849132476,-0.01907047394
4.27e+10,-0.4113166099,-0.3002262322,0.01647807147,-0.02086301895
4.271e+10,-0.4099404513,-0.2965912675,0.01429858034,-0.02244737501
4.272e+10,-0.4082813162,-0.2928963612,0.01197293215,-0.02381006706
4.273e+10,-0.4063263884,-0.2891888277,0.009521809334,-0.02493906896
4.274e+10,-0.4040715269,-0.2855177767,0.006966551858,-0.02582369334
4.275e+10,-0.4015216648,-0.2819325784,0.004329280189,-0.0264545523
4.276e+10,-0.3986907575,-0.2784810248,0.001633009897,-0.02682361573
4.277e+10,-0.3956015408,-0.2752080498,-0.00109822117,-0.02692433582
4.278e+10,-0.3922849111,-0.272153907,-0.003839265656,-0.02675185841
4.279e+10,-0.3887790587,-0.2693526424,-0.006563865786,-0.02630330755
4.28e+10,-0.3851283187,-0.2668310008,-0.009244677735,-0.02557809687
4.281e+10,-0.3813820136,-0.2646066817,-0.0118534597,-0.02457833908
4.282e+10,-0.3775922582,-0.2626878042,-0.01436134509,-0.0233091443
4.283e+10,-0.3738123952,-0.2610720711,-0.0167392154,-0.0217789684
4.284e+10,-0.3700947672,-0.2597464399,-0.01895819124,-0.01999985786
4.285e+10,-0.3664884423,-0.2586875115,-0.02099021833,-0.01798758603
4.286e+10,-0.3630369236,-0.2578621489,-0.02280869131,-0.01576167945
4.287e+10,-0.359776252,-0.2572287751,-0.02438913424,-0.01334529734
4.288e+10,-0.356733295,-0.256738892,-0.025709819,-0.01076492535
4.289e+10,-0.3539241676,-0.2563393527,-0.02675237808,-0.008049979185
4.29e+10,-0.3513535734,-0.255974644,-0.02750226442,-0.005232226768
4.291e+10,-0.3490142266,-0.2555895839,-0.0279491277,-0.002345130854
4.292e+10,-0.3468875544,-0.2551314957,-0.02808700684,0.0005768405485
4.293e+10,-0.3449441751,-0.2545531045,-0.0279143677,0.003498963972
4.294e+10,-0.3431455735,-0.253814316,-0.0274340021,0.006386935255
4.295e+10,-0.3414457333,-0.2528840668,-0.02665278788,0.009207510393
4.296e+10,-0.3397932955,-0.2517416039,-0.02558133514,0.01192905113
4.297e+10,-0.3381338933,-0.2503772208,-0.02423356756,0.01452192406
4.298e+10,-0.336412461,-0.2487927013,-0.02262624503,0.01695884734
4.299e+10,-0.334575519,-0.2470008549,-0.0207784944,0.01921504678
4.3e+10,-0.3325732737,-0.2450248838,-0.01871141292,0.02126836017
4.301e+10,-0.3303617577,-0.2428973674,-0.01644759238,0.02309919535
4.302e+10,-0.3279040764,-0.2406588708,-0.01401084325,0.0246905325
4.303e+10,-0.3251720159,-0.2383564924,-0.0114259369,0.0260277224
4.304e+10,-0.3221468439,-0.2360419427,-0.008718350167,0.02709840676
4.305e+10,-0.318819893,-0.2337695695,-0.005914298659,0.02789249609
4.306e+10,-0.3151932782,-0.2315947976,-0.003040578665,0.02840202254
4.307e+10,-0.3112793009,-0.2295718075,-0.0001245456,0.02862119926
4.308e+10,-0.3071006085,-0.2277518317,0.002805905228,0.0285464286
4.309e+10,-0.3026892435,-0.2261811995,0.005722452161,0.02817644422
4.31e+10,-0.298085683,-0.2248996208,0.008596418816,0.02751241566
4.311e+10,-0.2933374659,-0.2239386333,0.01139895444,0.02655807013
4.312e+10,-0.2884976386,-0.2233201769,0.01410120438,0.02531983987
4.313e+10,-0.2836226708,-0.223055767,0.01667458076,0.0238069771
4.314e+10,-0.278770571,-0.223145872,0.01909100489,0.02203161854
4.315e+10,-0.2739982275,-0.2235797806,0.02132335026,0.02000880623
4.316e+10,-0.2693599655,-0.2243361018,0.02334535651,0.01775642832
4.317e+10,-0.2649050941,-0.2253832541,0.02513225029,0.01529560378
4.318e+10,-0.2606758058,-0.2266801114,0.02666123329,0.01265049352
4.319e+10,-0.2567055569,-0.2281779532,0.02791198645,0.009848190997
4.32e+10,-0.2530171921,-0.2298223446,0.02886717887,0.006918356587
4.321e+10,-0.249622073,-0.2315551511,0.02951284864,0.003892819922
4.322e+10,-0.2465196716,-0.2333174751,0.02983877318,0.0008051668625
4.323e+10,-0.2436972704,-0.23505176,0.02983864022,-0.002309803732
4.324e+10,-0.2411306136,-0.2367041914,0.02951022811,-0.005416673493
4.325e+10,-0.2387850799,-0.2382276717,0.02885543502,-0.008479919476
4.326e+10,-0.2366170732,-0.2395832282,0.02788026119,-0.0114645022
4.327e+10,-0.2345761204,-0.2407417962,0.02659462175,-0.01433633569
4.328e+10,-0.232606703,-0.2416857923,0.02501218116,-0.01706279378
4.329e+10,-0.2306514977,-0.2424092341,0.02315006471,-0.01961306969
4.33e+10,-0.2286527728,-0.2429184082,0.02102853071,-0.0219585609
4.331e+10,-0.2265559457,-0.2432311887,0.01867048944,-0.02407321749
4.332e+10,-0.2243109359,-0.2433765414,0.01610145295,-0.02593389057
4.333e+10,-0.2218750706,-0.2433929994,0.01334923475,-0.02752017194
4.334e+10,-0.2192139498,-0.2433270184,0.0104431956,-0.02881463604
4.335e+10,-0.2163036184,-0.2432312648,0.0074141004,-0.02980302343
4.336e+10,-0.2131312282,-0.2431621366,0.004293859253,-0.03047434956
4.337e+10,-0.2096954308,-0.2431779648,0.001115234563,-0.03082086267
4.338e+10,-0.2060067114,-0.2433362294,-0.002088424983,-0.03083809683
4.339e+10,-0.2020866878,-0.2436915339,-0.005283440459,-0.03052473021
4.34e+10,-0.1979676869,-0.2442931912,-0.008436291259,-0.02988271009
4.341e+10,-0.1936912684,-0.2451836973,-0.0115137314,-0.02891731054
4.342e+10,-0.1893066127,-0.2463965302,-0.01448307464,-0.02763703486
4.343e+10,-0.1848689085,-0.2479551002,-0.01731251861,-0.02605359107
4.344e+10,-0.1804371669,-0.249871698,-0.01997142254,-0.02418184161
4.345e+10,-0.1760716199,-0.2521471118,-0.02243066244,-0.02203968148
4.346e+10,-0.1718319807,-0.2547700752,-0.02466287025,-0.01964796098
4.347e+10,-0.1677746424,-0.2577183851,-0.02664268844,-0.01703025264
4.348e+10,-0.1639506705,-0.2609589772,-0.02834733265,-0.0142127136
4.349e+10,-0.1604040243,-0.2644496423,-0.0297564838,-0.01122392097
4.35e+10,-0.1571695698,-0.268140662,-0.03085279189,-0.008094476314
4.351e+10,-0.1542718344,-0.2719762905,-0.03162203634,-0.004856786039
4.352e+10,-0.1517239919,-0.2758975172,-0.03205331532,-0.001544721368
4.353e+10,-0.1495277466,-0.2798437954,-0.03213918321,0.001806717509
4.354e+10,-0.1476727429,-0.2837559353,-0.03187579015,0.005161757469
4.355e+10,-0.1461374778,-0.2875778674,-0.03126294184,0.008484202845
4.356e+10,-0.1448900944,-0.2912593762,-0.03030415229,0.01173781521
4.357e+10,-0.143889325,-0.2947576139,-0.02900662705,0.0148866757
4.358e+10,-0.1430870842,-0.29803893,-0.02738128775,0.01789553587
4.359e+10,-0.1424293492,-0.3010802889,-0.02544267206,0.02073021155
4.36e+10,-0.1418592754,-0.3038696389,-0.02320890338,0.02335788169
4.361e+10,-0.1413189078,-0.3064069399,-0.02070153235,0.02574751328
4.362e+10,-0.1407518502,-0.3087037143,-0.0179454431,0.02787018803
4.363e+10,-0.1401053091,-0.310782392,-0.01496867426,0.02969945569
4.364e+10,-0.1393326628,-0.3126757779,-0.01180218367,0.031211745
4.365e+10,-0.1383947932,-0.3144254317,-0.008479564436,0.03238664413
4.366e+10,-0.137262325,-0.316079649,-0.005036841316,0.0332072627
4.367e+10,-0.1359161101,-0.3176919856,-0.001512055215,0.03366061249
4.368e+10,-0.1343486904,-0.3193185633,0.002055173651,0.03373786115
4.369e+10,-0.1325642862,-0.3210159575,0.005624137094,0.0334346064
4.37e+10,-0.1305787438,-0.3228383504,0.009153543688,0.03275098087
4.371e+10,-0.1284186515,-0.3248359899,0.01260209861,0.03169180266
4.372e+10,-0.1261204962,-0.3270522538,0.01592907111,0.03026659251
4.373e+10,-0.1237287417,-0.329522457,0.01909490256,0.02848953227
4.374e+10,-0.1212943319,-0.3322718197,0.02206177898,0.0263792524
4.375e+10,-0.1188721765,-0.3353150179,0.02479421756,0.02395858589
4.376e+10,-0.1165189556,-0.33865525,0.02725958197,0.02125425392
4.377e+10,-0.1142909243,-0.3422839509,0.02942848326,0.01829641899
4.378e+10,-0.1122413482,-0.3461821917,0.03127519453,0.01511821156
4.379e+10,-0.1104184201,-0.3503204118,0.03277787991,0.01175524292
4.38e+10,-0.1088638056,-0.3546606367,0.03391881674,0.008245105625
4.381e+10,-0.1076105842,-0.3591572042,0.03468452843,0.004626811049
4.382e+10,-0.1066819734,-0.3637596657,0.0350657832,0.0009401312548
4.383e+10,-0.1060911501,-0.3684141112,0.03505726817,-0.002774566499
4.384e+10,-0.1058408442,-0.3730658599,0.03465791367,-0.006476753285
4.385e+10,-0.1059232332,-0.3776606976,0.03387061907,-0.01012624102
4.386e+10,-0.1063203196,-0.3821475253,0.03270210992,-0.0136834572
4.387e+10,-0.1070052497,-0.3864799493,0.0311627965,-0.01710971356
4.388e+10,-0.1079429358,-0.3906178229,0.02926661585,-0.02036736467
4.389e+10,-0.1090917024,-0.3945287701,0.0270310315,-0.02342009741
4.39e+10,-0.1104050931,-0.3981891504,0.02447689798,-0.02623312243
4.391e+10,-0.1118331208,-0.4015846482,0.02162846029,-0.02877340459
4.392e+10,-0.1133246813,-0.4047109513,0.01851328972,-0.03100993053
4.393e+10,-0.1148292023,-0.4075736856,0.01516226564,-0.03291402089
4.394e+10,-0.1162984036,-0.4101879059,0.01160954003,-0.03445968113
4.395e+10,-0.1176882796,-0.4125778955,0.007892404382,-0.03562405752
4.396e+10,-0.1189608802,-0.4147757796,0.004051163892,-0.03638785599
4.397e+10,-0.1200855524,-0.4168204531,0.0001288571679,-0.03673586561
4.398e+10,-0.1210402854,-0.4187560557,-0.003829097904,-0.03665748568
4.399e+10,-0.121812666,-0.4206297304,-0.007775363272,-0.03614718165
4.4e+10,-0.1224001643,-0.4224902967,-0.01166135825,-0.03520498553
4.401e+10,-0.1228105826,-0.4243854192,-0.01543791152,-0.03383679321
4.402e+10,-0.1230612502,-0.426360223,-0.01905618474,-0.03205464396
4.403e+10,-0.123178647,-0.4284546365,-0.02246852641,-0.02987677925
4.404e+10,-0.1231968394,-0.4307021638,-0.02562947317,-0.0273275293
4.405e+10,-0.1231560372,-0.4331280889,-0.02849663217,-0.0244370002
4.406e+10,-0.1231007212,-0.435748501,-0.0310316377,-0.02124067748
4.407e+10,-0.1230773217,-0.4385696622,-0.03320092677,-0.01777866138
4.408e+10,-0.1231324893,-0.441588007,-0.03497634379,-0.01409490622
4.409e+10,-0.1233103724,-0.4447902021,-0.03633561198,-0.01023633742
4.41e+10,-0.1236514933,-0.4481542536,-0.037262631,-0.006251867482
4.411e+10,-0.1241902406,-0.4516504938,-0.03774752678,-0.002191482992
4.412e+10,-0.1249541131,-0.455243197,-0.03778655044,0.001894713738
4.413e+10,-0.1259624525,-0.4588921129,-0.037381825,0.005957283265
4.414e+10,-0.1272260816,-0.4625546914,-0.03654096123,0.009948192037
4.415e+10,-0.1287469935,-0.4661871831,-0.03527660271,0.01382135602
4.416e+10,-0.1305187287,-0.4697472736,-0.03360590077,0.01753311983
4.417e+10,-0.1325268175,-0.4731950535,-0.03155003533,0.02104252357
4.418e+10,-0.1347495581,-0.4764945639,-0.02913374254,0.0243115371
4.419e+10,-0.1371593575,-0.4796151035,-0.02638485954,0.02730514915
4.42e+10,-0.1397235008,-0.482532285,-0.02333401883,0.02999142935
4.421e+10,-0.1424059115,-0.4852284439,-0.02001435587,0.032341558
4.422e+10,-0.1451681945,-0.4876931046,-0.01646130764,0.03432983584
4.423e+10,-0.1479710541,-0.48992337,-0.01271248754,0.03593380126
4.424e+10,-0.1507759877,-0.4919237504,-0.008807520878,0.03713428221
4.425e+10,-0.1535463888,-0.4937057236,-0.004787991485,0.03791561881
4.426e+10,-0.1562487366,-0.4952874764,-0.0006973032768,0.03826583638
4.427e+10,-0.1588540307,-0.4966930607,0.003419470062,0.03817703209
4.428e+10,-0.1613384946,-0.4979512306,0.007515821275,0.03764570133
4.429e+10,-0.1636848782,-0.4990948561,0.01154423089,0.03667308727
4.43e+10,-0.1658824202,-0.5001589576,0.01545649282,0.03526561938
4.431e+10,-0.1679279306,-0.5011799654,0.01920444187,0.03343521393
4.432e+10,-0.1698253519,-0.5021939419,0.02274059127,0.03119956857
4.433e+10,-0.1715860067,-0.5032351208,0.02601896385,0.02858224487
4.434e+10,-0.1732276898,-0.5043344387,0.02899603278,0.025612688
4.435e+10,-0.1747742604,-0.5055183688,0.03163165133,0.02232600359
4.436e+10,-0.1762543661,-0.5068076664,0.03388993115,0.01876254369
4.437e+10,-0.1776999386,-0.5082165901,0.03574019732,0.01496728992
4.438e+10,-0.1791453162,-0.5097521034,0.03715767124,0.01098907071
4.439e+10,-0.1806249324,-0.511414066,0.03812404439,0.006879595835
4.44e+10,-0.1821724022,-0.5131949871,0.03862789505,0.002692377443
4.441e+10,-0.1838185988,-0.5150805634,0.03866483286,-0.00151832822
4.442e+10,-0.1855907174,-0.5170507219,0.03823739571,-0.005698623063
4.443e+10,-0.1875107627,-0.51908041,0.03735478867,-0.009796050154
4.444e+10,-0.1895951452,-0.5211407674,0.03603240074,-0.0137604664
4.445e+10,-0.1918538811,-0.5232005986,0.03429119563,-0.01754480259
4.446e+10,-0.1942906154,-0.5252277345,0.03215702178,-0.02110569049
4.447e+10,-0.1969024116,-0.5271902405,0.02965989945,-0.02440386962
4.448e+10,-0.1996805978,-0.5290577552,0.02683316002,-0.02740452906
4.449e+10,-0.2026106654,-0.5308024884,0.02371277333,-0.03007728553
4.45e+10,-0.2056736055,-0.5324001565,0.02033674543,-0.03239613077
4.451e+10,-0.2088463305,-0.5338306453,0.01674461785,-0.03433938893
4.452e+10,-0.212102754,-0.5350786156,0.01297698493,-0.03588952577
4.453e+10,-0.2154147445,-0.5361339314,0.009075255902,-0.03703295737
4.454e+10,-0.218752956,-0.536991748,0.005081286199,-0.03775998777
4.455e+10,-0.2220882411,-0.5376525121,0.001037319324,-0.03806432742
4.456e+10,-0.2253917578,-0.5381220385,-0.003014490588,-0.03794441555
4.457e+10,-0.2286368095,-0.5384108871,-0.007031151651,-0.03740012058
4.458e+10,-0.2317989168,-0.5385342875,-0.01096979007,-0.03643667957
4.459e+10,-0.2348573317,-0.5385112908,-0.01478883954,-0.03506300333
4.46e+10,-0.2377947919,-0.538364726,-0.0184457065,-0.03329270216
4.461e+10,-0.2405989485,-0.538118796,-0.02190722874,-0.03114097409
4.462e+10,-0.2432603945,-0.5378014856,-0.02511701627,-0.02862879905
4.463e+10,-0.2457769111,-0.537439639,-0.02804764912,-0.02577965588
4.464e+10,-0.2481519477,-0.5370615442,-0.03066568098,-0.02263207934
4.465e+10,-0.2503910268,-0.5366940455,-0.03293088012,-0.0192116978
4.466e+10,-0.2525069068,-0.5363618813,-0.03481620505,-0.01555860068
4.467e+10,-0.2545161119,-0.5360870816,-0.03629601313,-0.01171500319
4.468e+10,-0.2564391391,-0.5358884902,-0.03734871276,-0.007726835473
4.469e+10,-0.2582996488,-0.5357803521,-0.03795834036,-0.003642865682
4.47e+10,-0.2601237283,-0.5357723937,-0.03811450025,0.000485547991
4.471e+10,-0.2619388401,-0.5358684304,-0.03781657856,0.004604991243
4.472e+10,-0.2637721509,-0.5360675937,-0.03706609187,0.008666002283
4.473e+10,-0.2656508183,-0.5363634573,-0.03587295213,0.01261511811
4.474e+10,-0.2675998387,-0.5367442582,-0.03425359885,0.01640166344
4.475e+10,-0.2696413286,-0.5371934983,-0.03223336705,0.0199791042
4.476e+10,-0.2717936508,-0.537691109,-0.02983847392,0.02330442793
4.477e+10,-0.2740708854,-0.5382139805,-0.02710263041,0.02633828959
4.478e+10,-0.2764825564,-0.5387365374,-0.02406282419,0.02904638115
4.479e+10,-0.2790330831,-0.5392323652,-0.02075933889,0.03139943301
4.48e+10,-0.2817217532,-0.5396745946,-0.01723498863,0.03337356176
4.481e+10,-0.2845429851,-0.5400370244,-0.01353417791,0.03495046608
4.482e+10,-0.2874864435,-0.5402953287,-0.009702116296,0.03611723994
4.483e+10,-0.2905377238,-0.5404274124,-0.005784092556,0.0368661836
4.484e+10,-0.2936787401,-0.5404143991,-0.001824885678,0.03719446537
4.485e+10,-0.2968885096,-0.5402410725,0.002131655422,0.03710371569
4.486e+10,-0.3001439245,-0.5398960972,0.006042908853,0.0365997199
4.487e+10,-0.3034203146,-0.5393724698,0.009867821196,0.0356920073
4.488e+10,-0.306692481,-0.5386674597,0.01356692931,0.03439345554
4.489e+10,-0.3099352489,-0.537782733,0.01710234075,0.03271997835
4.49e+10,-0.3131240231,-0.5367241479,0.0204372396,0.0306907228
4.491e+10,-0.3162356511,-0.5355014156,0.0235354243,0.02832834235
4.492e+10,-0.31924884,-0.5341285113,0.02636163903,0.02566342502
4.493e+10,-0.3221456086,-0.5326231893,0.02889460041,0.02273690077
4.494e+10,-0.3249123067,-0.5310050018,0.03113073607,0.01956832937
4.495e+10,-0.3275372397,-0.5292941163,0.03303506284,0.01616666862
4.496e+10,-0.3300115317,-0.5275143526,0.03457038972,0.01257148767
4.497e+10,-0.3323315753,-0.5256910441,0.03571671252,0.008827466668
4.498e+10,-0.3344987916,-0.5238493866,0.03646026145,0.004976873092
4.499e+10,-0.3365188867,-0.5220134598,0.03679069075,0.001062463255
4.5e+10,-0.3384016804,-0.520205941,0.03670152706,-0.002871908496
4.501e+10,-0.3401599416,-0.5184469026,0.03619256883,-0.006780973174
4.502e+10,-0.3418109066,-0.5167551064,0.03526441287,-0.01062030993
4.503e+10,-0.3433748194,-0.5151453357,0.03392457207,-0.01434364942
4.504e+10,-0.344874188,-0.5136282801,0.03218612257,-0.01790510027
4.505e+10,-0.3463333905,-0.5122103506,0.03006779218,-0.02126003499
4.506e+10,-0.3477773557,-0.5108932729,0.02759393061,-0.02436587193
4.507e+10,-0.3492310052,-0.5096739184,0.02479425366,-0.02718299871
4.508e+10,-0.3507184184,-0.5085445409,0.02170344575,-0.0296756133
4.509e+10,-0.3522616452,-0.5074929735,0.01836053633,-0.03181246335
4.51e+10,-0.3538798332,-0.5065029375,0.01480827926,-0.03356750248
4.511e+10,-0.3555889552,-0.5055549372,0.01109221011,-0.03492035789
4.512e+10,-0.3574008254,-0.5046266699,0.007259757628,-0.03585669751
4.513e+10,-0.3593227274,-0.5036940977,0.003359270283,-0.03636831707
4.514e+10,-0.3613573041,-0.5027324213,-0.0005608676224,-0.03645310086
4.515e+10,-0.3635025138,-0.5017167899,-0.004453157999,-0.03611475342
4.516e+10,-0.3657516919,-0.5006232248,-0.008271739933,-0.03536244751
4.517e+10,-0.3680940275,-0.4994295971,-0.01197304683,-0.03421033081
4.518e+10,-0.3705147151,-0.4981161509,-0.01551632909,-0.03267692157
4.519e+10,-0.3729960454,-0.4966664133,-0.01886398945,-0.03078457392
4.52e+10,-0.3755174699,-0.4950673084,-0.02198183162,-0.02855878312
4.521e+10,-0.3780568495,-0.4933096789,-0.02483917758,-0.02602768025
4.522e+10,-0.3805907668,-0.4913884107,-0.02740879771,-0.02322151609
4.523e+10,-0.3830955765,-0.4893026714,-0.02966692622,-0.02017224832
4.524e+10,-0.3855478139,-0.48705558,-0.03159309492,-0.01691315909
4.525e+10,-0.3879251919,-0.4846542518,-0.03317008171,-0.01347857605
4.526e+10,-0.3902070663,-0.4821096329,-0.03438362894,-0.009903678046
4.527e+10,-0.392375067,-0.4794356504,-0.03522241054,-0.006224448916
4.528e+10,-0.3944135269,-0.4766494446,-0.03567801122,-0.002477591281
4.529e+10,-0.3963101457,-0.4737703144,-0.03574489662,0.001299471653
4.53e+10,-0.3980559483,-0.4708193203,-0.0354205683,0.005068734745
4.531e+10,-0.3996460186,-0.4678189546,-0.03470566379,0.008791589967
4.532e+10,-0.4010796051,-0.4647919975,-0.03360421979,0.01242892862
4.533e+10,-0.4023596608,-0.4617609021,-0.0321238824,0.01594141011
4.534e+10,-0.4034936162,-0.4587474682,-0.03027620399,0.01928968567
4.535e+10,-0.4044925627,-0.4557715031,-0.02807684532,0.02243478676
4.536e+10,-0.4053710893,-0.4528503597,-0.02554585509,0.02533859192
4.537e+10,-0.4061472521,-0.4499989207,-0.02270788806,0.02796414008
4.538e+10,-0.4068410986,-0.4472273558,-0.01959229704,0.03027703347
4.539e+10,-0.4074749387,-0.4445422885,-0.0162329271,0.0322454589
4.54e+10,-0.4080717397,-0.4419455364,-0.01266785768,0.03384133212
4.541e+10,-0.4086543214,-0.4394342429,-0.008939032391,0.03504090308
4.542e+10,-0.4092448109,-0.437000827,-0.00509197587,0.03582531149
4.543e+10,-0.4098630328,-0.4346333525,-0.001174131591,0.03618195634
4.544e+10,-0.4105261195,-0.4323158173,0.00276440755,0.0361030713
4.545e+10,-0.4112475197,-0.4300289206,0.006673131801,0.03558864161
4.546e+10,-0.4120360334,-0.4277508287,0.01050185018,0.03464454907
4.547e+10,-0.4128961151,-0.4254582388,0.01420158005,0.03328320195
4.548e+10,-0.4138269,-0.4231278245,0.01772546968,0.03152301244
4.549e+10,-0.414822632,-0.4207365808,0.02102980035,0.02938781855
4.55e+10,-0.4158727948,-0.418263015,0.02407461664,0.02690640661
4.551e+10,-0.4169630159,-0.4156886166,0.02682416945,0.02411168997
4.552e+10,-0.4180752135,-0.412997853,0.02924728248,0.02103996739
4.553e+10,-0.4191889035,-0.4101793092,0.03131745485,0.01773034822
4.554e+10,-0.4202810188,-0.4072254203,0.03301401978,0.01422422107
4.555e+10,-0.4213275602,-0.4041345035,0.03432024918,0.01056187349
4.556e+10,-0.4223056383,-0.4009086305,0.03522281105,0.006787000888
4.557e+10,-0.4231921258,-0.3975544188,0.03571424759,0.002943077016
4.558e+10,-0.4239660462,-0.3940831026,0.03579102213,-0.0009266134866
4.559e+10,-0.4246089068,-0.3905097156,0.03545359885,-0.004778993502
4.56e+10,-0.4251056383,-0.3868525565,0.03470641237,-0.008571409536
4.561e+10,-0.4254448232,-0.3831326701,0.03355767761,-0.01226173793
4.562e+10,-0.425619657,-0.3793726918,0.03201954785,-0.01580881677
4.563e+10,-0.4256277703,-0.3755963554,0.03010802914,-0.01917234391
4.564e+10,-0.4254716128,-0.3718273015,0.02784303838,-0.02231339459
4.565e+10,-0.425158514,-0.3680882633,0.02524850173,-0.02519463035
4.566e+10,-0.4247001119,-0.3644000204,0.02235240111,-0.027780692
4.567e+10,-0.4241123994,-0.3607803594,0.01918677213,-0.03003874809
4.568e+10,-0.4234148227,-0.357243507,0.01578766268,-0.03193902345
4.569e+10,-0.4226293226,-0.3537991955,0.01219498065,-0.03345539531
4.57e+10,-0.4217797971,-0.3504518728,0.008452127947,-0.03456611974
4.571e+10,-0.4208906072,-0.3472008327,0.004605649219,-0.03525439423
4.572e+10,-0.4199855865,-0.3440396122,0.0007045572671,-0.03550905444
4.573e+10,-0.4190865392,-0.3409565562,-0.00320044484,-0.03532506938
4.574e+10,-0.4182125777,-0.3379350571,-0.007057858658,-0.0347039284
4.575e+10,-0.4173782773,-0.3349542585,-0.01081640477,-0.03365380611
4.576e+10,-0.4165935332,-0.3319899762,-0.01442607348,-0.03218961689
4.577e+10,-0.4158622988,-0.3290162043,-0.01783906858,-0.0303324932
4.578e+10,-0.4151823681,-0.3260062409,-0.02101169276,-0.02810976802
4.579e+10,-0.4145457194,-0.3229338564,-0.02390357747,-0.02555446232
4.58e+10,-0.4139381415,-0.3197749509,-0.0264796877,-0.02270360783
4.581e+10,-0.413340336,-0.3165086582,-0.02871050619,-0.01959809129
4.582e+10,-0.4127283184,-0.3131186208,-0.03057259331,-0.01628134334
4.583e+10,-0.4120746478,-0.3095936182,-0.03204821622,-0.01279878801
4.584e+10,-0.4113498515,-0.3059280661,-0.03312527065,-0.009196427048
4.585e+10,-0.4105232823,-0.3021229169,-0.03379737743,-0.005519949111
4.586e+10,-0.4095648021,-0.2981851578,-0.03406352112,-0.001814561929
4.587e+10,-0.4084453722,-0.2941278706,-0.03392757414,0.00187578206
4.588e+10,-0.4071392353,-0.2899694779,-0.0333977979,0.005508847781
4.589e+10,-0.4056239763,-0.2857338235,-0.03248639864,0.00904445347
4.59e+10,-0.4038820136,-0.2814484167,-0.03120910024,0.01244463325
4.591e+10,-0.4019010336,-0.2771442539,-0.02958472519,0.01567379185
4.592e+10,-0.3996746867,-0.2728544142,-0.02763495755,0.0186986837
4.593e+10,-0.3972030234,-0.2686128716,-0.02538406484,0.02148856184
4.594e+10,-0.3944924056,-0.2644532237,-0.0228587503,0.02401517806
4.595e+10,-0.391555406,-0.2604078313,-0.02008796487,0.02625282385
4.596e+10,-0.3884105508,-0.2565061619,-0.01710285506,0.02817843373
4.597e+10,-0.3850822678,-0.2527738845,-0.01393681415,0.02977180256
4.598e+10,-0.3815986956,-0.2492318173,-0.0106249409,0.03101592465
4.599e+10,-0.3779928107,-0.2458952366,-0.007204374512,0.03189675248
4.6e+10,-0.3742996921,-0.2427723049,-0.003714037155,0.03240402886
4.601e+10,-0.3705557414,-0.2398644108,-0.0001942002153,0.03253150467
4.602e+10,-0.366797209,-0.2371652465,0.003313820002,0.03227721464
4.603e+10,-0.3630583439,-0.2346612546,0.006768170472,0.03164378023
4.604e+10,-0.3593702004,-0.2323318781,0.01012697044,0.03063869695
4.605e+10,-0.3557591076,-0.2301504441,0.01334903799,0.02927442777
4.606e+10,-0.352245193,-0.2280847002,0.01639457304,0.02756846795
4.607e+10,-0.3488414015,-0.2260987301,0.019225919,0.02554320395
4.608e+10,-0.3455525669,-0.2241542381,0.02180832888,0.02322561799
4.609e+10,-0.3423752714,-0.2222125781,0.02411061615,0.02064693958
4.61e+10,-0.3392975957,-0.2202359956,0.02610584131,0.0178419842
4.611e+10,-0.3362995443,-0.2181901531,0.02777172581,0.014848603
4.612e+10,-0.3333537363,-0.2160453059,0.02909112394,0.01170680261
4.613e+10,-0.3304269521,-0.2137777693,0.03005214871,0.008458056541
4.614e+10,-0.3274810572,-0.2113714688,0.03064829631,0.005144421187
4.615e+10,-0.3244750931,-0.2088183037,0.03087833401,0.00180774619
4.616e+10,-0.321366563,-0.2061187387,0.03074605803,-0.001511063686
4.617e+10,-0.3181135151,-0.2032821554,0.0302599373,-0.004772663821
4.618e+10,-0.3146763777,-0.2003260504,0.02943272091,-0.007939870631
4.619e+10,-0.311019362,-0.1972755933,0.02828088203,-0.01097807741
4.62e+10,-0.3071117446,-0.1941627767,0.02682410899,-0.01385559437
4.621e+10,-0.3029292126,-0.1910249456,0.02508473395,-0.01654378069
4.622e+10,-0.2984549469,-0.1879036503,0.0230872843,-0.01901722644
4.623e+10,-0.2936795528,-0.1848430931,0.02085792839,-0.0212536742
4.624e+10,-0.288602119,-0.1818886157,0.01842415469,-0.02323398045
4.625e+10,-0.283229279,-0.1790851687,0.01581436981,-0.02494202628
4.626e+10,-0.2775759526,-0.1764761416,0.01305769404,-0.02636454041
4.627e+10,-0.2716640437,-0.1741013834,0.0101837192,-0.02749104717
4.628e+10,-0.2655223409,-0.1719966471,0.007222354462,-0.02831368509
4.629e+10,-0.259185011,-0.1701921543,0.004203746373,-0.02882717878
4.63e+10,-0.2526909373,-0.1687119282,0.001158126096,-0.02902876855
4.631e+10,-0.2460826972,-0.167572783,-0.001884245618,-0.02891821647
4.632e+10,-0.2394044687,-0.1667839678,-0.004893194982,-0.02849779343
4.633e+10,-0.2327017403,-0.1663468784,-0.007838790756,-0.02777233066
4.634e+10,-0.2260187541,-0.1662551821,-0.01069144393,-0.02674928013
4.635e+10,-0.2193979568,-0.1664947208,-0.01342216269,-0.02543873589
4.636e+10,-0.212878162,-0.1670441918,-0.01600265291,-0.02385345574
4.637e+10,-0.2064935399,-0.1678762371,-0.01840565996,-0.02200890283
4.638e+10,-0.2002721121,-0.1689576403,-0.02060512193,-0.01992326406
4.639e+10,-0.1942350674,-0.1702509852,-0.02257650995,-0.01761740839
4.64e+10,-0.1883958526,-0.1717162512,-0.02429709536,-0.01511487092
4.641e+10,-0.1827600198,-0.1733119167,-0.02574628041,-0.01244177522
4.642e+10,-0.1773249316,-0.1749967142,-0.0269059965,-0.009626696888
4.643e+10,-0.1720794223,-0.1767313048,-0.02776104025,-0.00670047572
4.644e+10,-0.167005079,-0.1784797146,-0.02829946757,-0.003695985112
4.645e+10,-0.1620765005,-0.1802113388,-0.02851293733,-0.0006478059369
4.646e+10,-0.1572628007,-0.1819014055,-0.02839706535,0.002408302644
4.647e+10,-0.1525286385,-0.1835330061,-0.02795170895,0.005435889419
4.648e+10,-0.1478360845,-0.1850969776,-0.02718115788,0.008398370202
4.649e+10,-0.1431465265,-0.1865931409,-0.0260938934,0.01125965999
4.65e+10,-0.1384220599,-0.1880296032,-0.02470310846,0.01398486462
4.651e+10,-0.1336279144,-0.1894225145,-0.02302590924,0.01654095277
4.652e+10,-0.1287335494,-0.1907954277,-0.02108326709,0.0188972328
4.653e+10,-0.1237141481,-0.1921778671,-0.01889951971,0.02102585285
4.654e+10,-0.1185519852,-0.1936040366,-0.01650196745,0.02290218132
4.655e+10,-0.1132366731,-0.1951116577,-0.01392035094,0.02450503705
4.656e+10,-0.1077662251,-0.1967393933,-0.01118639277,0.02581697448
4.657e+10,-0.1021461878,-0.198526111,-0.008333272902,0.02682438373
4.658e+10,-0.09639050569,-0.2005086642,-0.005395133786,0.02751756449
4.659e+10,-0.09051964105,-0.2027207578,-0.002406602282,0.02789071844
4.66e+10,-0.08456055465,-0.2051911165,0.000597710986,0.02794188271
4.661e+10,-0.07854523895,-0.2079432467,0.003583581546,0.0276727753
4.662e+10,-0.07250924355,-0.2109938969,0.006517603269,0.02708864545
4.663e+10,-0.06649048038,-0.2143528684,0.00936751087,0.02619801912
4.664e+10,-0.06052793221,-0.2180228504,0.01210238804,0.02501247814
4.665e+10,-0.05465974207,-0.2219998613,0.01469297755,0.0235464129
4.666e+10,-0.04892250894,-0.2262732072,0.01711177142,0.02181674594
4.667e+10,-0.04334981973,-0.2308258987,0.01933315566,0.01984277228
4.668e+10,-0.03797134351,-0.2356362184,0.02133346118,0.01764595311
4.669e+10,-0.03281185346,-0.2406779107,0.02309114296,0.01524976245
4.67e+10,-0.0278908386,-0.2459215194,0.02458684556,0.01267953803
4.671e+10,-0.02322233327,-0.2513355399,0.02580345303,0.009962413129
4.672e+10,-0.01881387888,-0.2568876403,0.02672632363,0.007127146603
4.673e+10,-0.01466772244,-0.2625454128,0.02734337346,0.004204084257
4.674e+10,-0.01078012588,-0.2682779416,0.02764529643,0.001224987773
4.675e+10,-0.007142459314,-0.2740566259,0.02762586653,-0.001777082685
4.676e+10,-0.003740375363,-0.2798540042,0.02728045047,-0.004769963866
4.677e+10,-0.0005593702718,-0.2856540041,0.02661329893,-0.007713484952
4.678e+10,0.002422332622,-0.2914347117,0.02562543101,-0.0105771041
4.679e+10,0.005225728506,-0.2971856399,0.02432583506,-0.01332396675
4.68e+10,0.007872817454,-0.3028997986,0.022726869,-0.01591906133
4.681e+10,0.01038545552,-0.3085755116,0.02084508663,-0.01832837513
4.682e+10,0.01278364601,-0.3142154133,0.0187012731,-0.02051950552
4.683e+10,0.0150855928,-0.3198265286,0.01632034453,-0.02246228894
4.684e+10,0.01730551927,-0.325419278,0.01373110677,-0.02412937212
4.685e+10,0.01945432141,-0.3310065294,0.01096590903,-0.02549693236
4.686e+10,0.02153871071,-0.3366030584,0.008060189835,-0.02654498578
4.687e+10,0.0235607279,-0.3422239434,0.005051914234,-0.02725825954
4.688e+10,0.02551828714,-0.347883925,0.001980854433,-0.02762615704
4.689e+10,0.02740532572,-0.3535962247,-0.001112058634,-0.02764322467
4.69e+10,0.02921238927,-0.3593718876,-0.004185492004,-0.02730916155
4.691e+10,0.03092716878,-0.3652190056,-0.00719848463,-0.02662887073
4.692e+10,0.03253531894,-0.3711421442,-0.01011111853,-0.02561223467
4.693e+10,0.03402147648,-0.3771421463,-0.01288520135,-0.02427390217
4.694e+10,0.03537038625,-0.3832161602,-0.01548483875,-0.02263293159
4.695e+10,0.03656725372,-0.3893575161,-0.01787693937,-0.02071236019
4.696e+10,0.0375988263,-0.395556133,-0.02003161431,-0.01853872552
4.697e+10,0.03845430704,-0.4017992359,-0.02192249879,-0.01614156467
4.698e+10,0.0391253762,-0.4080716436,-0.02352690662,-0.01355298463
4.699e+10,0.0396073172,-0.4143567852,-0.02482609799,-0.01080708097
4.7e+10,0.03989840884,-0.4206373023,-0.02580527865,-0.007939593501
4.701e+10,0.04000064419,-0.4268957144,-0.02645368163,-0.004987466031
4.702e+10,0.03991924401,-0.4331154668,-0.02676459253,-0.001988422671
4.703e+10,0.03966237917,-0.4392815163,-0.02673540733,0.00101936179
4.704e+10,0.03924100721,-0.4453807145,-0.02636762238,0.003997599222
4.705e+10,0.0386680037,-0.4514026306,-0.02566688381,0.006908305373
4.706e+10,0.03795766828,-0.4573397451,-0.02464300268,0.009714149014
4.707e+10,0.03712498989,-0.4631876505,-0.02330995043,0.01237886396
4.708e+10,0.03618535576,-0.4689452259,-0.02168587954,0.0148677411
4.709e+10,0.03515296612,-0.4746144581,-0.01979302595,0.01714810938
4.71e+10,0.03404101686,-0.480200175,-0.01765758291,0.0191898889
4.711e+10,0.03286053554,-0.4857097919,-0.01530945142,0.02096615453
4.712e+10,0.03162015042,-0.4911525345,-0.01278192048,0.02245370641
4.713e+10,0.03032562203,-0.4965391481,-0.01011116912,0.02363365313
4.714e+10,0.02897963165,-0.5018807724,-0.007335705818,0.02449185399
4.715e+10,0.02758178707,-0.5071886621,-0.004495655105,0.02501933649
4.716e+10,0.02612866284,-0.5124731544,-0.001631927697,0.0252125405
4.717e+10,0.02461414685,-0.5177429344,0.001214557416,0.02507343536
4.718e+10,0.02302987007,-0.5230047668,0.004003883942,0.0246094567
4.719e+10,0.02136587975,-0.5282627606,0.006697882756,0.02383322277
4.72e+10,0.01961129966,-0.5335181296,0.009260985543,0.02276213301
4.721e+10,0.01775478675,-0.5387692779,0.01166080359,0.0214178045
4.722e+10,0.01578557248,-0.5440115355,0.01386881986,0.01982548601
4.723e+10,0.01369394788,-0.5492376955,0.01586076287,0.01801311835
4.724e+10,0.01147179954,-0.5544381529,0.01761660806,0.0160104434
4.725e+10,0.009112950295,-0.5596013753,0.01912045472,0.01384866128
4.726e+10,0.006613662509,-0.5647146737,0.02036079427,0.01155968477
4.727e+10,0.003972732911,-0.5697641585,0.02133021631,0.00917540933
4.728e+10,0.001191570996,-0.5747358753,0.02202508733,0.006727202024
4.729e+10,-0.001725824378,-0.579616161,0.0224451157,0.004245514959
4.73e+10,-0.004773147746,-0.58439189,0.02259304597,0.001759640517
4.731e+10,-0.007941725425,-0.5890511854,0.02247428498,-0.0007025328765
4.732e+10,-0.01122100969,-0.5935836009,0.02209656509,-0.003114505692
4.733e+10,-0.01459895594,-0.5979805508,0.02146975874,-0.005451290931
4.734e+10,-0.01806212623,-0.602235349,0.02060541661,-0.007689391973
4.735e+10,-0.02159631057,-0.6063434504,0.01951669933,-0.00980671289
4.736e+10,-0.02518678099,-0.6103031123,0.01821886237,-0.0117830088
4.737e+10,-0.02881851279,-0.6141142304,0.0167281363,-0.01359853462
4.738e+10,-0.03247707483,-0.6177793793,0.01506223455,-0.01523578442
4.739e+10,-0.03614859762,-0.6213031912,0.01324050715,-0.01667851759
4.74e+10,-0.03982030809,-0.6246924906,0.01128375578,-0.01791207028
4.741e+10,-0.04348079547,-0.6279559593,0.009214311839,-0.01892353584
4.742e+10,-0.04712031689,-0.6311038712,0.00705600233,-0.01970198738
4.743e+10,-0.05073130736,-0.6341477091,0.004834103863,-0.02023881095
4.744e+10,-0.05430809862,-0.6370999935,0.002575173491,-0.02052797782
4.745e+10,-0.05784758322,-0.6399736261,0.0003068192105,-0.02056629485
4.746e+10,-0.06134894767,-0.6427817015,-0.001942768535,-0.02035378628
4.747e+10,-0.06481373714,-0.6455367357,-0.004145064783,-0.01989394073
4.748e+10,-0.06824577162,-0.6482507533,-0.006271822475,-0.01919379312
4.749e+10,-0.07165091365,-0.6509341488,-0.008295517647,-0.01826405777
4.75e+10,-0.07503673568,-0.6535959575,-0.01018975202,-0.0171192117
4.751e+10,-0.07841252595,-0.6562431039,-0.01193023176,-0.01577716853
4.752e+10,-0.08178793819,-0.6588804142,-0.01349630473,-0.01425878836
4.753e+10,-0.08517344836,-0.661510637,-0.01486976915,-0.01258730731
4.754e+10,-0.08857942387,-0.6641340567,-0.01603583635,-0.01078797904
4.755e+10,-0.0920159459,-0.6667489052,-0.01698332988,-0.008887433305
4.756e+10,-0.09549218107,-0.6693515513,-0.01770484802,-0.006913086244
4.757e+10,-0.09901616179,-0.6719364533,-0.01819673974,-0.004892569279
4.758e+10,-0.1025945318,-0.6744968176,-0.01845886116,-0.00285304663
4.759e+10,-0.1062323389,-0.6770246838,-0.01849450077,-0.0008207579449
4.76e+10,-0.1099327858,-0.6795115042,-0.01830991937,0.001179455158
4.761e+10,-0.1136974669,-0.6819482835,-0.01791409132,0.003124397504
4.762e+10,-0.1175262479,-0.6843260967,-0.017318242,0.004993004822
4.763e+10,-0.1214173207,-0.6866362162,-0.01653517146,0.006766032457
4.764e+10,-0.1253674827,-0.6888705073,-0.01557933536,0.008426553124
4.765e+10,-0.1293723185,-0.6910215356,-0.01446616299,0.009959741838
4.766e+10,-0.1334261666,-0.693082785,-0.01321183707,0.01135279224
4.767e+10,-0.1375225608,-0.6950487905,-0.01183305127,0.01259480886
4.768e+10,-0.1416543345,-0.6969151083,-0.01034684413,0.01367669217
4.769e+10,-0.1458138685,-0.698678468,-0.008770437753,0.01459098587
4.77e+10,-0.1499931217,-0.7003367221,-0.00712117166,0.01533175153
4.771e+10,-0.1541840715,-0.7018888844,-0.005416462943,0.01589446715
4.772e+10,-0.1583784385,-0.7033351288,-0.003673796116,0.01627596124
4.773e+10,-0.1625683714,-0.7046765603,-0.001910719589,0.01647436228
4.774e+10,-0.1667461338,-0.7059155008,-0.0001448592443,0.01648909268
4.775e+10,-0.1709044642,-0.7070550603,0.001606052198,0.016320932
4.776e+10,-0.1750365633,-0.7080994055,0.003324244482,0.01597204531
4.777e+10,-0.1791363394,-0.7090534015,0.004991874854,0.0154461206
4.778e+10,-0.1831983391,-0.709922774,0.006591176517,0.01474845874
4.779e+10,-0.1872180211,-0.7107137534,0.008104553246,0.01388610161
4.78e+10,-0.1911917589,-0.7114332332,0.009514738773,0.01286794344
4.781e+10,-0.1951168735,-0.7120883745,0.01080503399,0.01170486448
4.782e+10,-0.1989918118,-0.7126866757,0.01195958746,0.01040973986
4.783e+10,-0.2028160823,-0.7132356664,0.01296368245,0.00899750476
4.784e+10,-0.2065903299,-0.7137427992,0.01380408737,0.00748509113
4.785e+10,-0.2103162776,-0.7142152847,0.01446941373,0.005891315068
4.786e+10,-0.21399674,-0.7146598549,0.01495048025,0.004236694756
4.787e+10,-0.2176355327,-0.7150826211,0.0152406533,0.002543149918
4.788e+10,-0.2212373151,-0.7154889207,0.01533614104,0.0008336640282
4.789e+10,-0.2248074831,-0.7158831136,0.01523624257,-0.0008681799504
4.79e+10,-0.2283520127,-0.7162684515,0.01494348864,-0.002538700013
4.791e+10,-0.2318771592,-0.7166471042,0.0144636671,-0.004154655857
4.792e+10,-0.2353893401,-0.7170200544,0.01380575921,-0.005693808022
4.793e+10,-0.2388949147,-0.7173870194,0.01298173528,-0.007135443238
4.794e+10,-0.2423998226,-0.7177466822,0.01200624304,-0.008460877358
4.795e+10,-0.245909582,-0.7180966518,0.01089621223,-0.009653830801
4.796e+10,-0.2494289875,-0.7184335745,0.00967037854,-0.01070076065
4.797e+10,-0.2529620534,-0.7187534604,0.008348768885,-0.01159104051
4.798e+10,-0.2565118153,-0.7190517095,0.006952195579,-0.01231704882
4.799e+10,-0.2600803726,-0.7193233028,0.005501714908,-0.01287414031
4.8e+10,-0.2636688461,-0.7195630913,0.004018118139,-0.01326054523
4.801e+10,-0.2672773061,-0.7197659782,0.00252166967,-0.01347718069
4.802e+10,-0.2709050044,-0.7199268769,0.001031621757,-0.01352727837
4.803e+10,-0.2745502568,-0.7200411728,-0.0004340490506,-0.01341620817
4.804e+10,-0.2782106584,-0.7201045252,-0.001858765088,-0.0131511103
4.805e+10,-0.2818831288,-0.7201133068,-0.003227583463,-0.01274055307
4.806e+10,-0.2855641321,-0.7200642203,-0.004526485187,-0.01219415135
4.807e+10,-0.2892495189,-0.7199550172,-0.005744380939,-0.0115229795
4.808e+10,-0.2929350811,-0.7197838149,-0.006870565389,-0.01073787781
4.809e+10,-0.2966162823,-0.7195495563,-0.007896119122,-0.00985060445
4.81e+10,-0.3002885509,-0.7192518511,-0.008813431743,-0.008873118081
4.811e+10,-0.3039473182,-0.7188910588,-0.009616114833,-0.007817557797
4.812e+10,-0.3075881492,-0.7184681597,-0.01029888279,-0.006696175366
4.813e+10,-0.3112068152,-0.7179847687,-0.01085746564,-0.00552131155
4.814e+10,-0.31479939,-0.7174431166,-0.01128856103,-0.00430539088
4.815e+10,-0.3183623128,-0.7168459806,-0.0115897914,-0.003060925197
4.816e+10,-0.3218925101,-0.7161966154,-0.01175968772,-0.001800553772
4.817e+10,-0.3253873893,-0.7154986313,-0.0117977556,-0.0005370418149
4.818e+10,-0.328844945,-0.7147560293,-0.01170449871,0.000716786357
4.819e+10,-0.3322638384,-0.7139730456,-0.0114815015,0.001947910564
4.82e+10,-0.335643357,-0.7131539998,-0.01113153163,0.003143343524
4.821e+10,-0.3389834995,-0.7123032504,-0.01065864305,0.004290140397
4.822e+10,-0.3422849156,-0.7114251278,-0.01006823568,0.005375538519
4.823e+10,-0.345549007,-0.7105236361,-0.009367156503,0.006387146452
4.824e+10,-0.3487777601,-0.7096025375,-0.008563729438,0.007313132634
4.825e+10,-0.3519737164,-0.708665088,-0.007667767515,0.00814246276
4.826e+10,-0.3551399265,-0.7077140512,-0.006690518076,0.008865138384
4.827e+10,-0.3582797846,-0.7067515072,-0.005644576295,0.009472509958
4.828e+10,-0.3613969973,-0.7057788231,-0.004543641002,0.009957432482
4.829e+10,-0.3644952496,-0.7047966367,-0.003402414384,0.01031453241
4.83e+10,-0.3675782536,-0.7038048855,-0.00223622531,0.0105403917
4.831e+10,-0.3706494985,-0.7028027033,-0.0010607507,0.01063363244
4.832e+10,-0.3737121005,-0.7017887321,0.0001083260084,0.01059496492
4.833e+10,-0.3767687301,-0.7007609287,0.001255677519,0.01042715356
4.834e+10,-0.3798215197,-0.6997168807,0.002366638617,0.01013490746
4.835e+10,-0.3828719197,-0.6986539298,0.003427490339,0.009724719525
4.836e+10,-0.3859207997,-0.697569181,0.004425715833,0.009204624186
4.837e+10,-0.3889683466,-0.6964598232,0.005350138944,0.008583963978
4.838e+10,-0.3920141569,-0.6953230958,0.006191076572,0.007873113769
4.839e+10,-0.3950572458,-0.6941565257,0.006940378236,0.007083239318
4.84e+10,-0.3980962141,-0.6929579956,0.007591403732,0.006226038147
4.841e+10,-0.4011292136,-0.6917257322,0.008138997632,0.005313528549
4.842e+10,-0.4041542038,-0.6904584895,0.008579433876,0.004357865026
4.843e+10,-0.4071689432,-0.6891555294,0.008910329839,0.00337119472
4.844e+10,-0.4101711244,-0.6878165709,0.009130545243,0.002365548657
4.845e+10,-0.4131585196,-0.6864418257,0.009240103976,0.001352759264
4.846e+10,-0.4161290533,-0.6850320137,0.009240133319,0.0003443979061
4.847e+10,-0.4190808896,-0.6835881634,0.009132797135,-0.0006482829401
4.848e+10,-0.422012457,-0.6821117245,0.008921275273,-0.001614365848
4.849e+10,-0.4249226178,-0.6806043386,0.008609717924,-0.002543334926
4.85e+10,-0.4278105951,-0.679067849,0.008203267681,-0.003425146028
4.851e+10,-0.4306760321,-0.6775041876,0.007708033153,-0.004250269394
4.852e+10,-0.4335190722,-0.6759152793,0.007131090699,-0.005009815262
4.853e+10,-0.4363402056,-0.6743028427,0.006480466794,-0.005695622464
4.854e+10,-0.43914036,-0.6726684945,0.005765087941,-0.006300406336
4.855e+10,-0.4419207793,-0.6710135558,0.004994713152,-0.006817899884
4.856e+10,-0.4446829369,-0.6693389018,0.00417983659,-0.007242986937
4.857e+10,-0.4474285182,-0.6676450587,0.003331548854,-0.007571819419
4.858e+10,-0.4501592347,-0.6659321292,0.00246134652,-0.007801958152
4.859e+10,-0.4528767746,-0.664199735,0.001580944133,-0.007932446655
4.86e+10,-0.45558271,-0.6624470862,0.0007020371411,-0.007963820206
4.861e+10,-0.4582783159,-0.6606730226,-0.0001639452628,-0.0078981298
4.862e+10,-0.4609646227,-0.6588760099,-0.001006052598,-0.007738859788
4.863e+10,-0.463642209,-0.6570543107,-0.00181406252,-0.007490832898
4.864e+10,-0.4663112469,-0.6552060799,-0.002578647607,-0.007160047154
4.865e+10,-0.4689714558,-0.6533293637,-0.003291554657,-0.006753499544
4.866e+10,-0.4716220971,-0.6514223174,-0.003945732297,-0.006279033114
4.867e+10,-0.4742620545,-0.6494831609,-0.004534363221,-0.005745369758
4.868e+10,-0.4768897513,-0.6475106688,-0.005054371424,-0.00515945574
4.869e+10,-0.4795032869,-0.6455035178,-0.005501510113,-0.004532005611
4.87e+10,-0.4821006325,-0.6434609856,-0.005873317443,-0.003871275326
4.871e+10,-0.4846794904,-0.6413827931,-0.006168506288,-0.003185907933
4.872e+10,-0.4872375648,-0.6392690373,-0.006386657012,-0.002484312397
4.873e+10,-0.4897725563,-0.6371202843,-0.006528156091,-0.001774584273
4.874e+10,-0.4922822369,-0.6349375757,-0.006594093204,-0.001064462485
4.875e+10,-0.4947646371,-0.6327222977,-0.00658616525,-0.0003613003889
4.876e+10,-0.497217995,-0.6304762808,-0.006506610223,0.0003279128275
4.877e+10,-0.4996409316,-0.6282016317,-0.006358146132,0.0009965561188
4.878e+10,-0.5020324195,-0.6259007871,-0.006143937173,0.001638349063
4.879e+10,-0.5043919616,-0.6235762795,-0.00586759894,0.002247328046
4.88e+10,-0.5067194637,-0.6212308423,-0.005533180569,0.002817852463
4.881e+10,-0.5090154404,-0.6188671387,-0.005145198085,0.003344620657
4.882e+10,-0.5112808356,-0.6164877866,-0.004708651845,0.003822700837
4.883e+10,-0.5135171978,-0.6140952498,-0.004229038076,0.004247603192
4.884e+10,-0.5157265594,-0.6116915424,-0.003712355706,0.004615321326
4.885e+10,-0.5179113524,-0.609278473,-0.003165038875,0.004922377235
4.886e+10,-0.5200743614,-0.6068571744,-0.002594158762,0.005166125961
4.887e+10,-0.5222186742,-0.6044282645,-0.00200693109,0.005344678012
4.888e+10,-0.5243474639,-0.6019917398,-0.001410938895,0.005456995063
4.889e+10,-0.5264639332,-0.5995468655,-0.0008139062265,0.005503005991
4.89e+10,-0.5285711274,-0.5970923558,-0.0002234654891,0.005483656227
4.891e+10,-0.5306717742,-0.594626127,0.0003529233612,0.005401034815
4.892e+10,-0.5327681973,-0.5921456737,0.0009080978434,0.005258130267
4.893e+10,-0.5348622027,-0.589647938,0.0014355231,0.005058823624
4.894e+10,-0.5369549322,-0.587129577,0.001929383158,0.004807825529
4.895e+10,-0.5390468642,-0.5845870547,0.002384689438,0.004510494549
4.896e+10,-0.5411378416,-0.5820167474,0.002797365871,0.004172673527
4.897e+10,-0.5432269427,-0.579415143,0.003164289543,0.003800486965
4.898e+10,-0.5453127049,-0.5767789896,0.003483300564,0.003400193339
4.899e+10,-0.5473930121,-0.5741053333,0.003753137119,0.002977978275
4.9e+10,-0.5494653557,-0.5713916498,0.003973361523,0.0025398338
4.901e+10,-0.5515268728,-0.5686359497,0.004144282709,0.002091443181
4.902e+10,-0.5535744242,-0.5658366839,0.004266816485,0.001638083357
4.903e+10,-0.555604731,-0.5629929395,0.004342383125,0.001184576975
4.904e+10,-0.5576144708,-0.5601042972,0.004372770425,0.0007352775549
4.905e+10,-0.559600355,-0.5571708557,0.004360047635,0.0002940661146
4.906e+10,-0.5615592201,-0.5541931788,0.004306452729,-0.0001356186616
4.907e+10,-0.5634881581,-0.5511722914,0.004214326095,-0.0005507404324
4.908e+10,-0.5653843538,-0.5481096257,0.004086048547,-0.000948623505
4.909e+10,-0.5672454808,-0.5450068928,0.003924002352,-0.001326885655
4.91e+10,-0.5690693738,-0.5418661624,0.003730563598,-0.001683392898
4.911e+10,-0.5708543133,-0.5386897051,0.003508072432,-0.002016180811
4.912e+10,-0.5725989544,-0.5354799521,0.00325885355,-0.002323445764
4.913e+10,-0.574302346,-0.5322394956,0.00298524485,-0.002603489615
4.914e+10,-0.5759639994,-0.5289709359,0.002689623985,-0.002854695337
4.915e+10,-0.5775838031,-0.5256769477,0.002374442689,-0.003075519599
4.916e+10,-0.5791621232,-0.5223600995,0.002042268199,-0.003264495309
4.917e+10,-0.5806997126,-0.5190227958,0.001695814861,-0.00342024942
4.918e+10,-0.5821977946,-0.5156672893,0.00133797976,-0.003541538897
4.919e+10,-0.5836578856,-0.5122955365,0.0009718585303,-0.003627291106
4.92e+10,-0.5850819885,-0.5089091078,0.0006007635205,-0.003676683687
4.921e+10,-0.5864721989,-0.5055091964,0.0002281656603,-0.003689097145
4.922e+10,-0.5878309731,-0.5020965092,-0.0001421980683,-0.003664376266
4.923e+10,-0.5891608164,-0.4986712119,-0.0005065350086,-0.003602712432
4.924e+10,-0.5904642603,-0.4952329149,-0.0008609643785,-0.003504766478
4.925e+10,-0.5917436894,-0.4917806955,-0.001201611516,-0.003371697891
4.926e+10,-0.5930013276,-0.4883131141,-0.001524702617,-0.003205176659
4.927e+10,-0.5942390961,-0.4848282104,-0.001826658885,-0.003007379288
4.928e+10,-0.595458449,-0.4813236269,-0.00210418275,-0.00278096663
4.929e+10,-0.596660372,-0.4777967232,-0.002354384876,-0.002529036818
4.93e+10,-0.597845339,-0.474244553,-0.002574808713,-0.002255006902
4.931e+10,-0.599013196,-0.4706641674,-0.002763501219,-0.001962578015
4.932e+10,-0.6001632432,-0.4670526241,-0.002919041281,-0.001655615349
4.933e+10,-0.6012942353,-0.4634070484,-0.003040543768,-0.001338061165
4.934e+10,-0.602404464,-0.4597248439,-0.003127659708,-0.001013853881
4.935e+10,-0.6034916946,-0.4560037504,-0.003180569827,-0.0006868170987
4.936e+10,-0.6045534413,-0.4522418509,-0.003199901402,-0.0003605662184
4.937e+10,-0.6055869129,-0.4484377336,-0.003186654418,-3.84654642e-05
4.938e+10,-0.6065891945,-0.4445903578,-0.003142133071,0.0002763911802
4.939e+10,-0.6075572695,-0.4406991443,-0.003067890229,0.0005811984486
4.94e+10,-0.6084881334,-0.4367639661,-0.002965664266,0.0008734476872
4.941e+10,-0.6093788627,-0.4327850412,-0.002837324336,0.001150912064
4.942e+10,-0.6102266566,-0.4287630019,-0.002684823499,0.001411631076
4.943e+10,-0.6110289003,-0.4246988205,-0.002510163845,0.001653881083
4.944e+10,-0.6117831898,-0.4205936868,-0.002315374562,0.001876144786
4.945e+10,-0.6124874111,-0.4164490598,-0.002102500733,0.002077086831
4.946e+10,-0.61313968,-0.4122665449,-0.001873601444,0.002255518648
4.947e+10,-0.6137384433,-0.4080479195,-0.001630753059,0.002410387604
4.948e+10,-0.6142823814,-0.4037949979,-0.00137606743,0.002540755266
4.949e+10,-0.6147705518,-0.3995096271,-0.001111701417,0.002645796872
4.95e+10,-0.615202271,-0.3951936467,-0.0008398787599,0.00272480209
4.951e+10,-0.615577126,-0.3908487859,-0.0005629010003,0.002777190015
4.952e+10,-0.6158950174,-0.3864766374,-0.0002831631641,0.002802524936
4.953e+10,-0.6161559847,-0.3820787169,-3.150983343e-06,0.002800548699
4.954e+10,-0.6163604084,-0.377656178,0.0002745534739,0.002771208504
4.955e+10,-0.6165086551,-0.373210037,0.0005472953563,0.002714692709
4.956e+10,-0.616601288,-0.3687409683,0.0008123635984,0.002631465474
4.957e+10,-0.6166388863,-0.3642493996,0.0010670376,0.00252229612
4.958e+10,-0.6166220115,-0.3597353767,0.001308620047,0.002388282691
4.959e+10,-0.6165510638,-0.3551987143,0.001534516711,0.002230865863
4.96e+10,-0.6164263469,-0.3506389603,0.001742273802,0.00205181434
4.961e+10,-0.6162479143,-0.3460553583,0.001929653131,0.001853213567
4.962e+10,-0.6160155657,-0.341447061,0.002094675287,0.001637436473
4.963e+10,-0.6157287861,-0.3368131006,0.00223568011,0.001407087034
4.964e+10,-0.6153867365,-0.3321524142,0.002351358695,0.001164949018
4.965e+10,-0.6149882615,-0.327463979,0.002440778088,0.0009139432833
4.966e+10,-0.6145319192,-0.3227468789,0.002503359407,0.0006570758429
4.967e+10,-0.614015927,-0.3180002841,0.002538912016,0.000397365032
4.968e+10,-0.6134382757,-0.3132235972,0.002547683653,0.0001377848529
4.969e+10,-0.6127967265,-0.3084165343,0.002530347691,-0.0001188656249
4.97e+10,-0.6120889759,-0.3035790628,0.002487866607,-0.0003700901272
4.971e+10,-0.611312595,-0.2987113782,0.002421322718,-0.0006136595942
4.972e+10,-0.610465212,-0.2938139834,0.002331891238,-0.0008475098133
4.973e+10,-0.6095444159,-0.2888875378,0.002220835406,-0.001069705415
4.974e+10,-0.6085477613,-0.2839329948,0.002089594996,-0.001278448341
4.975e+10,-0.6074728931,-0.2789515381,0.001939683782,-0.001472136062
4.976e+10,-0.6063176222,-0.2739445601,0.001772677211,-0.0016493123
4.977e+10,-0.605079767,-0.2689136185,0.00159020534,-0.00180864311
4.978e+10,-0.6037573306,-0.2638605349,0.001393959054,-0.001948897084
4.979e+10,-0.6023484982,-0.2587871442,0.001185674815,-0.002068944205
4.98e+10,-0.6008516948,-0.2536955605,0.0009673210356,-0.002167936032
4.981e+10,-0.5992653512,-0.2485878761,0.0007408694154,-0.002244701946
4.982e+10,-0.5975884152,-0.2434662044,0.0005082298659,-0.00229882719
4.983e+10,-0.595819819,-0.2383328251,0.0002714787575,-0.002329625934
4.984e+10,-0.5939588138,-0.2331897955,3.279758511e-05,-0.002336585912
4.985e+10,-0.5920047987,-0.2280391508,-0.0002054921294,-0.0023193689
4.986e+10,-0.5899574103,-0.2228828529,-0.0004409459667,-0.002277853709
4.987e+10,-0.5878163861,-0.217722616,-0.0006710214341,-0.002212169502
4.988e+10,-0.5855816186,-0.2125599743,-0.0008930925283,-0.002122740338
4.989e+10,-0.5832530398,-0.2073961831,-0.001104494511,-0.002010322426
4.99e+10,-0.5808305331,-0.2022322474,-0.001302592705,-0.001876057757
4.991e+10,-0.5783138926,-0.1970688378,-0.00148485705,-0.001721473799
4.992e+10,-0.5757026548,-0.1919064788,-0.00164895886,-0.001548462233
4.993e+10,-0.5729961151,-0.1867454322,-0.001792821772,-0.001359230405
4.994e+10,-0.5701932334,-0.1815859672,-0.001914666215,-0.0011562654
4.995e+10,-0.5672926531,-0.1764281307,-0.002013049075,-0.0009422966934
4.996e+10,-0.5642926127,-0.1712722411,-0.002086919787,-0.0007202482796
4.997e+10,-0.5611909638,-0.1661185885,-0.002135668877,-0.0004931552019
4.998e+10,-0.5579851649,-0.160967786,-0.002159134803,-0.0002640889818
4.999e+10,-0.5546724118,-0.1558208033,-0.002157574794,-3.60563558e-05
5e+10,-0.5512497005,-0.1506788598,-0.002131653381,0.0001880819113
5.001e+10,-0.5477115309,-0.1455430688,-0.002092190232,0.0004078285415
5.002e+10,-0.5440567379,-0.1404171869,-0.002030007146,0.0006211796655
5.003e+10,-0.5402822157,-0.1353039321,-0.001946114906,0.0008257655797
5.004e+10,-0.5363849641,-0.1302064659,-0.001841772888,0.001019396035
5.005e+10,-0.5323621002,-0.1251283899,-0.001718451833,0.001200080202
5.006e+10,-0.52821098,-0.1200736734,-0.00157779593,0.00136604593
5.007e+10,-0.5239291753,-0.1150467289,-0.00142158425,0.001515746681
5.008e+10,-0.519514637,-0.1100522111,-0.00125169479,0.001647862696
5.009e+10,-0.5149656846,-0.1050951624,-0.001070078221,0.001761288554
5.01e+10,-0.5102810619,-0.1001807695,-0.0008787263243,0.001855130682
5.011e+10,-0.505459934,-0.09531437579,-0.0006796605895,0.001928687701
5.012e+10,-0.5005019079,-0.09050141435,-0.0004749130179,0.001981440689
5.013e+10,-0.4954070553,-0.08574738327,-0.0002665215532,0.002013040999
5.014e+10,-0.4901758988,-0.08105766063,-5.652823665e-05,0.002023299743
5.015e+10,-0.4848093324,-0.07643761176,0.0001530241425,0.002012184451
5.016e+10,-0.4793086629,-0.07189236765,0.000360091201,0.001979818137
5.017e+10,-0.4736756101,-0.06742685449,0.0005626263141,0.001926484185
5.018e+10,-0.4679120802,-0.06304576738,0.0007585803128,0.001852634665
5.019e+10,-0.4620204047,-0.05875347863,0.0009459121348,0.001758903198
5.02e+10,-0.4560028686,-0.05455400934,0.00112259681,0.001646119994
5.021e+10,-0.4498621198,-0.05045114391,0.00128664501,0.001515326165
5.022e+10,-0.4436006947,-0.0464481232,0.001436125701,0.001367789449
5.023e+10,-0.4372211563,-0.04254803374,0.001569198478,0.001205013803
5.024e+10,-0.4307259196,-0.03875355775,0.001684151938,0.001028743593
5.025e+10,-0.4241173039,-0.035067142,0.001779442582,0.00084096283
5.026e+10,-0.4173972895,-0.03149096589,0.001853742773,0.0006438790441
5.027e+10,-0.4105676808,-0.0280272287,0.001905984508,0.0004399012669
5.028e+10,-0.4036298789,-0.02467794143,0.00193539947,0.0002316044166
5.029e+10,-0.3965850623,-0.0214453103,0.001941556551,2.168289278e-05
5.03e+10,-0.3894340773,-0.01833162466,0.001924385074,-0.0001871012115
5.031e+10,-0.3821775327,-0.01533945072,0.00188419147,-0.0003919840608
5.032e+10,-0.3748158223,-0.01247163527,0.001821656777,-0.0005902584358
5.033e+10,-0.3673492736,-0.009731460457,0.001737824239,-0.0007793431487
5.034e+10,-0.359778246,-0.007122742143,0.001634072985,-0.0009568367571
5.035e+10,-0.3521031355,-0.004649567322,0.001512076103,-0.0011205729
5.036e+10,-0.3443246413,-0.002316632576,0.001373754837,-0.001268658543
5.037e+10,-0.3364436985,-0.000128963385,0.001221222108,-0.001399504566
5.038e+10,-0.3284617138,0.001907971878,0.001056727759,-0.001511838958
5.039e+10,-0.3203805754,0.003788539065,0.0008826011971,-0.001604710421
5.04e+10,-0.3122026976,0.005506734161,0.000701199536,-0.001677483383
5.041e+10,-0.3039311005,0.007056593317,0.0005148649633,-0.001729815379
5.042e+10,-0.2955693824,0.008432023446,0.0003258832247,-0.001761638841
5.043e+10,-0.2871218525,0.009627013475,0.0001364592879,-0.001773129855
5.044e+10,-0.2785933143,0.01063572478,-5.131025247e-05,-0.001764680691
5.045e+10,-0.2699892035,0.01145259678,-0.000235442444,-0.001736869979
5.046e+10,-0.2613154557,0.0120723348,-0.0004140807364,-0.00169043825
5.047e+10,-0.2525784913,0.01249001602,-0.0005854922266,-0.001626263007
5.048e+10,-0.2437851766,0.01270125903,-0.0007480688269,-0.001545342262
5.049e+10,-0.2349427428,0.01270197503,-0.0009003224978,-0.001448778942
5.05e+10,-0.2260587113,0.0124887355,-0.00104087988,-0.001337773135
5.051e+10,-0.2171408376,0.01205856883,-0.001168481029,-0.001213614782
5.052e+10,-0.2081970518,0.01140908897,-0.00128197813,-0.0010776814
5.053e+10,-0.1992353391,0.01053842417,-0.001380335143,-0.0009314390631
5.054e+10,-0.190263799,0.009445189846,-0.001462635938,-0.0007764403207
5.055e+10,-0.1812904376,0.008128577771,-0.001528091017,-0.0006143254387
5.056e+10,-0.1723232497,0.006588260749,-0.001576050747,-0.0004468199155
5.057e+10,-0.163370019,0.004824322191,-0.001606019115,-0.0002757316103
5.058e+10,-0.1544384284,0.002837327084,-0.001617671609,-0.0001029406487
5.059e+10,-0.1455359184,0.0006280992588,-0.001610874627,6.961660723e-05
5.06e+10,-0.1366696929,-0.001802140278,-0.001585699517,0.0002399589687
5.061e+10,-0.1278467975,-0.00445194404,-0.001542441819,0.0004060928422
5.062e+10,-0.1190739456,-0.007319683133,-0.001481629948,0.0005660341184
5.063e+10,-0.1103577955,-0.01040356568,-0.001404035323,0.0007178482288
5.064e+10,-0.1017046156,-0.01370171738,-0.00131066928,0.000859683223
5.065e+10,-0.09312065397,-0.01721206994,-0.001202777208,0.0009898078861
5.066e+10,-0.08461208063,-0.02093264833,-0.001081823213,0.001106650692
5.067e+10,-0.07618489907,-0.02486132922,-0.0009494652602,0.00120883561
5.068e+10,-0.06784510408,-0.02899591136,-0.0008075252151,0.001295210018
5.069e+10,-0.0595988207,-0.03333420919,-0.0006579529296,0.001364869565
5.07e+10,-0.0514520855,-0.03787376186,-0.0005027824019,0.001417173984
5.071e+10,-0.04341105532,-0.04261204908,-0.0003440926541,0.001451754302
5.072e+10,-0.03548192223,-0.04754637821,-0.0001839627253,0.001468510003
5.073e+10,-0.02767104357,-0.05267370684,-2.443377635e-05,0.001467600967
5.074e+10,-0.01998464691,-0.05799074832,0.0001325310241,0.00144943026
5.075e+10,-0.01242905746,-0.06349387368,0.0002850692137,0.00141462061
5.076e+10,-0.00501051274,-0.06917911109,0.000431451824,0.001363991377
5.077e+10,0.002264728399,-0.07504205829,0.0005700942451,0.001298528978
5.078e+10,0.009390723142,-0.08107803375,0.0006995699841,0.001219359458
5.079e+10,0.01636161769,-0.08728185191,0.0008186155225,0.001127723438
5.08e+10,0.02317181437,-0.09364803184,0.0009261342117,0.001024950985
5.081e+10,0.0298160287,-0.1001707594,0.00102119111,0.0009124408953
5.082e+10,0.03628925482,-0.1068439092,0.001103010469,0.0007916435937
5.083e+10,0.04258697316,-0.1136610716,0.001170969806,0.0006640455989
5.084e+10,0.04870491299,-0.1206156205,0.0012245965,0.0005311589327
5.085e+10,0.0546392815,-0.1277007662,0.001263563061,0.0003945103145
5.086e+10,0.06038669086,-0.1349095443,0.001287682616,0.0002556353378
5.087e+10,0.06594413655,-0.1422349229,0.001296910022,0.0001160682939
5.088e+10,0.07130915103,-0.1496698706,0.001291339328,-2.266244523e-05
5.089e+10,0.07647952808,-0.1572072161,0.001271206985,-0.0001590433259
5.09e+10,0.08145353612,-0.1648399835,0.001236894146,-0.0002915863337
5.091e+10,0.08622978516,-0.1725611231,0.001188927865,-0.0004188387026
5.092e+10,0.09080723086,-0.1803637863,0.001127984658,-0.0005394013113
5.093e+10,0.09518524074,-0.188241245,0.001054888518,-0.0006519377719
5.094e+10,0.09936335815,-0.1961868649,0.0009706127524,-0.0007551999851
5.095e+10,0.1033414083,-0.2041941789,0.0008762703546,-0.0008480438399
5.096e+10,0.1071194562,-0.2122569195,0.0007731086077,-0.0009294523509
5.097e+10,0.1106977315,-0.2203690397,0.000662494502,-0.0009985537562
5.098e+10,0.1140766439,-0.2285245553,0.0005458965594,-0.001054644974
5.099e+10,0.1172567028,-0.2367177281,0.000424861802,-0.001097205195
5.1e+10,0.1202384558,-0.244942851,0.0003009917281,-0.001125909204
5.101e+10,0.1230226407,-0.2531944265,0.0001759101507,-0.001140636925
5.102e+10,0.1256099503,-0.2614669672,5.123351582e-05,-0.001141474763
5.103e+10,0.1280011914,-0.2697549606,-7.145896675e-05,-0.001128710956
5.104e+10,0.1301972939,-0.2780529965,-0.0001906591055,-0.001102827241
5.105e+10,0.1321994379,-0.2863557386,-0.0003049534723,-0.001064482377
5.106e+10,0.1340087616,-0.294657911,-0.0004130480597,-0.001014490669
5.107e+10,0.1356263461,-0.3029541803,-0.0005137875488,-0.0009538007398
5.108e+10,0.1370534859,-0.311239186,-0.0006061653267,-0.0008834679277
5.109e+10,0.1382917129,-0.319507411,-0.0006893341727,-0.0008046270478
5.11e+10,0.1393428124,-0.3277533213,-0.0007626044985,-0.0007184677102
5.111e+10,0.1402087868,-0.3359715004,-0.0008254434638,-0.0006262083788
5.112e+10,0.1408918864,-0.3441565078,-0.0008774653879,-0.0005290789036
5.113e+10,0.1413946979,-0.352302977,-0.000918423985,-0.0004282995703
5.114e+10,0.1417200165,-0.3604057207,-0.000948200242,-0.0003250695349
5.115e+10,0.1418709538,-0.3684595987,-0.000966788563,-0.0002205568662
5.116e+10,0.1418508294,-0.3764597173,-0.0009742888589,-0.0001158901689
5.117e+10,0.1416632963,-0.3844013281,-0.0009708915044,-1.215902866e-05
5.118e+10,0.14131218,-0.3922799417,-0.000956873915,8.959140525e-05
5.119e+10,0.1408015459,-0.400091318,-0.0009325902545,0.0001883576272
5.12e+10,0.1401356592,-0.407831438,-0.0008984707471,0.0002831796033
5.121e+10,0.139318952,-0.415496746,-0.0008550176212,0.0003731413936
5.122e+10,0.1383559904,-0.4230838146,-0.0008028074492,0.0004573694125
5.123e+10,0.137251409,-0.4305896926,-0.0007424899056,0.000535039314
5.124e+10,0.1360099314,-0.4380116584,-0.0006747919128,0.0006053796313
5.125e+10,0.134636305,-0.4453473822,-0.0006005165977,0.0006676802535
5.126e+10,0.1331352672,-0.4525949113,-0.0005205469597,0.0007212996596
5.127e+10,0.1315115363,-0.4597525681,-0.0004358398287,0.0007656815947
5.128e+10,0.1297696683,-0.4668189951,-0.0003474254844,0.0008003647001
5.129e+10,0.1279141765,-0.4737931153,-0.0002563971853,0.000824999278
5.13e+10,0.1259493926,-0.4806741607,-0.000163900286,0.0008393595959
5.131e+10,0.1238795108,-0.4874616221,-7.111776642e-05,0.0008433575849
5.132e+10,0.1217084445,-0.4941551739,2.07509095e-05,0.0008370533687
5.133e+10,0.1194399792,-0.5007546056,0.0001105120112,0.0008206618967
5.134e+10,0.1170776334,-0.5072599464,0.0001970002998,0.0007945543259
5.135e+10,0.1146247372,-0.5136712401,0.0002791083018,0.0007592561037
5.136e+10,0.1120843909,-0.5199885813,0.0003558098707,0.0007154368192
5.137e+10,0.1094595032,-0.5262121346,0.0004261847136,0.0006638965075
5.138e+10,0.1067527532,-0.5323420053,0.0004894377967,0.0006055467871
5.139e+10,0.1039667875,-0.5383782608,0.0005449171343,0.000541385553
5.14e+10,0.1011040042,-0.5443209237,0.0005921230092,0.0004724729866
5.141e+10,0.09816682262,-0.5501699918,0.0006307140406,0.0003999019138
5.142e+10,0.09515750083,-0.5559253054,0.0006605040142,0.0003247728346
5.143e+10,0.09207836382,-0.5615867141,0.0006814570776,0.0002481667999
5.144e+10,0.08893167548,-0.5671540036,0.0006936743582,0.0001711246806
5.145e+10,0.08571971397,-0.5726268734,0.0006973816881,9.462751398e-05
5.146e+10,0.08244481079,-0.5780050494,0.0006929096396,1.958243519e-05
5.147e+10,0.07910935082,-0.5832881968,0.000680677153,-5.318482789e-05
5.148e+10,0.07571574103,-0.588476066,0.0006611721385,-0.000122938797
5.149e+10,0.07226647675,-0.5935684141,0.0006349347634,-0.0001890315331
5.15e+10,0.06876404536,-0.5985649931,0.0006025420046,-0.0002509019472
5.151e+10,0.06521104108,-0.6034656933,0.0005645944715,-0.0003080735771
5.152e+10,0.06161003972,-0.6082704668,0.0005217053157,-0.0003601463235
5.153e+10,0.05796370407,-0.6129793207,0.0004744940116,-0.0004067885367
5.154e+10,0.05427467559,-0.6175924036,0.0004235787559,-0.0004477343567
5.155e+10,0.05054559393,-0.6221099781,0.0003695753141,-0.0004827721782
5.156e+10,0.04677910789,-0.6265323287,0.0003130941416,-0.0005117421107
5.157e+10,0.04297784505,-0.6308599567,0.0002547417134,-0.0005345307976
5.158e+10,0.0391444135,-0.6350934278,0.0001951203482,-0.0005510691357
5.159e+10,0.03528136886,-0.6392334063,0.0001348295609,-0.000561330549
5.16e+10,0.03139119998,-0.643280713,7.446820606e-05,-0.0005653309318
5.161e+10,0.02747637741,-0.6472362288,1.46332751e-05,-0.0005631319168
5.162e+10,0.02353925222,-0.6511009712,-4.407952943e-05,-0.0005548420243
5.163e+10,0.01958212081,-0.6548760202,-0.0001010785782,-0.000540621481
5.164e+10,0.01560714327,-0.6585626252,-0.0001557786339,-0.0005206856956
5.165e+10,0.01161645624,-0.6621620245,-0.0002076084311,-0.000495309256
5.166e+10,0.007611983803,-0.6656755816,-0.0002560156849,-0.000464829124
5.167e+10,0.003595584436,-0.6691047071,-0.0003004752769,-0.0004296461397
5.168e+10,-0.0004310003701,-0.6724508547,-0.0003405024245,-0.0003902244035
5.169e+10,-0.004466209646,-0.6757155306,-0.0003756617465,-0.0003470878258
5.17e+10,-0.008508561993,-0.6789002401,-0.0004055817775,-0.0003008185746
5.171e+10,-0.01255674263,-0.6820064927,-0.0004299614855,-0.0002520491472
5.172e+10,-0.01660955692,-0.6850357778,-0.0004485801953,-0.0002014496756
5.173e+10,-0.02066591149,-0.6879895859,-0.0004613057657,-0.0001497164727
5.174e+10,-0.02472484412,-0.6908693066,-0.0004680976903,-9.755752525e-05
5.175e+10,-0.02878549669,-0.6936763302,-0.0004690107329,-4.567669447e-05
5.176e+10,-0.03284707268,-0.6964119655,-0.0004641922863,5.240755758e-06
5.177e+10,-0.03690886568,-0.6990774538,-0.0004538777717,5.454383901e-05
5.178e+10,-0.04097021879,-0.7016739475,-0.0004383827098,0.0001016280254
5.179e+10,-0.04503051586,-0.7042025696,-0.000418092986,0.0001459468335
5.18e+10,-0.04908915228,-0.7066643336,-0.000393452279,0.0001870223435
5.181e+10,-0.0531455922,-0.709060246,-0.0003649497849,0.000224446807
5.182e+10,-0.05719927806,-0.7113911802,-0.0003331065801,0.0002578903749
5.183e+10,-0.06124961822,-0.7136580505,-0.0002984628947,0.0002870987239
5.184e+10,-0.06529607519,-0.7158616583,-0.0002615669495,0.0003118909038
5.185e+10,-0.06933807193,-0.7180028137,-0.0002229638161,0.0003321566272
5.186e+10,-0.07337504881,-0.7200822941,-0.0001831874539,0.0003478502508
5.187e+10,-0.07740639429,-0.7221008782,-0.000142754237,0.000358984802
5.188e+10,-0.08143152684,-0.7240593087,-0.0001021563504,0.0003656265664
5.189e+10,-0.08544984136,-0.7259583366,-6.186027421e-05,0.0003678875066
5.19e+10,-0.08946073892,-0.7277987123,-2.230261502e-05,0.0003659201505
5.191e+10,-0.09346361755,-0.7295812008,1.610934141e-05,0.0003599125237
5.192e+10,-0.09745787954,-0.7313065502,5.299999422e-05,0.0003500838175
5.193e+10,-0.1014429465,-0.7329755437,8.80245804e-05,0.0003366797939
5.194e+10,-0.1054182234,-0.7345889602,0.0001208692688,0.0003199708612
5.195e+10,-0.109383137,-0.7361475792,0.000151251782,0.0003002489558
5.196e+10,-0.1133371687,-0.7376522328,0.0001789213976,0.000277825583
5.197e+10,-0.1172797572,-0.7391036851,0.0002036600805,0.0002530302622
5.198e+10,-0.1212104214,-0.7405027732,0.0002252834714,0.0002262081929
5.199e+10,-0.1251286448,-0.7418502968,0.0002436425964,0.0001977182452
5.2e+10,-0.1290339875,-0.7431471092,0.0002586251738,0.0001679306202
5.201e+10,-0.1329260139,-0.7443939994,0.0002701577166,0.0001372237022
5.202e+10,-0.1368043146,-0.7455918164,0.0002782075013,0.000105979873
5.203e+10,-0.1406685058,-0.7467413814,0.0002827831775,7.458198518e-05
5.204e+10,-0.144518216,-0.7478434878,0.0002839359521,4.340752233e-05
5.205e+10,-0.1483531443,-0.7488989679,0.0002817590595,1.282416614e-05
5.206e+10,-0.1521729432,-0.749908589,0.0002763871084,-1.681659556e-05
5.207e+10,-0.1559773454,-0.7508731902,0.0002679937019,-4.518496162e-05
5.208e+10,-0.1597661003,-0.7517935217,0.0002567881424,-7.197732595e-05
5.209e+10,-0.1635389467,-0.7526703638,0.000243011297,-9.692184748e-05
5.21e+10,-0.1672956411,-0.7535044841,0.0002269306773,-0.0001197817626
5.211e+10,-0.1710360027,-0.7542966209,0.0002088344687,-0.0001403581213
5.212e+10,-0.1747598285,-0.7550475412,0.0001890262388,-0.0001584916376
5.213e+10,-0.1784669367,-0.7557579527,0.0001678181774,-0.0001740631555
5.214e+10,-0.1821571913,-0.7564286074,0.0001455262119,-0.0001869932023
5.215e+10,-0.1858304176,-0.757060219,0.0001224642399,-0.0001972400862
5.216e+10,-0.1894865204,-0.7576534809,9.894001717e-05,-0.0002047984414
5.217e+10,-0.1931253817,-0.7582091038,7.525084443e-05,-0.0002096958008
5.218e+10,-0.1967469137,-0.7587278024,5.168089569e-05,-0.000211990211
5.219e+10,-0.2003510577,-0.7592102234,2.849893852e-05,-0.0002117668215
5.22e+10,-0.2039377611,-0.7596570686,5.956274514e-06,-0.0002091351996
5.221e+10,-0.2075070056,-0.7600689797,-1.571450253e-05,-0.0002042265887
5.222e+10,-0.211058771,-0.7604466098,-3.630013001e-05,-0.0001971911504
5.223e+10,-0.2145930797,-0.7607905867,-5.560745403e-05,-0.0001881961559
5.224e+10,-0.2181099495,-0.7611015043,-7.346439301e-05,-0.0001774239479
5.225e+10,-0.2216094533,-0.7613799806,-8.972039888e-05,-0.0001650699407
5.226e+10,-0.2250916265,-0.7616265691,-0.0001042470776,-0.0001513411936
5.227e+10,-0.2285565617,-0.7618418247,-0.0001169396838,-0.0001364544913
5.228e+10,-0.2320043327,-0.7620262752,-0.0001277176129,-0.0001206345079
5.229e+10,-0.2354350594,-0.762180409,-0.0001365259289,-0.0001041115455
5.23e+10,-0.2388488357,-0.7623047193,-0.0001433364292,-8.711844709e-05
5.231e+10,-0.2422457781,-0.7623996434,-0.0001481473546,-6.988757906e-05
5.232e+10,-0.2456260051,-0.7624656211,-0.0001509843507,-5.264837614e-05
5.233e+10,-0.2489896182,-0.7625030565,-0.0001519001977,-3.562294287e-05
5.234e+10,-0.2523367355,-0.7625123259,-0.0001509741656,-1.902289492e-05
5.235e+10,-0.2556674799,-0.7624937839,-0.000148310195,-3.044961773e-06
5.236e+10,-0.2589819363,-0.7624477725,-0.0001440346371,1.213234528e-05
5.237e+10,-0.2622802093,-0.7623746086,-0.0001382929585,2.635169124e-05
5.238e+10,-0.2655623814,-0.7622746033,-0.000131246663,3.948006415e-05
5.239e+10,-0.2688285199,-0.7621480292,-0.0001230683673,5.140986249e-05
5.24e+10,-0.2720786997,-0.7619951713,-0.0001139377284,6.206015263e-05
5.241e+10,-0.2753129381,-0.7618162908,-0.0001040370513,7.137691349e-05
5.242e+10,-0.2785313027,-0.7616116489,-9.354676457e-05,7.933179628e-05
5.243e+10,-0.2817337912,-0.7613815013,-8.264157299e-05,8.592067579e-05
5.244e+10,-0.2849204232,-0.7611261001,-7.148709057e-05,9.116121531e-05
5.245e+10,-0.2880911952,-0.7608456934,-6.023715455e-05,9.509013857e-05
5.246e+10,-0.2912461006,-0.7605405596,-4.903178949e-05,9.775987766e-05
5.247e+10,-0.2943850996,-0.7602109379,-3.799615273e-05,9.923558749e-05
5.248e+10,-0.2975081995,-0.7598571104,-2.723979803e-05,9.959172902e-05
5.249e+10,-0.3006153602,-0.7594793452,-1.685718251e-05,9.890920251e-05
5.25e+10,-0.3037065449,-0.7590779209,-6.927839696e-06,9.727283474e-05
5.251e+10,-0.3067817376,-0.7586531388,2.482095893e-06,9.476888758e-05
5.252e+10,-0.3098409046,-0.7582052812,1.131900138e-05,9.148358831e-05
5.253e+10,-0.3128840356,-0.757734657,1.954003038e-05,8.75016563e-05
5.254e+10,-0.3159111074,-0.7572415727,2.711162345e-05,8.290531804e-05
5.255e+10,-0.3189221159,-0.7567263437,3.400837048e-05,7.777401142e-05
5.256e+10,-0.3219170584,-0.7561892861,4.021146093e-05,7.218419131e-05
5.257e+10,-0.324895961,-0.755630726,4.570764759e-05,6.620924531e-05
5.258e+10,-0.3278588332,-0.7550509749,5.048852277e-05,5.992005225e-05
5.259e+10,-0.3308057201,-0.7544503777,5.454982205e-05,5.338519928e-05
5.26e+10,-0.3337366777,-0.7538292395,5.78910379e-05,4.667151659e-05
5.261e+10,-0.3366517602,-0.7531878873,6.051547122e-05,3.984451055e-05
5.262e+10,-0.3395510508,-0.7525266347,6.243015283e-05,3.29687085e-05
5.263e+10,-0.3424346506,-0.7518457864,6.364636213e-05,2.610781413e-05
5.264e+10,-0.3453026497,-0.7511456486,6.417978861e-05,1.932478541e-05
5.265e+10,-0.3481551944,-0.7504265036,6.40512516e-05,1.268160565e-05
5.266e+10,-0.3509923964,-0.7496886308,6.328706408e-05,6.238762564e-06
5.267e+10,-0.3538144187,-0.7489322961,6.191935325e-05,5.476020116e-08
5.268e+10,-0.3566214122,-0.748157741,5.998640937e-05,-5.814905288e-06
5.269e+10,-0.3594135332,-0.747365183,5.753269672e-05,-1.131867779e-05
5.27e+10,-0.3621909707,-0.7465548407,5.46084852e-05,-1.641002924e-05
5.271e+10,-0.3649538855,-0.7457269004,5.1269537e-05,-2.104870314e-05
5.272e+10,-0.3677024588,-0.7448815234,4.757619457e-05,-2.520161003e-05
5.273e+10,-0.3704368709,-0.7440188645,4.359218344e-05,-2.884379074e-05
5.274e+10,-0.3731572795,-0.7431390346,3.938337729e-05,-3.195904871e-05
5.275e+10,-0.375863851,-0.7422421507,3.501623385e-05,-3.454021774e-05
5.276e+10,-0.378556744,-0.7413283061,3.055625763e-05,-3.658934143e-05
5.277e+10,-0.381236091,-0.7403975619,2.606644913e-05,-3.811714851e-05
5.278e+10,-0.3839020253,-0.739449999,2.160590621e-05,-3.914235419e-05
5.279e+10,-0.386554661,-0.7384856472,1.722850172e-05,-3.969081871e-05
5.28e+10,-0.3891941059,-0.7375045661,1.298209144e-05,-3.979412197e-05
5.281e+10,-0.3918204278,-0.7365067904,8.907707885e-06,-3.948842215e-05
5.282e+10,-0.3944337191,-0.7354923539,5.039370495e-06,-3.881298673e-05
5.283e+10,-0.3970340254,-0.7344612828,1.403946402e-06,-3.780883868e-05
5.284e+10,-0.3996213959,-0.7334136277,-1.978465807e-06,-3.651741435e-05
5.285e+10,-0.4021958824,-0.7323494127,-5.094148644e-06,-3.497961813e-05
5.286e+10,-0.4047574894,-0.7312686921,-7.935095952e-06,-3.323480739e-05
5.287e+10,-0.4073062562,-0.7301714966,-1.049815739e-05,-3.132013866e-05
5.288e+10,-0.4098421965,-0.729057879,-1.278437445e-05,-2.927005904e-05
5.289e+10,-0.4123653208,-0.7279279024,-1.479808178e-05,-2.711608157e-05
5.29e+10,-0.4148756236,-0.7267816188,-1.654615378e-05,-2.488661573e-05
5.291e+10,-0.4173731297,-0.7256190899,-1.803732879e-05,-2.260707327e-05
5.292e+10,-0.4198578216,-0.7244403847,-1.928160259e-05,-2.029996804e-05
5.293e+10,-0.4223297312,-0.7232455787,-2.028974029e-05,-1.798522798e-05
5.294e+10,-0.4247888398,-0.7220347316,-2.107292108e-05,-1.568042422e-05
5.295e+10,-0.4272351618,-0.7208079317,-2.164243672e-05,-1.340110704e-05
5.296e+10,-0.4296687122,-0.719565254,-2.200949831e-05,-1.116115479e-05
5.297e+10,-0.4320894924,-0.7183067861,-2.218523349e-05,-8.972999864e-06
5.298e+10,-0.4344975176,-0.7170326031,-2.218058893e-05,-6.847942039e-06
5.299e+10,-0.4368927998,-0.7157427933,-2.200637533e-05,-4.796343267e-06
5.3e+10,-0.4392753594,-0.7144374352,-2.167338188e-05,-2.827760971e-06
5.301e+10,-0.4416452264,-0.7131166174,-2.119243376e-05,-9.511170885e-07
5.302e+10,-0.4440024215,-0.7117804281,-2.057454455e-05,8.252994889e-07
5.303e+10,-0.4463469722,-0.7104289422,-1.9830974e-05,2.493809442e-06
5.304e+10,-0.4486789238,-0.7090622418,-1.897334118e-05,4.047389182e-06
5.305e+10,-0.4509983083,-0.7076804081,-1.801371432e-05,5.479725e-06
5.306e+10,-0.453305174,-0.7062835158,-1.696460665e-05,6.785336825e-06
5.307e+10,-0.4555995717,-0.7048716299,-1.583898974e-05,7.959736375e-06
5.308e+10,-0.4578815646,-0.703444818,-1.465024261e-05,8.999500068e-06
5.309e+10,-0.4601512046,-0.702003141,-1.341206943e-05,9.902472914e-06
5.31e+10,-0.4624085588,-0.7005466497,-1.213831864e-05,1.066782842e-05
5.311e+10,-0.4646536907,-0.699075385,-1.084287675e-05,1.129620371e-05
5.312e+10,-0.4668866767,-0.6975893936,-9.539393451e-06,1.178972344e-05
5.313e+10,-0.4691075848,-0.6960886896,-8.241077914e-06,1.215200969e-05
5.314e+10,-0.4713164874,-0.6945732935,-6.960467855e-06,1.238815209e-05
5.315e+10,-0.4735134628,-0.6930432056,-5.709192081e-06,1.250459274e-05
5.316e+10,-0.4756985732,-0.6914984297,-4.49774857e-06,1.250897025e-05
5.317e+10,-0.4778718858,-0.6899389498,-3.33533916e-06,1.240992075e-05
5.318e+10,-0.4800334688,-0.6883647404,-2.229741426e-06,1.221685696e-05
5.319e+10,-0.4821833826,-0.6867757658,-1.187214735e-06,1.193966752e-05
5.32e+10,-0.4843216684,-0.6851719916,-2.124982234e-07,1.158849237e-05
5.321e+10,-0.4864483769,-0.68355336,6.911161136e-07,1.117342912e-05
5.322e+10,-0.4885635499,-0.6819198109,1.521778684e-06,1.070431392e-05
5.323e+10,-0.4906672057,-0.6802712946,2.278834767e-06,1.019051904e-05
5.324e+10,-0.4927593771,-0.6786077355,2.962717189e-06,9.64077107e-06
5.325e+10,-0.4948400725,-0.6769290595,3.574750792e-06,9.063073461e-06
5.326e+10,-0.4969092861,-0.675235197,4.116921545e-06,8.464591992e-06
5.327e+10,-0.4989670153,-0.6735260785,4.591713139e-06,7.851696594e-06
5.328e+10,-0.5010132557,-0.6718016064,5.001912499e-06,7.229935375e-06
5.329e+10,-0.5030479846,-0.670061723,5.350435758e-06,6.604129029e-06
5.33e+10,-0.5050711717,-0.6683063463,5.640256806e-06,5.978437685e-06
5.331e+10,-0.5070827767,-0.6665353864,5.874236654e-06,5.356451196e-06
5.332e+10,-0.5090827686,-0.6647487849,6.055140232e-06,4.74134849e-06
5.333e+10,-0.5110710918,-0.6629464545,6.185557333e-06,4.135941825e-06
5.334e+10,-0.5130476963,-0.661128324,6.267911247e-06,3.542822116e-06
5.335e+10,-0.5150125354,-0.6592943259,6.304507563e-06,2.964427424e-06
5.336e+10,-0.516965536,-0.6574443833,6.297513528e-06,2.40315105e-06
5.337e+10,-0.5189066316,-0.6555784388,6.248941278e-06,1.861446681e-06
5.338e+10,-0.5208357737,-0.6536964144,6.159356286e-06,1.341700046e-06
5.339e+10,-0.522752856,-0.6517982624,6.036540492e-06,8.408771802e-07
5.34e+10,-0.524657835,-0.6498838962,5.878710399e-06,3.715646295e-07
5.341e+10,-0.5265506276,-0.6479532712,5.688172569e-06,-7.014866305e-08
5.342e+10,-0.5284311561,-0.6460063274,5.46854919e-06,-4.816536624e-07
5.343e+10,-0.5302993413,-0.6440430036,5.223010122e-06,-8.609149156e-07
5.344e+10,-0.5321551007,-0.6420632402,4.954915959e-06,-1.206229387e-06
5.345e+10,-0.5339983486,-0.6400669891,4.667836012e-06,-1.516214756e-06
5.346e+10,-0.5358290081,-0.6380541908,4.365529275e-06,-1.789885512e-06
5.347e+10,-0.537647003,-0.6360247867,4.05188877e-06,-2.026667247e-06
5.348e+10,-0.5394522359,-0.6339787333,3.730856158e-06,-2.226444408e-06
5.349e+10,-0.5412446479,-0.6319159668,3.406369584e-06,-2.389580557e-06
5.35e+10,-0.5430241397,-0.6298364347,3.082250357e-06,-2.516919002e-06
5.351e+10,-0.5447906418,-0.6277400781,2.762141547e-06,-2.609763619e-06
5.352e+10,-0.5465440666,-0.6256268479,2.449429846e-06,-2.669811435e-06
5.353e+10,-0.5482843444,-0.6234966713,2.147168865e-06,-2.699146348e-06
5.354e+10,-0.5500113977,-0.6213494886,1.858037267e-06,-2.700115666e-06
5.355e+10,-0.5517251479,-0.6191852251,1.584307764e-06,-2.675291188e-06
5.356e+10,-0.5534255146,-0.6170038141,1.327862768e-06,-2.627385981e-06
5.357e+10,-0.5551124298,-0.6148051719,1.090156273e-06,-2.559143912e-06
5.358e+10,-0.5567858125,-0.6125892217,8.722740108e-07,-2.473302933e-06
5.359e+10,-0.5584455864,-0.6103558626,6.749744176e-07,-2.372544082e-06
5.36e+10,-0.5600916683,-0.6081050033,4.98705955e-07,-2.259425962e-06
5.361e+10,-0.5617239698,-0.6058365358,3.437124012e-07,-2.136383918e-06
5.362e+10,-0.5633424223,-0.6035503344,2.100477671e-07,-2.00570724e-06
5.363e+10,-0.5649469142,-0.6012462922,9.760925903e-08,-1.869540948e-06
5.364e+10,-0.5665373544,-0.598924277,6.245094517e-09,-1.729950651e-06
5.365e+10,-0.5681136439,-0.5965841403,-6.430865672e-08,-1.588899542e-06
5.366e+10,-0.5696756455,-0.5942257526,-1.14346263e-07,-1.448289827e-06
5.367e+10,-0.571223256,-0.591848958,-1.44242916e-07,-1.310042335e-06
5.368e+10,-0.5727563243,-0.5894535962,-1.544455706e-07,-1.176060924e-06
5.369e+10,-0.574274724,-0.5870395145,-1.45496374e-07,-1.04828225e-06
5.37e+10,-0.5757782833,-0.5846065416,-1.18088709e-07,-9.287073345e-07
5.371e+10,-0.5772668443,-0.5821545125,-7.308802505e-08,-8.19298854e-07
5.372e+10,-0.5787402182,-0.5796832627,-1.154680335e-08,-7.221275246e-07
5.373e+10,-0.5801982147,-0.577192618,6.520971363e-08,-6.391260684e-07
5.374e+10,-0.5816406318,-0.5746824109,1.556431627e-07,-5.722803268e-07
5.375e+10,-0.5830672526,-0.5721524818,2.579226201e-07,-5.234134281e-07
5.376e+10,-0.5844778554,-0.5696026538,3.699836734e-07,-4.942521698e-07
5.377e+10,-0.5858721952,-0.5670327679,4.894419072e-07,-4.861910454e-07
5.378e+10,-0.5872500301,-0.5644426628,6.137664125e-07,-5.005700958e-07
5.379e+10,-0.5886110981,-0.5618321963,7.40167828e-07,-5.382981888e-07
5.38e+10,-0.5899551423,-0.5592011944,8.657355732e-07,-6.000505168e-07
5.381e+10,-0.5912818815,-0.556549525,9.874031885e-07,-6.861384197e-07
5.382e+10,-0.5925910514,-0.5538770286,1.102061792e-06,-7.965338139e-07
5.383e+10,-0.593882332,-0.5511835819,1.206559889e-06,-9.308587807e-07
5.384e+10,-0.5951554417,-0.5484690447,1.29775573e-06,-1.088366341e-06
5.385e+10,-0.5964100872,-0.5457332777,1.372555709e-06,-1.267991037e-06
5.386e+10,-0.5976459421,-0.5429761565,1.427935408e-06,-1.468299638e-06
5.387e+10,-0.5988627024,-0.5401975598,1.460995454e-06,-1.687547636e-06
5.388e+10,-0.6000600373,-0.5373973683,1.468965379e-06,-1.923682194e-06
5.389e+10,-0.6012376198,-0.5345754657,1.449229762e-06,-2.174326379e-06
5.39e+10,-0.6023951277,-0.5317317308,1.399313429e-06,-2.436828533e-06
5.391e+10,-0.6035322148,-0.5288660656,1.316973721e-06,-2.708235294e-06
5.392e+10,-0.6046485384,-0.5259783634,1.200163029e-06,-2.985283253e-06
5.393e+10,-0.6057437349,-0.5230685181,1.047129708e-06,-3.264454161e-06
5.394e+10,-0.6068174857,-0.5201364218,8.562784781e-07,-3.541916646e-06
5.395e+10,-0.6078693983,-0.5171819946,6.264498454e-07,-3.813542314e-06
5.396e+10,-0.6088991295,-0.5142051235,3.567778852e-07,-4.074939953e-06
5.397e+10,-0.6099063076,-0.5112057296,4.681558031e-08,-4.321430448e-06
5.398e+10,-0.6108905659,-0.5081837099,-3.034128522e-07,-4.548103953e-06
5.399e+10,-0.6118515341,-0.5051389676,-6.93343011e-07,-4.749823096e-06
5.4e+10,-0.6127888186,-0.502071423,-1.121845466e-06,-4.92128677e-06
5.401e+10,-0.6137020489,-0.4989809688,-1.587121972e-06,-5.057089375e-06
5.402e+10,-0.6145908356,-0.4958675156,-2.08666179e-06,-5.151809165e-06
5.403e+10,-0.6154547728,-0.492730971,-2.617220738e-06,-5.200091486e-06
5.404e+10,-0.6162934686,-0.4895712129,-3.174745802e-06,-5.196771221e-06
5.405e+10,-0.617106501,-0.4863881532,-3.754406326e-06,-5.137015597e-06
5.406e+10,-0.6178934599,-0.4831816703,-4.350582437e-06,-5.016448034e-06
5.407e+10,-0.618653917,-0.4799516567,-4.956957852e-06,-4.831273801e-06
5.408e+10,-0.6193874174,-0.4766979934,-5.56653421e-06,-4.578474853e-06
5.409e+10,-0.6200935048,-0.4734205487,-6.171812046e-06,-4.255824048e-06
5.41e+10,-0.6207717214,-0.4701191973,-6.764871602e-06,-3.862047124e-06
5.411e+10,-0.6214215641,-0.4667938038,-7.337558868e-06,-3.39691103e-06
5.412e+10,-0.6220425117,-0.463444254,-7.881650554e-06,-2.861198745e-06
5.413e+10,-0.6226340641,-0.4600703884,-8.389010834e-06,-2.256713516e-06
5.414e+10,-0.623195634,-0.4566720967,-8.851784806e-06,-1.586237566e-06
5.415e+10,-0.6237266638,-0.4532492432,-9.262502838e-06,-8.534416947e-07
5.416e+10,-0.6242265629,-0.4498016979,-9.614208501e-06,-6.278354851e-08
5.417e+10,-0.6246946947,-0.4463293578,-9.900550829e-06,7.806185083e-07
5.418e+10,-0.6251304214,-0.4428321109,-1.01157757e-05,1.671154743e-06
5.419e+10,-0.6255330671,-0.4393098728,-1.025483148e-05,2.602805322e-06
5.42e+10,-0.6259019443,-0.4357625413,-1.031321803e-05,3.569281513e-06
5.421e+10,-0.6262363452,-0.4321900681,-1.028699677e-05,4.564109044e-06
5.422e+10,-0.6265355347,-0.4285923962,-1.017271136e-05,5.580692059e-06
5.423e+10,-0.6267987494,-0.4249694938,-9.96725106e-06,6.612355159e-06
5.424e+10,-0.6270252319,-0.4213213457,-9.667890063e-06,7.652294633e-06
5.425e+10,-0.6272141772,-0.4176479572,-9.272081541e-06,8.693583454e-06
5.426e+10,-0.62736479,-0.4139493568,-8.777497388e-06,9.729079493e-06
5.427e+10,-0.6274762384,-0.4102255808,-8.181988264e-06,1.075138756e-05
5.428e+10,-0.6275477044,-0.4064767032,-7.483574981e-06,1.175272619e-05
5.429e+10,-0.6275783163,-0.4027027987,-6.680505995e-06,1.272487381e-05
5.43e+10,-0.6275672218,-0.3989039963,-5.771269149e-06,1.365905559e-05
5.431e+10,-0.6275135332,-0.3950803985,-4.754732102e-06,1.45458555e-05
5.432e+10,-0.6274163774,-0.3912321794,-3.630222109e-06,1.537515182e-05
5.433e+10,-0.6272748368,-0.3873595063,-2.397678308e-06,1.613600425e-05
5.434e+10,-0.6270880094,-0.3834625566,-1.057867475e-06,1.681678135e-05
5.435e+10,-0.6268549693,-0.379541579,3.875041962e-07,1.740491761e-05
5.436e+10,-0.6265747915,-0.3755967873,1.93550859e-06,1.788719689e-05
5.437e+10,-0.6262465395,-0.3716284607,3.581862018e-06,1.824951772e-05
5.438e+10,-0.6258692426,-0.3676368919,5.320740309e-06,1.847736348e-05
5.439e+10,-0.6254419725,-0.3636223771,7.144629353e-06,1.855604833e-05
5.44e+10,-0.6249637587,-0.3595852542,9.042722375e-06,1.847086301e-05
5.441e+10,-0.6244336299,-0.3555258717,1.100253215e-05,1.820556411e-05
5.442e+10,-0.6238506018,-0.3514446113,1.300993239e-05,1.774528883e-05
5.443e+10,-0.6232137153,-0.3473418734,1.504756791e-05,1.707611657e-05
5.444e+10,-0.622521985,-0.3432180672,1.709525406e-05,1.618516676e-05
5.445e+10,-0.6217744006,-0.3390736455,1.913003993e-05,1.506118635e-05
5.446e+10,-0.6209699742,-0.3349090293,2.112628211e-05,1.369512874e-05
5.447e+10,-0.620107714,-0.3307247139,2.305579688e-05,1.208070733e-05
5.448e+10,-0.619186597,-0.3265211933,2.488818011e-05,1.021498849e-05
5.449e+10,-0.6182055958,-0.3222989613,2.659117957e-05,8.098907842e-06
5.45e+10,-0.6171636807,-0.3180585282,2.813139941e-05,5.737770651e-06
5.451e+10,-0.6160597916,-0.3138004455,2.947472473e-05,3.141598373e-06
5.452e+10,-0.6148928669,-0.3095252535,3.058733519e-05,3.254188321e-07
5.453e+10,-0.6136617997,-0.3052335216,3.143653805e-05,-2.690680187e-06
5.454e+10,-0.6123654965,-0.3009258549,3.199146882e-05,-5.881656715e-06
5.455e+10,-0.6110027826,-0.2966028718,3.22240338e-05,-9.217777998e-06
5.456e+10,-0.6095725145,-0.2922652242,3.210977742e-05,-1.266507017e-05
5.457e+10,-0.6080734685,-0.2879135906,3.162839985e-05,-1.618595064e-05
5.458e+10,-0.6065044234,-0.2835486749,3.076442538e-05,-1.973997015e-05
5.459e+10,-0.6048641102,-0.2791712649,2.950737152e-05,-2.328457765e-05
5.46e+10,-0.6031512468,-0.2747821629,2.785201481e-05,-2.677599348e-05
5.461e+10,-0.6013644892,-0.2703822562,2.579823414e-05,-3.016994173e-05
5.462e+10,-0.5995025143,-0.265972457,2.33509792e-05,-3.342241837e-05
5.463e+10,-0.5975639516,-0.2615537566,2.051980754e-05,-3.649022804e-05
5.464e+10,-0.5955474225,-0.2571272378,1.731848106e-05,-3.933192283e-05
5.465e+10,-0.5934515267,-0.2526940362,1.376581629e-05,-4.190646925e-05
5.466e+10,-0.5912748573,-0.2482553227,9.881880091e-06,-4.417569719e-05
5.467e+10,-0.5890160183,-0.2438124216,5.691606058e-06,-4.610325876e-05
5.468e+10,-0.5866736165,-0.2393666632,1.222395278e-06,-4.765426769e-05
5.469e+10,-0.5842462343,-0.234919513,-3.495618514e-06,-4.879582011e-05
5.47e+10,-0.5817325204,-0.2304724951,-8.429553141e-06,-4.949652881e-05
5.471e+10,-0.5791310749,-0.2260272007,-1.354372457e-05,-4.972673188e-05
5.472e+10,-0.5764405839,-0.2215852973,-1.879940741e-05,-4.945834581e-05
5.473e+10,-0.5736597085,-0.2171485574,-2.415458405e-05,-4.866502035e-05
5.474e+10,-0.5707871787,-0.2127188145,-2.956361524e-05,-4.73222685e-05
5.475e+10,-0.5678217161,-0.2082979797,-3.497682419e-05,-4.540794005e-05
5.476e+10,-0.564762135,-0.2038880499,-4.034017539e-05,-4.290285519e-05
5.477e+10,-0.5616072276,-0.1994910746,-4.559496683e-05,-3.979113866e-05
5.478e+10,-0.5583558912,-0.195109198,-5.067764005e-05,-3.606160597e-05
5.479e+10,-0.5550070066,-0.1907446185,-5.551978073e-05,-3.170847486e-05
5.48e+10,-0.5515595651,-0.1863996486,-6.00481333e-05,-2.673262686e-05
5.481e+10,-0.5480125832,-0.1820765686,-6.418527508e-05,-2.114294493e-05
5.482e+10,-0.5443651407,-0.1777778692,-6.785016382e-05,-1.495752961e-05
5.483e+10,-0.5406163505,-0.1735059574,-7.09590651e-05,-8.205138809e-06
5.484e+10,-0.5367654162,-0.1692634139,-7.342725279e-05,-9.263018117e-07
5.485e+10,-0.5328116186,-0.1650528401,-7.517035921e-05,6.825602972e-06
5.486e+10,-0.5287542603,-0.1608768838,-7.610668499e-05,1.498349439e-05
5.487e+10,-0.5245927376,-0.1567382834,-7.615930413e-05,2.3466328e-05
5.488e+10,-0.5203265121,-0.1526397769,-7.52587577e-05,3.217907494e-05
5.489e+10,-0.5159551293,-0.1485842353,-7.334574057e-05,4.101311467e-05
5.49e+10,-0.5114781611,-0.1445745246,-7.03736456e-05,4.984728448e-05
5.491e+10,-0.5068953207,-0.1406135675,-6.631113383e-05,5.854952771e-05
5.492e+10,-0.5022063617,-0.1367043574,-6.11445423e-05,6.697896111e-05
5.493e+10,-0.4974111168,-0.1328499469,-5.487972327e-05,7.498856681e-05
5.494e+10,-0.4925094775,-0.1290533933,-4.754373286e-05,8.242816811e-05
5.495e+10,-0.4875014649,-0.1253178379,-3.918573632e-05,8.914785805e-05
5.496e+10,-0.4823871678,-0.1216464685,-2.987739164e-05,9.500157125e-05
5.497e+10,-0.4771667389,-0.1180425098,-1.971256826e-05,9.985066743e-05
5.498e+10,-0.471840434,-0.1145091987,-8.806481753e-06,0.0001035677484
5.499e+10,-0.4664086209,-0.1110498931,2.705889999e-06,0.0001060399459
5.5e+10,-0.460871741,-0.1076679099,1.467192994e-05,0.0001071723319
5.501e+10,-0.455230328,-0.1043667093,2.69229997e-05,0.0001068919347
5.502e+10,-0.4494850148,-0.1011496709,3.928121277e-05,0.0001051467617
5.503e+10,-0.4436365286,-0.09802030501,5.15591217e-05,0.000101910651
5.504e+10,-0.4376857151,-0.09498207714,6.356480775e-05,9.718368296e-05
5.505e+10,-0.431633525,-0.09203857964,7.510623012e-05,9.09928817e-05
5.506e+10,-0.4254810275,-0.0891934095,8.599513216e-05,8.339223993e-05
5.507e+10,-0.4192294383,-0.08645025667,9.605138164e-05,7.446165738e-05
5.508e+10,-0.4128800448,-0.08381277081,0.0001051068242,6.43058248e-05
5.509e+10,-0.406434289,-0.08128470552,0.0001130090585,5.305185177e-05
5.51e+10,-0.3998937887,-0.07886983061,0.0001196245867,4.084633107e-05
5.511e+10,-0.3932602749,-0.07657194895,0.0001248417835,2.785233388e-05
5.512e+10,-0.3865356461,-0.07439486831,0.000128572564,1.424541587e-05
5.513e+10,-0.3797220019,-0.07234249622,0.0001307537933,2.097086557e-07
5.514e+10,-0.3728215791,-0.07041868035,0.0001313479855,-1.406631113e-05
5.515e+10,-0.3658368429,-0.0686272923,0.0001303425695,-2.839364946e-05
5.516e+10,-0.3587704257,-0.06697223016,0.0001277492353,-4.258682114e-05
5.517e+10,-0.3516251704,-0.06545733804,0.0001236021108,-5.646695873e-05
5.518e+10,-0.3444041798,-0.06408642394,0.0001179555817,-6.986472903e-05
5.519e+10,-0.3371107338,-0.06286332775,0.0001108818112,-8.262257576e-05
5.52e+10,-0.3297483406,-0.06179172649,0.0001024678914,-9.459630817e-05
5.521e+10,-0.3223207339,-0.06087524567,9.281328369e-05,-0.0001056559582
5.522e+10,-0.3148318438,-0.06011742463,8.202704425e-05,-0.0001156860813
5.523e+10,-0.3072859198,-0.05952171646,7.022548671e-05,-0.0001245857268
5.524e+10,-0.2996873222,-0.05909136382,5.753013328e-05,-0.0001322679274
5.525e+10,-0.2920406808,-0.05882951112,4.406614188e-05,-0.0001386586556
5.526e+10,-0.2843508059,-0.05873913394,2.996075526e-05,-0.0001436959451
5.527e+10,-0.276622767,-0.05882302163,1.534282642e-05,-0.0001473288594
5.528e+10,-0.2688617185,-0.05908369242,3.420069617e-07,-0.0001495164109
5.529e+10,-0.2610730612,-0.05952353687,-1.49107595e-05,-0.0001502267286
5.53e+10,-0.2532624006,-0.06014468423,-3.028393341e-05,-0.0001494366096
5.531e+10,-0.2454353681,-0.06094897761,-4.564428167e-05,-0.0001471307212
5.532e+10,-0.2375978036,-0.06193806745,-6.085681279e-05,-0.0001433022293
5.533e+10,-0.2297557027,-0.063113259,-7.57840272e-05,-0.0001379524209
5.534e+10,-0.2219150478,-0.06447561673,-9.028570878e-05,-0.0001310919363
5.535e+10,-0.2140819722,-0.06602593736,-0.0001042185171,-0.0001227413159
5.536e+10,-0.2062626512,-0.06776469724,-0.0001174360874,-0.0001129328444
5.537e+10,-0.1984632433,-0.06969203637,-0.0001297892264,-0.000101711556
5.538e+10,-0.1906899942,-0.07180788996,-0.0001411269137,-8.913719447e-05
5.539e+10,-0.1829490611,-0.07411178481,-0.0001512976238,-7.528614159e-05
5.54e+10,-0.1752465733,-0.07660305447,-0.0001601509689,-6.025270718e-05
5.541e+10,-0.1675886267,-0.07928067824,-0.0001675404841,-4.415113137e-05
5.542e+10,-0.1599811527,-0.08214342397,-0.0001733265851,-2.711638972e-05
5.543e+10,-0.1524300709,-0.08518978653,-0.0001773799772,-9.304575073e-06
5.544e+10,-0.1449411391,-0.08841798592,-0.0001795859412,9.106915438e-06
5.545e+10,-0.1375199412,-0.09182610152,-0.0001798481787,2.792089697e-05
5.546e+10,-0.1301719963,-0.09541197334,-0.0001780932969,4.692220392e-05
5.547e+10,-0.1229026477,-0.09917327273,-0.0001742745549,6.588092391e-05
5.548e+10,-0.1157170553,-0.1031075305,-0.000168375218,8.455639176e-05
5.549e+10,-0.1086203393,-0.1072121807,-0.000160411251,0.0001027023118
5.55e+10,-0.1016174001,-0.1114844834,-0.000150432472,0.0001200719801
5.551e+10,-0.09471312916,-0.1159216224,-0.0001385233811,0.0001364248814
5.552e+10,-0.08791219965,-0.1205206739,-0.0001248014348,0.000151532019
5.553e+10,-0.08121934783,-0.1252786015,-0.0001094151575,0.000165181964
5.554e+10,-0.07463915299,-0.1301922608,-9.254019623e-05,0.0001771858773
5.555e+10,-0.06817614458,-0.1352584368,-7.437492373e-05,0.0001873813634
5.556e+10,-0.06183480853,-0.1404737288,-5.513526748e-05,0.0001956356221
5.557e+10,-0.05561961473,-0.1458345645,-3.50487926e-05,0.0002018468956
5.558e+10,-0.04953489952,-0.1513372879,-1.43493787e-05,0.0002059447349
5.559e+10,-0.0435850579,-0.1569779711,6.728104359e-06,0.000207889497
5.56e+10,-0.03777426517,-0.1627525609,2.795265732e-05,0.0002076699989
5.561e+10,-0.03210668397,-0.1686567585,4.910083375e-05,0.0002053011177
5.562e+10,-0.02658633189,-0.1746860815,6.995983938e-05,0.0002008206319
5.563e+10,-0.0212170854,-0.1808358084,9.03294915e-05,0.0001942854507
5.564e+10,-0.01600266545,-0.1871010211,0.0001100234246,0.0001857685289
5.565e+10,-0.01094659165,-0.1934765697,0.0001288688481,0.0001753552945
5.566e+10,-0.006052191372,-0.1999571427,0.0001467070478,0.0001631411109
5.567e+10,-0.001322507342,-0.2065372226,0.0001633913714,0.0001492284118
5.568e+10,0.003239600844,-0.2132111392,0.0001787865551,0.0001337254515
5.569e+10,0.007631594159,-0.2199730511,0.0001927668272,0.0001167447916
5.57e+10,0.01185115782,-0.2268169923,0.0002052143574,9.840285413e-05
5.571e+10,0.01589638735,-0.2337368845,0.0002160174379,7.881997534e-05
5.572e+10,0.01976551313,-0.2407265703,0.0002250698611,5.812090448e-05
5.573e+10,0.02345723624,-0.2477798185,0.0002322689814,3.643582131e-05
5.574e+10,0.02697049348,-0.2548903576,0.0002375157429,1.390194709e-05
5.575e+10,0.03030450124,-0.2620518939,0.0002407143814,-9.335193651e-06
5.576e+10,0.03345891848,-0.2692581076,0.0002417729072,-3.311943772e-05
5.577e+10,0.0364336378,-0.2765027613,0.0002406041549,-5.728261735e-05
5.578e+10,0.03922887034,-0.2837796163,0.000237127404,-8.164222997e-05
5.579e+10,0.04184517741,-0.2910825124,0.0002312710417,-0.0001060004674
5.58e+10,0.04428344613,-0.2984054109,0.0002229751557,-0.0001301422769
5.581e+10,0.04654481243,-0.3057423774,0.0002121952967,-0.0001538352297
5.582e+10,0.04863072102,-0.3130876096,0.0001989067551,-0.0001768296939
5.583e+10,0.05054294723,-0.3204354953,0.0001831086575,-0.0001988593103
5.584e+10,0.05228347432,-0.3277806168,0.0001648290742,-0.0002196433898
5.585e+10,0.05385451022,-0.335117717,0.0001441290339,-0.0002388899471
5.586e+10,0.05525855513,-0.3424418657,0.0001211075027,-0.0002563001146
5.587e+10,0.05649825848,-0.3497483079,9.590454554e-05,-0.0002715736191
5.588e+10,0.0575764314,-0.357032556,6.870424219e-05,-0.0002844156671
5.589e+10,0.05849599373,-0.3642904567,3.973583592e-05,-0.0002945443808
5.59e+10,0.05926002628,-0.3715180512,9.273729683e-06,-0.0003016992516
5.591e+10,0.0598715901,-0.3787117241,-2.236452589e-05,-0.000305649752
5.592e+10,0.06033385616,-0.3858680928,-5.482244603e-05,-0.000306203056
5.593e+10,0.06064994884,-0.3929840311,-8.770998881e-05,-0.0003032123278
5.594e+10,0.06082294271,-0.4000566385,-0.0001206115972,-0.0002965827338
5.595e+10,0.06085590426,-0.4070832312,-0.0001530945009,-0.0002862760568
5.596e+10,0.06075179459,-0.4140613356,-0.0001847193052,-0.0002723136966
5.597e+10,0.0605135502,-0.4209885609,-0.0002150495172,-0.0002547769526
5.598e+10,0.06014393328,-0.4278627142,-0.0002436616951,-0.000233805376
5.599e+10,0.05964571448,-0.4346816512,-0.0002701547576,-0.000209593366
5.6e+10,0.0590215169,-0.4414433118,-0.000294158331,-0.000182384493
5.601e+10,0.05827395955,-0.4481456786,-0.0003153382526,-0.0001524644114
5.602e+10,0.05740560476,-0.4547867998,-0.0003334020758,-0.0001201539196
5.603e+10,0.05641895197,-0.4613646981,-0.0003481009127,-8.580059868e-05
5.604e+10,0.05531653053,-0.4678774441,-0.0003592307602,-4.97713075e-05
5.605e+10,0.05410084989,-0.4743231222,-0.0003666315321,-1.244550913e-05
5.606e+10,0.05277448564,-0.4806998662,-0.0003701853237,2.579140384e-05
5.607e+10,0.05133998617,-0.4870057738,-0.0003698132204,6.455217063e-05
5.608e+10,0.04980002459,-0.4932390387,-0.0003654723187,0.0001034516344
5.609e+10,0.04815725846,-0.4993978526,-0.0003571521295,0.0001421088131
5.61e+10,0.04641445706,-0.5054805092,-0.0003448717547,0.0001801481024
5.611e+10,0.04457440784,-0.5114853745,-0.0003286768124,0.000217199437
5.612e+10,0.04264000232,-0.5174108437,-0.0003086380131,0.0002528975548
5.613e+10,0.04061414886,-0.5232554491,-0.0002848503995,0.0002868808979
5.614e+10,0.03849984397,-0.5290178225,-0.0002574328148,0.0003187908053
5.615e+10,0.03630011371,-0.5346966874,-0.0002265297839,0.0003482698589
5.616e+10,0.03401801579,-0.5402909025,-0.0001923129179,0.0003749620301
5.617e+10,0.03165668081,-0.5457994418,-0.0001549844705,0.0003985119073
5.618e+10,0.02921918674,-0.5512214085,-0.0001147800853,0.0004185663183
5.619e+10,0.02670870205,-0.5565560417,-7.197350534e-05,0.000434776345
5.62e+10,0.02412837861,-0.5618027043,-2.688008492e-05,0.0004468006147
5.621e+10,0.02148133056,-0.5669609438,2.013888877e-05,0.0004543103605
5.622e+10,0.01877070085,-0.5720303719,6.867283502e-05,0.0004569959205
5.623e+10,0.01599956708,-0.5770107614,0.0001182597319,0.0004545743086
5.624e+10,0.01317103388,-0.5819020932,0.0001683843674,0.0004467988008
5.625e+10,0.01028808735,-0.586704364,0.000218479443,0.0004334680706
5.626e+10,0.00735371061,-0.59141783,0.0002679279181,0.0004144389036
5.627e+10,0.004370784323,-0.5960427557,0.0003160680929,0.000389635849
5.628e+10,0.001342141138,-0.6005796003,0.0003622010532,0.0003590630684
5.629e+10,-0.001729495141,-0.6050289291,0.000405600771,0.0003228142398
5.63e+10,-0.004841456615,-0.6093914084,0.000445526959,0.0002810820428
5.631e+10,-0.007991229729,-0.6136677763,0.0004812397087,0.0002341638542
5.632e+10,-0.01117636168,-0.6178588644,0.0005120166934,0.0001824677023
5.633e+10,-0.01439454184,-0.6219656256,0.0005371698326,0.0001265112359
5.634e+10,-0.01764354978,-0.6259889851,0.0005560670114,6.692009348e-05
5.635e+10,-0.0209213089,-0.6299300041,0.0005681492487,4.422267784e-06
5.636e+10,-0.02422583698,-0.6337897389,0.0005729486786,-6.016134007e-05
5.637e+10,-0.02755527033,-0.6375693053,0.0005701055363,-0.0001259303049
5.638e+10,-0.03090786824,-0.6412697787,0.0005593815474,-0.0001919213842
5.639e+10,-0.03428197932,-0.6448922862,0.0005406723005,-0.0002571264545
5.64e+10,-0.03767606403,-0.6484379421,0.0005140144478,-0.0003205139796
5.641e+10,-0.04108868849,-0.6519078711,0.0004795902192,-0.0003810511939
5.642e+10,-0.04451848729,-0.6553031278,0.0004377279636,-0.0004377257996
5.643e+10,-0.04796417002,-0.6586248015,0.000388898184,-0.000489570017
5.644e+10,-0.05142456724,-0.6618739205,0.000333707127,-0.0005356813996
5.645e+10,-0.05489851677,-0.6650514926,0.0002728848503,-0.0005752436826
5.646e+10,-0.05838496777,-0.6681585214,0.0002072725165,-0.0006075449199
5.647e+10,-0.06188289434,-0.6711959343,0.0001378038344,-0.0006319931042
5.648e+10,-0.065391333,-0.674164659,6.548697113e-05,-0.0006481287744
5.649e+10,-0.06890935138,-0.6770655604,-8.616306997e-06,-0.0006556344091
5.65e+10,-0.0724360786,-0.6798995056,-8.341432044e-05,-0.0006543401152
5.651e+10,-0.07597064045,-0.6826672956,-0.000157805703,-0.0006442251572
5.652e+10,-0.07951220991,-0.6853696933,-0.0002307037863,-0.0006254163906
5.653e+10,-0.08305998206,-0.6880074651,-0.0003010569041,-0.0005981815336
5.654e+10,-0.08661316049,-0.6905813015,-0.0003678685857,-0.0005629217849
5.655e+10,-0.09017097561,-0.693091905,-0.0004302146637,-0.0005201579289
5.656e+10,-0.09373264082,-0.6955399382,-0.0004872585382,-0.0004705175248
5.657e+10,-0.09729738639,-0.6979260277,-0.0005382588317,-0.0004147120885
5.658e+10,-0.1008644553,-0.700250784,-0.000582598175,-0.0003535416084
5.659e+10,-0.104433042,-0.7025148105,-0.0006197432733,-0.0002878374195
5.66e+10,-0.1080023953,-0.704718697,-0.0006492941181,-0.0002184818056
5.661e+10,-0.11157172,-0.7068630051,-0.0006709570805,-0.0001463739667
5.662e+10,-0.1151401993,-0.7089483217,-0.0006845469924,-7.241967275e-05
5.663e+10,-0.1187070233,-0.7109752336,-0.0006899809583,2.483345217e-06
5.664e+10,-0.1222713767,-0.7129442992,-0.0006872709618,7.745461549e-05
5.665e+10,-0.1258324275,-0.7148561384,-0.0006765166853,0.0001516397471
5.666e+10,-0.1293893287,-0.7167113612,-0.0006578966179,0.0002242159109
5.667e+10,-0.13294122,-0.7185105953,-0.0006316614297,0.0002943969425
5.668e+10,-0.1364872519,-0.7202544888,-0.0005981266668,0.0003614355955
5.669e+10,-0.1400265711,-0.7219437605,-0.0005576672623,0.0004246251517
5.67e+10,-0.1435583244,-0.7235791146,-0.0005107127264,0.0004833004456
5.671e+10,-0.1470816637,-0.7251613157,-0.0004577437624,0.0005368384062
5.672e+10,-0.1505957377,-0.7266911401,-0.0003992905097,0.0005846586414
5.673e+10,-0.1540997355,-0.728169465,-0.0003359310915,0.0006262241776
5.674e+10,-0.1575928748,-0.7295971474,-0.0002682913708,0.0006610450006
5.675e+10,-0.1610743757,-0.7309751223,-0.0001970453577,0.0006886798577
5.676e+10,-0.1645434945,-0.7323043678,-0.0001229144019,0.0007087420297
5.677e+10,-0.1679995617,-0.7335858858,-4.666781007e-05,0.0007209052402
5.678e+10,-0.1714419184,-0.7348207516,3.088012772e-05,0.0007249111533
5.679e+10,-0.1748700008,-0.7360100423,0.0001088720673,0.000720578148
5.68e+10,-0.1782832993,-0.7371549046,0.0001864133468,0.0007078105553
5.681e+10,-0.1816813761,-0.7382564904,0.0002625797923,0.0006866090517
5.682e+10,-0.1850638841,-0.7393159652,0.000336427901,0.000657078836
5.683e+10,-0.1884305633,-0.7403345086,0.0004070081688,0.0006194390929
5.684e+10,-0.1917812471,-0.7413133053,0.0004733809221,0.0005740286379
5.685e+10,-0.1951158576,-0.7422535044,0.0005346343606,0.0005213090786
5.686e+10,-0.1984344172,-0.7431562296,0.0005899049281,0.0004618647651
5.687e+10,-0.2017370458,-0.7440225525,0.0006383977582,0.0003963988383
5.688e+10,-0.2050239247,-0.7448534955,0.0006794071383,0.0003257236645
5.689e+10,-0.2082953109,-0.7456499704,0.0007123356256,0.0002507483248
5.69e+10,-0.2115515664,-0.7464128438,0.0007367105579,0.0001724601363
5.691e+10,-0.2147930452,-0.7471428729,0.0007521966886,9.190488354e-05
5.692e+10,-0.2180201404,-0.7478406923,0.000758604211,1.016186642e-05
5.693e+10,-0.2212332713,-0.7485068701,0.0007558926907,-7.167977054e-05
5.694e+10,-0.2244328507,-0.7491418549,0.0007441676949,-0.0001525462707
5.695e+10,-0.2276192606,-0.7497459985,0.0007236752313,-0.0002314025866
5.696e+10,-0.2307928526,-0.7503195751,0.0006947882514,-0.0003072732041
5.697e+10,-0.233953925,-0.7508627715,0.0006579934804,-0.0003792602273
5.698e+10,-0.2371027321,-0.7513757362,0.0006138720294,-0.000446555182
5.699e+10,-0.2402394295,-0.7518585341,0.0005630817616,-0.0005084502051
5.7e+10,-0.243364136,-0.7523112194,0.0005063367962,-0.0005643401483
5.701e+10,-0.246476891,-0.7527338206,0.0004443902065,-0.0006137251346
5.702e+10,-0.2495776532,-0.7531263522,0.000378016554,-0.0006562069381
5.703e+10,-0.2526663332,-0.7534888311,0.0003079976631,-0.0006914826531
5.704e+10,-0.2557427827,-0.7538212874,0.0002351105572,-0.0007193387593
5.705e+10,-0.2588067773,-0.7541237847,0.0001601187147,-0.0007396404508
5.706e+10,-0.261858057,-0.7543963864,8.376548035e-05,-0.0007523238506
5.707e+10,-0.2648963443,-0.7546392342,6.770472663e-06,-0.0007573864707
5.708e+10,-0.2679212826,-0.7548524545,-7.01724933e-05,-0.0007548785852
5.709e+10,-0.270932536,-0.7550362668,-0.0001463941115,-0.0007448973004
5.71e+10,-0.2739297068,-0.7551908969,-0.0002212491869,-0.0007275790333
5.711e+10,-0.2769124234,-0.7553166409,-0.0002941129188,-0.0007030973956
5.712e+10,-0.2798802708,-0.7554138183,-0.0003643788823,-0.0006716597421
5.713e+10,-0.2828328473,-0.7554828127,-0.0004314550689,-0.0006335070638
5.714e+10,-0.285769785,-0.7555240422,-0.0004947618791,-0.0005889149734
5.715e+10,-0.2886906884,-0.7555379913,-0.0005537305155,-0.0005381959206
5.716e+10,-0.2915951922,-0.7555251511,-0.0006078022163,-0.0004817032011
5.717e+10,-0.2944829674,-0.7554861058,-0.0006564287164,-0.0004198346737
5.718e+10,-0.2973536738,-0.7554214332,-0.0006990752022,-0.0003530392033
5.719e+10,-0.300207067,-0.7553317954,-0.000735224881,-0.0002818205602
5.72e+10,-0.3030429063,-0.7552178696,-0.0007643847417,-0.0002067432028
5.721e+10,-0.3058609995,-0.7550803619,-0.0007860957919,-0.0001284356766
5.722e+10,-0.308661223,-0.7549200223,-0.0007999414436,-4.759321388e-05
5.723e+10,-0.3114435252,-0.7547376082,-0.0008055611903,3.502167359e-05
5.724e+10,-0.3142078968,-0.7545339074,-0.0008026626753,0.0001185817671
5.725e+10,-0.3169544295,-0.7543096824,-0.000791037455,0.0002021994092
5.726e+10,-0.3196832584,-0.7540657085,-0.0007705727982,0.0002849358119
5.727e+10,-0.3223946379,-0.7538027443,-0.0007412664337,0.0003658126835
5.728e+10,-0.3250888575,-0.7535214905,-0.0007032370743,0.0004438270847
5.729e+10,-0.3277663066,-0.7532226258,-0.000656732997,0.0005179701801
5.73e+10,-0.3304274304,-0.752906762,-0.0006021378813,0.000587248044
5.731e+10,-0.3330727076,-0.7525744263,-0.0005399704159,0.000650704459
5.732e+10,-0.3357027041,-0.7522260889,-0.0004708808996,0.0007074432439
5.733e+10,-0.3383179909,-0.751862116,-0.0003956420903,0.0007566512703
5.734e+10,-0.3409191549,-0.7514827803,-0.0003151358661,0.0007976188191
5.735e+10,-0.3435067916,-0.7510882733,-0.0002303349833,0.0008297564932
5.736e+10,-0.3460814432,-0.7506786785,-0.0001422820072,0.0008526094068
5.737e+10,-0.3486436833,-0.7502539978,-5.206684982e-05,0.0008658643877
5.738e+10,-0.3511939753,-0.7498141673,3.919837643e-05,0.0008693554635
5.739e+10,-0.3537327563,-0.7493590449,0.000130402444,0.0008630604624
5.74e+10,-0.3562603968,-0.7488884264,0.000220457401,0.0008470965152
5.741e+10,-0.358777182,-0.7484020859,0.000308318205,0.0008217088519
5.742e+10,-0.3612833211,-0.7478997645,0.0003929985891,0.0007872583494
5.743e+10,-0.3637789631,-0.7473811698,0.0004735841258,0.0007442061367
5.744e+10,-0.3662641533,-0.7468460464,0.0005492399522,0.000693097479
5.745e+10,-0.3687389062,-0.746294126,0.0006192162657,0.0006345466706
5.746e+10,-0.3712031228,-0.7457251641,0.000682849165,0.0005692206054
5.747e+10,-0.3736566848,-0.7451389603,0.000739559482,0.0004978268767
5.748e+10,-0.3760994246,-0.7445353448,0.0007888495398,0.0004211006757
5.749e+10,-0.3785311081,-0.7439141776,0.0008302976554,0.0003397976108
5.75e+10,-0.3809514955,-0.7432753819,0.000863553311,0.0002546855853
5.751e+10,-0.3833603032,-0.7426189268,0.0008883311933,0.0001665406796
5.752e+10,-0.3857572384,-0.7419448224,0.0009044057355,7.614480922e-05
5.753e+10,-0.3881420056,-0.7412531303,0.000911607591,-1.57148166e-05
5.754e+10,-0.3905143003,-0.7405439764,0.0009098197231,-0.000108245654
5.755e+10,-0.3928738155,-0.7398175028,0.0008989774961,-0.0002006482731
5.756e+10,-0.3952202785,-0.7390739233,0.0008790668808,-0.0002921145322
5.757e+10,-0.3975534007,-0.7383134824,0.0008501289477,-0.0003818260449
5.758e+10,-0.3998729443,-0.7375364678,0.0008122613211,-0.0004689534389
5.759e+10,-0.4021786733,-0.7367431969,0.0007656246159,-0.0005526562148
5.76e+10,-0.4044704047,-0.7359340333,0.0007104482434,-0.0006320842996
5.761e+10,-0.4067479718,-0.7351093586,0.000647037509,-0.0007063814714
5.762e+10,-0.4090112629,-0.7342695802,0.0005757812533,-0.0007746909401
5.763e+10,-0.4112602024,-0.7334151286,0.0004971599832,-0.0008361618281
5.764e+10,-0.4134947536,-0.7325464417,0.0004117539307,-0.000889963356
5.765e+10,-0.4157149376,-0.7316639546,0.0003202433741,-0.0009352961346
5.766e+10,-0.4179208263,-0.7307681263,0.0002234150512,-0.0009714045861
5.767e+10,-0.4201125299,-0.7298593913,0.0001221633739,-0.0009975947794
5.768e+10,-0.4222902194,-0.7289381594,1.748836579e-05,-0.001013253589
5.769e+10,-0.4244541013,-0.7280048317,-8.95118472e-05,-0.001017866592
5.77e+10,-0.4266044251,-0.7270597785,-0.0001976495289,-0.001011036699
5.771e+10,-0.4287414902,-0.7261033242,-0.0003056617722,-0.0009925017428
5.772e+10,-0.4308656132,-0.7251357576,-0.0004122275393,-0.0009621498225
5.773e+10,-0.4329771521,-0.7241573195,-0.0005159882381,-0.0009200318675
5.774e+10,-0.4350764577,-0.7231681961,-0.0006155707068,-0.0008663733769
5.775e+10,-0.4371639218,-0.7221685229,-0.0007094904121,-0.0008016550415
5.776e+10,-0.4392399,-0.721158388,-0.0007968105205,-0.0007261454418
5.777e+10,-0.4413047746,-0.720137832,-0.0008758766122,-0.0006409464135
5.778e+10,-0.4433588877,-0.7191068258,-0.000945654388,-0.0005468271827
5.779e+10,-0.4454025679,-0.7180653162,-0.001005086129,-0.0004448526506
5.78e+10,-0.4474361227,-0.7170132139,-0.001053248152,-0.0003362174254
5.781e+10,-0.449459828,-0.7159503792,-0.001089367993,-0.0002222281367
5.782e+10,-0.4514739112,-0.714876668,-0.001112837639,-0.0001042828808
5.783e+10,-0.4534785744,-0.7137918895,-0.001123224,1.615270811e-05
5.784e+10,-0.4554739848,-0.7126958642,-0.001120275378,0.0001375692433
5.785e+10,-0.4574602637,-0.7115883951,-0.001103923765,0.0002584378536
5.786e+10,-0.4594375118,-0.7104692772,-0.001074284425,0.0003772337663
5.787e+10,-0.4614057893,-0.7093383116,-0.001031652069,0.0004924591811
5.788e+10,-0.4633651227,-0.7081953043,-0.0009764940639,0.000602664466
5.789e+10,-0.4653155291,-0.7070400601,-0.0009094425975,0.0007064685758
5.79e+10,-0.4672569861,-0.7058724133,-0.000831282735,0.0008025767811
5.791e+10,-0.4691894663,-0.7046921742,-0.0007429406644,0.0008897978087
5.792e+10,-0.4711128997,-0.7034992013,-0.0006454678721,0.0009670582585
5.793e+10,-0.4730272276,-0.7022933357,-0.0005400273388,0.001033415462
5.794e+10,-0.47493236,-0.7010744395,-0.0004278748982,0.00108806843
5.795e+10,-0.4768281974,-0.6998423765,-0.0003103424157,0.001130366375
5.796e+10,-0.4787146311,-0.6985970397,-0.0001888186163,0.001159814656
5.797e+10,-0.4805915277,-0.6973383117,-6.47301461e-05,0.001176078887
5.798e+10,-0.4824587573,-0.6960660849,6.047772633e-05,0.001178986549
5.799e+10,-0.4843161581,-0.6947802777,0.0001853598017,0.0011685252
5.8e+10,-0.486163566,-0.6934808218,0.0003084901587,0.001144839325
5.801e+10,-0.4880008055,-0.6921676461,0.0004284772113,0.00110822449
5.802e+10,-0.4898276804,-0.6908407084,0.0005439820215,0.001059119625
5.803e+10,-0.4916439822,-0.6894999861,0.0006537307865,0.0009980968646
5.804e+10,-0.4934495036,-0.6881454708,0.0007565271407,0.0009258516664
5.805e+10,-0.4952440132,-0.6867771926,0.0008512626731,0.0008431910274
5.806e+10,-0.4970272818,-0.6853951954,0.0009369245641,0.0007510209577
5.807e+10,-0.4987990751,-0.6839995603,0.001012601975,0.0006503355023
5.808e+10,-0.500559169,-0.6825903971,0.00107749127,0.0005422048328
5.809e+10,-0.5023073342,-0.6811678439,0.001130898577,0.0004277648325
5.81e+10,-0.5040433625,-0.6797320877,0.001172242647,0.0003082069616
5.811e+10,-0.5057670583,-0.6782833335,0.001201056918,0.0001847691864
5.812e+10,-0.5074782667,-0.676821826,0.001216992033,5.872758311e-05
5.813e+10,-0.5091768359,-0.6753478352,0.001219816958,-6.861156335e-05
5.814e+10,-0.5108626685,-0.6738616628,0.001209422373,-0.0001959196063
5.815e+10,-0.5125357132,-0.672363627,0.001185823762,-0.0003218536184
5.816e+10,-0.514195962,-0.6708540582,0.001149164659,-0.0004450649781
5.817e+10,-0.5158434591,-0.6693333047,0.001099721148,-0.0005642100075
5.818e+10,-0.517478308,-0.6678016973,0.001037905438,-0.0006779605078
5.819e+10,-0.5191006751,-0.6662595727,0.0009642691273,-0.0007850173593
5.82e+10,-0.5207107708,-0.6647072286,0.0008795054406,-0.0008841265431
5.821e+10,-0.5223088921,-0.6631449502,0.0007844494313,-0.0009740950047
5.822e+10,-0.5238953607,-0.6615729523,0.0006800764341,-0.001053810466
5.823e+10,-0.5254705615,-0.6599914049,0.0005674960143,-0.001122260429
5.824e+10,-0.5270349212,-0.6584004172,0.0004479428469,-0.00117855355
5.825e+10,-0.5285888847,-0.6568000256,0.0003227632595,-0.001221938697
5.826e+10,-0.5301329133,-0.6551901653,0.0001933983412,-0.001251823073
5.827e+10,-0.5316674829,-0.6535707005,6.136201571e-05,-0.001267788062
5.828e+10,-0.533193034,-0.6519414075,-7.178369077e-05,-0.001269601289
5.829e+10,-0.5347099963,-0.650301976,-0.0002044554746,-0.001257223473
5.83e+10,-0.5362187306,-0.6486520114,-0.0003350783102,-0.001230811293
5.831e+10,-0.5377195629,-0.646991047,-0.0004621140071,-0.001190713344
5.832e+10,-0.5392127235,-0.6453185593,-0.0005840894483,-0.001137461629
5.833e+10,-0.5406983733,-0.6436339826,-0.0006996217762,-0.001071757415
5.834e+10,-0.5421765779,-0.6419367069,-0.0008074407983,-0.0009944529441
5.835e+10,-0.5436473125,-0.6402261113,-0.0009064060716,-0.0009065303182
5.836e+10,-0.5451104565,-0.6385015795,-0.0009955195485,-0.0008090773034
5.837e+10,-0.5465657896,-0.6367625022,-0.001073933877,-0.0007032630434
5.838e+10,-0.5480130238,-0.6350083088,-0.001140954666,-0.000590314221
5.839e+10,-0.5494517683,-0.6332384575,-0.001196039331,-0.0004714930796
5.84e+10,-0.5508815693,-0.6314524803,-0.001238793455,-0.000348075386
5.841e+10,-0.5523019265,-0.6296499639,-0.00126896269,-0.0002213311635
5.842e+10,-0.553712269,-0.6278305559,-0.001286420552,-9.250621228e-05
5.843e+10,-0.5551120077,-0.6259939856,-0.001291149692,3.718878586e-05
5.844e+10,-0.5565005305,-0.6241400627,-0.001283226631,0.0001665780449
5.845e+10,-0.55787719,-0.6222686818,-0.001262816399,0.0002945199641
5.846e+10,-0.5592413518,-0.6203797806,-0.001230167848,0.0004199110555
5.847e+10,-0.5605923992,-0.618473425,-0.001185605392,0.0005416894094
5.848e+10,-0.5619297182,-0.6165497149,-0.001129520808,0.0006588351665
5.849e+10,-0.5632527292,-0.6146088267,-0.001062367993,0.0007703677049
5.85e+10,-0.5645608945,-0.612651014,-0.0009846597947,0.0008753431047
5.851e+10,-0.5658537115,-0.6106765719,-0.000896968009,0.000972850092
5.852e+10,-0.5671307541,-0.6086858606,-0.0007999248005,0.001062009947
5.853e+10,-0.5683916247,-0.6066792686,-0.0006942263348,0.001141975976
5.854e+10,-0.569636014,-0.6046572317,-0.0005806376452,0.001211935827
5.855e+10,-0.5708636676,-0.6026202077,-0.0004599965079,0.001271115624
5.856e+10,-0.5720744318,-0.6005686671,-0.0003332195076,0.001318786209
5.857e+10,-0.5732682077,-0.5985030908,-0.0002013061951,0.001354272974
5.858e+10,-0.5744449867,-0.5964239408,-6.534095108e-05,0.00137696613
5.859e+10,-0.5756048421,-0.594331656,7.350475955e-05,0.001386335973
5.86e+10,-0.5767479113,-0.5922266608,0.0002139755138,0.001381946221
5.861e+10,-0.5778744192,-0.5901093122,0.000354735828,0.001363472187
5.862e+10,-0.5789846554,-0.5879799082,0.0004943795263,0.001330716181
5.863e+10,-0.5800789634,-0.5858386937,0.0006314418084,0.00128362509
5.864e+10,-0.5811577309,-0.5836858045,0.0007644161012,0.001222303952
5.865e+10,-0.5822213854,-0.5815212966,0.0008917738979,0.001147030064
5.866e+10,-0.583270345,-0.5793451318,0.001011987947,0.001058260047
5.867e+10,-0.5843050661,-0.5771571472,0.001123558452,0.0009566369151
5.868e+10,-0.585325949,-0.5749571095,0.00122503953,0.0008429890007
5.869e+10,-0.5863333864,-0.5727446606,0.001315067999,0.0007183255473
5.87e+10,-0.5873276862,-0.5705193609,0.001392389811,0.0005838269894
5.871e+10,-0.588309109,-0.5682806783,0.001455885059,0.0004408286532
5.872e+10,-0.5892778269,-0.5660280224,0.001504589907,0.0002908034123
5.873e+10,-0.5902339016,-0.5637607254,0.001537715218,0.000135336104
5.874e+10,-0.5911773213,-0.5614781233,0.001554659058,-2.389960165e-05
5.875e+10,-0.5921079272,-0.5591794726,0.001555016647,-0.0001851698004
5.876e+10,-0.5930254519,-0.5568640434,0.001538584989,-0.0003467082456
5.877e+10,-0.5939295745,-0.5545311719,0.001505356236,-0.0005067394605
5.878e+10,-0.5948198282,-0.5521801931,0.001455518743,-0.0006635072129
5.879e+10,-0.5956956682,-0.5498104974,0.001389445617,-0.0008152946646
5.88e+10,-0.596556458,-0.5474215124,0.001307684795,-0.0009604450328
5.881e+10,-0.5974015236,-0.5450127427,0.001210945245,-0.001097376093
5.882e+10,-0.5982300821,-0.5425837805,0.001100083008,-0.001224595145
5.883e+10,-0.5990413403,-0.5401342791,0.0009760884833,-0.001340707015
5.884e+10,-0.5998344708,-0.5376639872,0.0008400721764,-0.001444423049
5.885e+10,-0.6006086088,-0.5351727386,0.0006932525793,-0.001534566183
5.886e+10,-0.6013629181,-0.5326604492,0.0005369466179,-0.001610074588
5.887e+10,-0.6020965467,-0.5301270996,0.0003725580816,-0.001670005279
5.888e+10,-0.6028086424,-0.5275727651,0.0002015705717,-0.001713537841
5.889e+10,-0.603498418,-0.5249975826,2.554050941e-05,-0.001739976999
5.89e+10,-0.6041650871,-0.5224017327,-0.0001539097587,-0.001748756662
5.891e+10,-0.6048079168,-0.5197854901,-0.0003350981383,-0.001739444482
5.892e+10,-0.605426206,-0.5171491275,-0.0005162888051,-0.001711749678
5.893e+10,-0.6060193193,-0.514492972,-0.0006956980104,-0.001665528236
5.894e+10,-0.6065866584,-0.5118174097,-0.0008715047641,-0.001600790559
5.895e+10,-0.6071276833,-0.5091228091,-0.001041858786,-0.001517712774
5.896e+10,-0.6076418969,-0.5064095667,-0.001204892543,-0.001416642782
5.897e+10,-0.6081288569,-0.5036780775,-0.001358735099,-0.001298111178
5.898e+10,-0.6085881766,-0.5009287406,-0.001501529241,-0.001162837115
5.899e+10,-0.6090195055,-0.498161951,-0.001631449159,-0.001011736702
5.9e+10,-0.6094225348,-0.4953780711,-0.001746721384,-0.0008459266297
5.901e+10,-0.609797001,-0.4925774553,-0.001845648709,-0.0006667274759
5.902e+10,-0.610142676,-0.4897604282,-0.001926634339,-0.0004756603984
5.903e+10,-0.6104593468,-0.4869272854,-0.001988206796,-0.0002744475009
5.904e+10,-0.6107468291,-0.4840782801,-0.002029048452,-6.500027752e-05
5.905e+10,-0.6110049722,-0.4812136327,-0.002048018989,0.000150589334
5.906e+10,-0.6112336014,-0.4783335271,-0.00204418442,0.0003700668082
5.907e+10,-0.6114325825,-0.4754381075,-0.002016839436,0.0005910318445
5.908e+10,-0.6116017664,-0.4725274683,-0.00196553099,0.00081096343
5.909e+10,-0.6117409707,-0.4696016853,-0.001890078078,0.001027247489
5.91e+10,-0.6118500437,-0.466660775,-0.001790589378,0.001237205063
5.911e+10,-0.6119287627,-0.4637047124,-0.001667475848,0.001438126815
5.912e+10,-0.6119769487,-0.4607334526,-0.001521461591,0.001627306779
5.913e+10,-0.6119943079,-0.4577469019,-0.001353587634,0.001802082439
5.914e+10,-0.6119806029,-0.4547449544,-0.001165212462,0.001959869483
5.915e+10,-0.6119354537,-0.4517274595,-0.0009580088483,0.002098204784
5.916e+10,-0.6118585149,-0.4486942603,-0.000733954243,0.002214782335
5.917e+10,-0.611749367,-0.4456451853,-0.0004953159811,0.002307493937
5.918e+10,-0.6116075363,-0.4425800275,-0.0002446327603,0.002374466276
5.919e+10,-0.6114325055,-0.4394986148,1.531016324e-05,0.002414096439
5.92e+10,-0.6112236809,-0.4364007319,0.0002815105754,0.002425086469
5.921e+10,-0.610980428,-0.4332861867,0.0005507823139,0.002406470617
5.922e+10,-0.6107020531,-0.4301548189,0.0008197930763,0.002357644148
5.923e+10,-0.6103878097,-0.427006446,0.001085106881,0.002278385285
5.924e+10,-0.61003689,-0.4238409554,0.001343228936,0.002168866914
5.925e+10,-0.609648406,-0.4206582093,0.001590652658,0.002029675778
5.926e+10,-0.6092214724,-0.4174581502,0.001823908221,0.001861809986
5.927e+10,-0.6087550747,-0.4142407448,0.002039616245,0.001666682214
5.928e+10,-0.6082482035,-0.4110059992,0.002234534052,0.001446112203
5.929e+10,-0.6076997819,-0.4077539751,0.002405608063,0.001202310558
5.93e+10,-0.6071086969,-0.4044848174,0.00255002221,0.0009378611702
5.931e+10,-0.6064737532,-0.4011987061,0.002665243457,0.0006556929619
5.932e+10,-0.6057937907,-0.3978958661,0.002749063385,0.0003590496034
5.933e+10,-0.6050675641,-0.3945766728,0.002799638168,5.145085982e-05
5.934e+10,-0.6042938271,-0.391241512,0.002815524353,-0.0002633489156
5.935e+10,-0.6034712934,-0.3878908591,0.002795704677,-0.0005814061662
5.936e+10,-0.6025986842,-0.3845253051,0.002739615262,-0.0008986387516
5.937e+10,-0.6016747319,-0.381145505,0.002647160006,-0.001210878146
5.938e+10,-0.6006981399,-0.3777522041,0.002518725021,-0.001513922613
5.939e+10,-0.599667648,-0.3743462428,0.00235518109,-0.00180359229
5.94e+10,-0.5985820032,-0.3709285443,0.002157885278,-0.002075786428
5.941e+10,-0.5974400403,-0.3675001205,0.001928672894,-0.002326535752
5.942e+10,-0.5962405555,-0.3640620569,0.001669845932,-0.002552059045
5.943e+10,-0.5949824365,-0.3606155582,0.001384153039,-0.002748816345
5.944e+10,-0.5936646543,-0.3571618385,0.001074767941,-0.002913560293
5.945e+10,-0.5922862063,-0.3537022283,0.0007452566885,-0.003043385493
5.946e+10,-0.5908461876,-0.3502380922,0.0003995448719,-0.003135774412
5.947e+10,-0.5893437405,-0.3467708366,4.187938797e-05,-0.003188637913
5.948e+10,-0.5877781699,-0.3433019289,-0.0003231988311,-0.003200340297
5.949e+10,-0.5861487662,-0.339832833,-0.0006909294737,-0.003169750874
5.95e+10,-0.5844550031,-0.3363650411,-0.001056359543,-0.003096383925
5.951e+10,-0.5826963488,-0.3329000303,-0.001414445363,-0.002980279605
5.952e+10,-0.5808724117,-0.3294392949,-0.00176014133,-0.002822053144
5.953e+10,-0.5789828325,-0.3259842989,-0.002088413646,-0.002622930229
5.954e+10,-0.5770273877,-0.3225364443,-0.002394316832,-0.002384756869
5.955e+10,-0.5750058663,-0.3190971553,-0.002673074421,-0.002109996474
5.956e+10,-0.5729181011,-0.3156677538,-0.002920165571,-0.001801716959
5.957e+10,-0.5707640226,-0.3122495135,-0.003131405337,-0.001463569977
5.958e+10,-0.568543516,-0.3088436572,-0.003303025281,-0.001099753921
5.959e+10,-0.5662565364,-0.3054513441,-0.00343175098,-0.0007149726223
5.96e+10,-0.5639029986,-0.3020736499,-0.003514873814,-0.0003143750578
5.961e+10,-0.5614828252,-0.2987116122,-0.003550317601,9.651176799e-05
5.962e+10,-0.5589958991,-0.2953661976,-0.003536696773,0.0005118633478
5.963e+10,-0.5564420707,-0.2920383366,-0.003473362984,0.0009256508695
5.964e+10,-0.5538210878,-0.2887288959,-0.003360442447,0.001331734356
5.965e+10,-0.5511326558,-0.2854387007,-0.003198852365,0.001723969889
5.966e+10,-0.5483764424,-0.2821686242,-0.002990308458,0.002096320842
5.967e+10,-0.545551928,-0.2789194671,-0.002737312759,0.002442965821
5.968e+10,-0.5426585652,-0.2756920769,-0.002443126106,0.002758410818
5.969e+10,-0.5396956713,-0.272487353,-0.002111721708,0.003037593896
5.97e+10,-0.5366624632,-0.2693062162,-0.001747725461,0.003275983053
5.971e+10,-0.5335580587,-0.2661497187,-0.00135633731,0.003469669318
5.972e+10,-0.5303814805,-0.2630189685,-0.000943244427,0.003615440289
5.973e+10,-0.5271316361,-0.2599152431,-0.0005145177117,0.003710846328
5.974e+10,-0.5238074006,-0.2568399172,-7.650422156e-05,0.003754244734
5.975e+10,-0.5204075341,-0.2537946031,0.000364292422,0.003744829842
5.976e+10,-0.5169307965,-0.2507810381,0.0008013228633,0.003682645525
5.977e+10,-0.5133759004,-0.2478012337,0.001228116252,0.00356857743
5.978e+10,-0.5097415712,-0.2448573528,0.001638387234,0.003404328662
5.979e+10,-0.5060266202,-0.2419518509,0.002026148198,0.003192380064
5.98e+10,-0.5022298276,-0.2390873749,0.002385805288,0.002935936536
5.981e+10,-0.4983501004,-0.2362668497,0.002712245086,0.002638857574
5.982e+10,-0.4943864866,-0.2334935758,0.003000912136,0.00230557965
5.983e+10,-0.4903381145,-0.2307713825,0.003247867215,0.001941031368
5.984e+10,-0.4862055285,-0.2281051383,0.003449822119,0.001550534273
5.985e+10,-0.4819922972,-0.2254960391,0.003604163587,0.001139772379
5.986e+10,-0.4776929992,-0.222943867,0.00370910948,0.0007146578395
5.987e+10,-0.473306642,-0.2204574669,0.003763536593,0.0002811827824
5.988e+10,-0.4688357947,-0.2180414787,0.003766730201,-0.0001546877146
5.989e+10,-0.4642818964,-0.2156995029,0.003719480666,-0.0005871865715
5.99e+10,-0.4596463721,-0.2134354845,0.003622574967,-0.001010143869
5.991e+10,-0.4549309928,-0.2112533502,0.003477631419,-0.001417977677
5.992e+10,-0.4501377366,-0.2091570447,0.003286924297,-0.001805313639
5.993e+10,-0.4452690143,-0.2071503546,0.003053310549,-0.002167096396
5.994e+10,-0.4403274948,-0.2052368456,0.00278018599,-0.002498653996
5.995e+10,-0.4353161339,-0.2034199171,0.002471433612,-0.002795754748
5.996e+10,-0.4302381542,-0.2017026757,0.002131370073,-0.003054655337
5.997e+10,-0.4250969633,-0.2000879399,0.001764679241,-0.00327213706
5.998e+10,-0.4198961029,-0.1985782678,0.001376370679,-0.003445526149
5.999e+10,-0.4146392916,-0.1971757692,0.0009717256624,-0.00357274535
6e+10,-0.4093302249,-0.195882268,0.0005562170447,-0.003652345354
