y,pdf,cdf
-0.02756,7.015898035e-120,7.015898035e-120
-0.02755,6.596771446e-118,6.666930427e-118
-0.02754,3.078207666e-116,3.144876971e-116
-0.02753,9.508698753e-115,9.82318645e-115
-0.02752,2.18862937e-113,2.286861235e-113
-0.02751,4.006061878e-112,4.234748001e-112
-0.0275,6.077738166e-111,6.501212966e-111
-0.02749,7.86597664e-110,8.516097936e-110
-0.02748,8.871417532e-109,9.723027326e-109
-0.02747,8.863485243e-108,9.835787976e-108
-0.02746,7.948682958e-107,8.932261755e-107
-0.02745,6.467713497e-106,7.360939673e-106
-0.02744,4.818382047e-105,5.554476014e-105
-0.02743,3.312074782e-104,3.867522383e-104
-0.02742,2.114705379e-103,2.501457617e-103
-0.02741,1.261511704e-102,1.511657466e-102
-0.0274,7.067559548e-102,8.579217014e-102
-0.02739,3.735796319e-101,4.593718021e-101
-0.02738,1.870779826e-100,2.330151628e-100
-0.02737,8.908392547e-100,1.123854417e-99
-0.02736,4.047337616e-99,5.171192033e-99
-0.02735,1.759759464e-98,2.276878667e-98
-0.02734,7.342627292e-98,9.61950596e-98
-0.02733,2.947529174e-97,3.90947977e-97
-0.02732,1.140965586e-96,1.531913563e-96
-0.02731,4.267851758e-96,5.799765322e-96
-0.0273,1.545634895e-95,2.125611427e-95
-0.02729,5.429193986e-95,7.554805413e-95
-0.02728,1.852691387e-94,2.608171928e-94
-0.02727,6.15124308e-94,8.759415008e-94
-0.02726,1.989836182e-93,2.865777683e-93
-0.02725,6.279476452e-93,9.145254135e-93
-0.02724,1.935517251e-92,2.850042665e-92
-0.02723,5.833330072e-92,8.683372737e-92
-0.02722,1.7207839e-91,2.589121174e-91
-0.02721,4.973244628e-91,7.562365802e-91
-0.0272,1.40942583e-90,2.16566241e-90
-0.02719,3.920062606e-90,6.085725016e-90
-0.02718,1.070848587e-89,1.679421089e-89
-0.02717,2.875158471e-89,4.55457956e-89
-0.02716,7.592569387e-89,1.214714895e-88
-0.02715,1.97326535e-88,3.187980245e-88
-0.02714,5.050236852e-88,8.238217097e-88
-0.02713,1.273538229e-87,2.097359939e-87
-0.02712,3.166040741e-87,5.26340068e-87
-0.02711,7.763230953e-87,1.302663163e-86
-0.0271,1.878430557e-86,3.18109372e-86
-0.02709,4.487126991e-86,7.668220711e-86
-0.02708,1.058633737e-85,1.825455808e-85
-0.02707,2.467750209e-85,4.293206017e-85
-0.02706,5.685907061e-85,9.979113078e-85
-0.02705,1.295382635e-84,2.293293942e-84
-0.02704,2.919073562e-84,5.212367504e-84
-0.02703,6.508521135e-84,1.172088864e-83
-0.02702,1.436298812e-83,2.608387676e-83
-0.02701,3.138058593e-83,5.746446269e-83
-0.027,6.789748693e-83,1.253619496e-82
-0.02699,1.455257491e-82,2.708876987e-82
-0.02698,3.090518559e-82,5.799395546e-82
-0.02697,6.504819065e-82,1.230421461e-81
-0.02696,1.357231159e-81,2.58765262e-81
-0.02695,2.807923105e-81,5.395575725e-81
-0.02694,5.761338078e-81,1.11569138e-80
-0.02693,1.172622973e-80,2.288314353e-80
-0.02692,2.367973395e-80,4.656287749e-80
-0.02691,4.745278289e-80,9.401566038e-80
-0.0269,9.438279299e-80,1.883984534e-79
-0.02689,1.86357547e-79,3.747560003e-79
-0.02688,3.653406636e-79,7.400966639e-79
-0.02687,7.11241353e-79,1.451338017e-78
-0.02686,1.375220761e-78,2.826558778e-78
-0.02685,2.641376254e-78,5.467935031e-78
-0.02684,5.040274438e-78,1.050820947e-77
-0.02683,9.556647335e-78,2.00648568e-77
-0.02682,1.800709511e-77,3.807195192e-77
-0.02681,3.372296192e-77,7.179491384e-77
-0.0268,6.277793372e-77,1.345728476e-76
-0.02679,1.161825826e-76,2.507554302e-76
-0.02678,2.137860836e-76,4.645415138e-76
-0.02677,3.911760399e-76,8.557175536e-76
-0.02676,7.118162155e-76,1.567533769e-75
-0.02675,1.288288709e-75,2.855822478e-75
-0.02674,2.319282354e-75,5.175104832e-75
-0.02673,4.153681113e-75,9.328785945e-75
-0.02672,7.401068877e-75,1.672985482e-74
-0.02671,1.31213609e-74,2.985121572e-74
-0.0267,2.314869952e-74,5.299991524e-74
-0.02669,4.064213882e-74,9.364205407e-74
-0.02668,7.101769571e-74,1.646597498e-73
-0.02667,1.23518895e-73,2.881786448e-73
-0.02666,2.138517003e-73,5.020303451e-73
-0.02665,3.685863009e-73,8.706166459e-73
-0.02664,6.3247966e-73,1.503096306e-72
-0.02663,1.080606606e-72,2.583702912e-72
-0.02662,1.838375613e-72,4.422078525e-72
-0.02661,3.114422266e-72,7.536500791e-72
-0.0266,5.25445362e-72,1.279095441e-71
-0.02659,8.829047691e-72,2.16200021e-71
-0.02658,1.477627744e-71,3.639627955e-71
-0.02657,2.463252809e-71,6.102880764e-71
-0.02656,4.090467049e-71,1.019334781e-70
-0.02655,6.76679889e-71,1.69601467e-70
-0.02654,1.11523382e-70,2.81124849e-70
-0.02653,1.831243401e-70,4.642491891e-70
-0.02652,2.996044528e-70,7.638536419e-70
-0.02651,4.88423412e-70,1.252277054e-69
-0.0265,7.934400011e-70,2.045717055e-69
-0.02649,1.284469952e-69,3.330187007e-69
-0.02648,2.072279517e-69,5.402466524e-69
-0.02647,3.332030838e-69,8.734497362e-69
-0.02646,5.339827652e-69,1.407432501e-68
-0.02645,8.529504146e-69,2.260382916e-68
-0.02644,1.358059937e-68,3.618442853e-68
-0.02643,2.155423088e-68,5.773865942e-68
-0.02642,3.410232182e-68,9.184098123e-68
-0.02641,5.378883577e-68,1.45629817e-67
-0.0264,8.45815525e-68,2.302113695e-67
-0.02639,1.326027713e-67,3.628141408e-67
-0.02638,2.072720402e-67,5.70086181e-67
-0.02637,3.230407942e-67,8.931269752e-67
-0.02636,5.020182693e-67,1.395145245e-66
-0.02635,7.779358773e-67,2.173081122e-66
-0.02634,1.202116274e-66,3.375197396e-66
-0.02633,1.852437143e-66,5.227634539e-66
-0.02632,2.846757105e-66,8.074391644e-66
-0.02631,4.362973311e-66,1.243736496e-65
-0.0263,6.668910345e-66,1.91062753e-65
-0.02629,1.016674773e-65,2.927302303e-65
-0.02628,1.545889455e-65,4.473191759e-65
-0.02627,2.344542589e-65,6.817734348e-65
-0.02626,3.546785544e-65,1.036451989e-64
-0.02625,5.352077353e-65,1.571659724e-64
-0.02624,8.056265217e-65,2.377286246e-64
-0.02623,1.209712216e-64,3.586998462e-64
-0.02622,1.812091328e-64,5.39908979e-64
-0.02621,2.707948032e-64,8.107037822e-64
-0.0262,4.037151833e-64,1.214418966e-63
-0.02619,6.004770459e-64,1.814896011e-63
-0.02618,8.910788557e-64,2.705974867e-63
-0.02617,1.319307037e-63,4.025281904e-63
-0.02616,1.94893354e-63,5.974215444e-63
-0.02615,2.872637205e-63,8.846852648e-63
-0.02614,4.224819119e-63,1.307167177e-62
-0.02613,6.199973532e-63,1.92716453e-62
-0.02612,9.078968806e-63,2.83506141e-62
-0.02611,1.326656817e-62,4.161718227e-62
-0.0261,1.934489009e-62,6.096207237e-62
-0.02609,2.814942899e-62,8.911150136e-62
-0.02608,4.08769451e-62,1.299884465e-61
-0.02607,5.923828705e-62,1.892267335e-61
-0.02606,8.567444546e-62,2.74901179e-61
-0.02605,1.236614207e-61,3.985625997e-61
-0.02604,1.781396074e-61,5.767022071e-61
-0.02603,2.561174296e-61,8.328196367e-61
-0.02602,3.675183819e-61,1.200338019e-60
-0.02601,5.263674671e-61,1.726705486e-60
-0.026,7.524500317e-61,2.479155517e-60
-0.02599,1.073626965e-60,3.552782483e-60
-0.02598,1.52906028e-60,5.081842762e-60
-0.02597,2.173699209e-60,7.255541971e-60
-0.02596,3.084508664e-60,1.034005064e-59
-0.02595,4.36910197e-60,1.47091526e-59
-0.02594,6.177685745e-60,2.088683835e-59
-0.02593,8.719560015e-60,2.960639837e-59
-0.02592,1.228587292e-59,4.189227128e-59
-0.02591,1.728094935e-59,5.917322063e-59
-0.0259,2.426535411e-59,8.343857473e-59
-0.02589,3.401498942e-59,1.174535642e-58
-0.02588,4.760206792e-59,1.650556321e-58
-0.02587,6.650588315e-59,2.315615152e-58
-0.02586,9.276410582e-59,3.243256211e-58
-0.02585,1.291791121e-58,4.535047332e-58
-0.02584,1.795989292e-58,6.331036624e-58
-0.02583,2.492992007e-58,8.824028631e-58
-0.02582,3.455017146e-58,1.227904578e-57
-0.02581,4.780772656e-58,1.705981843e-57
-0.0258,6.604969753e-58,2.366478819e-57
-0.02579,9.111180089e-58,3.277596827e-57
-0.02578,1.254918712e-57,4.532515539e-57
-0.02577,1.725836886e-57,6.258352425e-57
-0.02576,2.369916371e-57,8.628268796e-57
-0.02575,3.24953536e-57,1.187780416e-56
-0.02574,4.449080374e-57,1.632688453e-56
-0.02573,6.082549591e-57,2.240943412e-56
-0.02572,8.303727571e-57,3.071316169e-56
-0.02571,1.131978241e-56,4.203294411e-56
-0.0257,1.5409412e-56,5.74423561e-56
-0.02569,2.094702876e-56,7.838938487e-56
-0.02568,2.843494969e-56,1.068243346e-55
-0.02567,3.854618473e-56,1.453705193e-55
-0.02566,5.218123891e-56,1.975517582e-55
-0.02565,7.054342015e-56,2.680951783e-55
-0.02564,9.523855356e-56,3.633337319e-55
-0.02563,1.28406844e-55,4.917405759e-55
-0.02562,1.728970314e-55,6.646376073e-55
-0.02561,2.324961157e-55,8.97133723e-55
-0.0256,3.122320064e-55,1.209365729e-54
-0.02559,4.187717547e-55,1.628137484e-54
-0.02558,5.609449154e-55,2.1890824e-54
-0.02557,7.504305229e-55,2.939512922e-54
-0.02556,1.002657747e-54,3.942170669e-54
-0.02555,1.337985283e-54,5.280155952e-54
-0.02554,1.78324392e-54,7.063399872e-54
-0.02553,2.373751743e-54,9.437151615e-54
-0.02552,3.155943739e-54,1.259309535e-53
-0.02551,4.19079914e-54,1.678389449e-53
-0.0255,5.558303431e-54,2.234219792e-53
-0.02549,7.363250745e-54,2.970544867e-53
-0.02548,9.742780791e-54,3.944822946e-53
-0.02547,1.287615791e-53,5.232438737e-53
-0.02546,1.699744513e-53,6.93218325e-53
-0.02545,2.241191222e-53,9.173374473e-53
-0.02544,2.951725458e-53,1.212509993e-52
-0.02543,3.883100375e-53,1.600820031e-52
-0.02542,5.102589826e-53,2.111079013e-52
-0.02541,6.697547757e-53,2.780833789e-52
-0.0254,8.781279185e-53,3.658961707e-52
-0.02539,1.150059209e-52,4.809020916e-52
-0.02538,1.504550131e-52,6.313571047e-52
-0.02537,1.966168486e-52,8.279739533e-52
-0.02536,2.566645676e-52,1.084638521e-51
-0.02535,3.346922832e-52,1.419330804e-51
-0.02534,4.359769259e-52,1.85530773e-51
-0.02533,5.673129897e-52,2.42262072e-51
-0.02532,7.374400506e-52,3.16006077e-51
-0.02531,9.575882256e-52,4.117648996e-51
-0.0253,1.242173425e-51,5.359822421e-51
-0.02529,1.609682668e-51,6.969505089e-51
-0.02528,2.083800321e-51,9.05330541e-51
-0.02527,2.694839449e-51,1.174814486e-50
-0.02526,3.481559196e-51,1.522970406e-50
-0.02525,4.493470102e-51,1.972317416e-50
-0.02524,5.793755619e-51,2.551692978e-50
-0.02523,7.462971048e-51,3.297990082e-50
-0.02522,9.60372243e-51,4.258362325e-50
-0.02521,1.234657952e-50,5.493020277e-50
-0.0252,1.585754151e-50,7.078774428e-50
-0.02519,2.034745463e-50,9.113519891e-50
-0.02518,2.608388125e-50,1.172190802e-49
-0.02517,3.340604511e-50,1.506251253e-49
-0.02516,4.274363317e-50,1.933687584e-49
-0.02515,5.464042834e-50,2.480091868e-49
-0.02514,6.978398809e-50,3.177931749e-49
-0.02513,8.904288312e-50,4.06836058e-49
-0.02512,1.135133812e-49,5.203494392e-49
-0.02511,1.445779213e-49,6.649273605e-49
-0.0251,1.839782934e-49,8.489056539e-49
-0.02509,2.339071432e-49,1.082812797e-48
-0.02508,2.971222949e-49,1.379935092e-48
-0.02507,3.770894619e-49,1.757024554e-48
-0.02506,4.781602443e-49,2.235184798e-48
-0.02505,6.057939562e-49,2.840978754e-48
-0.02504,7.66833846e-49,3.6078126e-48
-0.02503,9.698507665e-49,4.577663367e-48
-0.02502,1.225570416e-48,5.803233783e-48
-0.02501,1.547404046e-48,7.350637829e-48
-0.025,1.952107159e-48,9.302744988e-48
-0.02499,2.46059641e-48,1.17633414e-47
-0.02498,3.098961923e-48,1.486230332e-47
-0.02497,3.89972074e-48,1.876202406e-47
-0.02496,4.903367678e-48,2.366539174e-47
-0.02495,6.160292617e-48,2.982568436e-47
-0.02494,7.733149002e-48,3.755883336e-47
-0.02493,9.699777474e-48,4.725861083e-47
-0.02492,1.215681201e-47,5.941542284e-47
-0.02491,1.522412448e-47,7.463954732e-47
-0.0249,1.90502985e-47,9.368984582e-47
-0.02489,2.38193658e-47,1.175092116e-46
-0.02488,2.975909016e-47,1.472683018e-46
-0.02487,3.715114696e-47,1.844194487e-46
-0.02486,4.634362281e-47,2.307630716e-46
-0.02485,5.776635287e-47,2.885294244e-46
-0.02484,7.194972635e-47,3.604791508e-46
-0.02483,8.95477279e-47,4.500268787e-46
-0.02482,1.113661484e-46,5.613930271e-46
-0.02481,1.383971009e-46,6.99790128e-46
-0.0248,1.718612199e-46,8.716513479e-46
-0.02479,2.132592188e-46,1.084910567e-45
-0.02478,2.644348369e-46,1.349345404e-45
-0.02477,3.276516364e-46,1.67699704e-45
-0.02476,4.056866344e-46,2.082683674e-45
-0.02475,5.019443799e-46,2.584628054e-45
-0.02474,6.205958457e-46,3.2052239e-45
-0.02473,7.667474167e-46,3.971971317e-45
-0.02472,9.466463587e-46,4.918617675e-45
-0.02471,1.167930473e-45,6.086548149e-45
-0.0247,1.439931237e-45,7.526479386e-45
-0.02469,1.774041643e-45,9.300521029e-45
-0.02468,2.184162249e-45,1.148468328e-44
-0.02467,2.687241714e-45,1.417192499e-44
-0.02466,3.303931411e-45,1.74758564e-44
-0.02465,4.059377656e-45,2.153523406e-44
-0.02464,4.984179894e-45,2.651941395e-44
-0.02463,6.115548831e-45,3.263496279e-44
-0.02462,7.498705358e-45,4.013366814e-44
-0.02461,9.188569246e-45,4.932223739e-44
-0.0246,1.125179635e-44,6.057403374e-44
-0.02459,1.376923471e-44,7.434326845e-44
-0.02458,1.683888376e-44,9.118215221e-44
-0.02457,2.057945764e-44,1.117616099e-43
-0.02456,2.513467308e-44,1.368962829e-43
-0.02455,3.067840615e-44,1.675746891e-43
-0.02454,3.742089011e-44,2.049955792e-43
-0.02453,4.561615999e-44,2.506117392e-43
-0.02452,5.557098928e-44,3.061827285e-43
-0.02451,6.76556113e-44,3.738383398e-43
-0.0245,8.2316574e-44,4.561549138e-43
-0.02449,1.000921435e-43,5.562470573e-43
-0.02448,1.216307508e-43,6.778778081e-43
-0.02447,1.477130697e-43,8.255908777e-43
-0.02446,1.792784254e-43,1.004869303e-42
-0.02445,2.174563651e-43,1.222325668e-42
-0.02444,2.636043764e-43,1.485930045e-42
-0.02443,3.193529269e-43,1.805282971e-42
-0.02442,3.86659213e-43,2.191942185e-42
-0.02441,4.678712663e-43,2.659813451e-42
-0.0244,5.658043701e-43,3.225617821e-42
-0.02439,6.838320982e-43,3.909449919e-42
-0.02438,8.259947133e-43,4.735444632e-42
-0.02437,9.971281617e-43,5.732572794e-42
-0.02436,1.203017495e-42,6.935590289e-42
-0.02435,1.450579237e-42,8.386169526e-42
-0.02434,1.748078052e-42,1.013424758e-41
-0.02433,2.105383999e-42,1.223963158e-41
-0.02432,2.53427784e-42,1.477390942e-41
-0.02431,3.048813151e-42,1.782272257e-41
-0.0243,3.665745601e-42,2.148846817e-41
-0.02429,4.405041557e-42,2.589350973e-41
-0.02428,5.290480374e-42,3.11839901e-41
-0.02427,6.350367229e-42,3.753435733e-41
-0.02426,7.61837636e-42,4.515273369e-41
-0.02425,9.134548026e-42,5.428728172e-41
-0.02424,1.09464666e-41,6.523374831e-41
-0.02423,1.311065197e-41,7.834440029e-41
-0.02422,1.569420206e-41,9.403860234e-41
-0.02421,1.877673067e-41,1.12815333e-40
-0.0242,2.245265277e-41,1.352679858e-40
-0.02419,2.683387794e-41,1.621018637e-40
-0.02418,3.205298337e-41,1.941548471e-40
-0.02417,3.826694991e-41,2.32421797e-40
-0.02416,4.566155878e-41,2.780833558e-40
-0.02415,5.445656327e-41,3.32539919e-40
-0.02414,6.491176899e-41,3.97451688e-40
-0.02413,7.733417859e-41,4.747858666e-40
-0.02412,9.20863834e-41,5.6687225e-40
-0.02411,1.095964146e-40,6.764686646e-40
-0.0241,1.303693019e-40,8.068379664e-40
-0.02409,1.550006299e-40,9.618385964e-40
-0.02408,1.841924286e-40,1.146031025e-39
-0.02407,2.187717914e-40,1.364802816e-39
-0.02406,2.597126789e-40,1.624515495e-39
-0.02405,3.081614405e-40,1.932676936e-39
-0.02404,3.654666739e-40,2.29814361e-39
-0.02403,4.332141432e-40,2.731357753e-39
-0.02402,5.13267594e-40,3.244625347e-39
-0.02401,6.078164374e-40,3.852441784e-39
-0.024,7.194314351e-40,4.571873219e-39
-0.02399,8.511296959e-40,5.423002915e-39
-0.02398,1.006450506e-39,6.429453422e-39
-0.02397,1.189543762e-39,7.618997184e-39
-0.02396,1.405273042e-39,9.024270225e-39
-0.02395,1.659335702e-39,1.068360593e-38
-0.02394,1.95840273e-39,1.264200866e-38
-0.02393,2.310281538e-39,1.495229019e-38
-0.02392,2.724105378e-39,1.767639557e-38
-0.02391,3.210553625e-39,2.08869492e-38
-0.0239,3.782107846e-39,2.466905704e-38
-0.02389,4.453349353e-39,2.91224064e-38
-0.02388,5.241304774e-39,3.436371117e-38
-0.02387,6.165847249e-39,4.052955842e-38
-0.02386,7.25016198e-39,4.77797204e-38
-0.02385,8.521286229e-39,5.630100663e-38
-0.02384,1.001073539e-38,6.631174202e-38
-0.02383,1.175522858e-38,7.806697061e-38
-0.02382,1.379752911e-38,9.186449972e-38
-0.02381,1.618741774e-38,1.080519175e-37
-0.0238,1.898281909e-38,1.270347365e-37
-0.02379,2.22511049e-38,1.492858415e-37
-0.02378,2.607060106e-38,1.753564425e-37
-0.02377,3.053232973e-38,2.058887722e-37
-0.02376,3.574202235e-38,2.416307946e-37
-0.02375,4.182244451e-38,2.834532391e-37
-0.02374,4.891608018e-38,3.323693193e-37
-0.02373,5.718822929e-38,3.895575486e-37
-0.02372,6.683058097e-38,4.563881295e-37
-0.02371,7.806533386e-38,5.344534634e-37
-0.0237,9.114994517e-38,6.256034086e-37
-0.02369,1.063826022e-37,7.319860108e-37
-0.02368,1.241085241e-37,8.560945349e-37
-0.02367,1.447272159e-37,1.000821751e-36
-0.02366,1.687008169e-37,1.169522568e-36
-0.02365,1.96563703e-37,1.366086271e-36
-0.02364,2.289335285e-37,1.595019799e-36
-0.02363,2.665239166e-37,1.861543716e-36
-0.02362,3.101590405e-37,2.171702756e-36
-0.02361,3.607903689e-37,2.532493125e-36
-0.0236,4.195158904e-37,2.952009016e-36
-0.02359,4.876021755e-37,3.439611191e-36
-0.02358,5.665096841e-37,4.006120875e-36
-0.02357,6.57921785e-37,4.66404266e-36
-0.02356,7.637780209e-37,5.427820681e-36
-0.02355,8.863122224e-37,6.314132904e-36
-0.02354,1.028096163e-36,7.342229067e-36
-0.02353,1.192089543e-36,8.53431861e-36
-0.02352,1.381697193e-36,9.916015803e-36
-0.02351,1.600834523e-36,1.151685033e-35
-0.0235,1.85400237e-36,1.33708527e-35
-0.02349,2.146372567e-36,1.551722526e-35
-0.02348,2.483885729e-36,1.800111099e-35
-0.02347,2.873362962e-36,2.087447395e-35
-0.02346,3.322633429e-36,2.419710738e-35
-0.02345,3.840679969e-36,2.803778735e-35
-0.02344,4.437805268e-36,3.247559262e-35
-0.02343,5.125821403e-36,3.760141402e-35
-0.02342,5.918265982e-36,4.351968001e-35
-0.02341,6.830648511e-36,5.035032852e-35
-0.0234,7.880731122e-36,5.823105964e-35
-0.02339,9.088848334e-36,6.731990797e-35
-0.02338,1.047827115e-35,7.779817912e-35
-0.02337,1.207562147e-35,8.987380059e-35
-0.02336,1.391134367e-35,1.037851443e-34
-0.02335,1.602024091e-35,1.198053852e-34
-0.02334,1.844208504e-35,1.382474702e-34
-0.02333,2.122230974e-35,1.5946978e-34
-0.02332,2.441279815e-35,1.838825781e-34
-0.02331,2.807277748e-35,2.119553556e-34
-0.0233,3.226983482e-35,2.442251904e-34
-0.02329,3.708107009e-35,2.813062605e-34
-0.02328,4.25944043e-35,3.239006648e-34
-0.02327,4.891006348e-35,3.728107283e-34
-0.02326,5.614226131e-35,4.289529896e-34
-0.02325,6.442110636e-35,4.933740959e-34
-0.02324,7.389476328e-35,5.672688592e-34
-0.02323,8.473190088e-35,6.520007601e-34
-0.02322,9.712446422e-35,7.491252243e-34
-0.02321,1.112908126e-34,8.604160369e-34
-0.0232,1.274792706e-34,9.878953076e-34
-0.02319,1.45972145e-34,1.133867453e-33
-0.02318,1.670902676e-34,1.30095772e-33
-0.02317,1.911981305e-34,1.492155851e-33
-0.02316,2.187096902e-34,1.710865541e-33
-0.02315,2.500949238e-34,1.960960465e-33
-0.02314,2.858872344e-34,2.246847699e-33
-0.02313,3.266918119e-34,2.573539511e-33
-0.02312,3.731950685e-34,2.946734579e-33
-0.02311,4.261752856e-34,3.372909865e-33
-0.0231,4.86514623e-34,3.859424488e-33
-0.02309,5.552126587e-34,4.414637147e-33
-0.02308,6.33401653e-34,5.0480388e-33
-0.02307,7.223637473e-34,5.770402547e-33
-0.02306,8.235503397e-34,6.593952887e-33
-0.02305,9.386039039e-34,7.532556791e-33
-0.02304,1.069382554e-33,8.601939344e-33
-0.02303,1.217987688e-33,9.819927032e-33
-0.02302,1.386795093e-33,1.120672213e-32
-0.02301,1.57848993e-33,1.278521206e-32
-0.023,1.796106067e-33,1.458131812e-32
-0.02299,2.043070292e-33,1.662438841e-32
-0.02298,2.323252004e-33,1.894764042e-32
-0.02297,2.641019023e-33,2.158865944e-32
-0.02296,3.001300269e-33,2.458995971e-32
-0.02295,3.409656137e-33,2.799961585e-32
-0.02294,3.872357475e-33,3.187197332e-32
-0.02293,4.396474196e-33,3.626844752e-32
-0.02292,4.989974683e-33,4.12584222e-32
-0.02291,5.661837242e-33,4.692025944e-32
-0.0229,6.422175051e-33,5.334243449e-32
-0.02289,7.282376179e-33,6.062481067e-32
-0.02288,8.255260462e-33,6.888007113e-32
-0.02287,9.355255202e-33,7.823532634e-32
-0.02286,1.05985919e-32,8.883391823e-32
-0.02285,1.200352644e-32,1.008374447e-31
-0.02284,1.359058555e-32,1.144280302e-31
-0.02283,1.538284243e-32,1.298108727e-31
-0.02282,1.740622511e-32,1.472170978e-31
-0.02281,1.968986108e-32,1.669069588e-31
-0.0228,2.226646265e-32,1.891734215e-31
-0.02279,2.517275744e-32,2.143461789e-31
-0.02278,2.844996936e-32,2.427961483e-31
-0.02277,3.214435569e-32,2.74940504e-31
-0.02276,3.630780677e-32,3.112483107e-31
-0.02275,4.099851533e-32,3.522468261e-31
-0.02274,4.628172334e-32,3.985285494e-31
-0.02273,5.22305552e-32,4.507591046e-31
-0.02272,5.892694682e-32,5.096860514e-31
-0.02271,6.646268158e-32,5.76148733e-31
-0.0227,7.494054496e-32,6.51089278e-31
-0.02269,8.447561108e-32,7.355648891e-31
-0.02268,9.519667602e-32,8.307615651e-31
-0.02267,1.07247854e-31,9.38009419e-31
-0.02266,1.207903543e-31,1.058799773e-30
-0.02265,1.360044599e-31,1.194804233e-30
-0.02264,1.530917282e-31,1.347895961e-30
-0.02263,1.722774397e-31,1.520173401e-30
-0.02262,1.938133219e-31,1.713986723e-30
-0.02261,2.179805772e-31,1.9319673e-30
-0.0226,2.450932488e-31,2.177060549e-30
-0.02259,2.755019613e-31,2.45256251e-30
-0.02258,3.095980766e-31,2.762160587e-30
-0.02257,3.478183096e-31,3.109978897e-30
-0.02256,3.906498533e-31,3.50062875e-30
-0.02255,4.386360687e-31,3.939264819e-30
-0.02254,4.923827993e-31,4.431647618e-30
-0.02253,5.525653769e-31,4.984212995e-30
-0.02252,6.199363933e-31,5.604149388e-30
-0.02251,6.953343185e-31,6.299483707e-30
-0.0225,7.796930551e-31,7.079176762e-30
-0.02249,8.740525288e-31,7.953229291e-30
-0.02248,9.795704229e-31,8.932799713e-30
-0.02247,1.097535179e-30,1.003033489e-29
-0.02246,1.229380394e-30,1.125971529e-29
-0.02245,1.376700764e-30,1.263641605e-29
-0.02244,1.541269729e-30,1.417768578e-29
-0.02243,1.725059007e-30,1.590274479e-29
-0.02242,1.930260199e-30,1.783300498e-29
-0.02241,2.159308692e-30,1.999231368e-29
-0.0224,2.414910093e-30,2.240722377e-29
-0.02239,2.700069449e-30,2.510729322e-29
-0.02238,3.018123547e-30,2.812541677e-29
-0.02237,3.372776612e-30,3.149819338e-29
-0.02236,3.768139732e-30,3.526633311e-29
-0.02235,4.208774416e-30,3.947510753e-29
-0.02234,4.699740681e-30,4.417484821e-29
-0.02233,5.246650148e-30,4.942149836e-29
-0.02232,5.855724632e-30,5.527722299e-29
-0.02231,6.533860798e-30,6.181108379e-29
-0.0223,7.288701488e-30,6.909978527e-29
-0.02229,8.128714379e-30,7.722849965e-29
-0.02228,9.063278717e-30,8.629177837e-29
-0.02227,1.010278093e-29,9.63945593e-29
-0.02226,1.125872001e-29,1.076532793e-28
-0.02225,1.254382358e-29,1.201971029e-28
-0.02224,1.397217584e-29,1.341692787e-28
-0.02223,1.555935837e-29,1.497286371e-28
-0.02222,1.732260527e-29,1.670512424e-28
-0.02221,1.92809738e-29,1.863322162e-28
-0.0222,2.145553233e-29,2.077877485e-28
-0.02219,2.3869567e-29,2.316573155e-28
-0.02218,2.654880917e-29,2.582061247e-28
-0.02217,2.952168544e-29,2.877278101e-28
-0.02216,3.281959266e-29,3.205474028e-28
-0.02215,3.647720017e-29,3.570246029e-28
-0.02214,4.053278196e-29,3.975573849e-28
-0.02213,4.502858172e-29,4.425859666e-28
-0.02212,5.001121371e-29,4.925971803e-28
-0.02211,5.553210313e-29,5.481292835e-28
-0.0221,6.164796962e-29,6.097772531e-28
-0.02209,6.8421358e-29,6.781986111e-28
-0.02208,7.592122076e-29,7.541198318e-28
-0.02207,8.422355728e-29,8.383433891e-28
-0.02206,9.341211496e-29,9.317555041e-28
-0.02205,1.035791583e-28,1.035334662e-27
-0.02204,1.148263121e-28,1.150160974e-27
-0.02203,1.27265486e-28,1.27742646e-27
-0.02202,1.410198878e-28,1.418446348e-27
-0.02201,1.562251335e-28,1.574671482e-27
-0.022,1.730304643e-28,1.747701946e-27
-0.02199,1.916000784e-28,1.939302024e-27
-0.02198,2.121145903e-28,2.151416615e-27
-0.02197,2.347726287e-28,2.386189243e-27
-0.02196,2.597925843e-28,2.645981828e-27
-0.02195,2.874145244e-28,2.933396352e-27
-0.02194,3.179022859e-28,3.251298638e-27
-0.02193,3.515457661e-28,3.602844404e-27
-0.02192,3.886634276e-28,3.991507832e-27
-0.02191,4.296050374e-28,4.421112869e-27
-0.0219,4.747546609e-28,4.89586753e-27
-0.02189,5.245339349e-28,5.420401465e-27
-0.02188,5.794056436e-28,5.999807109e-27
-0.02187,6.398776255e-28,6.639684734e-27
-0.02186,7.065070413e-28,7.346191775e-27
-0.02185,7.799050339e-28,8.126096809e-27
-0.02184,8.607418171e-28,8.986838626e-27
-0.02183,9.497522296e-28,9.936590856e-27
-0.02182,1.047741797e-27,1.098433265e-26
-0.02181,1.155593347e-27,1.2139926e-26
-0.0218,1.274274223e-27,1.341420022e-26
-0.02179,1.404844157e-27,1.481904438e-26
-0.02178,1.54846385e-27,1.636750823e-26
-0.02177,1.706404329e-27,1.807391256e-26
-0.02176,1.880057147e-27,1.99539697e-26
-0.02175,2.070945496e-27,2.20249152e-26
-0.02174,2.280736321e-27,2.430565152e-26
-0.02173,2.511253509e-27,2.681690503e-26
-0.02172,2.764492261e-27,2.958139729e-26
-0.02171,3.042634737e-27,3.262403203e-26
-0.0217,3.348067092e-27,3.597209912e-26
-0.02169,3.683398017e-27,3.965549714e-26
-0.02168,4.05147892e-27,4.370697606e-26
-0.02167,4.455425878e-27,4.816240194e-26
-0.02166,4.898643526e-27,5.306104546e-26
-0.02165,5.38485103e-27,5.844589649e-26
-0.02164,5.918110339e-27,6.436400683e-26
-0.02163,6.502856893e-27,7.086686372e-26
-0.02162,7.143933011e-27,7.801079673e-26
-0.02161,7.846624163e-27,8.58574209e-26
-0.0216,8.616698398e-27,9.447411929e-26
-0.02159,9.460449163e-27,1.039345685e-25
-0.02158,1.038474182e-26,1.143193103e-25
-0.02157,1.139706416e-26,1.257163744e-25
-0.02156,1.250558123e-26,1.382219557e-25
-0.02155,1.371919488e-26,1.519411506e-25
-0.02154,1.504760837e-26,1.669887589e-25
-0.02153,1.650139645e-26,1.834901554e-25
-0.02152,1.809208149e-26,2.015822369e-25
-0.02151,1.983221588e-26,2.214144527e-25
-0.0215,2.173547162e-26,2.431499244e-25
-0.02149,2.381673721e-26,2.669666616e-25
-0.02148,2.609222294e-26,2.930588845e-25
-0.02147,2.85795748e-26,3.216384593e-25
-0.02146,3.129799804e-26,3.529364574e-25
-0.02145,3.426839102e-26,3.872048484e-25
-0.02144,3.751349018e-26,4.247183386e-25
-0.02143,4.105802712e-26,4.657763657e-25
-0.02142,4.492889858e-26,5.107052643e-25
-0.02141,4.91553506e-26,5.598606149e-25
-0.0214,5.376917779e-26,6.136297926e-25
-0.02139,5.880493905e-26,6.724347317e-25
-0.02138,6.43001909e-26,7.367349226e-25
-0.02137,7.029574009e-26,8.070306627e-25
-0.02136,7.683591661e-26,8.838665793e-25
-0.02135,8.39688692e-26,9.678354485e-25
-0.02134,9.174688468e-26,1.059582333e-24
-0.02133,1.002267333e-25,1.159809066e-24
-0.02132,1.09470042e-25,1.269279109e-24
-0.02131,1.195436978e-25,1.388822806e-24
-0.0213,1.305202837e-25,1.51934309e-24
-0.02129,1.424785493e-25,1.661821639e-24
-0.02128,1.555039199e-25,1.817325559e-24
-0.02127,1.696890455e-25,1.987014605e-24
-0.02126,1.851343937e-25,2.172148999e-24
-0.02125,2.019488906e-25,2.374097889e-24
-0.02124,2.202506113e-25,2.5943485e-24
-0.02123,2.401675261e-25,2.834516027e-24
-0.02122,2.618383053e-25,3.096354332e-24
-0.02121,2.854131871e-25,3.381767519e-24
-0.0212,3.110549148e-25,3.692822434e-24
-0.02119,3.389397459e-25,4.03176218e-24
-0.02118,3.692585418e-25,4.401020722e-24
-0.02117,4.022179415e-25,4.803238663e-24
-0.02116,4.380416271e-25,5.24128029e-24
-0.02115,4.769716878e-25,5.718251978e-24
-0.02114,5.192700893e-25,6.237522067e-24
-0.02113,5.652202572e-25,6.802742324e-24
-0.02112,6.151287822e-25,7.417871106e-24
-0.02111,6.693272569e-25,8.087198363e-24
-0.0211,7.281742535e-25,8.815372617e-24
-0.02109,7.920574531e-25,9.60743007e-24
-0.02108,8.613959374e-25,1.046882601e-23
-0.02107,9.366426559e-25,1.140546866e-23
-0.02106,1.01828708e-24,1.242375574e-23
-0.02105,1.10685806e-24,1.35306138e-23
-0.02104,1.202926895e-24,1.47335407e-23
-0.02103,1.30711064e-24,1.604065134e-23
-0.02102,1.420075657e-24,1.7460727e-23
-0.02101,1.542541435e-24,1.900326843e-23
-0.021,1.675284702e-24,2.067855313e-23
-0.02099,1.819143832e-24,2.249769696e-23
-0.02098,1.975023596e-24,2.447272056e-23
-0.02097,2.143900253e-24,2.661662081e-23
-0.02096,2.326827034e-24,2.894344785e-23
-0.02095,2.524940015e-24,3.146838786e-23
-0.02094,2.739464443e-24,3.420785231e-23
-0.02093,2.971721514e-24,3.717957382e-23
-0.02092,3.22313566e-24,4.040270948e-23
-0.02091,3.495242362e-24,4.389795184e-23
-0.0209,3.789696547e-24,4.768764839e-23
-0.02089,4.108281588e-24,5.179592998e-23
-0.02088,4.452918966e-24,5.624884894e-23
-0.02087,4.825678636e-24,6.107452758e-23
-0.02086,5.228790143e-24,6.630331772e-23
-0.02085,5.664654544e-24,7.196797227e-23
-0.02084,6.135857192e-24,7.810382946e-23
-0.02083,6.64518144e-24,8.47490109e-23
-0.02082,7.195623333e-24,9.194463423e-23
-0.02081,7.790407356e-24,9.973504159e-23
-0.0208,8.433003303e-24,1.081680449e-22
-0.02079,9.127144358e-24,1.172951892e-22
-0.02078,9.876846461e-24,1.271720357e-22
-0.02077,1.068642905e-23,1.378584648e-22
-0.02076,1.156053729e-23,1.49419002e-22
-0.02075,1.250416582e-23,1.619231679e-22
-0.02074,1.352268429e-23,1.754458522e-22
-0.02073,1.462186455e-23,1.900677167e-22
-0.02072,1.580790988e-23,2.058756266e-22
-0.02071,1.708748617e-23,2.229631128e-22
-0.0207,1.846775538e-23,2.414308681e-22
-0.02069,1.995641125e-23,2.613872794e-22
-0.02068,2.156171751e-23,2.829489969e-22
-0.02067,2.329254882e-23,3.062415457e-22
-0.02066,2.515843445e-23,3.313999802e-22
-0.02065,2.716960503e-23,3.585695852e-22
-0.02064,2.933704252e-23,3.879066277e-22
-0.02063,3.167253365e-23,4.195791614e-22
-0.02062,3.418872695e-23,4.537678883e-22
-0.02061,3.689919379e-23,4.906670821e-22
-0.0206,3.98184935e-23,5.304855756e-22
-0.02059,4.296224301e-23,5.734478186e-22
-0.02058,4.634719118e-23,6.197950098e-22
-0.02057,4.999129817e-23,6.69786308e-22
-0.02056,5.391382027e-23,7.237001282e-22
-0.02055,5.813540034e-23,7.818355286e-22
-0.02054,6.267816447e-23,8.44513693e-22
-0.02053,6.756582504e-23,9.120795181e-22
-0.02052,7.282379078e-23,9.849033089e-22
-0.02051,7.847928416e-23,1.063382593e-21
-0.0205,8.456146665e-23,1.14794406e-21
-0.02049,9.110157226e-23,1.239045632e-21
-0.02048,9.813305012e-23,1.337178682e-21
-0.02047,1.056917163e-22,1.442870398e-21
-0.02046,1.13815916e-22,1.556686314e-21
-0.02045,1.225466959e-22,1.67923301e-21
-0.02044,1.319279888e-22,1.811160999e-21
-0.02043,1.420068093e-22,1.953167808e-21
-0.02042,1.528334631e-22,2.106001272e-21
-0.02041,1.644617699e-22,2.270463041e-21
-0.0204,1.769493003e-22,2.447412342e-21
-0.02039,1.903576291e-22,2.637769971e-21
-0.02038,2.047526042e-22,2.842522575e-21
-0.02037,2.202046334e-22,3.062727208e-21
-0.02036,2.367889895e-22,3.299516198e-21
-0.02035,2.545861357e-22,3.554102334e-21
-0.02034,2.736820708e-22,3.827784404e-21
-0.02033,2.941686981e-22,4.121953102e-21
-0.02032,3.161442166e-22,4.438097319e-21
-0.02031,3.397135382e-22,4.777810857e-21
-0.0203,3.649887311e-22,5.142799588e-21
-0.02029,3.920894914e-22,5.53488908e-21
-0.02028,4.211436449e-22,5.956032725e-21
-0.02027,4.522876806e-22,6.408320405e-21
-0.02026,4.856673182e-22,6.893987724e-21
-0.02025,5.214381108e-22,7.415425834e-21
-0.02024,5.597660866e-22,7.975191921e-21
-0.02023,6.008284299e-22,8.576020351e-21
-0.02022,6.448142054e-22,9.220834556e-21
-0.02021,6.91925128e-22,9.912759684e-21
-0.0202,7.423763797e-22,1.065513606e-20
-0.02019,7.963974788e-22,1.145153354e-20
-0.02018,8.542332017e-22,1.230576674e-20
-0.02017,9.161445631e-22,1.322191131e-20
-0.02016,9.824098561e-22,1.420432116e-20
-0.02015,1.053325757e-21,1.525764692e-20
-0.02014,1.129208496e-21,1.638685542e-20
-0.02013,1.210395106e-21,1.759725052e-20
-0.02012,1.29724474e-21,1.889449526e-20
-0.02011,1.390140072e-21,2.028463533e-20
-0.0201,1.48948879e-21,2.177412412e-20
-0.02009,1.595725167e-21,2.336984929e-20
-0.02008,1.70931174e-21,2.507916103e-20
-0.02007,1.830741083e-21,2.690990211e-20
-0.02006,1.960537691e-21,2.88704398e-20
-0.02005,2.099259975e-21,3.096969978e-20
-0.02004,2.247502383e-21,3.321720216e-20
-0.02003,2.405897637e-21,3.56230998e-20
-0.02002,2.575119118e-21,3.819821892e-20
-0.02001,2.755883384e-21,4.09541023e-20
-0.02,2.948952842e-21,4.390305514e-20
-0.01999,3.155138578e-21,4.705819372e-20
-0.01998,3.375303358e-21,5.043349708e-20
-0.01997,3.610364802e-21,5.404386188e-20
-0.01996,3.861298751e-21,5.790516063e-20
-0.01995,4.129142828e-21,6.203430346e-20
-0.01994,4.415000214e-21,6.644930368e-20
-0.01993,4.720043641e-21,7.116934732e-20
-0.01992,5.045519622e-21,7.621486694e-20
-0.01991,5.392752929e-21,8.160761987e-20
-0.0199,5.76315133e-21,8.73707712e-20
-0.01989,6.158210603e-21,9.35289818e-20
-0.01988,6.579519843e-21,1.001085016e-19
-0.01987,7.028767078e-21,1.071372687e-19
-0.01986,7.507745201e-21,1.146450139e-19
-0.01985,8.018358259e-21,1.226633722e-19
-0.01984,8.562628089e-21,1.312260003e-19
-0.01983,9.142701352e-21,1.403687016e-19
-0.01982,9.760856952e-21,1.501295586e-19
-0.01981,1.04195139e-20,1.605490725e-19
-0.0198,1.11212396e-20,1.716703121e-19
-0.01979,1.186875864e-20,1.835390707e-19
-0.01978,1.266496207e-20,1.962040328e-19
-0.01977,1.351291718e-20,2.0971695e-19
-0.01976,1.441587787e-20,2.241328278e-19
-0.01975,1.53772956e-20,2.395101234e-19
-0.01974,1.64008309e-20,2.559109543e-19
-0.01973,1.749036566e-20,2.7340132e-19
-0.01972,1.865001594e-20,2.920513359e-19
-0.01971,1.988414561e-20,3.119354816e-19
-0.0197,2.119738076e-20,3.331328623e-19
-0.01969,2.25946248e-20,3.557274871e-19
-0.01968,2.408107457e-20,3.798085617e-19
-0.01967,2.566223715e-20,4.054707988e-19
-0.01966,2.73439478e-20,4.328147466e-19
-0.01965,2.913238872e-20,4.619471354e-19
-0.01964,3.103410894e-20,4.929812443e-19
-0.01963,3.305604529e-20,5.260372896e-19
-0.01962,3.520554449e-20,5.612428341e-19
-0.01961,3.749038652e-20,5.987332206e-19
-0.0196,3.991880915e-20,6.386520297e-19
-0.01959,4.249953392e-20,6.811515637e-19
-0.01958,4.52417935e-20,7.263933572e-19
-0.01957,4.815536049e-20,7.745487176e-19
-0.01956,5.125057783e-20,8.257992955e-19
-0.01955,5.453839087e-20,8.803376863e-19
-0.01954,5.803038107e-20,9.383680674e-19
-0.01953,6.173880166e-20,1.000106869e-18
-0.01952,6.56766151e-20,1.065783484e-18
-0.01951,6.985753256e-20,1.135641017e-18
-0.0195,7.429605559e-20,1.209937072e-18
-0.01949,7.900751992e-20,1.288944592e-18
-0.01948,8.400814166e-20,1.372952734e-18
-0.01947,8.931506588e-20,1.4622678e-18
-0.01946,9.494641786e-20,1.557214218e-18
-0.01945,1.00921357e-19,1.658135575e-18
-0.01944,1.072601334e-19,1.765395708e-18
-0.01943,1.13984148e-19,1.879379856e-18
-0.01942,1.211160151e-19,2.000495871e-18
-0.01941,1.286796284e-19,2.1291755e-18
-0.0194,1.367002314e-19,2.265875731e-18
-0.01939,1.452044897e-19,2.411080221e-18
-0.01938,1.542205687e-19,2.565300789e-18
-0.01937,1.637782147e-19,2.729079004e-18
-0.01936,1.739088399e-19,2.902987844e-18
-0.01935,1.846456121e-19,3.087633456e-18
-0.01934,1.960235496e-19,3.283657006e-18
-0.01933,2.080796198e-19,3.491736625e-18
-0.01932,2.208528436e-19,3.712589469e-18
-0.01931,2.343844055e-19,3.946973875e-18
-0.0193,2.487177684e-19,4.195691643e-18
-0.01929,2.638987949e-19,4.459590438e-18
-0.01928,2.799758747e-19,4.739566313e-18
-0.01927,2.970000584e-19,5.036566371e-18
-0.01926,3.150251982e-19,5.351591569e-18
-0.01925,3.341080952e-19,5.685699664e-18
-0.01924,3.543086551e-19,6.040008319e-18
-0.01923,3.756900511e-19,6.415698371e-18
-0.01922,3.983188947e-19,6.814017265e-18
-0.01921,4.222654162e-19,7.236282681e-18
-0.0192,4.476036527e-19,7.683886334e-18
-0.01919,4.744116472e-19,8.158297981e-18
-0.01918,5.027716561e-19,8.661069637e-18
-0.01917,5.327703678e-19,9.193840005e-18
-0.01916,5.644991325e-19,9.758339138e-18
-0.01915,5.980542021e-19,1.035639334e-17
-0.01914,6.335369838e-19,1.098993032e-17
-0.01913,6.710543043e-19,1.166098463e-17
-0.01912,7.107186883e-19,1.237170332e-17
-0.01911,7.526486505e-19,1.312435197e-17
-0.0191,7.969690012e-19,1.392132097e-17
-0.01909,8.438111678e-19,1.476513214e-17
-0.01908,8.933135313e-19,1.565844567e-17
-0.01907,9.456217796e-19,1.660406745e-17
-0.01906,1.000889278e-18,1.760495672e-17
-0.01905,1.059277456e-18,1.866423418e-17
-0.01904,1.120956217e-18,1.97851904e-17
-0.01903,1.186104363e-18,2.097129476e-17
-0.01902,1.254910042e-18,2.22262048e-17
-0.01901,1.327571218e-18,2.355377602e-17
-0.019,1.404296161e-18,2.495807218e-17
-0.01899,1.485303961e-18,2.644337614e-17
-0.01898,1.570825071e-18,2.801420121e-17
-0.01897,1.661101868e-18,2.967530308e-17
-0.01896,1.756389248e-18,3.143169233e-17
-0.01895,1.856955243e-18,3.328864757e-17
-0.01894,1.963081674e-18,3.525172925e-17
-0.01893,2.075064828e-18,3.732679408e-17
-0.01892,2.193216172e-18,3.952001025e-17
-0.01891,2.317863098e-18,4.183787335e-17
-0.0189,2.449349705e-18,4.428722305e-17
-0.01889,2.588037615e-18,4.687526067e-17
-0.01888,2.734306828e-18,4.960956749e-17
-0.01887,2.888556619e-18,5.249812411e-17
-0.01886,3.051206476e-18,5.554933059e-17
-0.01885,3.222697077e-18,5.877202767e-17
-0.01884,3.403491321e-18,6.217551899e-17
-0.01883,3.594075397e-18,6.576959438e-17
-0.01882,3.794959911e-18,6.956455429e-17
-0.01881,4.006681058e-18,7.357123535e-17
-0.0188,4.229801856e-18,7.780103721e-17
-0.01879,4.464913423e-18,8.226595063e-17
-0.01878,4.71263633e-18,8.697858696e-17
-0.01877,4.973622001e-18,9.195220896e-17
-0.01876,5.248554186e-18,9.720076315e-17
-0.01875,5.538150493e-18,1.027389136e-16
-0.01874,5.843164001e-18,1.085820776e-16
-0.01873,6.164384933e-18,1.147464626e-16
-0.01872,6.502642415e-18,1.21249105e-16
-0.01871,6.858806307e-18,1.281079113e-16
-0.0187,7.233789123e-18,1.353417004e-16
-0.01869,7.628548028e-18,1.429702484e-16
-0.01868,8.044086939e-18,1.510143354e-16
-0.01867,8.481458703e-18,1.594957941e-16
-0.01866,8.941767385e-18,1.684375615e-16
-0.01865,9.426170653e-18,1.778637321e-16
-0.01864,9.935882266e-18,1.877996144e-16
-0.01863,1.047217468e-17,1.982717891e-16
-0.01862,1.103638176e-17,2.093081708e-16
-0.01861,1.162990163e-17,2.209380725e-16
-0.0186,1.225419961e-17,2.331922721e-16
-0.01859,1.291081133e-17,2.461030834e-16
-0.01858,1.360134595e-17,2.597044294e-16
-0.01857,1.432748953e-17,2.740319189e-16
-0.01856,1.509100854e-17,2.891229274e-16
-0.01855,1.589375355e-17,3.05016681e-16
-0.01854,1.673766302e-17,3.21754344e-16
-0.01853,1.762476735e-17,3.393791113e-16
-0.01852,1.855719299e-17,3.579363043e-16
-0.01851,1.953716683e-17,3.774734712e-16
-0.0185,2.056702072e-17,3.980404919e-16
-0.01849,2.16491962e-17,4.196896881e-16
-0.01848,2.278624947e-17,4.424759376e-16
-0.01847,2.398085646e-17,4.66456794e-16
-0.01846,2.523581827e-17,4.916926123e-16
-0.01845,2.655406673e-17,5.18246679e-16
-0.01844,2.793867026e-17,5.461853493e-16
-0.01843,2.939283991e-17,5.755781892e-16
-0.01842,3.091993574e-17,6.064981249e-16
-0.01841,3.25234734e-17,6.390215983e-16
-0.0184,3.420713106e-17,6.732287294e-16
-0.01839,3.597475652e-17,7.092034859e-16
-0.01838,3.783037477e-17,7.470338607e-16
-0.01837,3.97781957e-17,7.868120564e-16
-0.01836,4.182262231e-17,8.286346787e-16
-0.01835,4.396825909e-17,8.726029378e-16
-0.01834,4.621992088e-17,9.188228587e-16
-0.01833,4.858264204e-17,9.674055007e-16
-0.01832,5.1061686e-17,1.018467187e-15
-0.01831,5.366255524e-17,1.072129742e-15
-0.0183,5.639100163e-17,1.128520744e-15
-0.01829,5.925303725e-17,1.187773781e-15
-0.01828,6.225494563e-17,1.250028726e-15
-0.01827,6.540329344e-17,1.31543202e-15
-0.01826,6.87049427e-17,1.384136963e-15
-0.01825,7.216706344e-17,1.456304026e-15
-0.01824,7.579714691e-17,1.532101173e-15
-0.01823,7.960301933e-17,1.611704192e-15
-0.01822,8.359285617e-17,1.695297048e-15
-0.01821,8.777519706e-17,1.783072245e-15
-0.0182,9.215896123e-17,1.875231207e-15
-0.01819,9.675346366e-17,1.97198467e-15
-0.01818,1.015684318e-16,2.073553102e-15
-0.01817,1.066140231e-16,2.180167125e-15
-0.01816,1.119008429e-16,2.292067968e-15
-0.01815,1.174399636e-16,2.409507932e-15
-0.01814,1.232429442e-16,2.532750876e-15
-0.01813,1.293218504e-16,2.662072726e-15
-0.01812,1.356892763e-16,2.797762003e-15
-0.01811,1.42358366e-16,2.940120368e-15
-0.0181,1.493428368e-16,3.089463205e-15
-0.01809,1.566570031e-16,3.246120208e-15
-0.01808,1.643158009e-16,3.410436009e-15
-0.01807,1.723348138e-16,3.582770823e-15
-0.01806,1.807302995e-16,3.763501123e-15
-0.01805,1.89519218e-16,3.953020341e-15
-0.01804,1.987192604e-16,4.151739601e-15
-0.01803,2.083488786e-16,4.36008848e-15
-0.01802,2.18427317e-16,4.578515797e-15
-0.01801,2.289746446e-16,4.807490441e-15
-0.018,2.400117888e-16,5.04750223e-15
-0.01799,2.515605706e-16,5.299062801e-15
-0.01798,2.636437406e-16,5.562706541e-15
-0.01797,2.762850169e-16,5.838991558e-15
-0.01796,2.895091245e-16,6.128500683e-15
-0.01795,3.033418358e-16,6.431842518e-15
-0.01794,3.17810013e-16,6.749652531e-15
-0.01793,3.329416519e-16,7.082594183e-15
-0.01792,3.487659276e-16,7.431360111e-15
-0.01791,3.65313242e-16,7.796673353e-15
-0.0179,3.826152723e-16,8.179288625e-15
-0.01789,4.007050229e-16,8.579993648e-15
-0.01788,4.196168775e-16,8.999610526e-15
-0.01787,4.393866545e-16,9.43899718e-15
-0.01786,4.600516641e-16,9.899048844e-15
-0.01785,4.816507669e-16,1.038069961e-14
-0.01784,5.04224436e-16,1.088492405e-14
-0.01783,5.278148201e-16,1.141273887e-14
-0.01782,5.5246581e-16,1.196520468e-14
-0.01781,5.782231068e-16,1.254342778e-14
-0.0178,6.051342933e-16,1.314856208e-14
-0.01779,6.332489076e-16,1.378181098e-14
-0.01778,6.626185193e-16,1.44444295e-14
-0.01777,6.932968097e-16,1.513772631e-14
-0.01776,7.25339653e-16,1.586306597e-14
-0.01775,7.588052024e-16,1.662187117e-14
-0.01774,7.937539781e-16,1.741562515e-14
-0.01773,8.30248959e-16,1.824587411e-14
-0.01772,8.683556783e-16,1.911422978e-14
-0.01771,9.081423213e-16,2.002237211e-14
-0.0177,9.49679828e-16,2.097205193e-14
-0.01769,9.930419988e-16,2.196509393e-14
-0.01768,1.038305605e-15,2.300339954e-14
-0.01767,1.0855505e-15,2.408895004e-14
-0.01766,1.134859741e-15,2.522380978e-14
-0.01765,1.186319707e-15,2.641012949e-14
-0.01764,1.240020231e-15,2.765014972e-14
-0.01763,1.296054723e-15,2.894620444e-14
-0.01762,1.354520312e-15,3.030072475e-14
-0.01761,1.415517987e-15,3.171624274e-14
-0.0176,1.479152737e-15,3.319539547e-14
-0.01759,1.545533708e-15,3.474092918e-14
-0.01758,1.614774355e-15,3.635570354e-14
-0.01757,1.686992608e-15,3.804269615e-14
-0.01756,1.762311036e-15,3.980500718e-14
-0.01755,1.84085702e-15,4.16458642e-14
-0.01754,1.922762937e-15,4.356862714e-14
-0.01753,2.008166343e-15,4.557679348e-14
-0.01752,2.097210166e-15,4.767400365e-14
-0.01751,2.190042905e-15,4.986404655e-14
-0.0175,2.286818838e-15,5.215086539e-14
-0.01749,2.387698233e-15,5.453856362e-14
-0.01748,2.492847571e-15,5.70314112e-14
-0.01747,2.602439776e-15,5.963385097e-14
-0.01746,2.716654447e-15,6.235050542e-14
-0.01745,2.835678109e-15,6.518618353e-14
-0.01744,2.959704463e-15,6.814588799e-14
-0.01743,3.088934646e-15,7.123482264e-14
-0.01742,3.22357751e-15,7.445840015e-14
-0.01741,3.363849893e-15,7.782225004e-14
-0.0174,3.509976918e-15,8.133222696e-14
-0.01739,3.662192286e-15,8.499441924e-14
-0.01738,3.820738593e-15,8.881515784e-14
-0.01737,3.985867646e-15,9.280102548e-14
-0.01736,4.157840799e-15,9.695886628e-14
-0.01735,4.336929293e-15,1.012957956e-13
-0.01734,4.523414615e-15,1.058192102e-13
-0.01733,4.717588863e-15,1.105367991e-13
-0.01732,4.919755124e-15,1.154565542e-13
-0.01731,5.13022787e-15,1.20586782e-13
-0.0173,5.349333361e-15,1.259361154e-13
-0.01729,5.577410068e-15,1.315135255e-13
-0.01728,5.814809102e-15,1.373283346e-13
-0.01727,6.061894662e-15,1.433902292e-13
-0.01726,6.319044505e-15,1.497092737e-13
-0.01725,6.586650414e-15,1.562959242e-13
-0.01724,6.865118701e-15,1.631610429e-13
-0.01723,7.154870714e-15,1.703159136e-13
-0.01722,7.456343366e-15,1.777722569e-13
-0.01721,7.769989677e-15,1.855422466e-13
-0.0172,8.096279343e-15,1.93638526e-13
-0.01719,8.435699314e-15,2.020742253e-13
-0.01718,8.788754396e-15,2.108629797e-13
-0.01717,9.155967871e-15,2.200189475e-13
-0.01716,9.537882139e-15,2.295568297e-13
-0.01715,9.935059382e-15,2.394918891e-13
-0.01714,1.034808224e-14,2.498399713e-13
-0.01713,1.077755454e-14,2.606175258e-13
-0.01712,1.122410198e-14,2.718416278e-13
-0.01711,1.168837294e-14,2.835300008e-13
-0.0171,1.217103921e-14,2.9570104e-13
-0.01709,1.267279681e-14,3.083738368e-13
-0.01708,1.319436684e-14,3.215682036e-13
-0.01707,1.373649628e-14,3.353046999e-13
-0.01706,1.429995895e-14,3.496046589e-13
-0.01705,1.488555635e-14,3.644902152e-13
-0.01704,1.549411862e-14,3.799843338e-13
-0.01703,1.612650555e-14,3.961108394e-13
-0.01702,1.678360752e-14,4.128944469e-13
-0.01701,1.746634658e-14,4.303607935e-13
-0.017,1.817567747e-14,4.48536471e-13
-0.01699,1.891258879e-14,4.674490598e-13
-0.01698,1.967810405e-14,4.871271638e-13
-0.01697,2.04732829e-14,5.076004467e-13
-0.01696,2.129922233e-14,5.28899669e-13
-0.01695,2.215705786e-14,5.510567269e-13
-0.01694,2.304796493e-14,5.741046918e-13
-0.01693,2.39731601e-14,5.980778519e-13
-0.01692,2.493390252e-14,6.230117544e-13
-0.01691,2.593149527e-14,6.489432497e-13
-0.0169,2.696728686e-14,6.759105366e-13
-0.01689,2.80426727e-14,7.039532093e-13
-0.01688,2.915909664e-14,7.331123059e-13
-0.01687,3.031805257e-14,7.634303585e-13
-0.01686,3.152108608e-14,7.949514446e-13
-0.01685,3.276979614e-14,8.277212407e-13
-0.01684,3.40658368e-14,8.617870775e-13
-0.01683,3.541091908e-14,8.971979966e-13
-0.01682,3.680681273e-14,9.340048093e-13
-0.01681,3.825534819e-14,9.722601575e-13
-0.0168,3.975841856e-14,1.012018576e-12
-0.01679,4.131798161e-14,1.053336558e-12
-0.01678,4.293606186e-14,1.09627262e-12
-0.01677,4.461475277e-14,1.140887372e-12
-0.01676,4.635621893e-14,1.187243591e-12
-0.01675,4.816269835e-14,1.23540629e-12
-0.01674,5.003650482e-14,1.285442794e-12
-0.01673,5.198003033e-14,1.337422825e-12
-0.01672,5.399574759e-14,1.391418572e-12
-0.01671,5.608621257e-14,1.447504785e-12
-0.0167,5.825406718e-14,1.505758852e-12
-0.01669,6.050204198e-14,1.566260894e-12
-0.01668,6.283295901e-14,1.629093853e-12
-0.01667,6.524973468e-14,1.694343588e-12
-0.01666,6.775538275e-14,1.762098971e-12
-0.01665,7.035301738e-14,1.832451988e-12
-0.01664,7.304585636e-14,1.905497844e-12
-0.01663,7.583722427e-14,1.981335069e-12
-0.01662,7.873055592e-14,2.060065624e-12
-0.01661,8.172939973e-14,2.141795024e-12
-0.0166,8.483742135e-14,2.226632446e-12
-0.01659,8.805840725e-14,2.314690853e-12
-0.01658,9.139626853e-14,2.406087121e-12
-0.01657,9.485504477e-14,2.500942166e-12
-0.01656,9.843890803e-14,2.599381074e-12
-0.01655,1.02152167e-13,2.701533241e-12
-0.01654,1.05999271e-13,2.807532512e-12
-0.01653,1.099848147e-13,2.917517327e-12
-0.01652,1.141135423e-13,3.031630869e-12
-0.01651,1.183903522e-13,3.150021221e-12
-0.0165,1.228203017e-13,3.272841523e-12
-0.01649,1.274086122e-13,3.400250135e-12
-0.01648,1.321606735e-13,3.532410808e-12
-0.01647,1.370820497e-13,3.669492858e-12
-0.01646,1.421784841e-13,3.811671342e-12
-0.01645,1.474559047e-13,3.959127247e-12
-0.01644,1.529204299e-13,4.112047677e-12
-0.01643,1.585783741e-13,4.270626051e-12
-0.01642,1.64436254e-13,4.435062305e-12
-0.01641,1.705007941e-13,4.605563099e-12
-0.0164,1.767789336e-13,4.782342033e-12
-0.01639,1.832778325e-13,4.965619865e-12
-0.01638,1.900048782e-13,5.155624743e-12
-0.01637,1.969676926e-13,5.352592436e-12
-0.01636,2.041741388e-13,5.556766575e-12
-0.01635,2.116323285e-13,5.768398903e-12
-0.01634,2.193506293e-13,5.987749533e-12
-0.01633,2.273376725e-13,6.215087205e-12
-0.01632,2.356023606e-13,6.450689566e-12
-0.01631,2.441538758e-13,6.694843441e-12
-0.0163,2.530016879e-13,6.947845129e-12
-0.01629,2.621555629e-13,7.210000692e-12
-0.01628,2.716255718e-13,7.481626264e-12
-0.01627,2.814220995e-13,7.763048364e-12
-0.01626,2.915558543e-13,8.054604218e-12
-0.01625,3.020378767e-13,8.356642095e-12
-0.01624,3.128795501e-13,8.669521645e-12
-0.01623,3.2409261e-13,8.993614255e-12
-0.01622,3.356891546e-13,9.329303409e-12
-0.01621,3.476816556e-13,9.676985065e-12
-0.0162,3.600829684e-13,1.003706803e-11
-0.01619,3.72906344e-13,1.040997438e-11
-0.01618,3.861654401e-13,1.079613982e-11
-0.01617,3.998743326e-13,1.119601415e-11
-0.01616,4.140475282e-13,1.161006168e-11
-0.01615,4.286999766e-13,1.203876165e-11
-0.01614,4.438470829e-13,1.248260874e-11
-0.01613,4.595047213e-13,1.294211346e-11
-0.01612,4.756892482e-13,1.341780271e-11
-0.01611,4.924175159e-13,1.391022022e-11
-0.0161,5.09706887e-13,1.441992711e-11
-0.01609,5.275752488e-13,1.494750236e-11
-0.01608,5.460410285e-13,1.549354339e-11
-0.01607,5.651232079e-13,1.60586666e-11
-0.01606,5.8484134e-13,1.664350794e-11
-0.01605,6.052155646e-13,1.72487235e-11
-0.01604,6.262666249e-13,1.787499012e-11
-0.01603,6.480158848e-13,1.852300601e-11
-0.01602,6.704853463e-13,1.919349136e-11
-0.01601,6.936976671e-13,1.988718902e-11
-0.016,7.176761795e-13,2.06048652e-11
-0.01599,7.424449092e-13,2.134731011e-11
-0.01598,7.680285942e-13,2.211533871e-11
-0.01597,7.944527055e-13,2.290979141e-11
-0.01596,8.217434668e-13,2.373153488e-11
-0.01595,8.499278758e-13,2.458146275e-11
-0.01594,8.790337257e-13,2.546049648e-11
-0.01593,9.090896272e-13,2.636958611e-11
-0.01592,9.401250312e-13,2.730971114e-11
-0.01591,9.721702517e-13,2.828188139e-11
-0.0159,1.00525649e-12,2.928713788e-11
-0.01589,1.039415859e-12,3.032655374e-11
-0.01588,1.074681409e-12,3.140123515e-11
-0.01587,1.11108715e-12,3.25123223e-11
-0.01586,1.148668084e-12,3.366099038e-11
-0.01585,1.187460228e-12,3.484845061e-11
-0.01584,1.227500639e-12,3.607595125e-11
-0.01583,1.268827452e-12,3.73447787e-11
-0.01582,1.311479897e-12,3.86562586e-11
-0.01581,1.355498339e-12,4.001175694e-11
-0.0158,1.400924303e-12,4.141268124e-11
-0.01579,1.447800508e-12,4.286048175e-11
-0.01578,1.496170896e-12,4.435665264e-11
-0.01577,1.54608067e-12,4.590273332e-11
-0.01576,1.597576325e-12,4.750030964e-11
-0.01575,1.65070568e-12,4.915101532e-11
-0.01574,1.70551792e-12,5.085653324e-11
-0.01573,1.762063627e-12,5.261859687e-11
-0.01572,1.820394821e-12,5.443899169e-11
-0.01571,1.880564995e-12,5.631955668e-11
-0.0157,1.942629157e-12,5.826218584e-11
-0.01569,2.00664387e-12,6.026882971e-11
-0.01568,2.072667292e-12,6.2341497e-11
-0.01567,2.140759217e-12,6.448225622e-11
-0.01566,2.210981125e-12,6.669323734e-11
-0.01565,2.283396217e-12,6.897663356e-11
-0.01564,2.358069468e-12,7.133470303e-11
-0.01563,2.435067669e-12,7.37697707e-11
-0.01562,2.514459479e-12,7.628423018e-11
-0.01561,2.59631547e-12,7.888054565e-11
-0.0156,2.680708178e-12,8.156125383e-11
-0.01559,2.767712158e-12,8.432896598e-11
-0.01558,2.857404031e-12,8.718637002e-11
-0.01557,2.949862541e-12,9.013623256e-11
-0.01556,3.045168612e-12,9.318140117e-11
-0.01555,3.143405401e-12,9.632480657e-11
-0.01554,3.244658358e-12,9.956946493e-11
-0.01553,3.349015283e-12,1.029184802e-10
-0.01552,3.456566392e-12,1.063750466e-10
-0.01551,3.567404374e-12,1.09942451e-10
-0.0155,3.681624455e-12,1.136240754e-10
-0.01549,3.799324467e-12,1.174233999e-10
-0.01548,3.920604914e-12,1.213440048e-10
-0.01547,4.045569036e-12,1.253895738e-10
-0.01546,4.174322884e-12,1.295638967e-10
-0.01545,4.306975389e-12,1.338708721e-10
-0.01544,4.443638439e-12,1.383145106e-10
-0.01543,4.584426949e-12,1.428989375e-10
-0.01542,4.729458942e-12,1.476283965e-10
-0.01541,4.878855626e-12,1.525072521e-10
-0.0154,5.032741475e-12,1.575399936e-10
-0.01539,5.191244314e-12,1.627312379e-10
-0.01538,5.354495398e-12,1.680857333e-10
-0.01537,5.522629505e-12,1.736083628e-10
-0.01536,5.695785019e-12,1.793041478e-10
-0.01535,5.874104025e-12,1.851782518e-10
-0.01534,6.057732398e-12,1.912359842e-10
-0.01533,6.246819903e-12,1.974828041e-10
-0.01532,6.441520285e-12,2.039243244e-10
-0.01531,6.641991376e-12,2.105663158e-10
-0.0153,6.848395191e-12,2.17414711e-10
-0.01529,7.060898035e-12,2.24475609e-10
-0.01528,7.279670608e-12,2.317552796e-10
-0.01527,7.504888115e-12,2.392601677e-10
-0.01526,7.736730378e-12,2.469968981e-10
-0.01525,7.97538195e-12,2.549722801e-10
-0.01524,8.221032227e-12,2.631933123e-10
-0.01523,8.473875577e-12,2.716671879e-10
-0.01522,8.734111451e-12,2.804012993e-10
-0.01521,9.001944517e-12,2.894032438e-10
-0.0152,9.277584783e-12,2.986808286e-10
-0.01519,9.561247728e-12,3.082420763e-10
-0.01518,9.853154437e-12,3.180952308e-10
-0.01517,1.015353174e-11,3.282487625e-10
-0.01516,1.046261234e-11,3.387113749e-10
-0.01515,1.078063498e-11,3.494920098e-10
-0.01514,1.110784455e-11,3.605998544e-10
-0.01513,1.144449229e-11,3.720443467e-10
-0.01512,1.17908359e-11,3.838351826e-10
-0.01511,1.214713969e-11,3.959823223e-10
-0.0151,1.25136748e-11,4.084959971e-10
-0.01509,1.28907193e-11,4.213867164e-10
-0.01508,1.327855836e-11,4.346652747e-10
-0.01507,1.367748449e-11,4.483427592e-10
-0.01506,1.408779762e-11,4.624305568e-10
-0.01505,1.450980535e-11,4.769403622e-10
-0.01504,1.494382309e-11,4.918841853e-10
-0.01503,1.539017429e-11,5.072743595e-10
-0.01502,1.584919057e-11,5.231235501e-10
-0.01501,1.632121197e-11,5.394447621e-10
-0.015,1.680658712e-11,5.562513492e-10
-0.01499,1.730567346e-11,5.735570227e-10
-0.01498,1.781883744e-11,5.913758601e-10
-0.01497,1.834645472e-11,6.097223148e-10
-0.01496,1.88889104e-11,6.286112252e-10
-0.01495,1.944659926e-11,6.480578245e-10
-0.01494,2.001992595e-11,6.680777504e-10
-0.01493,2.060930526e-11,6.886870557e-10
-0.01492,2.121516231e-11,7.09902218e-10
-0.01491,2.183793285e-11,7.317401509e-10
-0.0149,2.247806347e-11,7.542182143e-10
-0.01489,2.313601184e-11,7.773542262e-10
-0.01488,2.381224701e-11,8.011664732e-10
-0.01487,2.450724965e-11,8.256737228e-10
-0.01486,2.522151231e-11,8.508952351e-10
-0.01485,2.595553972e-11,8.768507748e-10
-0.01484,2.670984906e-11,9.035606239e-10
-0.01483,2.748497024e-11,9.310455941e-10
-0.01482,2.828144619e-11,9.593270403e-10
-0.01481,2.90998332e-11,9.884268735e-10
-0.0148,2.994070116e-11,1.018367575e-09
-0.01479,3.080463392e-11,1.049172209e-09
-0.01478,3.169222962e-11,1.080864438e-09
-0.01477,3.260410098e-11,1.113468539e-09
-0.01476,3.354087562e-11,1.147009415e-09
-0.01475,3.450319648e-11,1.181512611e-09
-0.01474,3.549172206e-11,1.217004333e-09
-0.01473,3.650712688e-11,1.25351146e-09
-0.01472,3.755010177e-11,1.291061562e-09
-0.01471,3.862135424e-11,1.329682916e-09
-0.0147,3.972160892e-11,1.369404525e-09
-0.01469,4.085160788e-11,1.410256133e-09
-0.01468,4.201211106e-11,1.452268244e-09
-0.01467,4.320389665e-11,1.495472141e-09
-0.01466,4.442776153e-11,1.539899902e-09
-0.01465,4.568452165e-11,1.585584424e-09
-0.01464,4.697501248e-11,1.632559436e-09
-0.01463,4.830008946e-11,1.680859526e-09
-0.01462,4.966062843e-11,1.730520154e-09
-0.01461,5.105752606e-11,1.78157768e-09
-0.0146,5.249170036e-11,1.834069381e-09
-0.01459,5.396409113e-11,1.888033472e-09
-0.01458,5.547566044e-11,1.943509132e-09
-0.01457,5.702739314e-11,2.000536525e-09
-0.01456,5.862029736e-11,2.059156823e-09
-0.01455,6.025540498e-11,2.119412228e-09
-0.01454,6.193377224e-11,2.181346e-09
-0.01453,6.36564802e-11,2.24500248e-09
-0.01452,6.542463533e-11,2.310427116e-09
-0.01451,6.723937002e-11,2.377666486e-09
-0.0145,6.910184323e-11,2.446768329e-09
-0.01449,7.101324098e-11,2.51778157e-09
-0.01448,7.2974777e-11,2.590756347e-09
-0.01447,7.498769332e-11,2.66574404e-09
-0.01446,7.705326086e-11,2.742797301e-09
-0.01445,7.917278011e-11,2.821970081e-09
-0.01444,8.134758174e-11,2.903317663e-09
-0.01443,8.357902723e-11,2.98689669e-09
-0.01442,8.58685096e-11,3.0727652e-09
-0.01441,8.821745403e-11,3.160982654e-09
-0.0144,9.06273186e-11,3.251609972e-09
-0.01439,9.309959498e-11,3.344709567e-09
-0.01438,9.563580912e-11,3.440345376e-09
-0.01437,9.823752206e-11,3.538582898e-09
-0.01436,1.009063306e-10,3.639489229e-09
-0.01435,1.036438682e-10,3.743133097e-09
-0.01434,1.064518055e-10,3.849584903e-09
-0.01433,1.093318514e-10,3.958916754e-09
-0.01432,1.122857538e-10,4.071202508e-09
-0.01431,1.153153003e-10,4.186517808e-09
-0.0143,1.184223192e-10,4.304940127e-09
-0.01429,1.216086802e-10,4.426548808e-09
-0.01428,1.248762955e-10,4.551425103e-09
-0.01427,1.282271204e-10,4.679652224e-09
-0.01426,1.316631547e-10,4.811315378e-09
-0.01425,1.351864429e-10,4.946501821e-09
-0.01424,1.387990758e-10,5.085300897e-09
-0.01423,1.425031913e-10,5.227804088e-09
-0.01422,1.463009753e-10,5.374105064e-09
-0.01421,1.501946625e-10,5.524299726e-09
-0.0142,1.541865379e-10,5.678486264e-09
-0.01419,1.582789375e-10,5.836765201e-09
-0.01418,1.624742495e-10,5.999239451e-09
-0.01417,1.667749153e-10,6.166014366e-09
-0.01416,1.711834308e-10,6.337197797e-09
-0.01415,1.757023472e-10,6.512900144e-09
-0.01414,1.803342725e-10,6.693234417e-09
-0.01413,1.850818724e-10,6.878316289e-09
-0.01412,1.899478717e-10,7.068264161e-09
-0.01411,1.949350554e-10,7.263199216e-09
-0.0141,2.000462699e-10,7.463245486e-09
-0.01409,2.052844244e-10,7.668529911e-09
-0.01408,2.10652492e-10,7.879182403e-09
-0.01407,2.161535115e-10,8.095335914e-09
-0.01406,2.217905879e-10,8.317126502e-09
-0.01405,2.275668946e-10,8.544693397e-09
-0.01404,2.334856742e-10,8.778179071e-09
-0.01403,2.395502402e-10,9.017729311e-09
-0.01402,2.457639784e-10,9.263493289e-09
-0.01401,2.521303485e-10,9.515623638e-09
-0.014,2.586528853e-10,9.774276523e-09
-0.01399,2.653352003e-10,1.003961172e-08
-0.01398,2.721809835e-10,1.031179271e-08
-0.01397,2.791940047e-10,1.059098671e-08
-0.01396,2.863781153e-10,1.087736483e-08
-0.01395,2.937372499e-10,1.117110208e-08
-0.01394,3.012754277e-10,1.14723775e-08
-0.01393,3.089967549e-10,1.178137426e-08
-0.01392,3.169054255e-10,1.209827969e-08
-0.01391,3.250057239e-10,1.242328541e-08
-0.0139,3.333020262e-10,1.275658744e-08
-0.01389,3.417988022e-10,1.309838624e-08
-0.01388,3.505006171e-10,1.344888685e-08
-0.01387,3.59412134e-10,1.380829899e-08
-0.01386,3.685381149e-10,1.41768371e-08
-0.01385,3.778834234e-10,1.455472053e-08
-0.01384,3.874530265e-10,1.494217355e-08
-0.01383,3.972519965e-10,1.533942555e-08
-0.01382,4.072855133e-10,1.574671106e-08
-0.01381,4.175588664e-10,1.616426993e-08
-0.0138,4.28077457e-10,1.659234739e-08
-0.01379,4.388468005e-10,1.703119419e-08
-0.01378,4.498725282e-10,1.748106671e-08
-0.01377,4.611603901e-10,1.79422271e-08
-0.01376,4.72716257e-10,1.841494336e-08
-0.01375,4.845461228e-10,1.889948948e-08
-0.01374,4.966561072e-10,1.939614559e-08
-0.01373,5.090524576e-10,1.990519805e-08
-0.01372,5.217415521e-10,2.04269396e-08
-0.01371,5.34729902e-10,2.09616695e-08
-0.0137,5.48024154e-10,2.150969366e-08
-0.01369,5.616310931e-10,2.207132475e-08
-0.01368,5.755576453e-10,2.26468824e-08
-0.01367,5.898108804e-10,2.323669328e-08
-0.01366,6.043980144e-10,2.384109129e-08
-0.01365,6.193264128e-10,2.44604177e-08
-0.01364,6.346035929e-10,2.50950213e-08
-0.01363,6.502372273e-10,2.574525852e-08
-0.01362,6.662351466e-10,2.641149367e-08
-0.01361,6.826053424e-10,2.709409901e-08
-0.0136,6.993559704e-10,2.779345498e-08
-0.01359,7.164953536e-10,2.850995034e-08
-0.01358,7.340319855e-10,2.924398232e-08
-0.01357,7.519745331e-10,2.999595686e-08
-0.01356,7.703318405e-10,3.07662887e-08
-0.01355,7.891129322e-10,3.155540163e-08
-0.01354,8.083270164e-10,3.236372864e-08
-0.01353,8.279834886e-10,3.319171213e-08
-0.01352,8.480919349e-10,3.403980407e-08
-0.01351,8.686621359e-10,3.49084662e-08
-0.0135,8.897040704e-10,3.579817027e-08
-0.01349,9.112279186e-10,3.670939819e-08
-0.01348,9.332440665e-10,3.764264226e-08
-0.01347,9.557631093e-10,3.859840537e-08
-0.01346,9.787958558e-10,3.957720122e-08
-0.01345,1.002353332e-09,4.057955456e-08
-0.01344,1.026446785e-09,4.160600134e-08
-0.01343,1.051087687e-09,4.265708903e-08
-0.01342,1.076287742e-09,4.373337677e-08
-0.01341,1.102058885e-09,4.483543565e-08
-0.0134,1.128413291e-09,4.596384895e-08
-0.01339,1.155363377e-09,4.711921232e-08
-0.01338,1.182921809e-09,4.830213413e-08
-0.01337,1.211101502e-09,4.951323563e-08
-0.01336,1.239915629e-09,5.075315126e-08
-0.01335,1.269377624e-09,5.202252889e-08
-0.01334,1.299501186e-09,5.332203007e-08
-0.01333,1.330300287e-09,5.465233036e-08
-0.01332,1.361789172e-09,5.601411953e-08
-0.01331,1.393982369e-09,5.74081019e-08
-0.0133,1.42689469e-09,5.883499659e-08
-0.01329,1.46054124e-09,6.029553783e-08
-0.01328,1.494937419e-09,6.179047525e-08
-0.01327,1.53009893e-09,6.332057418e-08
-0.01326,1.566041783e-09,6.488661596e-08
-0.01325,1.602782301e-09,6.648939826e-08
-0.01324,1.640337124e-09,6.812973539e-08
-0.01323,1.678723218e-09,6.980845861e-08
-0.01322,1.71795788e-09,7.152641649e-08
-0.01321,1.758058741e-09,7.328447523e-08
-0.0132,1.799043775e-09,7.5083519e-08
-0.01319,1.840931306e-09,7.692445031e-08
-0.01318,1.88374001e-09,7.880819032e-08
-0.01317,1.927488925e-09,8.073567924e-08
-0.01316,1.972197456e-09,8.27078767e-08
-0.01315,2.017885384e-09,8.472576208e-08
-0.01314,2.064572869e-09,8.679033495e-08
-0.01313,2.112280457e-09,8.890261541e-08
-0.01312,2.161029092e-09,9.10636445e-08
-0.01311,2.210840115e-09,9.327448462e-08
-0.0131,2.26173528e-09,9.55362199e-08
-0.01309,2.313736753e-09,9.784995665e-08
-0.01308,2.366867124e-09,1.002168238e-07
-0.01307,2.421149415e-09,1.026379732e-07
-0.01306,2.476607084e-09,1.051145803e-07
-0.01305,2.533264036e-09,1.076478443e-07
-0.01304,2.59114463e-09,1.102389889e-07
-0.01303,2.650273685e-09,1.128892626e-07
-0.01302,2.710676491e-09,1.155999391e-07
-0.01301,2.772378816e-09,1.183723179e-07
-0.013,2.835406913e-09,1.212077248e-07
-0.01299,2.899787531e-09,1.241075124e-07
-0.01298,2.965547922e-09,1.270730603e-07
-0.01297,3.032715848e-09,1.301057761e-07
-0.01296,3.101319596e-09,1.332070957e-07
-0.01295,3.17138798e-09,1.363784837e-07
-0.01294,3.242950354e-09,1.396214341e-07
-0.01293,3.31603662e-09,1.429374707e-07
-0.01292,3.390677239e-09,1.463281479e-07
-0.01291,3.466903239e-09,1.497950512e-07
-0.0129,3.544746225e-09,1.533397974e-07
-0.01289,3.62423839e-09,1.569640358e-07
-0.01288,3.705412523e-09,1.606694483e-07
-0.01287,3.788302023e-09,1.644577503e-07
-0.01286,3.872940904e-09,1.683306912e-07
-0.01285,3.959363811e-09,1.72290055e-07
-0.01284,4.047606027e-09,1.763376611e-07
-0.01283,4.137703484e-09,1.804753646e-07
-0.01282,4.229692777e-09,1.847050573e-07
-0.01281,4.323611173e-09,1.890286685e-07
-0.0128,4.419496622e-09,1.934481651e-07
-0.01279,4.51738777e-09,1.979655529e-07
-0.01278,4.617323969e-09,2.025828769e-07
-0.01277,4.719345292e-09,2.073022222e-07
-0.01276,4.823492541e-09,2.121257147e-07
-0.01275,4.929807262e-09,2.17055522e-07
-0.01274,5.038331758e-09,2.220938537e-07
-0.01273,5.149109099e-09,2.272429628e-07
-0.01272,5.262183136e-09,2.32505146e-07
-0.01271,5.377598517e-09,2.378827445e-07
-0.0127,5.495400696e-09,2.433781452e-07
-0.01269,5.615635947e-09,2.489937811e-07
-0.01268,5.738351382e-09,2.547321325e-07
-0.01267,5.863594957e-09,2.605957275e-07
-0.01266,5.991415496e-09,2.66587143e-07
-0.01265,6.121862696e-09,2.727090056e-07
-0.01264,6.254987148e-09,2.789639928e-07
-0.01263,6.390840348e-09,2.853548331e-07
-0.01262,6.529474713e-09,2.918843079e-07
-0.01261,6.670943598e-09,2.985552515e-07
-0.0126,6.815301307e-09,3.053705528e-07
-0.01259,6.962603114e-09,3.123331559e-07
-0.01258,7.112905274e-09,3.194460612e-07
-0.01257,7.266265043e-09,3.267123262e-07
-0.01256,7.422740691e-09,3.341350669e-07
-0.01255,7.582391522e-09,3.417174584e-07
-0.01254,7.745277888e-09,3.494627363e-07
-0.01253,7.911461205e-09,3.573741975e-07
-0.01252,8.081003976e-09,3.654552015e-07
-0.01251,8.253969801e-09,3.737091713e-07
-0.0125,8.430423402e-09,3.821395947e-07
-0.01249,8.610430635e-09,3.907500253e-07
-0.01248,8.794058512e-09,3.995440838e-07
-0.01247,8.981375219e-09,4.08525459e-07
-0.01246,9.172450135e-09,4.176979092e-07
-0.01245,9.367353847e-09,4.27065263e-07
-0.01244,9.566158178e-09,4.366314212e-07
-0.01243,9.768936199e-09,4.464003574e-07
-0.01242,9.975762251e-09,4.563761197e-07
-0.01241,1.018671197e-08,4.665628316e-07
-0.0124,1.040186229e-08,4.769646939e-07
-0.01239,1.06212915e-08,4.875859854e-07
-0.01238,1.084507922e-08,4.984310646e-07
-0.01237,1.107330647e-08,5.095043711e-07
-0.01236,1.130605563e-08,5.208104267e-07
-0.01235,1.154341054e-08,5.323538373e-07
-0.01234,1.178545645e-08,5.441392937e-07
-0.01233,1.203228009e-08,5.561715738e-07
-0.01232,1.228396967e-08,5.684555435e-07
-0.01231,1.254061491e-08,5.809961584e-07
-0.0123,1.280230707e-08,5.937984655e-07
-0.01229,1.306913895e-08,6.068676044e-07
-0.01228,1.334120497e-08,6.202088094e-07
-0.01227,1.361860111e-08,6.338274105e-07
-0.01226,1.390142501e-08,6.477288355e-07
-0.01225,1.418977597e-08,6.619186115e-07
-0.01224,1.448375496e-08,6.764023664e-07
-0.01223,1.478346465e-08,6.911858311e-07
-0.01222,1.508900948e-08,7.062748406e-07
-0.01221,1.540049561e-08,7.216753362e-07
-0.0122,1.571803102e-08,7.373933672e-07
-0.01219,1.60417255e-08,7.534350927e-07
-0.01218,1.637169067e-08,7.698067834e-07
-0.01217,1.670804005e-08,7.865148234e-07
-0.01216,1.705088902e-08,8.035657125e-07
-0.01215,1.740035495e-08,8.209660674e-07
-0.01214,1.775655711e-08,8.387226245e-07
-0.01213,1.81196168e-08,8.568422413e-07
-0.01212,1.848965733e-08,8.753318986e-07
-0.01211,1.886680405e-08,8.941987027e-07
-0.0121,1.925118441e-08,9.134498871e-07
-0.01209,1.964292795e-08,9.33092815e-07
-0.01208,2.00421664e-08,9.531349814e-07
-0.01207,2.044903361e-08,9.735840151e-07
-0.01206,2.086366568e-08,9.944476807e-07
-0.01205,2.128620095e-08,1.015733882e-06
-0.01204,2.171678003e-08,1.037450662e-06
-0.01203,2.215554584e-08,1.059606208e-06
-0.01202,2.260264366e-08,1.082208851e-06
-0.01201,2.305822113e-08,1.105267072e-06
-0.012,2.352242833e-08,1.128789501e-06
-0.01199,2.399541778e-08,1.152784918e-06
-0.01198,2.447734449e-08,1.177262263e-06
-0.01197,2.496836601e-08,1.202230629e-06
-0.01196,2.546864244e-08,1.227699271e-06
-0.01195,2.597833648e-08,1.253677608e-06
-0.01194,2.649761348e-08,1.280175221e-06
-0.01193,2.702664147e-08,1.307201863e-06
-0.01192,2.75655912e-08,1.334767454e-06
-0.01191,2.811463616e-08,1.36288209e-06
-0.0119,2.867395267e-08,1.391556043e-06
-0.01189,2.924371986e-08,1.420799763e-06
-0.01188,2.982411976e-08,1.450623883e-06
-0.01187,3.041533733e-08,1.48103922e-06
-0.01186,3.101756047e-08,1.51205678e-06
-0.01185,3.163098012e-08,1.54368776e-06
-0.01184,3.225579025e-08,1.575943551e-06
-0.01183,3.289218795e-08,1.608835739e-06
-0.01182,3.354037342e-08,1.642376112e-06
-0.01181,3.420055009e-08,1.676576662e-06
-0.0118,3.487292458e-08,1.711449587e-06
-0.01179,3.555770683e-08,1.747007294e-06
-0.01178,3.625511008e-08,1.783262404e-06
-0.01177,3.696535096e-08,1.820227755e-06
-0.01176,3.768864951e-08,1.857916404e-06
-0.01175,3.842522926e-08,1.896341633e-06
-0.01174,3.917531725e-08,1.935516951e-06
-0.01173,3.99391441e-08,1.975456095e-06
-0.01172,4.071694404e-08,2.016173039e-06
-0.01171,4.1508955e-08,2.057681994e-06
-0.0117,4.23154186e-08,2.099997412e-06
-0.01169,4.313658027e-08,2.143133993e-06
-0.01168,4.397268927e-08,2.187106682e-06
-0.01167,4.482399872e-08,2.231930681e-06
-0.01166,4.569076572e-08,2.277621446e-06
-0.01165,4.657325134e-08,2.324194698e-06
-0.01164,4.747172072e-08,2.371666418e-06
-0.01163,4.838644308e-08,2.420052861e-06
-0.01162,4.931769185e-08,2.469370553e-06
-0.01161,5.026574465e-08,2.519636298e-06
-0.0116,5.12308834e-08,2.570867181e-06
-0.01159,5.221339437e-08,2.623080576e-06
-0.01158,5.321356822e-08,2.676294144e-06
-0.01157,5.423170007e-08,2.730525844e-06
-0.01156,5.526808959e-08,2.785793934e-06
-0.01155,5.632304102e-08,2.842116975e-06
-0.01154,5.739686327e-08,2.899513838e-06
-0.01153,5.848986994e-08,2.958003708e-06
-0.01152,5.960237943e-08,3.017606087e-06
-0.01151,6.073471499e-08,3.078340802e-06
-0.0115,6.188720477e-08,3.140228007e-06
-0.01149,6.30601819e-08,3.203288189e-06
-0.01148,6.425398458e-08,3.267542174e-06
-0.01147,6.54689561e-08,3.33301113e-06
-0.01146,6.670544495e-08,3.399716575e-06
-0.01145,6.796380488e-08,3.467680379e-06
-0.01144,6.924439494e-08,3.536924774e-06
-0.01143,7.054757962e-08,3.607472354e-06
-0.01142,7.187372885e-08,3.679346083e-06
-0.01141,7.322321812e-08,3.752569301e-06
-0.0114,7.459642855e-08,3.82716573e-06
-0.01139,7.599374692e-08,3.903159476e-06
-0.01138,7.741556583e-08,3.980575042e-06
-0.01137,7.88622837e-08,4.059437326e-06
-0.01136,8.033430487e-08,4.139771631e-06
-0.01135,8.18320397e-08,4.221603671e-06
-0.01134,8.335590464e-08,4.304959575e-06
-0.01133,8.49063223e-08,4.389865897e-06
-0.01132,8.648372152e-08,4.476349619e-06
-0.01131,8.808853751e-08,4.564438157e-06
-0.0113,8.972121186e-08,4.654159368e-06
-0.01129,9.138219266e-08,4.745541561e-06
-0.01128,9.307193461e-08,4.838613496e-06
-0.01127,9.479089905e-08,4.933404395e-06
-0.01126,9.653955409e-08,5.029943949e-06
-0.01125,9.831837468e-08,5.128262323e-06
-0.01124,1.001278427e-07,5.228390166e-06
-0.01123,1.019684471e-07,5.330358613e-06
-0.01122,1.038406839e-07,5.434199297e-06
-0.01121,1.057450563e-07,5.539944354e-06
-0.0112,1.076820748e-07,5.647626428e-06
-0.01119,1.096522575e-07,5.757278686e-06
-0.01118,1.116561297e-07,5.868934816e-06
-0.01117,1.136942243e-07,5.98262904e-06
-0.01116,1.157670822e-07,6.098396122e-06
-0.01115,1.178752518e-07,6.216271374e-06
-0.01114,1.200192895e-07,6.336290663e-06
-0.01113,1.221997595e-07,6.458490423e-06
-0.01112,1.244172344e-07,6.582907657e-06
-0.01111,1.266722947e-07,6.709579952e-06
-0.0111,1.289655294e-07,6.838545481e-06
-0.01109,1.312975356e-07,6.969843017e-06
-0.01108,1.336689194e-07,7.103511936e-06
-0.01107,1.360802949e-07,7.239592231e-06
-0.01106,1.385322855e-07,7.378124517e-06
-0.01105,1.41025523e-07,7.51915004e-06
-0.01104,1.435606483e-07,7.662710688e-06
-0.01103,1.461383113e-07,7.808848999e-06
-0.01102,1.487591713e-07,7.957608171e-06
-0.01101,1.514238964e-07,8.109032067e-06
-0.011,1.541331646e-07,8.263165232e-06
-0.01099,1.568876631e-07,8.420052895e-06
-0.01098,1.596880888e-07,8.579740984e-06
-0.01097,1.625351483e-07,8.742276132e-06
-0.01096,1.654295582e-07,8.90770569e-06
-0.01095,1.683720449e-07,9.076077735e-06
-0.01094,1.71363345e-07,9.24744108e-06
-0.01093,1.744042055e-07,9.421845286e-06
-0.01092,1.774953835e-07,9.599340669e-06
-0.01091,1.806376466e-07,9.779978316e-06
-0.0109,1.838317732e-07,9.963810089e-06
-0.01089,1.870785523e-07,1.015088864e-05
-0.01088,1.903787838e-07,1.034126743e-05
-0.01087,1.937332787e-07,1.05350007e-05
-0.01086,1.971428588e-07,1.073214356e-05
-0.01085,2.006083576e-07,1.093275192e-05
-0.01084,2.041306198e-07,1.113688254e-05
-0.01083,2.077105017e-07,1.134459304e-05
-0.01082,2.113488711e-07,1.155594191e-05
-0.01081,2.150466078e-07,1.177098852e-05
-0.0108,2.188046035e-07,1.198979312e-05
-0.01079,2.226237621e-07,1.221241689e-05
-0.01078,2.265049996e-07,1.243892189e-05
-0.01077,2.304492446e-07,1.266937113e-05
-0.01076,2.344574378e-07,1.290382857e-05
-0.01075,2.385305332e-07,1.31423591e-05
-0.01074,2.426694971e-07,1.33850286e-05
-0.01073,2.46875309e-07,1.363190391e-05
-0.01072,2.511489617e-07,1.388305287e-05
-0.01071,2.55491461e-07,1.413854433e-05
-0.0107,2.599038264e-07,1.439844816e-05
-0.01069,2.643870907e-07,1.466283525e-05
-0.01068,2.689423008e-07,1.493177755e-05
-0.01067,2.735705173e-07,1.520534807e-05
-0.01066,2.782728149e-07,1.548362088e-05
-0.01065,2.830502827e-07,1.576667116e-05
-0.01064,2.87904024e-07,1.605457519e-05
-0.01063,2.928351568e-07,1.634741034e-05
-0.01062,2.978448138e-07,1.664525516e-05
-0.01061,3.029341426e-07,1.69481893e-05
-0.0106,3.08104306e-07,1.725629361e-05
-0.01059,3.133564819e-07,1.756965009e-05
-0.01058,3.186918637e-07,1.788834195e-05
-0.01057,3.241116603e-07,1.821245361e-05
-0.01056,3.296170965e-07,1.854207071e-05
-0.01055,3.35209413e-07,1.887728012e-05
-0.01054,3.408898666e-07,1.921816999e-05
-0.01053,3.466597305e-07,1.956482972e-05
-0.01052,3.525202944e-07,1.991735001e-05
-0.01051,3.584728645e-07,2.027582288e-05
-0.0105,3.645187641e-07,2.064034164e-05
-0.01049,3.706593334e-07,2.101100097e-05
-0.01048,3.768959299e-07,2.13878969e-05
-0.01047,3.832299286e-07,2.177112683e-05
-0.01046,3.896627221e-07,2.216078956e-05
-0.01045,3.961957206e-07,2.255698528e-05
-0.01044,4.028303526e-07,2.295981563e-05
-0.01043,4.095680648e-07,2.336938369e-05
-0.01042,4.164103221e-07,2.378579402e-05
-0.01041,4.233586082e-07,2.420915262e-05
-0.0104,4.304144256e-07,2.463956705e-05
-0.01039,4.375792958e-07,2.507714635e-05
-0.01038,4.448547595e-07,2.55220011e-05
-0.01037,4.522423769e-07,2.597424348e-05
-0.01036,4.597437277e-07,2.643398721e-05
-0.01035,4.673604116e-07,2.690134762e-05
-0.01034,4.750940485e-07,2.737644167e-05
-0.01033,4.829462782e-07,2.785938795e-05
-0.01032,4.909187614e-07,2.835030671e-05
-0.01031,4.990131793e-07,2.884931989e-05
-0.0103,5.07231234e-07,2.935655112e-05
-0.01029,5.15574649e-07,2.987212577e-05
-0.01028,5.24045169e-07,3.039617094e-05
-0.01027,5.326445603e-07,3.09288155e-05
-0.01026,5.413746112e-07,3.147019011e-05
-0.01025,5.502371319e-07,3.202042724e-05
-0.01024,5.59233955e-07,3.25796612e-05
-0.01023,5.683669356e-07,3.314802813e-05
-0.01022,5.776379516e-07,3.372566609e-05
-0.01021,5.870489038e-07,3.431271499e-05
-0.0102,5.966017164e-07,3.490931671e-05
-0.01019,6.062983371e-07,3.551561504e-05
-0.01018,6.16140737e-07,3.613175578e-05
-0.01017,6.261309116e-07,3.675788669e-05
-0.01016,6.362708804e-07,3.739415757e-05
-0.01015,6.465626873e-07,3.804072026e-05
-0.01014,6.57008401e-07,3.869772866e-05
-0.01013,6.676101153e-07,3.936533878e-05
-0.01012,6.783699489e-07,4.004370872e-05
-0.01011,6.892900464e-07,4.073299877e-05
-0.0101,7.003725776e-07,4.143337135e-05
-0.01009,7.116197387e-07,4.214499109e-05
-0.01008,7.230337521e-07,4.286802484e-05
-0.01007,7.346168666e-07,4.360264171e-05
-0.01006,7.463713577e-07,4.434901306e-05
-0.01005,7.582995282e-07,4.510731259e-05
-0.01004,7.70403708e-07,4.58777163e-05
-0.01003,7.826862547e-07,4.666040255e-05
-0.01002,7.951495536e-07,4.745555211e-05
-0.01001,8.077960185e-07,4.826334813e-05
-0.01,8.206280911e-07,4.908397622e-05
-0.00999,8.336482421e-07,4.991762446e-05
-0.00998,8.468589711e-07,5.076448343e-05
-0.00997,8.602628071e-07,5.162474624e-05
-0.00996,8.738623082e-07,5.249860855e-05
-0.00995,8.876600628e-07,5.338626861e-05
-0.00994,9.016586892e-07,5.42879273e-05
-0.00993,9.15860836e-07,5.520378813e-05
-0.00992,9.302691827e-07,5.613405732e-05
-0.00991,9.448864396e-07,5.707894376e-05
-0.0099,9.597153482e-07,5.80386591e-05
-0.00989,9.74758682e-07,5.901341779e-05
-0.00988,9.900192459e-07,6.000343703e-05
-0.00987,1.005499877e-06,6.100893691e-05
-0.00986,1.021203446e-06,6.203014036e-05
-0.00985,1.037132854e-06,6.306727321e-05
-0.00984,1.053291037e-06,6.412056425e-05
-0.00983,1.069680965e-06,6.519024521e-05
-0.00982,1.08630564e-06,6.627655085e-05
-0.00981,1.103168099e-06,6.737971895e-05
-0.0098,1.120271413e-06,6.849999036e-05
-0.00979,1.137618687e-06,6.963760905e-05
-0.00978,1.155213064e-06,7.079282212e-05
-0.00977,1.173057717e-06,7.196587983e-05
-0.00976,1.19115586e-06,7.315703569e-05
-0.00975,1.20951074e-06,7.436654643e-05
-0.00974,1.22812564e-06,7.559467207e-05
-0.00973,1.247003882e-06,7.684167595e-05
-0.00972,1.266148822e-06,7.810782478e-05
-0.00971,1.285563856e-06,7.939338863e-05
-0.0097,1.305252415e-06,8.069864105e-05
-0.00969,1.325217971e-06,8.202385902e-05
-0.00968,1.34546403e-06,8.336932305e-05
-0.00967,1.365994142e-06,8.473531719e-05
-0.00966,1.386811891e-06,8.612212908e-05
-0.00965,1.407920904e-06,8.753004999e-05
-0.00964,1.429324845e-06,8.895937483e-05
-0.00963,1.451027419e-06,9.041040225e-05
-0.00962,1.473032372e-06,9.188343462e-05
-0.00961,1.49534349e-06,9.337877811e-05
-0.0096,1.517964601e-06,9.489674271e-05
-0.00959,1.540899572e-06,9.643764228e-05
-0.00958,1.564152314e-06,9.80017946e-05
-0.00957,1.58772678e-06,9.958952138e-05
-0.00956,1.611626965e-06,0.0001012011483
-0.00955,1.635856906e-06,0.0001028370052
-0.00954,1.660420685e-06,0.0001044974259
-0.00953,1.685322426e-06,0.0001061827484
-0.00952,1.710566299e-06,0.0001078933147
-0.00951,1.736156515e-06,0.0001096294712
-0.0095,1.762097333e-06,0.0001113915685
-0.00949,1.788393056e-06,0.0001131799616
-0.00948,1.815048032e-06,0.0001149950096
-0.00947,1.842066654e-06,0.0001168370762
-0.00946,1.869453364e-06,0.0001187065296
-0.00945,1.897212647e-06,0.0001206037423
-0.00944,1.925349038e-06,0.0001225290913
-0.00943,1.953867118e-06,0.0001244829584
-0.00942,1.982771516e-06,0.0001264657299
-0.00941,2.012066909e-06,0.0001284777968
-0.0094,2.041758023e-06,0.0001305195549
-0.00939,2.071849632e-06,0.0001325914045
-0.00938,2.10234656e-06,0.0001346937511
-0.00937,2.133253681e-06,0.0001368270047
-0.00936,2.164575918e-06,0.0001389915807
-0.00935,2.196318246e-06,0.0001411878989
-0.00934,2.22848569e-06,0.0001434163846
-0.00933,2.261083325e-06,0.0001456774679
-0.00932,2.294116281e-06,0.0001479715842
-0.00931,2.327589737e-06,0.0001502991739
-0.0093,2.361508927e-06,0.0001526606829
-0.00929,2.395879135e-06,0.000155056562
-0.00928,2.430705702e-06,0.0001574872677
-0.00927,2.465994019e-06,0.0001599532617
-0.00926,2.501749535e-06,0.0001624550113
-0.00925,2.537977749e-06,0.000164992989
-0.00924,2.57468422e-06,0.0001675676732
-0.00923,2.611874559e-06,0.0001701795478
-0.00922,2.649554433e-06,0.0001728291022
-0.00921,2.687729568e-06,0.0001755168318
-0.0092,2.726405743e-06,0.0001782432375
-0.00919,2.765588797e-06,0.0001810088263
-0.00918,2.805284625e-06,0.000183814111
-0.00917,2.84549918e-06,0.0001866596101
-0.00916,2.886238474e-06,0.0001895458486
-0.00915,2.927508578e-06,0.0001924733572
-0.00914,2.969315622e-06,0.0001954426728
-0.00913,3.011665794e-06,0.0001984543386
-0.00912,3.054565345e-06,0.0002015089039
-0.00911,3.098020585e-06,0.0002046069245
-0.0091,3.142037884e-06,0.0002077489624
-0.00909,3.186623676e-06,0.0002109355861
-0.00908,3.231784454e-06,0.0002141673705
-0.00907,3.277526775e-06,0.0002174448973
-0.00906,3.323857259e-06,0.0002207687546
-0.00905,3.370782588e-06,0.0002241395372
-0.00904,3.418309509e-06,0.0002275578467
-0.00903,3.466444831e-06,0.0002310242915
-0.00902,3.515195428e-06,0.0002345394869
-0.00901,3.564568242e-06,0.0002381040552
-0.009,3.614570276e-06,0.0002417186255
-0.00899,3.665208602e-06,0.0002453838341
-0.00898,3.716490357e-06,0.0002491003244
-0.00897,3.768422744e-06,0.0002528687472
-0.00896,3.821013034e-06,0.0002566897602
-0.00895,3.874268566e-06,0.0002605640288
-0.00894,3.928196748e-06,0.0002644922255
-0.00893,3.982805053e-06,0.0002684750306
-0.00892,4.038101027e-06,0.0002725131316
-0.00891,4.094092282e-06,0.0002766072239
-0.0089,4.150786503e-06,0.0002807580104
-0.00889,4.208191443e-06,0.0002849662018
-0.00888,4.266314927e-06,0.0002892325167
-0.00887,4.325164851e-06,0.0002935576816
-0.00886,4.384749182e-06,0.0002979424308
-0.00885,4.44507596e-06,0.0003023875067
-0.00884,4.506153298e-06,0.00030689366
-0.00883,4.56798938e-06,0.0003114616494
-0.00882,4.630592467e-06,0.0003160922419
-0.00881,4.69397089e-06,0.0003207862128
-0.0088,4.758133058e-06,0.0003255443458
-0.00879,4.823087452e-06,0.0003303674333
-0.00878,4.88884263e-06,0.0003352562759
-0.00877,4.955407226e-06,0.0003402116831
-0.00876,5.02278995e-06,0.0003452344731
-0.00875,5.090999587e-06,0.0003503254727
-0.00874,5.160045002e-06,0.0003554855177
-0.00873,5.229935136e-06,0.0003607154528
-0.00872,5.300679008e-06,0.0003660161318
-0.00871,5.372285716e-06,0.0003713884175
-0.0087,5.444764438e-06,0.000376833182
-0.00869,5.518124429e-06,0.0003823513064
-0.00868,5.592375027e-06,0.0003879436814
-0.00867,5.667525648e-06,0.0003936112071
-0.00866,5.743585789e-06,0.0003993547929
-0.00865,5.820565031e-06,0.0004051753579
-0.00864,5.898473033e-06,0.0004110738309
-0.00863,5.977319539e-06,0.0004170511505
-0.00862,6.057114374e-06,0.0004231082648
-0.00861,6.137867447e-06,0.0004292461323
-0.0086,6.219588751e-06,0.000435465721
-0.00859,6.302288361e-06,0.0004417680094
-0.00858,6.38597644e-06,0.0004481539858
-0.00857,6.470663233e-06,0.0004546246491
-0.00856,6.55635907e-06,0.0004611810081
-0.00855,6.64307437e-06,0.0004678240825
-0.00854,6.730819636e-06,0.0004745549021
-0.00853,6.819605458e-06,0.0004813745076
-0.00852,6.909442514e-06,0.0004882839501
-0.00851,7.000341568e-06,0.0004952842917
-0.0085,7.092313473e-06,0.0005023766052
-0.00849,7.185369172e-06,0.0005095619743
-0.00848,7.279519695e-06,0.000516841494
-0.00847,7.374776162e-06,0.0005242162702
-0.00846,7.471149783e-06,0.00053168742
-0.00845,7.568651858e-06,0.0005392560718
-0.00844,7.667293779e-06,0.0005469233656
-0.00843,7.767087027e-06,0.0005546904526
-0.00842,7.868043177e-06,0.0005625584958
-0.00841,7.970173893e-06,0.0005705286697
-0.0084,8.073490935e-06,0.0005786021606
-0.00839,8.178006154e-06,0.0005867801668
-0.00838,8.283731494e-06,0.0005950638983
-0.00837,8.390678993e-06,0.0006034545773
-0.00836,8.498860785e-06,0.0006119534381
-0.00835,8.608289095e-06,0.0006205617272
-0.00834,8.718976247e-06,0.0006292807034
-0.00833,8.830934658e-06,0.0006381116381
-0.00832,8.944176841e-06,0.0006470558149
-0.00831,9.058715406e-06,0.0006561145303
-0.0083,9.17456306e-06,0.0006652890934
-0.00829,9.291732606e-06,0.000674580826
-0.00828,9.410236945e-06,0.0006839910629
-0.00827,9.530089077e-06,0.000693521152
-0.00826,9.651302097e-06,0.0007031724541
-0.00825,9.773889203e-06,0.0007129463433
-0.00824,9.89786369e-06,0.000722844207
-0.00823,1.002323895e-05,0.0007328674459
-0.00822,1.015002848e-05,0.0007430174744
-0.00821,1.027824588e-05,0.0007532957203
-0.0082,1.040790483e-05,0.0007637036251
-0.00819,1.053901915e-05,0.0007742426443
-0.00818,1.067160271e-05,0.000784914247
-0.00817,1.080566953e-05,0.0007957199165
-0.00816,1.094123371e-05,0.0008066611502
-0.00815,1.107830945e-05,0.0008177394597
-0.00814,1.121691105e-05,0.0008289563707
-0.00813,1.135705294e-05,0.0008403134237
-0.00812,1.149874962e-05,0.0008518121733
-0.00811,1.164201571e-05,0.000863454189
-0.0081,1.178686593e-05,0.0008752410549
-0.00809,1.193331511e-05,0.00088717437
-0.00808,1.208137819e-05,0.0008992557482
-0.00807,1.223107021e-05,0.0009114868184
-0.00806,1.238240629e-05,0.0009238692247
-0.00805,1.25354017e-05,0.0009364046264
-0.00804,1.26900718e-05,0.0009490946982
-0.00803,1.284643204e-05,0.0009619411303
-0.00802,1.300449799e-05,0.0009749456283
-0.00801,1.316428533e-05,0.0009881099136
-0.008,1.332580985e-05,0.001001435723
-0.00799,1.348908743e-05,0.001014924811
-0.00798,1.365413409e-05,0.001028578945
-0.00797,1.382096593e-05,0.001042399911
-0.00796,1.398959916e-05,0.00105638951
-0.00795,1.416005012e-05,0.00107054956
-0.00794,1.433233523e-05,0.001084881895
-0.00793,1.450647106e-05,0.001099388366
-0.00792,1.468247426e-05,0.001114070841
-0.00791,1.486036158e-05,0.001128931202
-0.0079,1.504014992e-05,0.001143971352
-0.00789,1.522185625e-05,0.001159193208
-0.00788,1.540549768e-05,0.001174598706
-0.00787,1.559109142e-05,0.001190189798
-0.00786,1.577865479e-05,0.001205968452
-0.00785,1.596820523e-05,0.001221936658
-0.00784,1.615976027e-05,0.001238096418
-0.00783,1.635333758e-05,0.001254449755
-0.00782,1.654895493e-05,0.00127099871
-0.00781,1.67466302e-05,0.001287745341
-0.0078,1.694638139e-05,0.001304691722
-0.00779,1.71482266e-05,0.001321839949
-0.00778,1.735218406e-05,0.001339192133
-0.00777,1.755827211e-05,0.001356750405
-0.00776,1.776650919e-05,0.001374516914
-0.00775,1.797691386e-05,0.001392493828
-0.00774,1.818950481e-05,0.001410683333
-0.00773,1.840430082e-05,0.001429087633
-0.00772,1.862132081e-05,0.001447708954
-0.00771,1.884058378e-05,0.001466549538
-0.0077,1.906210887e-05,0.001485611647
-0.00769,1.928591534e-05,0.001504897562
-0.00768,1.951202255e-05,0.001524409585
-0.00767,1.974044997e-05,0.001544150035
-0.00766,1.99712172e-05,0.001564121252
-0.00765,2.020434395e-05,0.001584325596
-0.00764,2.043985004e-05,0.001604765446
-0.00763,2.067775541e-05,0.001625443201
-0.00762,2.091808012e-05,0.001646361281
-0.00761,2.116084434e-05,0.001667522126
-0.0076,2.140606835e-05,0.001688928194
-0.00759,2.165377256e-05,0.001710581967
-0.00758,2.190397748e-05,0.001732485944
-0.00757,2.215670374e-05,0.001754642648
-0.00756,2.24119721e-05,0.00177705462
-0.00755,2.266980342e-05,0.001799724423
-0.00754,2.293021868e-05,0.001822654642
-0.00753,2.319323898e-05,0.001845847881
-0.00752,2.345888552e-05,0.001869306767
-0.00751,2.372717964e-05,0.001893033946
-0.0075,2.399814279e-05,0.001917032089
-0.00749,2.427179651e-05,0.001941303886
-0.00748,2.454816248e-05,0.001965852048
-0.00747,2.48272625e-05,0.001990679311
-0.00746,2.510911847e-05,0.002015788429
-0.00745,2.539375242e-05,0.002041182181
-0.00744,2.568118648e-05,0.002066863368
-0.00743,2.59714429e-05,0.002092834811
-0.00742,2.626454406e-05,0.002119099355
-0.00741,2.656051243e-05,0.002145659867
-0.0074,2.685937062e-05,0.002172519238
-0.00739,2.716114134e-05,0.002199680379
-0.00738,2.746584742e-05,0.002227146227
-0.00737,2.777351179e-05,0.002254919738
-0.00736,2.808415753e-05,0.002283003896
-0.00735,2.83978078e-05,0.002311401704
-0.00734,2.871448588e-05,0.00234011619
-0.00733,2.903421519e-05,0.002369150405
-0.00732,2.935701923e-05,0.002398507424
-0.00731,2.968292163e-05,0.002428190346
-0.0073,3.001194614e-05,0.002458202292
-0.00729,3.034411661e-05,0.002488546409
-0.00728,3.0679457e-05,0.002519225866
-0.00727,3.10179914e-05,0.002550243857
-0.00726,3.135974401e-05,0.002581603601
-0.00725,3.170473912e-05,0.00261330834
-0.00724,3.205300116e-05,0.002645361341
-0.00723,3.240455466e-05,0.002677765896
-0.00722,3.275942425e-05,0.00271052532
-0.00721,3.311763469e-05,0.002743642955
-0.0072,3.347921085e-05,0.002777122166
-0.00719,3.384417769e-05,0.002810966343
-0.00718,3.421256029e-05,0.002845178904
-0.00717,3.458438386e-05,0.002879763287
-0.00716,3.49596737e-05,0.002914722961
-0.00715,3.533845521e-05,0.002950061416
-0.00714,3.572075392e-05,0.00298578217
-0.00713,3.610659546e-05,0.003021888766
-0.00712,3.649600556e-05,0.003058384771
-0.00711,3.688901007e-05,0.003095273781
-0.0071,3.728563493e-05,0.003132559416
-0.00709,3.768590621e-05,0.003170245323
-0.00708,3.808985006e-05,0.003208335173
-0.00707,3.849749277e-05,0.003246832665
-0.00706,3.890886069e-05,0.003285741526
-0.00705,3.932398031e-05,0.003325065506
-0.00704,3.974287822e-05,0.003364808385
-0.00703,4.016558109e-05,0.003404973966
-0.00702,4.059211572e-05,0.003445566081
-0.00701,4.1022509e-05,0.00348658859
-0.007,4.145678793e-05,0.003528045378
-0.00699,4.189497959e-05,0.003569940358
-0.00698,4.233711118e-05,0.003612277469
-0.00697,4.278321e-05,0.003655060679
-0.00696,4.323330345e-05,0.003698293983
-0.00695,4.368741901e-05,0.003741981402
-0.00694,4.414558428e-05,0.003786126986
-0.00693,4.460782695e-05,0.003830734813
-0.00692,4.507417481e-05,0.003875808988
-0.00691,4.554465573e-05,0.003921353643
-0.0069,4.60192977e-05,0.003967372941
-0.00689,4.649812879e-05,0.00401387107
-0.00688,4.698117716e-05,0.004060852247
-0.00687,4.746847108e-05,0.004108320718
-0.00686,4.79600389e-05,0.004156280757
-0.00685,4.845590906e-05,0.004204736666
-0.00684,4.89561101e-05,0.004253692776
-0.00683,4.946067064e-05,0.004303153447
-0.00682,4.99696194e-05,0.004353123066
-0.00681,5.048298518e-05,0.004403606051
-0.0068,5.100079688e-05,0.004454606848
-0.00679,5.152308346e-05,0.004506129932
-0.00678,5.2049874e-05,0.004558179806
-0.00677,5.258119764e-05,0.004610761003
-0.00676,5.311708362e-05,0.004663878087
-0.00675,5.365756125e-05,0.004717535648
-0.00674,5.420265993e-05,0.004771738308
-0.00673,5.475240914e-05,0.004826490717
-0.00672,5.530683844e-05,0.004881797556
-0.00671,5.586597747e-05,0.004937663533
-0.0067,5.642985595e-05,0.004994093389
-0.00669,5.699850367e-05,0.005051091893
-0.00668,5.757195051e-05,0.005108663843
-0.00667,5.815022641e-05,0.00516681407
-0.00666,5.87333614e-05,0.005225547431
-0.00665,5.932138556e-05,0.005284868817
-0.00664,5.991432907e-05,0.005344783146
-0.00663,6.051222216e-05,0.005405295368
-0.00662,6.111509514e-05,0.005466410463
-0.00661,6.172297839e-05,0.005528133441
-0.0066,6.233590235e-05,0.005590469344
-0.00659,6.295389753e-05,0.005653423241
-0.00658,6.357699451e-05,0.005717000236
-0.00657,6.420522393e-05,0.00578120546
-0.00656,6.483861648e-05,0.005846044076
-0.00655,6.547720294e-05,0.005911521279
-0.00654,6.612101414e-05,0.005977642293
-0.00653,6.677008094e-05,0.006044412374
-0.00652,6.74244343e-05,0.006111836809
-0.00651,6.808410522e-05,0.006179920914
-0.0065,6.874912474e-05,0.006248670039
-0.00649,6.941952398e-05,0.006318089563
-0.00648,7.009533409e-05,0.006388184897
-0.00647,7.07765863e-05,0.006458961483
-0.00646,7.146331185e-05,0.006530424795
-0.00645,7.215554206e-05,0.006602580337
-0.00644,7.285330829e-05,0.006675433645
-0.00643,7.355664194e-05,0.006748990287
-0.00642,7.426557445e-05,0.006823255862
-0.00641,7.498013732e-05,0.006898235999
-0.0064,7.570036208e-05,0.006973936361
-0.00639,7.64262803e-05,0.007050362641
-0.00638,7.715792359e-05,0.007127520565
-0.00637,7.789532359e-05,0.007205415888
-0.00636,7.863851199e-05,0.0072840544
-0.00635,7.93875205e-05,0.007363441921
-0.00634,8.014238087e-05,0.007443584302
-0.00633,8.090312487e-05,0.007524487427
-0.00632,8.166978432e-05,0.007606157211
-0.00631,8.244239105e-05,0.007688599602
-0.0063,8.322097692e-05,0.007771820579
-0.00629,8.400557381e-05,0.007855826153
-0.00628,8.479621364e-05,0.007940622366
-0.00627,8.559292832e-05,0.008026215295
-0.00626,8.63957498e-05,0.008112611044
-0.00625,8.720471006e-05,0.008199815755
-0.00624,8.801984106e-05,0.008287835596
-0.00623,8.88411748e-05,0.00837667677
-0.00622,8.96687433e-05,0.008466345514
-0.00621,9.050257855e-05,0.008556848092
-0.0062,9.13427126e-05,0.008648190805
-0.00619,9.218917746e-05,0.008740379982
-0.00618,9.304200518e-05,0.008833421987
-0.00617,9.390122779e-05,0.008927323215
-0.00616,9.476687734e-05,0.009022090093
-0.00615,9.563898587e-05,0.009117729078
-0.00614,9.65175854e-05,0.009214246664
-0.00613,9.740270798e-05,0.009311649372
-0.00612,9.829438564e-05,0.009409943758
-0.00611,9.919265038e-05,0.009509136408
-0.0061,0.0001000975342,0.009609233942
-0.00609,0.0001010090691,0.009710243011
-0.00608,0.0001019272872,0.009812170298
-0.00607,0.0001028522202,0.009915022519
-0.00606,0.0001037839002,0.01001880642
-0.00605,0.0001047223592,0.01012352878
-0.00604,0.0001056676289,0.01022919641
-0.00603,0.0001066197414,0.01033581615
-0.00602,0.0001075787284,0.01044339488
-0.00601,0.0001085446217,0.0105519395
-0.006,0.0001095174533,0.01066145695
-0.00599,0.0001104972547,0.01077195421
-0.00598,0.0001114840579,0.01088343826
-0.00597,0.0001124778943,0.01099591616
-0.00596,0.0001134787958,0.01110939495
-0.00595,0.0001144867938,0.01122388175
-0.00594,0.00011550192,0.01133938367
-0.00593,0.0001165242059,0.01145590787
-0.00592,0.000117553683,0.01157346156
-0.00591,0.0001185903826,0.01169205194
-0.0059,0.0001196343362,0.01181168628
-0.00589,0.000120685575,0.01193237185
-0.00588,0.0001217441303,0.01205411598
-0.00587,0.0001228100333,0.01217692601
-0.00586,0.0001238833151,0.01230080933
-0.00585,0.0001249640069,0.01242577334
-0.00584,0.0001260521395,0.01255182548
-0.00583,0.000127147744,0.01267897322
-0.00582,0.0001282508512,0.01280722407
-0.00581,0.0001293614918,0.01293658556
-0.0058,0.0001304796967,0.01306706526
-0.00579,0.0001316054964,0.01319867076
-0.00578,0.0001327389215,0.01333140968
-0.00577,0.0001338800024,0.01346528968
-0.00576,0.0001350287695,0.01360031845
-0.00575,0.0001361852532,0.0137365037
-0.00574,0.0001373494837,0.01387385319
-0.00573,0.0001385214909,0.01401237468
-0.00572,0.000139701305,0.01415207598
-0.00571,0.0001408889559,0.01429296494
-0.0057,0.0001420844734,0.01443504941
-0.00569,0.0001432878872,0.0145783373
-0.00568,0.0001444992268,0.01472283653
-0.00567,0.0001457185219,0.01486855505
-0.00566,0.0001469458018,0.01501550085
-0.00565,0.0001481810957,0.01516368194
-0.00564,0.0001494244328,0.01531310638
-0.00563,0.0001506758421,0.01546378222
-0.00562,0.0001519353526,0.01561571757
-0.00561,0.0001532029931,0.01576892057
-0.0056,0.0001544787921,0.01592339936
-0.00559,0.0001557627783,0.01607916214
-0.00558,0.00015705498,0.01623621712
-0.00557,0.0001583554255,0.01639457254
-0.00556,0.0001596641429,0.01655423668
-0.00555,0.0001609811602,0.01671521784
-0.00554,0.0001623065053,0.01687752435
-0.00553,0.0001636402058,0.01704116456
-0.00552,0.0001649822893,0.01720614684
-0.00551,0.0001663327832,0.01737247963
-0.0055,0.0001676917147,0.01754017134
-0.00549,0.0001690591109,0.01770923045
-0.00548,0.0001704349987,0.01787966545
-0.00547,0.0001718194049,0.01805148486
-0.00546,0.0001732123561,0.01822469721
-0.00545,0.0001746138787,0.01839931109
-0.00544,0.0001760239989,0.01857533509
-0.00543,0.0001774427429,0.01875277783
-0.00542,0.0001788701365,0.01893164797
-0.00541,0.0001803062055,0.01911195418
-0.0054,0.0001817509754,0.01929370515
-0.00539,0.0001832044715,0.01947690962
-0.00538,0.0001846667191,0.01966157634
-0.00537,0.000186137743,0.01984771408
-0.00536,0.0001876175681,0.02003533165
-0.00535,0.000189106219,0.02022443787
-0.00534,0.00019060372,0.02041504159
-0.00533,0.0001921100953,0.02060715169
-0.00532,0.0001936253688,0.02080077706
-0.00531,0.0001951495645,0.02099592662
-0.0053,0.0001966827057,0.02119260933
-0.00529,0.0001982248159,0.02139083414
-0.00528,0.0001997759181,0.02159061006
-0.00527,0.0002013360353,0.0217919461
-0.00526,0.0002029051901,0.02199485129
-0.00525,0.000204483405,0.02219933469
-0.00524,0.0002060707021,0.02240540539
-0.00523,0.0002076671036,0.0226130725
-0.00522,0.000209272631,0.02282234513
-0.00521,0.000210887306,0.02303323243
-0.0052,0.0002125111498,0.02324574358
-0.00519,0.0002141441834,0.02345988777
-0.00518,0.0002157864276,0.02367567419
-0.00517,0.000217437903,0.0238931121
-0.00516,0.0002190986297,0.02411221073
-0.00515,0.0002207686278,0.02433297935
-0.00514,0.0002224479171,0.02455542727
-0.00513,0.0002241365171,0.02477956379
-0.00512,0.0002258344469,0.02500539824
-0.00511,0.0002275417256,0.02523293996
-0.0051,0.0002292583717,0.02546219833
-0.00509,0.0002309844039,0.02569318274
-0.00508,0.00023271984,0.02592590258
-0.00507,0.0002344646981,0.02616036727
-0.00506,0.0002362189957,0.02639658627
-0.00505,0.00023798275,0.02663456902
-0.00504,0.0002397559781,0.026874325
-0.00503,0.0002415386966,0.0271158637
-0.00502,0.0002433309219,0.02735919462
-0.00501,0.0002451326702,0.02760432729
-0.005,0.0002469439572,0.02785127124
-0.00499,0.0002487647985,0.02810003604
-0.00498,0.0002505952091,0.02835063125
-0.00497,0.0002524352041,0.02860306646
-0.00496,0.0002542847979,0.02885735125
-0.00495,0.0002561440048,0.02911349526
-0.00494,0.0002580128387,0.0293715081
-0.00493,0.0002598913132,0.02963139941
-0.00492,0.0002617794415,0.02989317885
-0.00491,0.0002636772367,0.03015685609
-0.0049,0.0002655847113,0.0304224408
-0.00489,0.0002675018776,0.03068994268
-0.00488,0.0002694287476,0.03095937143
-0.00487,0.0002713653327,0.03123073676
-0.00486,0.0002733116443,0.0315040484
-0.00485,0.0002752676933,0.0317793161
-0.00484,0.0002772334902,0.03205654959
-0.00483,0.0002792090452,0.03233575863
-0.00482,0.0002811943681,0.032616953
-0.00481,0.0002831894685,0.03290014247
-0.0048,0.0002851943554,0.03318533682
-0.00479,0.0002872090376,0.03347254586
-0.00478,0.0002892335235,0.03376177938
-0.00477,0.000291267821,0.03405304721
-0.00476,0.0002933119379,0.03434635914
-0.00475,0.0002953658814,0.03464172502
-0.00474,0.0002974296584,0.03493915468
-0.00473,0.0002995032752,0.03523865796
-0.00472,0.0003015867382,0.0355402447
-0.00471,0.000303680053,0.03584392475
-0.0047,0.0003057832248,0.03614970797
-0.00469,0.0003078962588,0.03645760423
-0.00468,0.0003100191593,0.03676762339
-0.00467,0.0003121519305,0.03707977532
-0.00466,0.0003142945762,0.0373940699
-0.00465,0.0003164470997,0.037710517
-0.00464,0.0003186095039,0.0380291265
-0.00463,0.0003207817912,0.03834990829
-0.00462,0.0003229639639,0.03867287226
-0.00461,0.0003251560236,0.03899802828
-0.0046,0.0003273579715,0.03932538625
-0.00459,0.0003295698084,0.03965495606
-0.00458,0.0003317915349,0.0399867476
-0.00457,0.0003340231507,0.04032077075
-0.00456,0.0003362646555,0.0406570354
-0.00455,0.0003385160485,0.04099555145
-0.00454,0.0003407773282,0.04133632878
-0.00453,0.0003430484929,0.04167937727
-0.00452,0.0003453295404,0.04202470681
-0.00451,0.0003476204681,0.04237232728
-0.0045,0.0003499212728,0.04272224855
-0.00449,0.000352231951,0.0430744805
-0.00448,0.0003545524987,0.043429033
-0.00447,0.0003568829115,0.04378591591
-0.00446,0.0003592231844,0.0441451391
-0.00445,0.000361573312,0.04450671241
-0.00444,0.0003639332886,0.0448706457
-0.00443,0.0003663031078,0.04523694881
-0.00442,0.0003686827628,0.04560563157
-0.00441,0.0003710722464,0.04597670382
-0.0044,0.000373471551,0.04635017537
-0.00439,0.0003758806682,0.04672605604
-0.00438,0.0003782995895,0.04710435562
-0.00437,0.0003807283057,0.04748508393
-0.00436,0.0003831668071,0.04786825074
-0.00435,0.0003856150837,0.04825386582
-0.00434,0.0003880731248,0.04864193895
-0.00433,0.0003905409194,0.04903247987
-0.00432,0.0003930184559,0.04942549832
-0.00431,0.0003955057222,0.04982100404
-0.0043,0.0003980027057,0.05021900675
-0.00429,0.0004005093933,0.05061951614
-0.00428,0.0004030257715,0.05102254191
-0.00427,0.0004055518263,0.05142809374
-0.00426,0.0004080875429,0.05183618128
-0.00425,0.0004106329064,0.05224681419
-0.00424,0.0004131879012,0.05266000209
-0.00423,0.000415752511,0.0530757546
-0.00422,0.0004183267194,0.05349408132
-0.00421,0.0004209105091,0.05391499183
-0.0042,0.0004235038626,0.05433849569
-0.00419,0.0004261067615,0.05476460245
-0.00418,0.0004287191873,0.05519332164
-0.00417,0.0004313411207,0.05562466276
-0.00416,0.000433972542,0.0560586353
-0.00415,0.0004366134308,0.05649524874
-0.00414,0.0004392637665,0.0569345125
-0.00413,0.0004419235275,0.05737643603
-0.00412,0.0004445926921,0.05782102872
-0.00411,0.0004472712379,0.05826829996
-0.0041,0.0004499591419,0.0587182591
-0.00409,0.0004526563807,0.05917091548
-0.00408,0.0004553629301,0.05962627841
-0.00407,0.0004580787658,0.06008435718
-0.00406,0.0004608038624,0.06054516104
-0.00405,0.0004635381945,0.06100869923
-0.00404,0.0004662817357,0.06147498097
-0.00403,0.0004690344594,0.06194401543
-0.00402,0.0004717963383,0.06241581177
-0.00401,0.0004745673445,0.06289037911
-0.004,0.0004773474496,0.06336772656
-0.00399,0.0004801366246,0.06384786319
-0.00398,0.00048293484,0.06433079803
-0.00397,0.0004857420659,0.06481654009
-0.00396,0.0004885582715,0.06530509836
-0.00395,0.0004913834256,0.06579648179
-0.00394,0.0004942174965,0.06629069929
-0.00393,0.000497060452,0.06678775974
-0.00392,0.0004999122591,0.067287672
-0.00391,0.0005027728844,0.06779044488
-0.0039,0.0005056422938,0.06829608718
-0.00389,0.0005085204529,0.06880460763
-0.00388,0.0005114073265,0.06931601496
-0.00387,0.0005143028788,0.06983031783
-0.00386,0.0005172070737,0.07034752491
-0.00385,0.0005201198742,0.07086764478
-0.00384,0.0005230412429,0.07139068602
-0.00383,0.0005259711419,0.07191665717
-0.00382,0.0005289095326,0.0724455667
-0.00381,0.0005318563757,0.07297742308
-0.0038,0.0005348116318,0.07351223471
-0.00379,0.0005377752603,0.07405000997
-0.00378,0.0005407472205,0.07459075719
-0.00377,0.0005437274709,0.07513448466
-0.00376,0.0005467159695,0.07568120063
-0.00375,0.0005497126737,0.0762309133
-0.00374,0.0005527175403,0.07678363084
-0.00373,0.0005557305255,0.07733936137
-0.00372,0.0005587515851,0.07789811295
-0.00371,0.000561780674,0.07845989363
-0.0037,0.0005648177468,0.07902471137
-0.00369,0.0005678627574,0.07959257413
-0.00368,0.0005709156591,0.08016348979
-0.00367,0.0005739764048,0.08073746619
-0.00366,0.0005770449464,0.08131451114
-0.00365,0.0005801212357,0.08189463238
-0.00364,0.0005832052237,0.0824778376
-0.00363,0.0005862968607,0.08306413446
-0.00362,0.0005893960966,0.08365353056
-0.00361,0.0005925028806,0.08424603344
-0.0036,0.0005956171615,0.0848416506
-0.00359,0.0005987388873,0.08544038949
-0.00358,0.0006018680056,0.08604225749
-0.00357,0.0006050044631,0.08664726196
-0.00356,0.0006081482064,0.08725541016
-0.00355,0.0006112991811,0.08786670934
-0.00354,0.0006144573325,0.08848116668
-0.00353,0.0006176226051,0.08909878928
-0.00352,0.0006207949429,0.08971958422
-0.00351,0.0006239742893,0.09034355851
-0.0035,0.0006271605873,0.0909707191
-0.00349,0.0006303537791,0.09160107288
-0.00348,0.0006335538064,0.09223462669
-0.00347,0.0006367606103,0.0928713873
-0.00346,0.0006399741313,0.09351136143
-0.00345,0.0006431943094,0.09415455574
-0.00344,0.0006464210839,0.09480097682
-0.00343,0.0006496543937,0.09545063121
-0.00342,0.000652894177,0.09610352539
-0.00341,0.0006561403715,0.09675966576
-0.0034,0.0006593929142,0.09741905868
-0.00339,0.0006626517416,0.09808171042
-0.00338,0.0006659167896,0.09874762721
-0.00337,0.0006691879937,0.0994168152
-0.00336,0.0006724652886,0.1000892805
-0.00335,0.0006757486085,0.1007650291
-0.00334,0.0006790378871,0.101444067
-0.00333,0.0006823330574,0.1021264
-0.00332,0.000685634052,0.1028120341
-0.00331,0.0006889408029,0.1035009749
-0.0033,0.0006922532414,0.1041932281
-0.00329,0.0006955712984,0.1048887994
-0.00328,0.0006988949041,0.1055876943
-0.00327,0.0007022239882,0.1062899183
-0.00326,0.00070555848,0.1069954768
-0.00325,0.0007088983079,0.1077043751
-0.00324,0.0007122434001,0.1084166185
-0.00323,0.000715593684,0.1091322122
-0.00322,0.0007189490865,0.1098511613
-0.00321,0.0007223095342,0.1105734708
-0.0032,0.0007256749527,0.1112991458
-0.00319,0.0007290452674,0.112028191
-0.00318,0.0007324204031,0.1127606114
-0.00317,0.0007358002839,0.1134964117
-0.00316,0.0007391848335,0.1142355966
-0.00315,0.0007425739752,0.1149781705
-0.00314,0.0007459676314,0.1157241382
-0.00313,0.0007493657242,0.1164735039
-0.00312,0.0007527681751,0.1172262721
-0.00311,0.0007561749052,0.117982447
-0.0031,0.000759585835,0.1187420328
-0.00309,0.0007630008843,0.1195050337
-0.00308,0.0007664199726,0.1202714537
-0.00307,0.0007698430189,0.1210412967
-0.00306,0.0007732699414,0.1218145666
-0.00305,0.0007767006581,0.1225912673
-0.00304,0.0007801350864,0.1233714024
-0.00303,0.000783573143,0.1241549755
-0.00302,0.0007870147444,0.1249419903
-0.00301,0.0007904598063,0.1257324501
-0.003,0.0007939082441,0.1265263583
-0.00299,0.0007973599726,0.1273237183
-0.00298,0.0008008149062,0.1281245332
-0.00297,0.0008042729587,0.1289288061
-0.00296,0.0008077340434,0.1297365402
-0.00295,0.0008111980733,0.1305477383
-0.00294,0.0008146649607,0.1313624032
-0.00293,0.0008181346174,0.1321805378
-0.00292,0.000821606955,0.1330021448
-0.00291,0.0008250818843,0.1338272267
-0.0029,0.0008285593159,0.134655786
-0.00289,0.0008320391596,0.1354878252
-0.00288,0.0008355213251,0.1363233465
-0.00287,0.0008390057214,0.1371623522
-0.00286,0.0008424922572,0.1380048445
-0.00285,0.0008459808405,0.1388508253
-0.00284,0.0008494713791,0.1397002967
-0.00283,0.0008529637802,0.1405532605
-0.00282,0.0008564579507,0.1414097184
-0.00281,0.0008599537968,0.1422696722
-0.0028,0.0008634512246,0.1431331234
-0.00279,0.0008669501394,0.1440000736
-0.00278,0.0008704504465,0.144870524
-0.00277,0.0008739520502,0.1457444761
-0.00276,0.000877454855,0.1466219309
-0.00275,0.0008809587645,0.1475028897
-0.00274,0.0008844636822,0.1483873534
-0.00273,0.000887969511,0.1492753229
-0.00272,0.0008914761534,0.150166799
-0.00271,0.0008949835115,0.1510617825
-0.0027,0.0008984914872,0.151960274
-0.00269,0.0009019999818,0.152862274
-0.00268,0.0009055088962,0.1537677829
-0.00267,0.000909018131,0.154676801
-0.00266,0.0009125275863,0.1555893286
-0.00265,0.000916037162,0.1565053658
-0.00264,0.0009195467576,0.1574249125
-0.00263,0.0009230562719,0.1583479688
-0.00262,0.0009265656039,0.1592745344
-0.00261,0.0009300746517,0.1602046091
-0.0026,0.0009335833133,0.1611381924
-0.00259,0.0009370914864,0.1620752839
-0.00258,0.0009405990683,0.1630158829
-0.00257,0.0009441059558,0.1639599889
-0.00256,0.0009476120456,0.1649076009
-0.00255,0.0009511172339,0.1658587182
-0.00254,0.0009546214166,0.1668133396
-0.00253,0.0009581244893,0.1677714641
-0.00252,0.0009616263474,0.1687330904
-0.00251,0.0009651268857,0.1696982173
-0.0025,0.000968625999,0.1706668433
-0.00249,0.0009721235815,0.1716389669
-0.00248,0.0009756195273,0.1726145864
-0.00247,0.0009791137302,0.1735937002
-0.00246,0.0009826060836,0.1745763062
-0.00245,0.0009860964807,0.1755624027
-0.00244,0.0009895848145,0.1765519875
-0.00243,0.0009930709774,0.1775450585
-0.00242,0.0009965548619,0.1785416134
-0.00241,0.00100003636,0.1795416497
-0.0024,0.001003515364,0.1805451651
-0.00239,0.001006991764,0.1815521569
-0.00238,0.001010465453,0.1825626223
-0.00237,0.001013936322,0.1835765586
-0.00236,0.00101740426,0.1845939629
-0.00235,0.00102086916,0.1856148321
-0.00234,0.001024330911,0.186639163
-0.00233,0.001027789403,0.1876669524
-0.00232,0.001031244527,0.1886981969
-0.00231,0.001034696172,0.1897328931
-0.0023,0.001038144227,0.1907710373
-0.00229,0.001041588582,0.1918126259
-0.00228,0.001045029127,0.192857655
-0.00227,0.001048465749,0.1939061208
-0.00226,0.001051898338,0.1949580191
-0.00225,0.001055326782,0.1960133459
-0.00224,0.001058750971,0.1970720968
-0.00223,0.001062170791,0.1981342676
-0.00222,0.001065586131,0.1991998538
-0.00221,0.001068996879,0.2002688506
-0.0022,0.001072402923,0.2013412536
-0.00219,0.001075804151,0.2024170577
-0.00218,0.001079200449,0.2034962582
-0.00217,0.001082591706,0.2045788499
-0.00216,0.001085977808,0.2056648277
-0.00215,0.001089358643,0.2067541863
-0.00214,0.001092734098,0.2078469204
-0.00213,0.001096104059,0.2089430245
-0.00212,0.001099468414,0.2100424929
-0.00211,0.001102827049,0.2111453199
-0.0021,0.001106179851,0.2122514998
-0.00209,0.001109526706,0.2133610265
-0.00208,0.001112867501,0.214473894
-0.00207,0.001116202122,0.2155900961
-0.00206,0.001119530456,0.2167096266
-0.00205,0.001122852389,0.217832479
-0.00204,0.001126167806,0.2189586468
-0.00203,0.001129476595,0.2200881234
-0.00202,0.001132778642,0.221220902
-0.00201,0.001136073832,0.2223569758
-0.002,0.001139362052,0.2234963379
-0.00199,0.001142643187,0.2246389811
-0.00198,0.001145917124,0.2257848982
-0.00197,0.00114918375,0.226934082
-0.00196,0.001152442949,0.2280865249
-0.00195,0.001155694608,0.2292422195
-0.00194,0.001158938613,0.2304011581
-0.00193,0.001162174851,0.231563333
-0.00192,0.001165403207,0.2327287362
-0.00191,0.001168623567,0.2338973598
-0.0019,0.001171835818,0.2350691956
-0.00189,0.001175039846,0.2362442354
-0.00188,0.001178235537,0.237422471
-0.00187,0.001181422778,0.2386038937
-0.00186,0.001184601455,0.2397884952
-0.00185,0.001187771455,0.2409762666
-0.00184,0.001190932663,0.2421671993
-0.00183,0.001194084967,0.2433612843
-0.00182,0.001197228254,0.2445585125
-0.00181,0.00120036241,0.2457588749
-0.0018,0.001203487323,0.2469623623
-0.00179,0.001206602879,0.2481689651
-0.00178,0.001209708966,0.2493786741
-0.00177,0.00121280547,0.2505914796
-0.00176,0.00121589228,0.2518073719
-0.00175,0.001218969283,0.2530263411
-0.00174,0.001222036366,0.2542483775
-0.00173,0.001225093418,0.2554734709
-0.00172,0.001228140327,0.2567016113
-0.00171,0.00123117698,0.2579327882
-0.0017,0.001234203267,0.2591669915
-0.00169,0.001237219075,0.2604042106
-0.00168,0.001240224294,0.2616444349
-0.00167,0.001243218812,0.2628876537
-0.00166,0.001246202519,0.2641338562
-0.00165,0.001249175303,0.2653830315
-0.00164,0.001252137055,0.2666351686
-0.00163,0.001255087665,0.2678902562
-0.00162,0.001258027021,0.2691482832
-0.00161,0.001260955015,0.2704092383
-0.0016,0.001263871537,0.2716731098
-0.00159,0.001266776477,0.2729398863
-0.00158,0.001269669727,0.274209556
-0.00157,0.001272551178,0.2754821072
-0.00156,0.001275420721,0.2767575279
-0.00155,0.001278278248,0.2780358061
-0.00154,0.001281123651,0.2793169298
-0.00153,0.001283956823,0.2806008866
-0.00152,0.001286777656,0.2818876643
-0.00151,0.001289586043,0.2831772503
-0.0015,0.001292381877,0.2844696322
-0.00149,0.001295165051,0.2857647972
-0.00148,0.001297935461,0.2870627327
-0.00147,0.001300692999,0.2883634257
-0.00146,0.00130343756,0.2896668633
-0.00145,0.00130616904,0.2909730323
-0.00144,0.001308887333,0.2922819196
-0.00143,0.001311592335,0.293593512
-0.00142,0.001314283941,0.2949077959
-0.00141,0.001316962049,0.296224758
-0.0014,0.001319626555,0.2975443845
-0.00139,0.001322277355,0.2988666619
-0.00138,0.001324914348,0.3001915762
-0.00137,0.001327537431,0.3015191137
-0.00136,0.001330146502,0.3028492602
-0.00135,0.00133274146,0.3041820016
-0.00134,0.001335322204,0.3055173238
-0.00133,0.001337888633,0.3068552124
-0.00132,0.001340440647,0.3081956531
-0.00131,0.001342978147,0.3095386312
-0.0013,0.001345501033,0.3108841323
-0.00129,0.001348009206,0.3122321415
-0.00128,0.001350502569,0.3135826441
-0.00127,0.001352981022,0.3149356251
-0.00126,0.00135544447,0.3162910695
-0.00125,0.001357892813,0.3176489624
-0.00124,0.001360325957,0.3190092883
-0.00123,0.001362743805,0.3203720321
-0.00122,0.001365146262,0.3217371784
-0.00121,0.001367533232,0.3231047116
-0.0012,0.001369904621,0.3244746162
-0.00119,0.001372260335,0.3258468766
-0.00118,0.001374600281,0.3272214769
-0.00117,0.001376924364,0.3285984012
-0.00116,0.001379232494,0.3299776337
-0.00115,0.001381524577,0.3313591583
-0.00114,0.001383800523,0.3327429588
-0.00113,0.001386060241,0.3341290191
-0.00112,0.00138830364,0.3355173227
-0.00111,0.00139053063,0.3369078533
-0.0011,0.001392741123,0.3383005944
-0.00109,0.001394935029,0.3396955295
-0.00108,0.00139711226,0.3410926417
-0.00107,0.00139927273,0.3424919145
-0.00106,0.001401416351,0.3438933308
-0.00105,0.001403543036,0.3452968739
-0.00104,0.001405652701,0.3467025266
-0.00103,0.001407745259,0.3481102718
-0.00102,0.001409820627,0.3495200924
-0.00101,0.00141187872,0.3509319712
-0.001,0.001413919455,0.3523458906
-0.00099,0.00141594275,0.3537618334
-0.00098,0.001417948522,0.3551797819
-0.00097,0.00141993669,0.3565997186
-0.00096,0.001421907173,0.3580216257
-0.00095,0.001423859891,0.3594454856
-0.00094,0.001425794764,0.3608712804
-0.00093,0.001427711715,0.3622989921
-0.00092,0.001429610664,0.3637286028
-0.00091,0.001431491533,0.3651600943
-0.0009,0.001433354248,0.3665934486
-0.00089,0.00143519873,0.3680286473
-0.00088,0.001437024904,0.3694656722
-0.00087,0.001438832697,0.3709045049
-0.00086,0.001440622033,0.3723451269
-0.00085,0.001442392839,0.3737875198
-0.00084,0.001444145043,0.3752316648
-0.00083,0.001445878573,0.3766775434
-0.00082,0.001447593356,0.3781251367
-0.00081,0.001449289324,0.3795744261
-0.0008,0.001450966405,0.3810253925
-0.00079,0.001452624531,0.382478017
-0.00078,0.001454263634,0.3839322806
-0.00077,0.001455883645,0.3853881643
-0.00076,0.001457484498,0.3868456488
-0.00075,0.001459066126,0.3883047149
-0.00074,0.001460628465,0.3897653434
-0.00073,0.001462171449,0.3912275148
-0.00072,0.001463695014,0.3926912098
-0.00071,0.001465199098,0.3941564089
-0.0007,0.001466683638,0.3956230926
-0.00069,0.001468148573,0.3970912411
-0.00068,0.001469593841,0.398560835
-0.00067,0.001471019382,0.4000318544
-0.00066,0.001472425138,0.4015042795
-0.00065,0.001473811049,0.4029780905
-0.00064,0.001475177058,0.4044532676
-0.00063,0.001476523109,0.4059297907
-0.00062,0.001477849144,0.4074076399
-0.00061,0.001479155109,0.408886795
-0.0006,0.001480440949,0.4103672359
-0.00059,0.00148170661,0.4118489425
-0.00058,0.00148295204,0.4133318946
-0.00057,0.001484177187,0.4148160718
-0.00056,0.001485381998,0.4163014538
-0.00055,0.001486566425,0.4177880202
-0.00054,0.001487730417,0.4192757506
-0.00053,0.001488873925,0.4207646245
-0.00052,0.001489996901,0.4222546214
-0.00051,0.001491099299,0.4237457207
-0.0005,0.001492181072,0.4252379018
-0.00049,0.001493242175,0.426731144
-0.00048,0.001494282563,0.4282254265
-0.00047,0.001495302193,0.4297207287
-0.00046,0.001496301021,0.4312170297
-0.00045,0.001497279006,0.4327143087
-0.00044,0.001498236106,0.4342125449
-0.00043,0.001499172282,0.4357117171
-0.00042,0.001500087493,0.4372118046
-0.00041,0.001500981701,0.4387127863
-0.0004,0.001501854869,0.4402146412
-0.00039,0.00150270696,0.4417173482
-0.00038,0.001503537937,0.4432208861
-0.00037,0.001504347767,0.4447252339
-0.00036,0.001505136413,0.4462303703
-0.00035,0.001505903845,0.4477362741
-0.00034,0.001506650028,0.4492429241
-0.00033,0.001507374931,0.4507502991
-0.00032,0.001508078524,0.4522583776
-0.00031,0.001508760777,0.4537671384
-0.0003,0.001509421662,0.45527656
-0.00029,0.001510061149,0.4567866212
-0.00028,0.001510679213,0.4582973004
-0.00027,0.001511275827,0.4598085762
-0.00026,0.001511850965,0.4613204272
-0.00025,0.001512404604,0.4628328318
-0.00024,0.00151293672,0.4643457685
-0.00023,0.00151344729,0.4658592158
-0.00022,0.001513936293,0.4673731521
-0.00021,0.001514403708,0.4688875558
-0.0002,0.001514849516,0.4704024053
-0.00019,0.001515273697,0.471917679
-0.00018,0.001515676233,0.4734333553
-0.00017,0.001516057107,0.4749494124
-0.00016,0.001516416304,0.4764658287
-0.00015,0.001516753808,0.4779825825
-0.00014,0.001517069604,0.4794996521
-0.00013,0.001517363679,0.4810170158
-0.00012,0.001517636022,0.4825346518
-0.00011,0.001517886619,0.4840525384
-0.0001,0.001518115461,0.4855706539
-9e-05,0.001518322538,0.4870889764
-8e-05,0.001518507841,0.4886074842
-7e-05,0.001518671362,0.4901261556
-6e-05,0.001518813094,0.4916449687
-5e-05,0.001518933032,0.4931639017
-4e-05,0.001519031169,0.4946829329
-3e-05,0.001519107503,0.4962020404
-2e-05,0.001519162029,0.4977212024
-1e-05,0.001519194746,0.4992403972
0,0.001519205652,0.5007596028
1e-05,0.001519194746,0.5022787976
2e-05,0.001519162029,0.5037979596
3e-05,0.001519107503,0.5053170671
4e-05,0.001519031169,0.5068360983
5e-05,0.001518933032,0.5083550313
6e-05,0.001518813094,0.5098738444
7e-05,0.001518671362,0.5113925158
8e-05,0.001518507841,0.5129110236
9e-05,0.001518322538,0.5144293461
0.0001,0.001518115461,0.5159474616
0.00011,0.001517886619,0.5174653482
0.00012,0.001517636022,0.5189829842
0.00013,0.001517363679,0.5205003479
0.00014,0.001517069604,0.5220174175
0.00015,0.001516753808,0.5235341713
0.00016,0.001516416304,0.5250505876
0.00017,0.001516057107,0.5265666447
0.00018,0.001515676233,0.528082321
0.00019,0.001515273697,0.5295975947
0.0002,0.001514849516,0.5311124442
0.00021,0.001514403708,0.5326268479
0.00022,0.001513936293,0.5341407842
0.00023,0.00151344729,0.5356542315
0.00024,0.00151293672,0.5371671682
0.00025,0.001512404604,0.5386795728
0.00026,0.001511850965,0.5401914238
0.00027,0.001511275827,0.5417026996
0.00028,0.001510679213,0.5432133788
0.00029,0.001510061149,0.54472344
0.0003,0.001509421662,0.5462328616
0.00031,0.001508760777,0.5477416224
0.00032,0.001508078524,0.5492497009
0.00033,0.001507374931,0.5507570759
0.00034,0.001506650028,0.5522637259
0.00035,0.001505903845,0.5537696297
0.00036,0.001505136413,0.5552747661
0.00037,0.001504347767,0.5567791139
0.00038,0.001503537937,0.5582826518
0.00039,0.00150270696,0.5597853588
0.0004,0.001501854869,0.5612872137
0.00041,0.001500981701,0.5627881954
0.00042,0.001500087493,0.5642882829
0.00043,0.001499172282,0.5657874551
0.00044,0.001498236106,0.5672856913
0.00045,0.001497279006,0.5687829703
0.00046,0.001496301021,0.5702792713
0.00047,0.001495302193,0.5717745735
0.00048,0.001494282563,0.573268856
0.00049,0.001493242175,0.5747620982
0.0005,0.001492181072,0.5762542793
0.00051,0.001491099299,0.5777453786
0.00052,0.001489996901,0.5792353755
0.00053,0.001488873925,0.5807242494
0.00054,0.001487730417,0.5822119798
0.00055,0.001486566425,0.5836985462
0.00056,0.001485381998,0.5851839282
0.00057,0.001484177187,0.5866681054
0.00058,0.00148295204,0.5881510575
0.00059,0.00148170661,0.5896327641
0.0006,0.001480440949,0.591113205
0.00061,0.001479155109,0.5925923601
0.00062,0.001477849144,0.5940702093
0.00063,0.001476523109,0.5955467324
0.00064,0.001475177058,0.5970219095
0.00065,0.001473811049,0.5984957205
0.00066,0.001472425138,0.5999681456
0.00067,0.001471019382,0.601439165
0.00068,0.001469593841,0.6029087589
0.00069,0.001468148573,0.6043769074
0.0007,0.001466683638,0.6058435911
0.00071,0.001465199098,0.6073087902
0.00072,0.001463695014,0.6087724852
0.00073,0.001462171449,0.6102346566
0.00074,0.001460628465,0.6116952851
0.00075,0.001459066126,0.6131543512
0.00076,0.001457484498,0.6146118357
0.00077,0.001455883645,0.6160677194
0.00078,0.001454263634,0.617521983
0.00079,0.001452624531,0.6189746075
0.0008,0.001450966405,0.6204255739
0.00081,0.001449289324,0.6218748633
0.00082,0.001447593356,0.6233224566
0.00083,0.001445878573,0.6247683352
0.00084,0.001444145043,0.6262124802
0.00085,0.001442392839,0.6276548731
0.00086,0.001440622033,0.6290954951
0.00087,0.001438832697,0.6305343278
0.00088,0.001437024904,0.6319713527
0.00089,0.00143519873,0.6334065514
0.0009,0.001433354248,0.6348399057
0.00091,0.001431491533,0.6362713972
0.00092,0.001429610664,0.6377010079
0.00093,0.001427711715,0.6391287196
0.00094,0.001425794764,0.6405545144
0.00095,0.001423859891,0.6419783743
0.00096,0.001421907173,0.6434002814
0.00097,0.00141993669,0.6448202181
0.00098,0.001417948522,0.6462381666
0.00099,0.00141594275,0.6476541094
0.001,0.001413919455,0.6490680288
0.00101,0.00141187872,0.6504799076
0.00102,0.001409820627,0.6518897282
0.00103,0.001407745259,0.6532974734
0.00104,0.001405652701,0.6547031261
0.00105,0.001403543036,0.6561066692
0.00106,0.001401416351,0.6575080855
0.00107,0.00139927273,0.6589073583
0.00108,0.00139711226,0.6603044705
0.00109,0.001394935029,0.6616994056
0.0011,0.001392741123,0.6630921467
0.00111,0.00139053063,0.6644826773
0.00112,0.00138830364,0.6658709809
0.00113,0.001386060241,0.6672570412
0.00114,0.001383800523,0.6686408417
0.00115,0.001381524577,0.6700223663
0.00116,0.001379232494,0.6714015988
0.00117,0.001376924364,0.6727785231
0.00118,0.001374600281,0.6741531234
0.00119,0.001372260335,0.6755253838
0.0012,0.001369904621,0.6768952884
0.00121,0.001367533232,0.6782628216
0.00122,0.001365146262,0.6796279679
0.00123,0.001362743805,0.6809907117
0.00124,0.001360325957,0.6823510376
0.00125,0.001357892813,0.6837089305
0.00126,0.00135544447,0.6850643749
0.00127,0.001352981022,0.6864173559
0.00128,0.001350502569,0.6877678585
0.00129,0.001348009206,0.6891158677
0.0013,0.001345501033,0.6904613688
0.00131,0.001342978147,0.6918043469
0.00132,0.001340440647,0.6931447876
0.00133,0.001337888633,0.6944826762
0.00134,0.001335322204,0.6958179984
0.00135,0.00133274146,0.6971507398
0.00136,0.001330146502,0.6984808863
0.00137,0.001327537431,0.6998084238
0.00138,0.001324914348,0.7011333381
0.00139,0.001322277355,0.7024556155
0.0014,0.001319626555,0.703775242
0.00141,0.001316962049,0.7050922041
0.00142,0.001314283941,0.706406488
0.00143,0.001311592335,0.7077180804
0.00144,0.001308887333,0.7090269677
0.00145,0.00130616904,0.7103331367
0.00146,0.00130343756,0.7116365743
0.00147,0.001300692999,0.7129372673
0.00148,0.001297935461,0.7142352028
0.00149,0.001295165051,0.7155303678
0.0015,0.001292381877,0.7168227497
0.00151,0.001289586043,0.7181123357
0.00152,0.001286777656,0.7193991134
0.00153,0.001283956823,0.7206830702
0.00154,0.001281123651,0.7219641939
0.00155,0.001278278248,0.7232424721
0.00156,0.001275420721,0.7245178928
0.00157,0.001272551178,0.725790444
0.00158,0.001269669727,0.7270601137
0.00159,0.001266776477,0.7283268902
0.0016,0.001263871537,0.7295907617
0.00161,0.001260955015,0.7308517168
0.00162,0.001258027021,0.7321097438
0.00163,0.001255087665,0.7333648314
0.00164,0.001252137055,0.7346169685
0.00165,0.001249175303,0.7358661438
0.00166,0.001246202519,0.7371123463
0.00167,0.001243218812,0.7383555651
0.00168,0.001240224294,0.7395957894
0.00169,0.001237219075,0.7408330085
0.0017,0.001234203267,0.7420672118
0.00171,0.00123117698,0.7432983887
0.00172,0.001228140327,0.7445265291
0.00173,0.001225093418,0.7457516225
0.00174,0.001222036366,0.7469736589
0.00175,0.001218969283,0.7481926281
0.00176,0.00121589228,0.7494085204
0.00177,0.00121280547,0.7506213259
0.00178,0.001209708966,0.7518310349
0.00179,0.001206602879,0.7530376377
0.0018,0.001203487323,0.7542411251
0.00181,0.00120036241,0.7554414875
0.00182,0.001197228254,0.7566387157
0.00183,0.001194084967,0.7578328007
0.00184,0.001190932663,0.7590237334
0.00185,0.001187771455,0.7602115048
0.00186,0.001184601455,0.7613961063
0.00187,0.001181422778,0.762577529
0.00188,0.001178235537,0.7637557646
0.00189,0.001175039846,0.7649308044
0.0019,0.001171835818,0.7661026402
0.00191,0.001168623567,0.7672712638
0.00192,0.001165403207,0.768436667
0.00193,0.001162174851,0.7695988419
0.00194,0.001158938613,0.7707577805
0.00195,0.001155694608,0.7719134751
0.00196,0.001152442949,0.773065918
0.00197,0.00114918375,0.7742151018
0.00198,0.001145917124,0.7753610189
0.00199,0.001142643187,0.7765036621
0.002,0.001139362052,0.7776430242
0.00201,0.001136073832,0.778779098
0.00202,0.001132778642,0.7799118766
0.00203,0.001129476595,0.7810413532
0.00204,0.001126167806,0.782167521
0.00205,0.001122852389,0.7832903734
0.00206,0.001119530456,0.7844099039
0.00207,0.001116202122,0.785526106
0.00208,0.001112867501,0.7866389735
0.00209,0.001109526706,0.7877485002
0.0021,0.001106179851,0.7888546801
0.00211,0.001102827049,0.7899575071
0.00212,0.001099468414,0.7910569755
0.00213,0.001096104059,0.7921530796
0.00214,0.001092734098,0.7932458137
0.00215,0.001089358643,0.7943351723
0.00216,0.001085977808,0.7954211501
0.00217,0.001082591706,0.7965037418
0.00218,0.001079200449,0.7975829423
0.00219,0.001075804151,0.7986587464
0.0022,0.001072402923,0.7997311494
0.00221,0.001068996879,0.8008001462
0.00222,0.001065586131,0.8018657324
0.00223,0.001062170791,0.8029279032
0.00224,0.001058750971,0.8039866541
0.00225,0.001055326782,0.8050419809
0.00226,0.001051898338,0.8060938792
0.00227,0.001048465749,0.807142345
0.00228,0.001045029127,0.8081873741
0.00229,0.001041588582,0.8092289627
0.0023,0.001038144227,0.8102671069
0.00231,0.001034696172,0.8113018031
0.00232,0.001031244527,0.8123330476
0.00233,0.001027789403,0.813360837
0.00234,0.001024330911,0.8143851679
0.00235,0.00102086916,0.8154060371
0.00236,0.00101740426,0.8164234414
0.00237,0.001013936322,0.8174373777
0.00238,0.001010465453,0.8184478431
0.00239,0.001006991764,0.8194548349
0.0024,0.001003515364,0.8204583503
0.00241,0.00100003636,0.8214583866
0.00242,0.0009965548619,0.8224549415
0.00243,0.0009930709774,0.8234480125
0.00244,0.0009895848145,0.8244375973
0.00245,0.0009860964807,0.8254236938
0.00246,0.0009826060836,0.8264062998
0.00247,0.0009791137302,0.8273854136
0.00248,0.0009756195273,0.8283610331
0.00249,0.0009721235815,0.8293331567
0.0025,0.000968625999,0.8303017827
0.00251,0.0009651268857,0.8312669096
0.00252,0.0009616263474,0.8322285359
0.00253,0.0009581244893,0.8331866604
0.00254,0.0009546214166,0.8341412818
0.00255,0.0009511172339,0.8350923991
0.00256,0.0009476120456,0.8360400111
0.00257,0.0009441059558,0.8369841171
0.00258,0.0009405990683,0.8379247161
0.00259,0.0009370914864,0.8388618076
0.0026,0.0009335833133,0.8397953909
0.00261,0.0009300746517,0.8407254656
0.00262,0.0009265656039,0.8416520312
0.00263,0.0009230562719,0.8425750875
0.00264,0.0009195467576,0.8434946342
0.00265,0.000916037162,0.8444106714
0.00266,0.0009125275863,0.845323199
0.00267,0.000909018131,0.8462322171
0.00268,0.0009055088962,0.847137726
0.00269,0.0009019999818,0.848039726
0.0027,0.0008984914872,0.8489382175
0.00271,0.0008949835115,0.849833201
0.00272,0.0008914761534,0.8507246771
0.00273,0.000887969511,0.8516126466
0.00274,0.0008844636822,0.8524971103
0.00275,0.0008809587645,0.8533780691
0.00276,0.000877454855,0.8542555239
0.00277,0.0008739520502,0.855129476
0.00278,0.0008704504465,0.8559999264
0.00279,0.0008669501394,0.8568668766
0.0028,0.0008634512246,0.8577303278
0.00281,0.0008599537968,0.8585902816
0.00282,0.0008564579507,0.8594467395
0.00283,0.0008529637802,0.8602997033
0.00284,0.0008494713791,0.8611491747
0.00285,0.0008459808405,0.8619951555
0.00286,0.0008424922572,0.8628376478
0.00287,0.0008390057214,0.8636766535
0.00288,0.0008355213251,0.8645121748
0.00289,0.0008320391596,0.865344214
0.0029,0.0008285593159,0.8661727733
0.00291,0.0008250818843,0.8669978552
0.00292,0.000821606955,0.8678194622
0.00293,0.0008181346174,0.8686375968
0.00294,0.0008146649607,0.8694522617
0.00295,0.0008111980733,0.8702634598
0.00296,0.0008077340434,0.8710711939
0.00297,0.0008042729587,0.8718754668
0.00298,0.0008008149062,0.8726762817
0.00299,0.0007973599726,0.8734736417
0.003,0.0007939082441,0.8742675499
0.00301,0.0007904598063,0.8750580097
0.00302,0.0007870147444,0.8758450245
0.00303,0.000783573143,0.8766285976
0.00304,0.0007801350864,0.8774087327
0.00305,0.0007767006581,0.8781854334
0.00306,0.0007732699414,0.8789587033
0.00307,0.0007698430189,0.8797285463
0.00308,0.0007664199726,0.8804949663
0.00309,0.0007630008843,0.8812579672
0.0031,0.000759585835,0.882017553
0.00311,0.0007561749052,0.8827737279
0.00312,0.0007527681751,0.8835264961
0.00313,0.0007493657242,0.8842758618
0.00314,0.0007459676314,0.8850218295
0.00315,0.0007425739752,0.8857644034
0.00316,0.0007391848335,0.8865035883
0.00317,0.0007358002839,0.8872393886
0.00318,0.0007324204031,0.887971809
0.00319,0.0007290452674,0.8887008542
0.0032,0.0007256749527,0.8894265292
0.00321,0.0007223095342,0.8901488387
0.00322,0.0007189490865,0.8908677878
0.00323,0.000715593684,0.8915833815
0.00324,0.0007122434001,0.8922956249
0.00325,0.0007088983079,0.8930045232
0.00326,0.00070555848,0.8937100817
0.00327,0.0007022239882,0.8944123057
0.00328,0.0006988949041,0.8951112006
0.00329,0.0006955712984,0.8958067719
0.0033,0.0006922532414,0.8964990251
0.00331,0.0006889408029,0.8971879659
0.00332,0.000685634052,0.8978736
0.00333,0.0006823330574,0.898555933
0.00334,0.0006790378871,0.8992349709
0.00335,0.0006757486085,0.8999107195
0.00336,0.0006724652886,0.9005831848
0.00337,0.0006691879937,0.9012523728
0.00338,0.0006659167896,0.9019182896
0.00339,0.0006626517416,0.9025809413
0.0034,0.0006593929142,0.9032403342
0.00341,0.0006561403715,0.9038964746
0.00342,0.000652894177,0.9045493688
0.00343,0.0006496543937,0.9051990232
0.00344,0.0006464210839,0.9058454443
0.00345,0.0006431943094,0.9064886386
0.00346,0.0006399741313,0.9071286127
0.00347,0.0006367606103,0.9077653733
0.00348,0.0006335538064,0.9083989271
0.00349,0.0006303537791,0.9090292809
0.0035,0.0006271605873,0.9096564415
0.00351,0.0006239742893,0.9102804158
0.00352,0.0006207949429,0.9109012107
0.00353,0.0006176226051,0.9115188333
0.00354,0.0006144573325,0.9121332907
0.00355,0.0006112991811,0.9127445898
0.00356,0.0006081482064,0.913352738
0.00357,0.0006050044631,0.9139577425
0.00358,0.0006018680056,0.9145596105
0.00359,0.0005987388873,0.9151583494
0.0036,0.0005956171615,0.9157539666
0.00361,0.0005925028806,0.9163464694
0.00362,0.0005893960966,0.9169358655
0.00363,0.0005862968607,0.9175221624
0.00364,0.0005832052237,0.9181053676
0.00365,0.0005801212357,0.9186854889
0.00366,0.0005770449464,0.9192625338
0.00367,0.0005739764048,0.9198365102
0.00368,0.0005709156591,0.9204074259
0.00369,0.0005678627574,0.9209752886
0.0037,0.0005648177468,0.9215401064
0.00371,0.000561780674,0.922101887
0.00372,0.0005587515851,0.9226606386
0.00373,0.0005557305255,0.9232163692
0.00374,0.0005527175403,0.9237690867
0.00375,0.0005497126737,0.9243187994
0.00376,0.0005467159695,0.9248655153
0.00377,0.0005437274709,0.9254092428
0.00378,0.0005407472205,0.92594999
0.00379,0.0005377752603,0.9264877653
0.0038,0.0005348116318,0.9270225769
0.00381,0.0005318563757,0.9275544333
0.00382,0.0005289095326,0.9280833428
0.00383,0.0005259711419,0.928609314
0.00384,0.0005230412429,0.9291323552
0.00385,0.0005201198742,0.9296524751
0.00386,0.0005172070737,0.9301696822
0.00387,0.0005143028788,0.930683985
0.00388,0.0005114073265,0.9311953924
0.00389,0.0005085204529,0.9317039128
0.0039,0.0005056422938,0.9322095551
0.00391,0.0005027728844,0.932712328
0.00392,0.0004999122591,0.9332122403
0.00393,0.000497060452,0.9337093007
0.00394,0.0004942174965,0.9342035182
0.00395,0.0004913834256,0.9346949016
0.00396,0.0004885582715,0.9351834599
0.00397,0.0004857420659,0.935669202
0.00398,0.00048293484,0.9361521368
0.00399,0.0004801366246,0.9366322734
0.004,0.0004773474496,0.9371096209
0.00401,0.0004745673445,0.9375841882
0.00402,0.0004717963383,0.9380559846
0.00403,0.0004690344594,0.938525019
0.00404,0.0004662817357,0.9389913008
0.00405,0.0004635381945,0.939454839
0.00406,0.0004608038624,0.9399156428
0.00407,0.0004580787658,0.9403737216
0.00408,0.0004553629301,0.9408290845
0.00409,0.0004526563807,0.9412817409
0.0041,0.0004499591419,0.9417317
0.00411,0.0004472712379,0.9421789713
0.00412,0.0004445926921,0.942623564
0.00413,0.0004419235275,0.9430654875
0.00414,0.0004392637665,0.9435047513
0.00415,0.0004366134308,0.9439413647
0.00416,0.000433972542,0.9443753372
0.00417,0.0004313411207,0.9448066784
0.00418,0.0004287191873,0.9452353975
0.00419,0.0004261067615,0.9456615043
0.0042,0.0004235038626,0.9460850082
0.00421,0.0004209105091,0.9465059187
0.00422,0.0004183267194,0.9469242454
0.00423,0.000415752511,0.9473399979
0.00424,0.0004131879012,0.9477531858
0.00425,0.0004106329064,0.9481638187
0.00426,0.0004080875429,0.9485719063
0.00427,0.0004055518263,0.9489774581
0.00428,0.0004030257715,0.9493804839
0.00429,0.0004005093933,0.9497809933
0.0043,0.0003980027057,0.950178996
0.00431,0.0003955057222,0.9505745017
0.00432,0.0003930184559,0.9509675201
0.00433,0.0003905409194,0.9513580611
0.00434,0.0003880731248,0.9517461342
0.00435,0.0003856150837,0.9521317493
0.00436,0.0003831668071,0.9525149161
0.00437,0.0003807283057,0.9528956444
0.00438,0.0003782995895,0.953273944
0.00439,0.0003758806682,0.9536498246
0.0044,0.000373471551,0.9540232962
0.00441,0.0003710722464,0.9543943684
0.00442,0.0003686827628,0.9547630512
0.00443,0.0003663031078,0.9551293543
0.00444,0.0003639332886,0.9554932876
0.00445,0.000361573312,0.9558548609
0.00446,0.0003592231844,0.9562140841
0.00447,0.0003568829115,0.956570967
0.00448,0.0003545524987,0.9569255195
0.00449,0.000352231951,0.9572777514
0.0045,0.0003499212728,0.9576276727
0.00451,0.0003476204681,0.9579752932
0.00452,0.0003453295404,0.9583206227
0.00453,0.0003430484929,0.9586636712
0.00454,0.0003407773282,0.9590044485
0.00455,0.0003385160485,0.9593429646
0.00456,0.0003362646555,0.9596792293
0.00457,0.0003340231507,0.9600132524
0.00458,0.0003317915349,0.9603450439
0.00459,0.0003295698084,0.9606746137
0.0046,0.0003273579715,0.9610019717
0.00461,0.0003251560236,0.9613271277
0.00462,0.0003229639639,0.9616500917
0.00463,0.0003207817912,0.9619708735
0.00464,0.0003186095039,0.962289483
0.00465,0.0003164470997,0.9626059301
0.00466,0.0003142945762,0.9629202247
0.00467,0.0003121519305,0.9632323766
0.00468,0.0003100191593,0.9635423958
0.00469,0.0003078962588,0.963850292
0.0047,0.0003057832248,0.9641560753
0.00471,0.000303680053,0.9644597553
0.00472,0.0003015867382,0.964761342
0.00473,0.0002995032752,0.9650608453
0.00474,0.0002974296584,0.965358275
0.00475,0.0002953658814,0.9656536409
0.00476,0.0002933119379,0.9659469528
0.00477,0.000291267821,0.9662382206
0.00478,0.0002892335235,0.9665274541
0.00479,0.0002872090376,0.9668146632
0.0048,0.0002851943554,0.9670998575
0.00481,0.0002831894685,0.967383047
0.00482,0.0002811943681,0.9676642414
0.00483,0.0002792090452,0.9679434504
0.00484,0.0002772334902,0.9682206839
0.00485,0.0002752676933,0.9684959516
0.00486,0.0002733116443,0.9687692632
0.00487,0.0002713653327,0.9690406286
0.00488,0.0002694287476,0.9693100573
0.00489,0.0002675018776,0.9695775592
0.0049,0.0002655847113,0.9698431439
0.00491,0.0002636772367,0.9701068211
0.00492,0.0002617794415,0.9703686006
0.00493,0.0002598913132,0.9706284919
0.00494,0.0002580128387,0.9708865047
0.00495,0.0002561440048,0.9711426487
0.00496,0.0002542847979,0.9713969335
0.00497,0.0002524352041,0.9716493687
0.00498,0.0002505952091,0.971899964
0.00499,0.0002487647985,0.9721487288
0.005,0.0002469439572,0.9723956727
0.00501,0.0002451326702,0.9726408054
0.00502,0.0002433309219,0.9728841363
0.00503,0.0002415386966,0.973125675
0.00504,0.0002397559781,0.973365431
0.00505,0.00023798275,0.9736034137
0.00506,0.0002362189957,0.9738396327
0.00507,0.0002344646981,0.9740740974
0.00508,0.00023271984,0.9743068173
0.00509,0.0002309844039,0.9745378017
0.0051,0.0002292583717,0.97476706
0.00511,0.0002275417256,0.9749946018
0.00512,0.0002258344469,0.9752204362
0.00513,0.0002241365171,0.9754445727
0.00514,0.0002224479171,0.9756670206
0.00515,0.0002207686278,0.9758877893
0.00516,0.0002190986297,0.9761068879
0.00517,0.000217437903,0.9763243258
0.00518,0.0002157864276,0.9765401122
0.00519,0.0002141441834,0.9767542564
0.0052,0.0002125111498,0.9769667676
0.00521,0.000210887306,0.9771776549
0.00522,0.000209272631,0.9773869275
0.00523,0.0002076671036,0.9775945946
0.00524,0.0002060707021,0.9778006653
0.00525,0.000204483405,0.9780051487
0.00526,0.0002029051901,0.9782080539
0.00527,0.0002013360353,0.9784093899
0.00528,0.0001997759181,0.9786091659
0.00529,0.0001982248159,0.9788073907
0.0053,0.0001966827057,0.9790040734
0.00531,0.0001951495645,0.9791992229
0.00532,0.0001936253688,0.9793928483
0.00533,0.0001921100953,0.9795849584
0.00534,0.00019060372,0.9797755621
0.00535,0.000189106219,0.9799646683
0.00536,0.0001876175681,0.9801522859
0.00537,0.000186137743,0.9803384237
0.00538,0.0001846667191,0.9805230904
0.00539,0.0001832044715,0.9807062948
0.0054,0.0001817509754,0.9808880458
0.00541,0.0001803062055,0.981068352
0.00542,0.0001788701365,0.9812472222
0.00543,0.0001774427429,0.9814246649
0.00544,0.0001760239989,0.9816006889
0.00545,0.0001746138787,0.9817753028
0.00546,0.0001732123561,0.9819485151
0.00547,0.0001718194049,0.9821203345
0.00548,0.0001704349987,0.9822907695
0.00549,0.0001690591109,0.9824598287
0.0055,0.0001676917147,0.9826275204
0.00551,0.0001663327832,0.9827938532
0.00552,0.0001649822893,0.9829588354
0.00553,0.0001636402058,0.9831224757
0.00554,0.0001623065053,0.9832847822
0.00555,0.0001609811602,0.9834457633
0.00556,0.0001596641429,0.9836054275
0.00557,0.0001583554255,0.9837637829
0.00558,0.00015705498,0.9839208379
0.00559,0.0001557627783,0.9840766006
0.0056,0.0001544787921,0.9842310794
0.00561,0.0001532029931,0.9843842824
0.00562,0.0001519353526,0.9845362178
0.00563,0.0001506758421,0.9846868936
0.00564,0.0001494244328,0.9848363181
0.00565,0.0001481810957,0.9849844992
0.00566,0.0001469458018,0.985131445
0.00567,0.0001457185219,0.9852771635
0.00568,0.0001444992268,0.9854216627
0.00569,0.0001432878872,0.9855649506
0.0057,0.0001420844734,0.9857070351
0.00571,0.0001408889559,0.985847924
0.00572,0.000139701305,0.9859876253
0.00573,0.0001385214909,0.9861261468
0.00574,0.0001373494837,0.9862634963
0.00575,0.0001361852532,0.9863996816
0.00576,0.0001350287695,0.9865347103
0.00577,0.0001338800024,0.9866685903
0.00578,0.0001327389215,0.9868013292
0.00579,0.0001316054964,0.9869329347
0.0058,0.0001304796967,0.9870634144
0.00581,0.0001293614918,0.9871927759
0.00582,0.0001282508512,0.9873210268
0.00583,0.000127147744,0.9874481745
0.00584,0.0001260521395,0.9875742267
0.00585,0.0001249640069,0.9876991907
0.00586,0.0001238833151,0.987823074
0.00587,0.0001228100333,0.987945884
0.00588,0.0001217441303,0.9880676281
0.00589,0.000120685575,0.9881883137
0.0059,0.0001196343362,0.9883079481
0.00591,0.0001185903826,0.9884265384
0.00592,0.000117553683,0.9885440921
0.00593,0.0001165242059,0.9886606163
0.00594,0.00011550192,0.9887761183
0.00595,0.0001144867938,0.988890605
0.00596,0.0001134787958,0.9890040838
0.00597,0.0001124778943,0.9891165617
0.00598,0.0001114840579,0.9892280458
0.00599,0.0001104972547,0.989338543
0.006,0.0001095174533,0.9894480605
0.00601,0.0001085446217,0.9895566051
0.00602,0.0001075787284,0.9896641839
0.00603,0.0001066197414,0.9897708036
0.00604,0.0001056676289,0.9898764712
0.00605,0.0001047223592,0.9899811936
0.00606,0.0001037839002,0.9900849775
0.00607,0.0001028522202,0.9901878297
0.00608,0.0001019272872,0.990289757
0.00609,0.0001010090691,0.9903907661
0.0061,0.0001000975342,0.9904908636
0.00611,9.919265038e-05,0.9905900562
0.00612,9.829438564e-05,0.9906883506
0.00613,9.740270798e-05,0.9907857533
0.00614,9.65175854e-05,0.9908822709
0.00615,9.563898587e-05,0.9909779099
0.00616,9.476687734e-05,0.9910726768
0.00617,9.390122779e-05,0.991166578
0.00618,9.304200518e-05,0.99125962
0.00619,9.218917746e-05,0.9913518092
0.0062,9.13427126e-05,0.9914431519
0.00621,9.050257855e-05,0.9915336545
0.00622,8.96687433e-05,0.9916233232
0.00623,8.88411748e-05,0.9917121644
0.00624,8.801984106e-05,0.9918001842
0.00625,8.720471006e-05,0.991887389
0.00626,8.63957498e-05,0.9919737847
0.00627,8.559292832e-05,0.9920593776
0.00628,8.479621364e-05,0.9921441738
0.00629,8.400557381e-05,0.9922281794
0.0063,8.322097692e-05,0.9923114004
0.00631,8.244239105e-05,0.9923938428
0.00632,8.166978432e-05,0.9924755126
0.00633,8.090312487e-05,0.9925564157
0.00634,8.014238087e-05,0.9926365581
0.00635,7.93875205e-05,0.9927159456
0.00636,7.863851199e-05,0.9927945841
0.00637,7.789532359e-05,0.9928724794
0.00638,7.715792359e-05,0.9929496374
0.00639,7.64262803e-05,0.9930260636
0.0064,7.570036208e-05,0.993101764
0.00641,7.498013732e-05,0.9931767441
0.00642,7.426557445e-05,0.9932510097
0.00643,7.355664194e-05,0.9933245664
0.00644,7.285330829e-05,0.9933974197
0.00645,7.215554206e-05,0.9934695752
0.00646,7.146331185e-05,0.9935410385
0.00647,7.07765863e-05,0.9936118151
0.00648,7.009533409e-05,0.9936819104
0.00649,6.941952398e-05,0.99375133
0.0065,6.874912474e-05,0.9938200791
0.00651,6.808410522e-05,0.9938881632
0.00652,6.74244343e-05,0.9939555876
0.00653,6.677008094e-05,0.9940223577
0.00654,6.612101414e-05,0.9940884787
0.00655,6.547720294e-05,0.9941539559
0.00656,6.483861648e-05,0.9942187945
0.00657,6.420522393e-05,0.9942829998
0.00658,6.357699451e-05,0.9943465768
0.00659,6.295389753e-05,0.9944095307
0.0066,6.233590235e-05,0.9944718666
0.00661,6.172297839e-05,0.9945335895
0.00662,6.111509514e-05,0.9945947046
0.00663,6.051222216e-05,0.9946552169
0.00664,5.991432907e-05,0.9947151312
0.00665,5.932138556e-05,0.9947744526
0.00666,5.87333614e-05,0.9948331859
0.00667,5.815022641e-05,0.9948913362
0.00668,5.757195051e-05,0.9949489081
0.00669,5.699850367e-05,0.9950059066
0.0067,5.642985595e-05,0.9950623365
0.00671,5.586597747e-05,0.9951182024
0.00672,5.530683844e-05,0.9951735093
0.00673,5.475240914e-05,0.9952282617
0.00674,5.420265993e-05,0.9952824644
0.00675,5.365756125e-05,0.9953361219
0.00676,5.311708362e-05,0.995389239
0.00677,5.258119764e-05,0.9954418202
0.00678,5.2049874e-05,0.9954938701
0.00679,5.152308346e-05,0.9955453932
0.0068,5.100079688e-05,0.9955963939
0.00681,5.048298518e-05,0.9956468769
0.00682,4.99696194e-05,0.9956968466
0.00683,4.946067064e-05,0.9957463072
0.00684,4.89561101e-05,0.9957952633
0.00685,4.845590906e-05,0.9958437192
0.00686,4.79600389e-05,0.9958916793
0.00687,4.746847108e-05,0.9959391478
0.00688,4.698117716e-05,0.9959861289
0.00689,4.649812879e-05,0.9960326271
0.0069,4.60192977e-05,0.9960786464
0.00691,4.554465573e-05,0.996124191
0.00692,4.507417481e-05,0.9961692652
0.00693,4.460782695e-05,0.996213873
0.00694,4.414558428e-05,0.9962580186
0.00695,4.368741901e-05,0.996301706
0.00696,4.323330345e-05,0.9963449393
0.00697,4.278321e-05,0.9963877225
0.00698,4.233711118e-05,0.9964300596
0.00699,4.189497959e-05,0.9964719546
0.007,4.145678793e-05,0.9965134114
0.00701,4.1022509e-05,0.9965544339
0.00702,4.059211572e-05,0.996595026
0.00703,4.016558109e-05,0.9966351916
0.00704,3.974287822e-05,0.9966749345
0.00705,3.932398031e-05,0.9967142585
0.00706,3.890886069e-05,0.9967531673
0.00707,3.849749277e-05,0.9967916648
0.00708,3.808985006e-05,0.9968297547
0.00709,3.768590621e-05,0.9968674406
0.0071,3.728563493e-05,0.9969047262
0.00711,3.688901007e-05,0.9969416152
0.00712,3.649600556e-05,0.9969781112
0.00713,3.610659546e-05,0.9970142178
0.00714,3.572075392e-05,0.9970499386
0.00715,3.533845521e-05,0.997085277
0.00716,3.49596737e-05,0.9971202367
0.00717,3.458438386e-05,0.9971548211
0.00718,3.421256029e-05,0.9971890337
0.00719,3.384417769e-05,0.9972228778
0.0072,3.347921085e-05,0.997256357
0.00721,3.311763469e-05,0.9972894747
0.00722,3.275942425e-05,0.9973222341
0.00723,3.240455466e-05,0.9973546387
0.00724,3.205300116e-05,0.9973866917
0.00725,3.170473912e-05,0.9974183964
0.00726,3.135974401e-05,0.9974497561
0.00727,3.10179914e-05,0.9974807741
0.00728,3.0679457e-05,0.9975114536
0.00729,3.034411661e-05,0.9975417977
0.0073,3.001194614e-05,0.9975718097
0.00731,2.968292163e-05,0.9976014926
0.00732,2.935701923e-05,0.9976308496
0.00733,2.903421519e-05,0.9976598838
0.00734,2.871448588e-05,0.9976885983
0.00735,2.83978078e-05,0.9977169961
0.00736,2.808415753e-05,0.9977450803
0.00737,2.777351179e-05,0.9977728538
0.00738,2.746584742e-05,0.9978003196
0.00739,2.716114134e-05,0.9978274808
0.0074,2.685937062e-05,0.9978543401
0.00741,2.656051243e-05,0.9978809006
0.00742,2.626454406e-05,0.9979071652
0.00743,2.59714429e-05,0.9979331366
0.00744,2.568118648e-05,0.9979588178
0.00745,2.539375242e-05,0.9979842116
0.00746,2.510911847e-05,0.9980093207
0.00747,2.48272625e-05,0.998034148
0.00748,2.454816248e-05,0.9980586961
0.00749,2.427179651e-05,0.9980829679
0.0075,2.399814279e-05,0.9981069661
0.00751,2.372717964e-05,0.9981306932
0.00752,2.345888552e-05,0.9981541521
0.00753,2.319323898e-05,0.9981773454
0.00754,2.293021868e-05,0.9982002756
0.00755,2.266980342e-05,0.9982229454
0.00756,2.24119721e-05,0.9982453574
0.00757,2.215670374e-05,0.9982675141
0.00758,2.190397748e-05,0.998289418
0.00759,2.165377256e-05,0.9983110718
0.0076,2.140606835e-05,0.9983324779
0.00761,2.116084434e-05,0.9983536387
0.00762,2.091808012e-05,0.9983745568
0.00763,2.067775541e-05,0.9983952346
0.00764,2.043985004e-05,0.9984156744
0.00765,2.020434395e-05,0.9984358787
0.00766,1.99712172e-05,0.99845585
0.00767,1.974044997e-05,0.9984755904
0.00768,1.951202255e-05,0.9984951024
0.00769,1.928591534e-05,0.9985143884
0.0077,1.906210887e-05,0.9985334505
0.00771,1.884058378e-05,0.998552291
0.00772,1.862132081e-05,0.9985709124
0.00773,1.840430082e-05,0.9985893167
0.00774,1.818950481e-05,0.9986075062
0.00775,1.797691386e-05,0.9986254831
0.00776,1.776650919e-05,0.9986432496
0.00777,1.755827211e-05,0.9986608079
0.00778,1.735218406e-05,0.9986781601
0.00779,1.71482266e-05,0.9986953083
0.0078,1.694638139e-05,0.9987122547
0.00781,1.67466302e-05,0.9987290013
0.00782,1.654895493e-05,0.9987455502
0.00783,1.635333758e-05,0.9987619036
0.00784,1.615976027e-05,0.9987780633
0.00785,1.596820523e-05,0.9987940315
0.00786,1.577865479e-05,0.9988098102
0.00787,1.559109142e-05,0.9988254013
0.00788,1.540549768e-05,0.9988408068
0.00789,1.522185625e-05,0.9988560286
0.0079,1.504014992e-05,0.9988710688
0.00791,1.486036158e-05,0.9988859292
0.00792,1.468247426e-05,0.9989006116
0.00793,1.450647106e-05,0.9989151181
0.00794,1.433233523e-05,0.9989294504
0.00795,1.416005012e-05,0.9989436105
0.00796,1.398959916e-05,0.9989576001
0.00797,1.382096593e-05,0.9989714211
0.00798,1.365413409e-05,0.9989850752
0.00799,1.348908743e-05,0.9989985643
0.008,1.332580985e-05,0.9990118901
0.00801,1.316428533e-05,0.9990250544
0.00802,1.300449799e-05,0.9990380589
0.00803,1.284643204e-05,0.9990509053
0.00804,1.26900718e-05,0.9990635954
0.00805,1.25354017e-05,0.9990761308
0.00806,1.238240629e-05,0.9990885132
0.00807,1.223107021e-05,0.9991007443
0.00808,1.208137819e-05,0.9991128256
0.00809,1.193331511e-05,0.9991247589
0.0081,1.178686593e-05,0.9991365458
0.00811,1.164201571e-05,0.9991481878
0.00812,1.149874962e-05,0.9991596866
0.00813,1.135705294e-05,0.9991710436
0.00814,1.121691105e-05,0.9991822605
0.00815,1.107830945e-05,0.9991933388
0.00816,1.094123371e-05,0.9992042801
0.00817,1.080566953e-05,0.9992150858
0.00818,1.067160271e-05,0.9992257574
0.00819,1.053901915e-05,0.9992362964
0.0082,1.040790483e-05,0.9992467043
0.00821,1.027824588e-05,0.9992569825
0.00822,1.015002848e-05,0.9992671326
0.00823,1.002323895e-05,0.9992771558
0.00824,9.89786369e-06,0.9992870537
0.00825,9.773889203e-06,0.9992968275
0.00826,9.651302097e-06,0.9993064788
0.00827,9.530089077e-06,0.9993160089
0.00828,9.410236945e-06,0.9993254192
0.00829,9.291732606e-06,0.9993347109
0.0083,9.17456306e-06,0.9993438855
0.00831,9.058715406e-06,0.9993529442
0.00832,8.944176841e-06,0.9993618884
0.00833,8.830934658e-06,0.9993707193
0.00834,8.718976247e-06,0.9993794383
0.00835,8.608289095e-06,0.9993880466
0.00836,8.498860785e-06,0.9993965454
0.00837,8.390678993e-06,0.9994049361
0.00838,8.283731494e-06,0.9994132198
0.00839,8.178006154e-06,0.9994213978
0.0084,8.073490935e-06,0.9994294713
0.00841,7.970173893e-06,0.9994374415
0.00842,7.868043177e-06,0.9994453095
0.00843,7.767087027e-06,0.9994530766
0.00844,7.667293779e-06,0.9994607439
0.00845,7.568651858e-06,0.9994683126
0.00846,7.471149783e-06,0.9994757837
0.00847,7.374776162e-06,0.9994831585
0.00848,7.279519695e-06,0.999490438
0.00849,7.185369172e-06,0.9994976234
0.0085,7.092313473e-06,0.9995047157
0.00851,7.000341568e-06,0.999511716
0.00852,6.909442514e-06,0.9995186255
0.00853,6.819605458e-06,0.9995254451
0.00854,6.730819636e-06,0.9995321759
0.00855,6.64307437e-06,0.999538819
0.00856,6.55635907e-06,0.9995453754
0.00857,6.470663233e-06,0.999551846
0.00858,6.38597644e-06,0.999558232
0.00859,6.302288361e-06,0.9995645343
0.0086,6.219588751e-06,0.9995707539
0.00861,6.137867447e-06,0.9995768917
0.00862,6.057114374e-06,0.9995829488
0.00863,5.977319539e-06,0.9995889262
0.00864,5.898473033e-06,0.9995948246
0.00865,5.820565031e-06,0.9996006452
0.00866,5.743585789e-06,0.9996063888
0.00867,5.667525648e-06,0.9996120563
0.00868,5.592375027e-06,0.9996176487
0.00869,5.518124429e-06,0.9996231668
0.0087,5.444764438e-06,0.9996286116
0.00871,5.372285716e-06,0.9996339839
0.00872,5.300679008e-06,0.9996392845
0.00873,5.229935136e-06,0.9996445145
0.00874,5.160045002e-06,0.9996496745
0.00875,5.090999587e-06,0.9996547655
0.00876,5.02278995e-06,0.9996597883
0.00877,4.955407226e-06,0.9996647437
0.00878,4.88884263e-06,0.9996696326
0.00879,4.823087452e-06,0.9996744557
0.0088,4.758133058e-06,0.9996792138
0.00881,4.69397089e-06,0.9996839078
0.00882,4.630592467e-06,0.9996885384
0.00883,4.56798938e-06,0.9996931063
0.00884,4.506153298e-06,0.9996976125
0.00885,4.44507596e-06,0.9997020576
0.00886,4.384749182e-06,0.9997064423
0.00887,4.325164851e-06,0.9997107675
0.00888,4.266314927e-06,0.9997150338
0.00889,4.208191443e-06,0.999719242
0.0089,4.150786503e-06,0.9997233928
0.00891,4.094092282e-06,0.9997274869
0.00892,4.038101027e-06,0.999731525
0.00893,3.982805053e-06,0.9997355078
0.00894,3.928196748e-06,0.999739436
0.00895,3.874268566e-06,0.9997433102
0.00896,3.821013034e-06,0.9997471313
0.00897,3.768422744e-06,0.9997508997
0.00898,3.716490357e-06,0.9997546162
0.00899,3.665208602e-06,0.9997582814
0.009,3.614570276e-06,0.9997618959
0.00901,3.564568242e-06,0.9997654605
0.00902,3.515195428e-06,0.9997689757
0.00903,3.466444831e-06,0.9997724422
0.00904,3.418309509e-06,0.9997758605
0.00905,3.370782588e-06,0.9997792312
0.00906,3.323857259e-06,0.9997825551
0.00907,3.277526775e-06,0.9997858326
0.00908,3.231784454e-06,0.9997890644
0.00909,3.186623676e-06,0.999792251
0.0091,3.142037884e-06,0.9997953931
0.00911,3.098020585e-06,0.9997984911
0.00912,3.054565345e-06,0.9998015457
0.00913,3.011665794e-06,0.9998045573
0.00914,2.969315622e-06,0.9998075266
0.00915,2.927508578e-06,0.9998104542
0.00916,2.886238474e-06,0.9998133404
0.00917,2.84549918e-06,0.9998161859
0.00918,2.805284625e-06,0.9998189912
0.00919,2.765588797e-06,0.9998217568
0.0092,2.726405743e-06,0.9998244832
0.00921,2.687729568e-06,0.9998271709
0.00922,2.649554433e-06,0.9998298205
0.00923,2.611874559e-06,0.9998324323
0.00924,2.57468422e-06,0.999835007
0.00925,2.537977749e-06,0.999837545
0.00926,2.501749535e-06,0.9998400467
0.00927,2.465994019e-06,0.9998425127
0.00928,2.430705702e-06,0.9998449434
0.00929,2.395879135e-06,0.9998473393
0.0093,2.361508927e-06,0.9998497008
0.00931,2.327589737e-06,0.9998520284
0.00932,2.294116281e-06,0.9998543225
0.00933,2.261083325e-06,0.9998565836
0.00934,2.22848569e-06,0.9998588121
0.00935,2.196318246e-06,0.9998610084
0.00936,2.164575918e-06,0.999863173
0.00937,2.133253681e-06,0.9998653062
0.00938,2.10234656e-06,0.9998674086
0.00939,2.071849632e-06,0.9998694804
0.0094,2.041758023e-06,0.9998715222
0.00941,2.012066909e-06,0.9998735343
0.00942,1.982771516e-06,0.999875517
0.00943,1.953867118e-06,0.9998774709
0.00944,1.925349038e-06,0.9998793963
0.00945,1.897212647e-06,0.9998812935
0.00946,1.869453364e-06,0.9998831629
0.00947,1.842066654e-06,0.999885005
0.00948,1.815048032e-06,0.99988682
0.00949,1.788393056e-06,0.9998886084
0.0095,1.762097333e-06,0.9998903705
0.00951,1.736156515e-06,0.9998921067
0.00952,1.710566299e-06,0.9998938173
0.00953,1.685322426e-06,0.9998955026
0.00954,1.660420685e-06,0.999897163
0.00955,1.635856906e-06,0.9998987989
0.00956,1.611626965e-06,0.9999004105
0.00957,1.58772678e-06,0.9999019982
0.00958,1.564152314e-06,0.9999035624
0.00959,1.540899572e-06,0.9999051033
0.0096,1.517964601e-06,0.9999066212
0.00961,1.49534349e-06,0.9999081166
0.00962,1.473032372e-06,0.9999095896
0.00963,1.451027419e-06,0.9999110406
0.00964,1.429324845e-06,0.99991247
0.00965,1.407920904e-06,0.9999138779
0.00966,1.386811891e-06,0.9999152647
0.00967,1.365994142e-06,0.9999166307
0.00968,1.34546403e-06,0.9999179761
0.00969,1.325217971e-06,0.9999193014
0.0097,1.305252415e-06,0.9999206066
0.00971,1.285563856e-06,0.9999218922
0.00972,1.266148822e-06,0.9999231583
0.00973,1.247003882e-06,0.9999244053
0.00974,1.22812564e-06,0.9999256335
0.00975,1.20951074e-06,0.999926843
0.00976,1.19115586e-06,0.9999280341
0.00977,1.173057717e-06,0.9999292072
0.00978,1.155213064e-06,0.9999303624
0.00979,1.137618687e-06,0.9999315
0.0098,1.120271413e-06,0.9999326203
0.00981,1.103168099e-06,0.9999337234
0.00982,1.08630564e-06,0.9999348098
0.00983,1.069680965e-06,0.9999358794
0.00984,1.053291037e-06,0.9999369327
0.00985,1.037132854e-06,0.9999379699
0.00986,1.021203446e-06,0.9999389911
0.00987,1.005499877e-06,0.9999399966
0.00988,9.900192459e-07,0.9999409866
0.00989,9.74758682e-07,0.9999419613
0.0099,9.597153482e-07,0.9999429211
0.00991,9.448864396e-07,0.9999438659
0.00992,9.302691827e-07,0.9999447962
0.00993,9.15860836e-07,0.9999457121
0.00994,9.016586892e-07,0.9999466137
0.00995,8.876600628e-07,0.9999475014
0.00996,8.738623082e-07,0.9999483753
0.00997,8.602628071e-07,0.9999492355
0.00998,8.468589711e-07,0.9999500824
0.00999,8.336482421e-07,0.999950916
0.01,8.206280911e-07,0.9999517367
0.01001,8.077960185e-07,0.9999525444
0.01002,7.951495536e-07,0.9999533396
0.01003,7.826862547e-07,0.9999541223
0.01004,7.70403708e-07,0.9999548927
0.01005,7.582995282e-07,0.999955651
0.01006,7.463713577e-07,0.9999563974
0.01007,7.346168666e-07,0.999957132
0.01008,7.230337521e-07,0.999957855
0.01009,7.116197387e-07,0.9999585666
0.0101,7.003725776e-07,0.999959267
0.01011,6.892900464e-07,0.9999599563
0.01012,6.783699489e-07,0.9999606347
0.01013,6.676101153e-07,0.9999613023
0.01014,6.57008401e-07,0.9999619593
0.01015,6.465626873e-07,0.9999626058
0.01016,6.362708804e-07,0.9999632421
0.01017,6.261309116e-07,0.9999638682
0.01018,6.16140737e-07,0.9999644844
0.01019,6.062983371e-07,0.9999650907
0.0102,5.966017164e-07,0.9999656873
0.01021,5.870489038e-07,0.9999662743
0.01022,5.776379516e-07,0.999966852
0.01023,5.683669356e-07,0.9999674203
0.01024,5.59233955e-07,0.9999679796
0.01025,5.502371319e-07,0.9999685298
0.01026,5.413746112e-07,0.9999690712
0.01027,5.326445603e-07,0.9999696038
0.01028,5.24045169e-07,0.9999701279
0.01029,5.15574649e-07,0.9999706434
0.0103,5.07231234e-07,0.9999711507
0.01031,4.990131793e-07,0.9999716497
0.01032,4.909187614e-07,0.9999721406
0.01033,4.829462782e-07,0.9999726236
0.01034,4.750940485e-07,0.9999730987
0.01035,4.673604116e-07,0.999973566
0.01036,4.597437277e-07,0.9999740258
0.01037,4.522423769e-07,0.999974478
0.01038,4.448547595e-07,0.9999749229
0.01039,4.375792958e-07,0.9999753604
0.0104,4.304144256e-07,0.9999757908
0.01041,4.233586082e-07,0.9999762142
0.01042,4.164103221e-07,0.9999766306
0.01043,4.095680648e-07,0.9999770402
0.01044,4.028303526e-07,0.999977443
0.01045,3.961957206e-07,0.9999778392
0.01046,3.896627221e-07,0.9999782289
0.01047,3.832299286e-07,0.9999786121
0.01048,3.768959299e-07,0.999978989
0.01049,3.706593334e-07,0.9999793597
0.0105,3.645187641e-07,0.9999797242
0.01051,3.584728645e-07,0.9999800826
0.01052,3.525202944e-07,0.9999804352
0.01053,3.466597305e-07,0.9999807818
0.01054,3.408898666e-07,0.9999811227
0.01055,3.35209413e-07,0.9999814579
0.01056,3.296170965e-07,0.9999817875
0.01057,3.241116603e-07,0.9999821117
0.01058,3.186918637e-07,0.9999824303
0.01059,3.133564819e-07,0.9999827437
0.0106,3.08104306e-07,0.9999830518
0.01061,3.029341426e-07,0.9999833547
0.01062,2.978448138e-07,0.9999836526
0.01063,2.928351568e-07,0.9999839454
0.01064,2.87904024e-07,0.9999842333
0.01065,2.830502827e-07,0.9999845164
0.01066,2.782728149e-07,0.9999847947
0.01067,2.735705173e-07,0.9999850682
0.01068,2.689423008e-07,0.9999853372
0.01069,2.643870907e-07,0.9999856016
0.0107,2.599038264e-07,0.9999858615
0.01071,2.55491461e-07,0.9999861169
0.01072,2.511489617e-07,0.9999863681
0.01073,2.46875309e-07,0.999986615
0.01074,2.426694971e-07,0.9999868576
0.01075,2.385305332e-07,0.9999870962
0.01076,2.344574378e-07,0.9999873306
0.01077,2.304492446e-07,0.9999875611
0.01078,2.265049996e-07,0.9999877876
0.01079,2.226237621e-07,0.9999880102
0.0108,2.188046035e-07,0.999988229
0.01081,2.150466078e-07,0.9999884441
0.01082,2.113488711e-07,0.9999886554
0.01083,2.077105017e-07,0.9999888631
0.01084,2.041306198e-07,0.9999890672
0.01085,2.006083576e-07,0.9999892679
0.01086,1.971428588e-07,0.999989465
0.01087,1.937332787e-07,0.9999896587
0.01088,1.903787838e-07,0.9999898491
0.01089,1.870785523e-07,0.9999900362
0.0109,1.838317732e-07,0.99999022
0.01091,1.806376466e-07,0.9999904007
0.01092,1.774953835e-07,0.9999905782
0.01093,1.744042055e-07,0.9999907526
0.01094,1.71363345e-07,0.9999909239
0.01095,1.683720449e-07,0.9999910923
0.01096,1.654295582e-07,0.9999912577
0.01097,1.625351483e-07,0.9999914203
0.01098,1.596880888e-07,0.9999915799
0.01099,1.568876631e-07,0.9999917368
0.011,1.541331646e-07,0.999991891
0.01101,1.514238964e-07,0.9999920424
0.01102,1.487591713e-07,0.9999921912
0.01103,1.461383113e-07,0.9999923373
0.01104,1.435606483e-07,0.9999924808
0.01105,1.41025523e-07,0.9999926219
0.01106,1.385322855e-07,0.9999927604
0.01107,1.360802949e-07,0.9999928965
0.01108,1.336689194e-07,0.9999930302
0.01109,1.312975356e-07,0.9999931615
0.0111,1.289655294e-07,0.9999932904
0.01111,1.266722947e-07,0.9999934171
0.01112,1.244172344e-07,0.9999935415
0.01113,1.221997595e-07,0.9999936637
0.01114,1.200192895e-07,0.9999937837
0.01115,1.178752518e-07,0.9999939016
0.01116,1.157670822e-07,0.9999940174
0.01117,1.136942243e-07,0.9999941311
0.01118,1.116561297e-07,0.9999942427
0.01119,1.096522575e-07,0.9999943524
0.0112,1.076820748e-07,0.9999944601
0.01121,1.057450563e-07,0.9999945658
0.01122,1.038406839e-07,0.9999946696
0.01123,1.019684471e-07,0.9999947716
0.01124,1.001278427e-07,0.9999948717
0.01125,9.831837468e-08,0.9999949701
0.01126,9.653955409e-08,0.9999950666
0.01127,9.479089905e-08,0.9999951614
0.01128,9.307193461e-08,0.9999952545
0.01129,9.138219266e-08,0.9999953458
0.0113,8.972121186e-08,0.9999954356
0.01131,8.808853751e-08,0.9999955237
0.01132,8.648372152e-08,0.9999956101
0.01133,8.49063223e-08,0.999995695
0.01134,8.335590464e-08,0.9999957784
0.01135,8.18320397e-08,0.9999958602
0.01136,8.033430487e-08,0.9999959406
0.01137,7.88622837e-08,0.9999960194
0.01138,7.741556583e-08,0.9999960968
0.01139,7.599374692e-08,0.9999961728
0.0114,7.459642855e-08,0.9999962474
0.01141,7.322321812e-08,0.9999963207
0.01142,7.187372885e-08,0.9999963925
0.01143,7.054757962e-08,0.9999964631
0.01144,6.924439494e-08,0.9999965323
0.01145,6.796380488e-08,0.9999966003
0.01146,6.670544495e-08,0.999996667
0.01147,6.54689561e-08,0.9999967325
0.01148,6.425398458e-08,0.9999967967
0.01149,6.30601819e-08,0.9999968598
0.0115,6.188720477e-08,0.9999969217
0.01151,6.073471499e-08,0.9999969824
0.01152,5.960237943e-08,0.999997042
0.01153,5.848986994e-08,0.9999971005
0.01154,5.739686327e-08,0.9999971579
0.01155,5.632304102e-08,0.9999972142
0.01156,5.526808959e-08,0.9999972695
0.01157,5.423170007e-08,0.9999973237
0.01158,5.321356822e-08,0.9999973769
0.01159,5.221339437e-08,0.9999974291
0.0116,5.12308834e-08,0.9999974804
0.01161,5.026574465e-08,0.9999975306
0.01162,4.931769185e-08,0.9999975799
0.01163,4.838644308e-08,0.9999976283
0.01164,4.747172072e-08,0.9999976758
0.01165,4.657325134e-08,0.9999977224
0.01166,4.569076572e-08,0.9999977681
0.01167,4.482399872e-08,0.9999978129
0.01168,4.397268927e-08,0.9999978569
0.01169,4.313658027e-08,0.9999979
0.0117,4.23154186e-08,0.9999979423
0.01171,4.1508955e-08,0.9999979838
0.01172,4.071694404e-08,0.9999980245
0.01173,3.99391441e-08,0.9999980645
0.01174,3.917531725e-08,0.9999981037
0.01175,3.842522926e-08,0.9999981421
0.01176,3.768864951e-08,0.9999981798
0.01177,3.696535096e-08,0.9999982167
0.01178,3.625511008e-08,0.999998253
0.01179,3.555770683e-08,0.9999982886
0.0118,3.487292458e-08,0.9999983234
0.01181,3.420055009e-08,0.9999983576
0.01182,3.354037342e-08,0.9999983912
0.01183,3.289218795e-08,0.9999984241
0.01184,3.225579025e-08,0.9999984563
0.01185,3.163098012e-08,0.9999984879
0.01186,3.101756047e-08,0.999998519
0.01187,3.041533733e-08,0.9999985494
0.01188,2.982411976e-08,0.9999985792
0.01189,2.924371986e-08,0.9999986084
0.0119,2.867395267e-08,0.9999986371
0.01191,2.811463616e-08,0.9999986652
0.01192,2.75655912e-08,0.9999986928
0.01193,2.702664147e-08,0.9999987198
0.01194,2.649761348e-08,0.9999987463
0.01195,2.597833648e-08,0.9999987723
0.01196,2.546864244e-08,0.9999987978
0.01197,2.496836601e-08,0.9999988227
0.01198,2.447734449e-08,0.9999988472
0.01199,2.399541778e-08,0.9999988712
0.012,2.352242833e-08,0.9999988947
0.01201,2.305822113e-08,0.9999989178
0.01202,2.260264366e-08,0.9999989404
0.01203,2.215554584e-08,0.9999989625
0.01204,2.171678003e-08,0.9999989843
0.01205,2.128620095e-08,0.9999990056
0.01206,2.086366568e-08,0.9999990264
0.01207,2.044903361e-08,0.9999990469
0.01208,2.00421664e-08,0.9999990669
0.01209,1.964292795e-08,0.9999990866
0.0121,1.925118441e-08,0.9999991058
0.01211,1.886680405e-08,0.9999991247
0.01212,1.848965733e-08,0.9999991432
0.01213,1.81196168e-08,0.9999991613
0.01214,1.775655711e-08,0.999999179
0.01215,1.740035495e-08,0.9999991964
0.01216,1.705088902e-08,0.9999992135
0.01217,1.670804005e-08,0.9999992302
0.01218,1.637169067e-08,0.9999992466
0.01219,1.60417255e-08,0.9999992626
0.0122,1.571803102e-08,0.9999992783
0.01221,1.540049561e-08,0.9999992937
0.01222,1.508900948e-08,0.9999993088
0.01223,1.478346465e-08,0.9999993236
0.01224,1.448375496e-08,0.9999993381
0.01225,1.418977597e-08,0.9999993523
0.01226,1.390142501e-08,0.9999993662
0.01227,1.361860111e-08,0.9999993798
0.01228,1.334120497e-08,0.9999993931
0.01229,1.306913895e-08,0.9999994062
0.0123,1.280230707e-08,0.999999419
0.01231,1.254061491e-08,0.9999994315
0.01232,1.228396967e-08,0.9999994438
0.01233,1.203228009e-08,0.9999994559
0.01234,1.178545645e-08,0.9999994676
0.01235,1.154341054e-08,0.9999994792
0.01236,1.130605563e-08,0.9999994905
0.01237,1.107330647e-08,0.9999995016
0.01238,1.084507922e-08,0.9999995124
0.01239,1.06212915e-08,0.999999523
0.0124,1.040186229e-08,0.9999995334
0.01241,1.018671197e-08,0.9999995436
0.01242,9.975762251e-09,0.9999995536
0.01243,9.768936199e-09,0.9999995634
0.01244,9.566158178e-09,0.9999995729
0.01245,9.367353847e-09,0.9999995823
0.01246,9.172450135e-09,0.9999995915
0.01247,8.981375219e-09,0.9999996005
0.01248,8.794058512e-09,0.9999996092
0.01249,8.610430635e-09,0.9999996179
0.0125,8.430423402e-09,0.9999996263
0.01251,8.253969801e-09,0.9999996345
0.01252,8.081003976e-09,0.9999996426
0.01253,7.911461205e-09,0.9999996505
0.01254,7.745277888e-09,0.9999996583
0.01255,7.582391522e-09,0.9999996659
0.01256,7.422740691e-09,0.9999996733
0.01257,7.266265043e-09,0.9999996806
0.01258,7.112905274e-09,0.9999996877
0.01259,6.962603114e-09,0.9999996946
0.0126,6.815301307e-09,0.9999997014
0.01261,6.670943598e-09,0.9999997081
0.01262,6.529474713e-09,0.9999997146
0.01263,6.390840348e-09,0.999999721
0.01264,6.254987148e-09,0.9999997273
0.01265,6.121862696e-09,0.9999997334
0.01266,5.991415496e-09,0.9999997394
0.01267,5.863594957e-09,0.9999997453
0.01268,5.738351382e-09,0.999999751
0.01269,5.615635947e-09,0.9999997566
0.0127,5.495400696e-09,0.9999997621
0.01271,5.377598517e-09,0.9999997675
0.01272,5.262183136e-09,0.9999997728
0.01273,5.149109099e-09,0.9999997779
0.01274,5.038331758e-09,0.9999997829
0.01275,4.929807262e-09,0.9999997879
0.01276,4.823492541e-09,0.9999997927
0.01277,4.719345292e-09,0.9999997974
0.01278,4.617323969e-09,0.999999802
0.01279,4.51738777e-09,0.9999998066
0.0128,4.419496622e-09,0.999999811
0.01281,4.323611173e-09,0.9999998153
0.01282,4.229692777e-09,0.9999998195
0.01283,4.137703484e-09,0.9999998237
0.01284,4.047606027e-09,0.9999998277
0.01285,3.959363811e-09,0.9999998317
0.01286,3.872940904e-09,0.9999998355
0.01287,3.788302023e-09,0.9999998393
0.01288,3.705412523e-09,0.999999843
0.01289,3.62423839e-09,0.9999998467
0.0129,3.544746225e-09,0.9999998502
0.01291,3.466903239e-09,0.9999998537
0.01292,3.390677239e-09,0.9999998571
0.01293,3.31603662e-09,0.9999998604
0.01294,3.242950354e-09,0.9999998636
0.01295,3.17138798e-09,0.9999998668
0.01296,3.101319596e-09,0.9999998699
0.01297,3.032715848e-09,0.9999998729
0.01298,2.965547922e-09,0.9999998759
0.01299,2.899787531e-09,0.9999998788
0.013,2.835406913e-09,0.9999998816
0.01301,2.772378816e-09,0.9999998844
0.01302,2.710676491e-09,0.9999998871
0.01303,2.650273685e-09,0.9999998898
0.01304,2.59114463e-09,0.9999998924
0.01305,2.533264036e-09,0.9999998949
0.01306,2.476607084e-09,0.9999998974
0.01307,2.421149415e-09,0.9999998998
0.01308,2.366867124e-09,0.9999999022
0.01309,2.313736753e-09,0.9999999045
0.0131,2.26173528e-09,0.9999999067
0.01311,2.210840115e-09,0.9999999089
0.01312,2.161029092e-09,0.9999999111
0.01313,2.112280457e-09,0.9999999132
0.01314,2.064572869e-09,0.9999999153
0.01315,2.017885384e-09,0.9999999173
0.01316,1.972197456e-09,0.9999999193
0.01317,1.927488925e-09,0.9999999212
0.01318,1.88374001e-09,0.9999999231
0.01319,1.840931306e-09,0.9999999249
0.0132,1.799043775e-09,0.9999999267
0.01321,1.758058741e-09,0.9999999285
0.01322,1.71795788e-09,0.9999999302
0.01323,1.678723218e-09,0.9999999319
0.01324,1.640337124e-09,0.9999999335
0.01325,1.602782301e-09,0.9999999351
0.01326,1.566041783e-09,0.9999999367
0.01327,1.53009893e-09,0.9999999382
0.01328,1.494937419e-09,0.9999999397
0.01329,1.46054124e-09,0.9999999412
0.0133,1.42689469e-09,0.9999999426
0.01331,1.393982369e-09,0.999999944
0.01332,1.361789172e-09,0.9999999453
0.01333,1.330300287e-09,0.9999999467
0.01334,1.299501186e-09,0.999999948
0.01335,1.269377624e-09,0.9999999492
0.01336,1.239915629e-09,0.9999999505
0.01337,1.211101502e-09,0.9999999517
0.01338,1.182921809e-09,0.9999999529
0.01339,1.155363377e-09,0.999999954
0.0134,1.128413291e-09,0.9999999552
0.01341,1.102058885e-09,0.9999999563
0.01342,1.076287742e-09,0.9999999573
0.01343,1.051087687e-09,0.9999999584
0.01344,1.026446785e-09,0.9999999594
0.01345,1.002353332e-09,0.9999999604
0.01346,9.787958558e-10,0.9999999614
0.01347,9.557631093e-10,0.9999999624
0.01348,9.332440665e-10,0.9999999633
0.01349,9.112279186e-10,0.9999999642
0.0135,8.897040704e-10,0.9999999651
0.01351,8.686621359e-10,0.999999966
0.01352,8.480919349e-10,0.9999999668
0.01353,8.279834886e-10,0.9999999676
0.01354,8.083270164e-10,0.9999999684
0.01355,7.891129322e-10,0.9999999692
0.01356,7.703318405e-10,0.99999997
0.01357,7.519745331e-10,0.9999999708
0.01358,7.340319855e-10,0.9999999715
0.01359,7.164953536e-10,0.9999999722
0.0136,6.993559704e-10,0.9999999729
0.01361,6.826053424e-10,0.9999999736
0.01362,6.662351466e-10,0.9999999743
0.01363,6.502372273e-10,0.9999999749
0.01364,6.346035929e-10,0.9999999755
0.01365,6.193264128e-10,0.9999999762
0.01366,6.043980144e-10,0.9999999768
0.01367,5.898108804e-10,0.9999999774
0.01368,5.755576453e-10,0.9999999779
0.01369,5.616310931e-10,0.9999999785
0.0137,5.48024154e-10,0.999999979
0.01371,5.34729902e-10,0.9999999796
0.01372,5.217415521e-10,0.9999999801
0.01373,5.090524576e-10,0.9999999806
0.01374,4.966561072e-10,0.9999999811
0.01375,4.845461228e-10,0.9999999816
0.01376,4.72716257e-10,0.9999999821
0.01377,4.611603901e-10,0.9999999825
0.01378,4.498725282e-10,0.999999983
0.01379,4.388468005e-10,0.9999999834
0.0138,4.28077457e-10,0.9999999838
0.01381,4.175588664e-10,0.9999999843
0.01382,4.072855133e-10,0.9999999847
0.01383,3.972519965e-10,0.9999999851
0.01384,3.874530265e-10,0.9999999854
0.01385,3.778834234e-10,0.9999999858
0.01386,3.685381149e-10,0.9999999862
0.01387,3.59412134e-10,0.9999999866
0.01388,3.505006171e-10,0.9999999869
0.01389,3.417988022e-10,0.9999999872
0.0139,3.333020262e-10,0.9999999876
0.01391,3.250057239e-10,0.9999999879
0.01392,3.169054255e-10,0.9999999882
0.01393,3.089967549e-10,0.9999999885
0.01394,3.012754277e-10,0.9999999888
0.01395,2.937372499e-10,0.9999999891
0.01396,2.863781153e-10,0.9999999894
0.01397,2.791940047e-10,0.9999999897
0.01398,2.721809835e-10,0.99999999
0.01399,2.653352003e-10,0.9999999902
0.014,2.586528853e-10,0.9999999905
0.01401,2.521303485e-10,0.9999999907
0.01402,2.457639784e-10,0.999999991
0.01403,2.395502402e-10,0.9999999912
0.01404,2.334856742e-10,0.9999999915
0.01405,2.275668946e-10,0.9999999917
0.01406,2.217905879e-10,0.9999999919
0.01407,2.161535115e-10,0.9999999921
0.01408,2.10652492e-10,0.9999999923
0.01409,2.052844244e-10,0.9999999925
0.0141,2.000462699e-10,0.9999999927
0.01411,1.949350554e-10,0.9999999929
0.01412,1.899478717e-10,0.9999999931
0.01413,1.850818724e-10,0.9999999933
0.01414,1.803342725e-10,0.9999999935
0.01415,1.757023472e-10,0.9999999937
0.01416,1.711834308e-10,0.9999999938
0.01417,1.667749153e-10,0.999999994
0.01418,1.624742495e-10,0.9999999942
0.01419,1.582789375e-10,0.9999999943
0.0142,1.541865379e-10,0.9999999945
0.01421,1.501946625e-10,0.9999999946
0.01422,1.463009753e-10,0.9999999948
0.01423,1.425031913e-10,0.9999999949
0.01424,1.387990758e-10,0.9999999951
0.01425,1.351864429e-10,0.9999999952
0.01426,1.316631547e-10,0.9999999953
0.01427,1.282271204e-10,0.9999999954
0.01428,1.248762955e-10,0.9999999956
0.01429,1.216086802e-10,0.9999999957
0.0143,1.184223192e-10,0.9999999958
0.01431,1.153153003e-10,0.9999999959
0.01432,1.122857538e-10,0.999999996
0.01433,1.093318514e-10,0.9999999962
0.01434,1.064518055e-10,0.9999999963
0.01435,1.036438682e-10,0.9999999964
0.01436,1.009063306e-10,0.9999999965
0.01437,9.823752206e-11,0.9999999966
0.01438,9.563580912e-11,0.9999999967
0.01439,9.309959498e-11,0.9999999967
0.0144,9.06273186e-11,0.9999999968
0.01441,8.821745403e-11,0.9999999969
0.01442,8.58685096e-11,0.999999997
0.01443,8.357902723e-11,0.9999999971
0.01444,8.134758174e-11,0.9999999972
0.01445,7.917278011e-11,0.9999999973
0.01446,7.705326086e-11,0.9999999973
0.01447,7.498769332e-11,0.9999999974
0.01448,7.2974777e-11,0.9999999975
0.01449,7.101324098e-11,0.9999999976
0.0145,6.910184323e-11,0.9999999976
0.01451,6.723937002e-11,0.9999999977
0.01452,6.542463533e-11,0.9999999978
0.01453,6.36564802e-11,0.9999999978
0.01454,6.193377224e-11,0.9999999979
0.01455,6.025540498e-11,0.9999999979
0.01456,5.862029736e-11,0.999999998
0.01457,5.702739314e-11,0.9999999981
0.01458,5.547566044e-11,0.9999999981
0.01459,5.396409113e-11,0.9999999982
0.0146,5.249170036e-11,0.9999999982
0.01461,5.105752606e-11,0.9999999983
0.01462,4.966062843e-11,0.9999999983
0.01463,4.830008946e-11,0.9999999984
0.01464,4.697501248e-11,0.9999999984
0.01465,4.568452165e-11,0.9999999985
0.01466,4.442776153e-11,0.9999999985
0.01467,4.320389665e-11,0.9999999985
0.01468,4.201211106e-11,0.9999999986
0.01469,4.085160788e-11,0.9999999986
0.0147,3.972160892e-11,0.9999999987
0.01471,3.862135424e-11,0.9999999987
0.01472,3.755010177e-11,0.9999999987
0.01473,3.650712688e-11,0.9999999988
0.01474,3.549172206e-11,0.9999999988
0.01475,3.450319648e-11,0.9999999989
0.01476,3.354087562e-11,0.9999999989
0.01477,3.260410098e-11,0.9999999989
0.01478,3.169222962e-11,0.999999999
0.01479,3.080463392e-11,0.999999999
0.0148,2.994070116e-11,0.999999999
0.01481,2.90998332e-11,0.999999999
0.01482,2.828144619e-11,0.9999999991
0.01483,2.748497024e-11,0.9999999991
0.01484,2.670984906e-11,0.9999999991
0.01485,2.595553972e-11,0.9999999991
0.01486,2.522151231e-11,0.9999999992
0.01487,2.450724965e-11,0.9999999992
0.01488,2.381224701e-11,0.9999999992
0.01489,2.313601184e-11,0.9999999992
0.0149,2.247806347e-11,0.9999999993
0.01491,2.183793285e-11,0.9999999993
0.01492,2.121516231e-11,0.9999999993
0.01493,2.060930526e-11,0.9999999993
0.01494,2.001992595e-11,0.9999999994
0.01495,1.944659926e-11,0.9999999994
0.01496,1.88889104e-11,0.9999999994
0.01497,1.834645472e-11,0.9999999994
0.01498,1.781883744e-11,0.9999999994
0.01499,1.730567346e-11,0.9999999994
0.015,1.680658712e-11,0.9999999995
0.01501,1.632121197e-11,0.9999999995
0.01502,1.584919057e-11,0.9999999995
0.01503,1.539017429e-11,0.9999999995
0.01504,1.494382309e-11,0.9999999995
0.01505,1.450980535e-11,0.9999999995
0.01506,1.408779762e-11,0.9999999996
0.01507,1.367748449e-11,0.9999999996
0.01508,1.327855836e-11,0.9999999996
0.01509,1.28907193e-11,0.9999999996
0.0151,1.25136748e-11,0.9999999996
0.01511,1.214713969e-11,0.9999999996
0.01512,1.17908359e-11,0.9999999996
0.01513,1.144449229e-11,0.9999999996
0.01514,1.110784455e-11,0.9999999997
0.01515,1.078063498e-11,0.9999999997
0.01516,1.046261234e-11,0.9999999997
0.01517,1.015353174e-11,0.9999999997
0.01518,9.853154437e-12,0.9999999997
0.01519,9.561247728e-12,0.9999999997
0.0152,9.277584783e-12,0.9999999997
0.01521,9.001944517e-12,0.9999999997
0.01522,8.734111451e-12,0.9999999997
0.01523,8.473875577e-12,0.9999999997
0.01524,8.221032227e-12,0.9999999997
0.01525,7.97538195e-12,0.9999999998
0.01526,7.736730378e-12,0.9999999998
0.01527,7.504888115e-12,0.9999999998
0.01528,7.279670608e-12,0.9999999998
0.01529,7.060898035e-12,0.9999999998
0.0153,6.848395191e-12,0.9999999998
0.01531,6.641991376e-12,0.9999999998
0.01532,6.441520285e-12,0.9999999998
0.01533,6.246819903e-12,0.9999999998
0.01534,6.057732398e-12,0.9999999998
0.01535,5.874104025e-12,0.9999999998
0.01536,5.695785019e-12,0.9999999998
0.01537,5.522629505e-12,0.9999999998
0.01538,5.354495398e-12,0.9999999998
0.01539,5.191244314e-12,0.9999999998
0.0154,5.032741475e-12,0.9999999998
0.01541,4.878855626e-12,0.9999999999
0.01542,4.729458942e-12,0.9999999999
0.01543,4.584426949e-12,0.9999999999
0.01544,4.443638439e-12,0.9999999999
0.01545,4.306975389e-12,0.9999999999
0.01546,4.174322884e-12,0.9999999999
0.01547,4.045569036e-12,0.9999999999
0.01548,3.920604914e-12,0.9999999999
0.01549,3.799324467e-12,0.9999999999
0.0155,3.681624455e-12,0.9999999999
0.01551,3.567404374e-12,0.9999999999
0.01552,3.456566392e-12,0.9999999999
0.01553,3.349015283e-12,0.9999999999
0.01554,3.244658358e-12,0.9999999999
0.01555,3.143405401e-12,0.9999999999
0.01556,3.045168612e-12,0.9999999999
0.01557,2.949862541e-12,0.9999999999
0.01558,2.857404031e-12,0.9999999999
0.01559,2.767712158e-12,0.9999999999
0.0156,2.680708178e-12,0.9999999999
0.01561,2.59631547e-12,0.9999999999
0.01562,2.514459479e-12,0.9999999999
0.01563,2.435067669e-12,0.9999999999
0.01564,2.358069468e-12,0.9999999999
0.01565,2.283396217e-12,0.9999999999
0.01566,2.210981125e-12,0.9999999999
0.01567,2.140759217e-12,0.9999999999
0.01568,2.072667292e-12,0.9999999999
0.01569,2.00664387e-12,0.9999999999
0.0157,1.942629157e-12,0.9999999999
0.01571,1.880564995e-12,0.9999999999
0.01572,1.820394821e-12,0.9999999999
0.01573,1.762063627e-12,0.9999999999
0.01574,1.70551792e-12,1
0.01575,1.65070568e-12,1
0.01576,1.597576325e-12,1
0.01577,1.54608067e-12,1
0.01578,1.496170896e-12,1
0.01579,1.447800508e-12,1
0.0158,1.400924303e-12,1
0.01581,1.355498339e-12,1
0.01582,1.311479897e-12,1
0.01583,1.268827452e-12,1
0.01584,1.227500639e-12,1
0.01585,1.187460228e-12,1
0.01586,1.148668084e-12,1
0.01587,1.11108715e-12,1
0.01588,1.074681409e-12,1
0.01589,1.039415859e-12,1
0.0159,1.00525649e-12,1
0.01591,9.721702517e-13,1
0.01592,9.401250312e-13,1
0.01593,9.090896272e-13,1
0.01594,8.790337257e-13,1
0.01595,8.499278758e-13,1
0.01596,8.217434668e-13,1
0.01597,7.944527055e-13,1
0.01598,7.680285942e-13,1
0.01599,7.424449092e-13,1
0.016,7.176761795e-13,1
0.01601,6.936976671e-13,1
0.01602,6.704853463e-13,1
0.01603,6.480158848e-13,1
0.01604,6.262666249e-13,1
0.01605,6.052155646e-13,1
0.01606,5.8484134e-13,1
0.01607,5.651232079e-13,1
0.01608,5.460410285e-13,1
0.01609,5.275752488e-13,1
0.0161,5.09706887e-13,1
0.01611,4.924175159e-13,1
0.01612,4.756892482e-13,1
0.01613,4.595047213e-13,1
0.01614,4.438470829e-13,1
0.01615,4.286999766e-13,1
0.01616,4.140475282e-13,1
0.01617,3.998743326e-13,1
0.01618,3.861654401e-13,1
0.01619,3.72906344e-13,1
0.0162,3.600829684e-13,1
0.01621,3.476816556e-13,1
0.01622,3.356891546e-13,1
0.01623,3.2409261e-13,1
0.01624,3.128795501e-13,1
0.01625,3.020378767e-13,1
0.01626,2.915558543e-13,1
0.01627,2.814220995e-13,1
0.01628,2.716255718e-13,1
0.01629,2.621555629e-13,1
0.0163,2.530016879e-13,1
0.01631,2.441538758e-13,1
0.01632,2.356023606e-13,1
0.01633,2.273376725e-13,1
0.01634,2.193506293e-13,1
0.01635,2.116323285e-13,1
0.01636,2.041741388e-13,1
0.01637,1.969676926e-13,1
0.01638,1.900048782e-13,1
0.01639,1.832778325e-13,1
0.0164,1.767789336e-13,1
0.01641,1.705007941e-13,1
0.01642,1.64436254e-13,1
0.01643,1.585783741e-13,1
0.01644,1.529204299e-13,1
0.01645,1.474559047e-13,1
0.01646,1.421784841e-13,1
0.01647,1.370820497e-13,1
0.01648,1.321606735e-13,1
0.01649,1.274086122e-13,1
0.0165,1.228203017e-13,1
0.01651,1.183903522e-13,1
0.01652,1.141135423e-13,1
0.01653,1.099848147e-13,1
0.01654,1.05999271e-13,1
0.01655,1.02152167e-13,1
0.01656,9.843890803e-14,1
0.01657,9.485504477e-14,1
0.01658,9.139626853e-14,1
0.01659,8.805840725e-14,1
0.0166,8.483742135e-14,1
0.01661,8.172939973e-14,1
0.01662,7.873055592e-14,1
0.01663,7.583722427e-14,1
0.01664,7.304585636e-14,1
0.01665,7.035301738e-14,1
0.01666,6.775538275e-14,1
0.01667,6.524973468e-14,1
0.01668,6.283295901e-14,1
0.01669,6.050204198e-14,1
0.0167,5.825406718e-14,1
0.01671,5.608621257e-14,1
0.01672,5.399574759e-14,1
0.01673,5.198003033e-14,1
0.01674,5.003650482e-14,1
0.01675,4.816269835e-14,1
0.01676,4.635621893e-14,1
0.01677,4.461475277e-14,1
0.01678,4.293606186e-14,1
0.01679,4.131798161e-14,1
0.0168,3.975841856e-14,1
0.01681,3.825534819e-14,1
0.01682,3.680681273e-14,1
0.01683,3.541091908e-14,1
0.01684,3.40658368e-14,1
0.01685,3.276979614e-14,1
0.01686,3.152108608e-14,1
0.01687,3.031805257e-14,1
0.01688,2.915909664e-14,1
0.01689,2.80426727e-14,1
0.0169,2.696728686e-14,1
0.01691,2.593149527e-14,1
0.01692,2.493390252e-14,1
0.01693,2.39731601e-14,1
0.01694,2.304796493e-14,1
0.01695,2.215705786e-14,1
0.01696,2.129922233e-14,1
0.01697,2.04732829e-14,1
0.01698,1.967810405e-14,1
0.01699,1.891258879e-14,1
0.017,1.817567747e-14,1
0.01701,1.746634658e-14,1
0.01702,1.678360752e-14,1
0.01703,1.612650555e-14,1
0.01704,1.549411862e-14,1
0.01705,1.488555635e-14,1
0.01706,1.429995895e-14,1
0.01707,1.373649628e-14,1
0.01708,1.319436684e-14,1
0.01709,1.267279681e-14,1
0.0171,1.217103921e-14,1
0.01711,1.168837294e-14,1
0.01712,1.122410198e-14,1
0.01713,1.077755454e-14,1
0.01714,1.034808224e-14,1
0.01715,9.935059382e-15,1
0.01716,9.537882139e-15,1
0.01717,9.155967871e-15,1
0.01718,8.788754396e-15,1
0.01719,8.435699314e-15,1
0.0172,8.096279343e-15,1
0.01721,7.769989677e-15,1
0.01722,7.456343366e-15,1
0.01723,7.154870714e-15,1
0.01724,6.865118701e-15,1
0.01725,6.586650414e-15,1
0.01726,6.319044505e-15,1
0.01727,6.061894662e-15,1
0.01728,5.814809102e-15,1
0.01729,5.577410068e-15,1
0.0173,5.349333361e-15,1
0.01731,5.13022787e-15,1
0.01732,4.919755124e-15,1
0.01733,4.717588863e-15,1
0.01734,4.523414615e-15,1
0.01735,4.336929293e-15,1
0.01736,4.157840799e-15,1
0.01737,3.985867646e-15,1
0.01738,3.820738593e-15,1
0.01739,3.662192286e-15,1
0.0174,3.509976918e-15,1
0.01741,3.363849893e-15,1
0.01742,3.22357751e-15,1
0.01743,3.088934646e-15,1
0.01744,2.959704463e-15,1
0.01745,2.835678109e-15,1
0.01746,2.716654447e-15,1
0.01747,2.602439776e-15,1
0.01748,2.492847571e-15,1
0.01749,2.387698233e-15,1
0.0175,2.286818838e-15,1
0.01751,2.190042905e-15,1
0.01752,2.097210166e-15,1
0.01753,2.008166343e-15,1
0.01754,1.922762937e-15,1
0.01755,1.84085702e-15,1
0.01756,1.762311036e-15,1
0.01757,1.686992608e-15,1
0.01758,1.614774355e-15,1
0.01759,1.545533708e-15,1
0.0176,1.479152737e-15,1
0.01761,1.415517987e-15,1
0.01762,1.354520312e-15,1
0.01763,1.296054723e-15,1
0.01764,1.240020231e-15,1
0.01765,1.186319707e-15,1
0.01766,1.134859741e-15,1
0.01767,1.0855505e-15,1
0.01768,1.038305605e-15,1
0.01769,9.930419988e-16,1
0.0177,9.49679828e-16,1
0.01771,9.081423213e-16,1
0.01772,8.683556783e-16,1
0.01773,8.30248959e-16,1
0.01774,7.937539781e-16,1
0.01775,7.588052024e-16,1
0.01776,7.25339653e-16,1
0.01777,6.932968097e-16,1
0.01778,6.626185193e-16,1
0.01779,6.332489076e-16,1
0.0178,6.051342933e-16,1
0.01781,5.782231068e-16,1
0.01782,5.5246581e-16,1
0.01783,5.278148201e-16,1
0.01784,5.04224436e-16,1
0.01785,4.816507669e-16,1
0.01786,4.600516641e-16,1
0.01787,4.393866545e-16,1
0.01788,4.196168775e-16,1
0.01789,4.007050229e-16,1
0.0179,3.826152723e-16,1
0.01791,3.65313242e-16,1
0.01792,3.487659276e-16,1
0.01793,3.329416519e-16,1
0.01794,3.17810013e-16,1
0.01795,3.033418358e-16,1
0.01796,2.895091245e-16,1
0.01797,2.762850169e-16,1
0.01798,2.636437406e-16,1
0.01799,2.515605706e-16,1
0.018,2.400117888e-16,1
0.01801,2.289746446e-16,1
0.01802,2.18427317e-16,1
0.01803,2.083488786e-16,1
0.01804,1.987192604e-16,1
0.01805,1.89519218e-16,1
0.01806,1.807302995e-16,1
0.01807,1.723348138e-16,1
0.01808,1.643158009e-16,1
0.01809,1.566570031e-16,1
0.0181,1.493428368e-16,1
0.01811,1.42358366e-16,1
0.01812,1.356892763e-16,1
0.01813,1.293218504e-16,1
0.01814,1.232429442e-16,1
0.01815,1.174399636e-16,1
0.01816,1.119008429e-16,1
0.01817,1.066140231e-16,1
0.01818,1.015684318e-16,1
0.01819,9.675346366e-17,1
0.0182,9.215896123e-17,1
0.01821,8.777519706e-17,1
0.01822,8.359285617e-17,1
0.01823,7.960301933e-17,1
0.01824,7.579714691e-17,1
0.01825,7.216706344e-17,1
0.01826,6.87049427e-17,1
0.01827,6.540329344e-17,1
0.01828,6.225494563e-17,1
0.01829,5.925303725e-17,1
0.0183,5.639100163e-17,1
0.01831,5.366255524e-17,1
0.01832,5.1061686e-17,1
0.01833,4.858264204e-17,1
0.01834,4.621992088e-17,1
0.01835,4.396825909e-17,1
0.01836,4.182262231e-17,1
0.01837,3.97781957e-17,1
0.01838,3.783037477e-17,1
0.01839,3.597475652e-17,1
0.0184,3.420713106e-17,1
0.01841,3.25234734e-17,1
0.01842,3.091993574e-17,1
0.01843,2.939283991e-17,1
0.01844,2.793867026e-17,1
0.01845,2.655406673e-17,1
0.01846,2.523581827e-17,1
0.01847,2.398085646e-17,1
0.01848,2.278624947e-17,1
0.01849,2.16491962e-17,1
0.0185,2.056702072e-17,1
0.01851,1.953716683e-17,1
0.01852,1.855719299e-17,1
0.01853,1.762476735e-17,1
0.01854,1.673766302e-17,1
0.01855,1.589375355e-17,1
0.01856,1.509100854e-17,1
0.01857,1.432748953e-17,1
0.01858,1.360134595e-17,1
0.01859,1.291081133e-17,1
0.0186,1.225419961e-17,1
0.01861,1.162990163e-17,1
0.01862,1.103638176e-17,1
0.01863,1.047217468e-17,1
0.01864,9.935882266e-18,1
0.01865,9.426170653e-18,1
0.01866,8.941767385e-18,1
0.01867,8.481458703e-18,1
0.01868,8.044086939e-18,1
0.01869,7.628548028e-18,1
0.0187,7.233789123e-18,1
0.01871,6.858806307e-18,1
0.01872,6.502642415e-18,1
0.01873,6.164384933e-18,1
0.01874,5.843164001e-18,1
0.01875,5.538150493e-18,1
0.01876,5.248554186e-18,1
0.01877,4.973622001e-18,1
0.01878,4.71263633e-18,1
0.01879,4.464913423e-18,1
0.0188,4.229801856e-18,1
0.01881,4.006681058e-18,1
0.01882,3.794959911e-18,1
0.01883,3.594075397e-18,1
0.01884,3.403491321e-18,1
0.01885,3.222697077e-18,1
0.01886,3.051206476e-18,1
0.01887,2.888556619e-18,1
0.01888,2.734306828e-18,1
0.01889,2.588037615e-18,1
0.0189,2.449349705e-18,1
0.01891,2.317863098e-18,1
0.01892,2.193216172e-18,1
0.01893,2.075064828e-18,1
0.01894,1.963081674e-18,1
0.01895,1.856955243e-18,1
0.01896,1.756389248e-18,1
0.01897,1.661101868e-18,1
0.01898,1.570825071e-18,1
0.01899,1.485303961e-18,1
0.019,1.404296161e-18,1
0.01901,1.327571218e-18,1
0.01902,1.254910042e-18,1
0.01903,1.186104363e-18,1
0.01904,1.120956217e-18,1
0.01905,1.059277456e-18,1
0.01906,1.000889278e-18,1
0.01907,9.456217796e-19,1
0.01908,8.933135313e-19,1
0.01909,8.438111678e-19,1
0.0191,7.969690012e-19,1
0.01911,7.526486505e-19,1
0.01912,7.107186883e-19,1
0.01913,6.710543043e-19,1
0.01914,6.335369838e-19,1
0.01915,5.980542021e-19,1
0.01916,5.644991325e-19,1
0.01917,5.327703678e-19,1
0.01918,5.027716561e-19,1
0.01919,4.744116472e-19,1
0.0192,4.476036527e-19,1
0.01921,4.222654162e-19,1
0.01922,3.983188947e-19,1
0.01923,3.756900511e-19,1
0.01924,3.543086551e-19,1
0.01925,3.341080952e-19,1
0.01926,3.150251982e-19,1
0.01927,2.970000584e-19,1
0.01928,2.799758747e-19,1
0.01929,2.638987949e-19,1
0.0193,2.487177684e-19,1
0.01931,2.343844055e-19,1
0.01932,2.208528436e-19,1
0.01933,2.080796198e-19,1
0.01934,1.960235496e-19,1
0.01935,1.846456121e-19,1
0.01936,1.739088399e-19,1
0.01937,1.637782147e-19,1
0.01938,1.542205687e-19,1
0.01939,1.452044897e-19,1
0.0194,1.367002314e-19,1
0.01941,1.286796284e-19,1
0.01942,1.211160151e-19,1
0.01943,1.13984148e-19,1
0.01944,1.072601334e-19,1
0.01945,1.00921357e-19,1
0.01946,9.494641786e-20,1
0.01947,8.931506588e-20,1
0.01948,8.400814166e-20,1
0.01949,7.900751992e-20,1
0.0195,7.429605559e-20,1
0.01951,6.985753256e-20,1
0.01952,6.56766151e-20,1
0.01953,6.173880166e-20,1
0.01954,5.803038107e-20,1
0.01955,5.453839087e-20,1
0.01956,5.125057783e-20,1
0.01957,4.815536049e-20,1
0.01958,4.52417935e-20,1
0.01959,4.249953392e-20,1
0.0196,3.991880915e-20,1
0.01961,3.749038652e-20,1
0.01962,3.520554449e-20,1
0.01963,3.305604529e-20,1
0.01964,3.103410894e-20,1
0.01965,2.913238872e-20,1
0.01966,2.73439478e-20,1
0.01967,2.566223715e-20,1
0.01968,2.408107457e-20,1
0.01969,2.25946248e-20,1
0.0197,2.119738076e-20,1
0.01971,1.988414561e-20,1
0.01972,1.865001594e-20,1
0.01973,1.749036566e-20,1
0.01974,1.64008309e-20,1
0.01975,1.53772956e-20,1
0.01976,1.441587787e-20,1
0.01977,1.351291718e-20,1
0.01978,1.266496207e-20,1
0.01979,1.186875864e-20,1
0.0198,1.11212396e-20,1
0.01981,1.04195139e-20,1
0.01982,9.760856952e-21,1
0.01983,9.142701352e-21,1
0.01984,8.562628089e-21,1
0.01985,8.018358259e-21,1
0.01986,7.507745201e-21,1
0.01987,7.028767078e-21,1
0.01988,6.579519843e-21,1
0.01989,6.158210603e-21,1
0.0199,5.76315133e-21,1
0.01991,5.392752929e-21,1
0.01992,5.045519622e-21,1
0.01993,4.720043641e-21,1
0.01994,4.415000214e-21,1
0.01995,4.129142828e-21,1
0.01996,3.861298751e-21,1
0.01997,3.610364802e-21,1
0.01998,3.375303358e-21,1
0.01999,3.155138578e-21,1
0.02,2.948952842e-21,1
0.02001,2.755883384e-21,1
0.02002,2.575119118e-21,1
0.02003,2.405897637e-21,1
0.02004,2.247502383e-21,1
0.02005,2.099259975e-21,1
0.02006,1.960537691e-21,1
0.02007,1.830741083e-21,1
0.02008,1.70931174e-21,1
0.02009,1.595725167e-21,1
0.0201,1.48948879e-21,1
0.02011,1.390140072e-21,1
0.02012,1.29724474e-21,1
0.02013,1.210395106e-21,1
0.02014,1.129208496e-21,1
0.02015,1.053325757e-21,1
0.02016,9.824098561e-22,1
0.02017,9.161445631e-22,1
0.02018,8.542332017e-22,1
0.02019,7.963974788e-22,1
0.0202,7.423763797e-22,1
0.02021,6.91925128e-22,1
0.02022,6.448142054e-22,1
0.02023,6.008284299e-22,1
0.02024,5.597660866e-22,1
0.02025,5.214381108e-22,1
0.02026,4.856673182e-22,1
0.02027,4.522876806e-22,1
0.02028,4.211436449e-22,1
0.02029,3.920894914e-22,1
0.0203,3.649887311e-22,1
0.02031,3.397135382e-22,1
0.02032,3.161442166e-22,1
0.02033,2.941686981e-22,1
0.02034,2.736820708e-22,1
0.02035,2.545861357e-22,1
0.02036,2.367889895e-22,1
0.02037,2.202046334e-22,1
0.02038,2.047526042e-22,1
0.02039,1.903576291e-22,1
0.0204,1.769493003e-22,1
0.02041,1.644617699e-22,1
0.02042,1.528334631e-22,1
0.02043,1.420068093e-22,1
0.02044,1.319279888e-22,1
0.02045,1.225466959e-22,1
0.02046,1.13815916e-22,1
0.02047,1.056917163e-22,1
0.02048,9.813305012e-23,1
0.02049,9.110157226e-23,1
0.0205,8.456146665e-23,1
0.02051,7.847928416e-23,1
0.02052,7.282379078e-23,1
0.02053,6.756582504e-23,1
0.02054,6.267816447e-23,1
0.02055,5.813540034e-23,1
0.02056,5.391382027e-23,1
0.02057,4.999129817e-23,1
0.02058,4.634719118e-23,1
0.02059,4.296224301e-23,1
0.0206,3.98184935e-23,1
0.02061,3.689919379e-23,1
0.02062,3.418872695e-23,1
0.02063,3.167253365e-23,1
0.02064,2.933704252e-23,1
0.02065,2.716960503e-23,1
0.02066,2.515843445e-23,1
0.02067,2.329254882e-23,1
0.02068,2.156171751e-23,1
0.02069,1.995641125e-23,1
0.0207,1.846775538e-23,1
0.02071,1.708748617e-23,1
0.02072,1.580790988e-23,1
0.02073,1.462186455e-23,1
0.02074,1.352268429e-23,1
0.02075,1.250416582e-23,1
0.02076,1.156053729e-23,1
0.02077,1.068642905e-23,1
0.02078,9.876846461e-24,1
0.02079,9.127144358e-24,1
0.0208,8.433003303e-24,1
0.02081,7.790407356e-24,1
0.02082,7.195623333e-24,1
0.02083,6.64518144e-24,1
0.02084,6.135857192e-24,1
0.02085,5.664654544e-24,1
0.02086,5.228790143e-24,1
0.02087,4.825678636e-24,1
0.02088,4.452918966e-24,1
0.02089,4.108281588e-24,1
0.0209,3.789696547e-24,1
0.02091,3.495242362e-24,1
0.02092,3.22313566e-24,1
0.02093,2.971721514e-24,1
0.02094,2.739464443e-24,1
0.02095,2.524940015e-24,1
0.02096,2.326827034e-24,1
0.02097,2.143900253e-24,1
0.02098,1.975023596e-24,1
0.02099,1.819143832e-24,1
0.021,1.675284702e-24,1
0.02101,1.542541435e-24,1
0.02102,1.420075657e-24,1
0.02103,1.30711064e-24,1
0.02104,1.202926895e-24,1
0.02105,1.10685806e-24,1
0.02106,1.01828708e-24,1
0.02107,9.366426559e-25,1
0.02108,8.613959374e-25,1
0.02109,7.920574531e-25,1
0.0211,7.281742535e-25,1
0.02111,6.693272569e-25,1
0.02112,6.151287822e-25,1
0.02113,5.652202572e-25,1
0.02114,5.192700893e-25,1
0.02115,4.769716878e-25,1
0.02116,4.380416271e-25,1
0.02117,4.022179415e-25,1
0.02118,3.692585418e-25,1
0.02119,3.389397459e-25,1
0.0212,3.110549148e-25,1
0.02121,2.854131871e-25,1
0.02122,2.618383053e-25,1
0.02123,2.401675261e-25,1
0.02124,2.202506113e-25,1
0.02125,2.019488906e-25,1
0.02126,1.851343937e-25,1
0.02127,1.696890455e-25,1
0.02128,1.555039199e-25,1
0.02129,1.424785493e-25,1
0.0213,1.305202837e-25,1
0.02131,1.195436978e-25,1
0.02132,1.09470042e-25,1
0.02133,1.002267333e-25,1
0.02134,9.174688468e-26,1
0.02135,8.39688692e-26,1
0.02136,7.683591661e-26,1
0.02137,7.029574009e-26,1
0.02138,6.43001909e-26,1
0.02139,5.880493905e-26,1
0.0214,5.376917779e-26,1
0.02141,4.91553506e-26,1
0.02142,4.492889858e-26,1
0.02143,4.105802712e-26,1
0.02144,3.751349018e-26,1
0.02145,3.426839102e-26,1
0.02146,3.129799804e-26,1
0.02147,2.85795748e-26,1
0.02148,2.609222294e-26,1
0.02149,2.381673721e-26,1
0.0215,2.173547162e-26,1
0.02151,1.983221588e-26,1
0.02152,1.809208149e-26,1
0.02153,1.650139645e-26,1
0.02154,1.504760837e-26,1
0.02155,1.371919488e-26,1
0.02156,1.250558123e-26,1
0.02157,1.139706416e-26,1
0.02158,1.038474182e-26,1
0.02159,9.460449163e-27,1
0.0216,8.616698398e-27,1
0.02161,7.846624163e-27,1
0.02162,7.143933011e-27,1
0.02163,6.502856893e-27,1
0.02164,5.918110339e-27,1
0.02165,5.38485103e-27,1
0.02166,4.898643526e-27,1
0.02167,4.455425878e-27,1
0.02168,4.05147892e-27,1
0.02169,3.683398017e-27,1
0.0217,3.348067092e-27,1
0.02171,3.042634737e-27,1
0.02172,2.764492261e-27,1
0.02173,2.511253509e-27,1
0.02174,2.280736321e-27,1
0.02175,2.070945496e-27,1
0.02176,1.880057147e-27,1
0.02177,1.706404329e-27,1
0.02178,1.54846385e-27,1
0.02179,1.404844157e-27,1
0.0218,1.274274223e-27,1
0.02181,1.155593347e-27,1
0.02182,1.047741797e-27,1
0.02183,9.497522296e-28,1
0.02184,8.607418171e-28,1
0.02185,7.799050339e-28,1
0.02186,7.065070413e-28,1
0.02187,6.398776255e-28,1
0.02188,5.794056436e-28,1
0.02189,5.245339349e-28,1
0.0219,4.747546609e-28,1
0.02191,4.296050374e-28,1
0.02192,3.886634276e-28,1
0.02193,3.515457661e-28,1
0.02194,3.179022859e-28,1
0.02195,2.874145244e-28,1
0.02196,2.597925843e-28,1
0.02197,2.347726287e-28,1
0.02198,2.121145903e-28,1
0.02199,1.916000784e-28,1
0.022,1.730304643e-28,1
0.02201,1.562251335e-28,1
0.02202,1.410198878e-28,1
0.02203,1.27265486e-28,1
0.02204,1.148263121e-28,1
0.02205,1.035791583e-28,1
0.02206,9.341211496e-29,1
0.02207,8.422355728e-29,1
0.02208,7.592122076e-29,1
0.02209,6.8421358e-29,1
0.0221,6.164796962e-29,1
0.02211,5.553210313e-29,1
0.02212,5.001121371e-29,1
0.02213,4.502858172e-29,1
0.02214,4.053278196e-29,1
0.02215,3.647720017e-29,1
0.02216,3.281959266e-29,1
0.02217,2.952168544e-29,1
0.02218,2.654880917e-29,1
0.02219,2.3869567e-29,1
0.0222,2.145553233e-29,1
0.02221,1.92809738e-29,1
0.02222,1.732260527e-29,1
0.02223,1.555935837e-29,1
0.02224,1.397217584e-29,1
0.02225,1.254382358e-29,1
0.02226,1.125872001e-29,1
0.02227,1.010278093e-29,1
0.02228,9.063278717e-30,1
0.02229,8.128714379e-30,1
0.0223,7.288701488e-30,1
0.02231,6.533860798e-30,1
0.02232,5.855724632e-30,1
0.02233,5.246650148e-30,1
0.02234,4.699740681e-30,1
0.02235,4.208774416e-30,1
0.02236,3.768139732e-30,1
0.02237,3.372776612e-30,1
0.02238,3.018123547e-30,1
0.02239,2.700069449e-30,1
0.0224,2.414910093e-30,1
0.02241,2.159308692e-30,1
0.02242,1.930260199e-30,1
0.02243,1.725059007e-30,1
0.02244,1.541269729e-30,1
0.02245,1.376700764e-30,1
0.02246,1.229380394e-30,1
0.02247,1.097535179e-30,1
0.02248,9.795704229e-31,1
0.02249,8.740525288e-31,1
0.0225,7.796930551e-31,1
0.02251,6.953343185e-31,1
0.02252,6.199363933e-31,1
0.02253,5.525653769e-31,1
0.02254,4.923827993e-31,1
0.02255,4.386360687e-31,1
0.02256,3.906498533e-31,1
0.02257,3.478183096e-31,1
0.02258,3.095980766e-31,1
0.02259,2.755019613e-31,1
0.0226,2.450932488e-31,1
0.02261,2.179805772e-31,1
0.02262,1.938133219e-31,1
0.02263,1.722774397e-31,1
0.02264,1.530917282e-31,1
0.02265,1.360044599e-31,1
0.02266,1.207903543e-31,1
0.02267,1.07247854e-31,1
0.02268,9.519667602e-32,1
0.02269,8.447561108e-32,1
0.0227,7.494054496e-32,1
0.02271,6.646268158e-32,1
0.02272,5.892694682e-32,1
0.02273,5.22305552e-32,1
0.02274,4.628172334e-32,1
0.02275,4.099851533e-32,1
0.02276,3.630780677e-32,1
0.02277,3.214435569e-32,1
0.02278,2.844996936e-32,1
0.02279,2.517275744e-32,1
0.0228,2.226646265e-32,1
0.02281,1.968986108e-32,1
0.02282,1.740622511e-32,1
0.02283,1.538284243e-32,1
0.02284,1.359058555e-32,1
0.02285,1.200352644e-32,1
0.02286,1.05985919e-32,1
0.02287,9.355255202e-33,1
0.02288,8.255260462e-33,1
0.02289,7.282376179e-33,1
0.0229,6.422175051e-33,1
0.02291,5.661837242e-33,1
0.02292,4.989974683e-33,1
0.02293,4.396474196e-33,1
0.02294,3.872357475e-33,1
0.02295,3.409656137e-33,1
0.02296,3.001300269e-33,1
0.02297,2.641019023e-33,1
0.02298,2.323252004e-33,1
0.02299,2.043070292e-33,1
0.023,1.796106067e-33,1
0.02301,1.57848993e-33,1
0.02302,1.386795093e-33,1
0.02303,1.217987688e-33,1
0.02304,1.069382554e-33,1
0.02305,9.386039039e-34,1
0.02306,8.235503397e-34,1
0.02307,7.223637473e-34,1
0.02308,6.33401653e-34,1
0.02309,5.552126587e-34,1
0.0231,4.86514623e-34,1
0.02311,4.261752856e-34,1
0.02312,3.731950685e-34,1
0.02313,3.266918119e-34,1
0.02314,2.858872344e-34,1
0.02315,2.500949238e-34,1
0.02316,2.187096902e-34,1
0.02317,1.911981305e-34,1
0.02318,1.670902676e-34,1
0.02319,1.45972145e-34,1
0.0232,1.274792706e-34,1
0.02321,1.112908126e-34,1
0.02322,9.712446422e-35,1
0.02323,8.473190088e-35,1
0.02324,7.389476328e-35,1
0.02325,6.442110636e-35,1
0.02326,5.614226131e-35,1
0.02327,4.891006348e-35,1
0.02328,4.25944043e-35,1
0.02329,3.708107009e-35,1
0.0233,3.226983482e-35,1
0.02331,2.807277748e-35,1
0.02332,2.441279815e-35,1
0.02333,2.122230974e-35,1
0.02334,1.844208504e-35,1
0.02335,1.602024091e-35,1
0.02336,1.391134367e-35,1
0.02337,1.207562147e-35,1
0.02338,1.047827115e-35,1
0.02339,9.088848334e-36,1
0.0234,7.880731122e-36,1
0.02341,6.830648511e-36,1
0.02342,5.918265982e-36,1
0.02343,5.125821403e-36,1
0.02344,4.437805268e-36,1
0.02345,3.840679969e-36,1
0.02346,3.322633429e-36,1
0.02347,2.873362962e-36,1
0.02348,2.483885729e-36,1
0.02349,2.146372567e-36,1
0.0235,1.85400237e-36,1
0.02351,1.600834523e-36,1
0.02352,1.381697193e-36,1
0.02353,1.192089543e-36,1
0.02354,1.028096163e-36,1
0.02355,8.863122224e-37,1
0.02356,7.637780209e-37,1
0.02357,6.57921785e-37,1
0.02358,5.665096841e-37,1
0.02359,4.876021755e-37,1
0.0236,4.195158904e-37,1
0.02361,3.607903689e-37,1
0.02362,3.101590405e-37,1
0.02363,2.665239166e-37,1
0.02364,2.289335285e-37,1
0.02365,1.96563703e-37,1
0.02366,1.687008169e-37,1
0.02367,1.447272159e-37,1
0.02368,1.241085241e-37,1
0.02369,1.063826022e-37,1
0.0237,9.114994517e-38,1
0.02371,7.806533386e-38,1
0.02372,6.683058097e-38,1
0.02373,5.718822929e-38,1
0.02374,4.891608018e-38,1
0.02375,4.182244451e-38,1
0.02376,3.574202235e-38,1
0.02377,3.053232973e-38,1
0.02378,2.607060106e-38,1
0.02379,2.22511049e-38,1
0.0238,1.898281909e-38,1
0.02381,1.618741774e-38,1
0.02382,1.379752911e-38,1
0.02383,1.175522858e-38,1
0.02384,1.001073539e-38,1
0.02385,8.521286229e-39,1
0.02386,7.25016198e-39,1
0.02387,6.165847249e-39,1
0.02388,5.241304774e-39,1
0.02389,4.453349353e-39,1
0.0239,3.782107846e-39,1
0.02391,3.210553625e-39,1
0.02392,2.724105378e-39,1
0.02393,2.310281538e-39,1
0.02394,1.95840273e-39,1
0.02395,1.659335702e-39,1
0.02396,1.405273042e-39,1
0.02397,1.189543762e-39,1
0.02398,1.006450506e-39,1
0.02399,8.511296959e-40,1
0.024,7.194314351e-40,1
0.02401,6.078164374e-40,1
0.02402,5.13267594e-40,1
0.02403,4.332141432e-40,1
0.02404,3.654666739e-40,1
0.02405,3.081614405e-40,1
0.02406,2.597126789e-40,1
0.02407,2.187717914e-40,1
0.02408,1.841924286e-40,1
0.02409,1.550006299e-40,1
0.0241,1.303693019e-40,1
0.02411,1.095964146e-40,1
0.02412,9.20863834e-41,1
0.02413,7.733417859e-41,1
0.02414,6.491176899e-41,1
0.02415,5.445656327e-41,1
0.02416,4.566155878e-41,1
0.02417,3.826694991e-41,1
0.02418,3.205298337e-41,1
0.02419,2.683387794e-41,1
0.0242,2.245265277e-41,1
0.02421,1.877673067e-41,1
0.02422,1.569420206e-41,1
0.02423,1.311065197e-41,1
0.02424,1.09464666e-41,1
0.02425,9.134548026e-42,1
0.02426,7.61837636e-42,1
0.02427,6.350367229e-42,1
0.02428,5.290480374e-42,1
0.02429,4.405041557e-42,1
0.0243,3.665745601e-42,1
0.02431,3.048813151e-42,1
0.02432,2.53427784e-42,1
0.02433,2.105383999e-42,1
0.02434,1.748078052e-42,1
0.02435,1.450579237e-42,1
0.02436,1.203017495e-42,1
0.02437,9.971281617e-43,1
0.02438,8.259947133e-43,1
0.02439,6.838320982e-43,1
0.0244,5.658043701e-43,1
0.02441,4.678712663e-43,1
0.02442,3.86659213e-43,1
0.02443,3.193529269e-43,1
0.02444,2.636043764e-43,1
0.02445,2.174563651e-43,1
0.02446,1.792784254e-43,1
0.02447,1.477130697e-43,1
0.02448,1.216307508e-43,1
0.02449,1.000921435e-43,1
0.0245,8.2316574e-44,1
0.02451,6.76556113e-44,1
0.02452,5.557098928e-44,1
0.02453,4.561615999e-44,1
0.02454,3.742089011e-44,1
0.02455,3.067840615e-44,1
0.02456,2.513467308e-44,1
0.02457,2.057945764e-44,1
0.02458,1.683888376e-44,1
0.02459,1.376923471e-44,1
0.0246,1.125179635e-44,1
0.02461,9.188569246e-45,1
0.02462,7.498705358e-45,1
0.02463,6.115548831e-45,1
0.02464,4.984179894e-45,1
0.02465,4.059377656e-45,1
0.02466,3.303931411e-45,1
0.02467,2.687241714e-45,1
0.02468,2.184162249e-45,1
0.02469,1.774041643e-45,1
0.0247,1.439931237e-45,1
0.02471,1.167930473e-45,1
0.02472,9.466463587e-46,1
0.02473,7.667474167e-46,1
0.02474,6.205958457e-46,1
0.02475,5.019443799e-46,1
0.02476,4.056866344e-46,1
0.02477,3.276516364e-46,1
0.02478,2.644348369e-46,1
0.02479,2.132592188e-46,1
0.0248,1.718612199e-46,1
0.02481,1.383971009e-46,1
0.02482,1.113661484e-46,1
0.02483,8.95477279e-47,1
0.02484,7.194972635e-47,1
0.02485,5.776635287e-47,1
0.02486,4.634362281e-47,1
0.02487,3.715114696e-47,1
0.02488,2.975909016e-47,1
0.02489,2.38193658e-47,1
0.0249,1.90502985e-47,1
0.02491,1.522412448e-47,1
0.02492,1.215681201e-47,1
0.02493,9.699777474e-48,1
0.02494,7.733149002e-48,1
0.02495,6.160292617e-48,1
0.02496,4.903367678e-48,1
0.02497,3.89972074e-48,1
0.02498,3.098961923e-48,1
0.02499,2.46059641e-48,1
0.025,1.952107159e-48,1
0.02501,1.547404046e-48,1
0.02502,1.225570416e-48,1
0.02503,9.698507665e-49,1
0.02504,7.66833846e-49,1
0.02505,6.057939562e-49,1
0.02506,4.781602443e-49,1
0.02507,3.770894619e-49,1
0.02508,2.971222949e-49,1
0.02509,2.339071432e-49,1
0.0251,1.839782934e-49,1
0.02511,1.445779213e-49,1
0.02512,1.135133812e-49,1
0.02513,8.904288312e-50,1
0.02514,6.978398809e-50,1
0.02515,5.464042834e-50,1
0.02516,4.274363317e-50,1
0.02517,3.340604511e-50,1
0.02518,2.608388125e-50,1
0.02519,2.034745463e-50,1
0.0252,1.585754151e-50,1
0.02521,1.234657952e-50,1
0.02522,9.60372243e-51,1
0.02523,7.462971048e-51,1
0.02524,5.793755619e-51,1
0.02525,4.493470102e-51,1
0.02526,3.481559196e-51,1
0.02527,2.694839449e-51,1
0.02528,2.083800321e-51,1
0.02529,1.609682668e-51,1
0.0253,1.242173425e-51,1
0.02531,9.575882256e-52,1
0.02532,7.374400506e-52,1
0.02533,5.673129897e-52,1
0.02534,4.359769259e-52,1
0.02535,3.346922832e-52,1
0.02536,2.566645676e-52,1
0.02537,1.966168486e-52,1
0.02538,1.504550131e-52,1
0.02539,1.150059209e-52,1
0.0254,8.781279185e-53,1
0.02541,6.697547757e-53,1
0.02542,5.102589826e-53,1
0.02543,3.883100375e-53,1
0.02544,2.951725458e-53,1
0.02545,2.241191222e-53,1
0.02546,1.699744513e-53,1
0.02547,1.287615791e-53,1
0.02548,9.742780791e-54,1
0.02549,7.363250745e-54,1
0.0255,5.558303431e-54,1
0.02551,4.19079914e-54,1
0.02552,3.155943739e-54,1
0.02553,2.373751743e-54,1
0.02554,1.78324392e-54,1
0.02555,1.337985283e-54,1
0.02556,1.002657747e-54,1
0.02557,7.504305229e-55,1
0.02558,5.609449154e-55,1
0.02559,4.187717547e-55,1
0.0256,3.122320064e-55,1
0.02561,2.324961157e-55,1
0.02562,1.728970314e-55,1
0.02563,1.28406844e-55,1
0.02564,9.523855356e-56,1
0.02565,7.054342015e-56,1
0.02566,5.218123891e-56,1
0.02567,3.854618473e-56,1
0.02568,2.843494969e-56,1
0.02569,2.094702876e-56,1
0.0257,1.5409412e-56,1
0.02571,1.131978241e-56,1
0.02572,8.303727571e-57,1
0.02573,6.082549591e-57,1
0.02574,4.449080374e-57,1
0.02575,3.24953536e-57,1
0.02576,2.369916371e-57,1
0.02577,1.725836886e-57,1
0.02578,1.254918712e-57,1
0.02579,9.111180089e-58,1
0.0258,6.604969753e-58,1
0.02581,4.780772656e-58,1
0.02582,3.455017146e-58,1
0.02583,2.492992007e-58,1
0.02584,1.795989292e-58,1
0.02585,1.291791121e-58,1
0.02586,9.276410582e-59,1
0.02587,6.650588315e-59,1
0.02588,4.760206792e-59,1
0.02589,3.401498942e-59,1
0.0259,2.426535411e-59,1
0.02591,1.728094935e-59,1
0.02592,1.228587292e-59,1
0.02593,8.719560015e-60,1
0.02594,6.177685745e-60,1
0.02595,4.36910197e-60,1
0.02596,3.084508664e-60,1
0.02597,2.173699209e-60,1
0.02598,1.52906028e-60,1
0.02599,1.073626965e-60,1
0.026,7.524500317e-61,1
0.02601,5.263674671e-61,1
0.02602,3.675183819e-61,1
0.02603,2.561174296e-61,1
0.02604,1.781396074e-61,1
0.02605,1.236614207e-61,1
0.02606,8.567444546e-62,1
0.02607,5.923828705e-62,1
0.02608,4.08769451e-62,1
0.02609,2.814942899e-62,1
0.0261,1.934489009e-62,1
0.02611,1.326656817e-62,1
0.02612,9.078968806e-63,1
0.02613,6.199973532e-63,1
0.02614,4.224819119e-63,1
0.02615,2.872637205e-63,1
0.02616,1.94893354e-63,1
0.02617,1.319307037e-63,1
0.02618,8.910788557e-64,1
0.02619,6.004770459e-64,1
0.0262,4.037151833e-64,1
0.02621,2.707948032e-64,1
0.02622,1.812091328e-64,1
0.02623,1.209712216e-64,1
0.02624,8.056265217e-65,1
0.02625,5.352077353e-65,1
0.02626,3.546785544e-65,1
0.02627,2.344542589e-65,1
0.02628,1.545889455e-65,1
0.02629,1.016674773e-65,1
0.0263,6.668910345e-66,1
0.02631,4.362973311e-66,1
0.02632,2.846757105e-66,1
0.02633,1.852437143e-66,1
0.02634,1.202116274e-66,1
0.02635,7.779358773e-67,1
0.02636,5.020182693e-67,1
0.02637,3.230407942e-67,1
0.02638,2.072720402e-67,1
0.02639,1.326027713e-67,1
0.0264,8.45815525e-68,1
0.02641,5.378883577e-68,1
0.02642,3.410232182e-68,1
0.02643,2.155423088e-68,1
0.02644,1.358059937e-68,1
0.02645,8.529504146e-69,1
0.02646,5.339827652e-69,1
0.02647,3.332030838e-69,1
0.02648,2.072279517e-69,1
0.02649,1.284469952e-69,1
0.0265,7.934400011e-70,1
0.02651,4.88423412e-70,1
0.02652,2.996044528e-70,1
0.02653,1.831243401e-70,1
0.02654,1.11523382e-70,1
0.02655,6.76679889e-71,1
0.02656,4.090467049e-71,1
0.02657,2.463252809e-71,1
0.02658,1.477627744e-71,1
0.02659,8.829047691e-72,1
0.0266,5.25445362e-72,1
0.02661,3.114422266e-72,1
0.02662,1.838375613e-72,1
0.02663,1.080606606e-72,1
0.02664,6.3247966e-73,1
0.02665,3.685863009e-73,1
0.02666,2.138517003e-73,1
0.02667,1.23518895e-73,1
0.02668,7.101769571e-74,1
0.02669,4.064213882e-74,1
0.0267,2.314869952e-74,1
0.02671,1.31213609e-74,1
0.02672,7.401068877e-75,1
0.02673,4.153681113e-75,1
0.02674,2.319282354e-75,1
0.02675,1.288288709e-75,1
0.02676,7.118162155e-76,1
0.02677,3.911760399e-76,1
0.02678,2.137860836e-76,1
0.02679,1.161825826e-76,1
0.0268,6.277793372e-77,1
0.02681,3.372296192e-77,1
0.02682,1.800709511e-77,1
0.02683,9.556647335e-78,1
0.02684,5.040274438e-78,1
0.02685,2.641376254e-78,1
0.02686,1.375220761e-78,1
0.02687,7.11241353e-79,1
0.02688,3.653406636e-79,1
0.02689,1.86357547e-79,1
0.0269,9.438279299e-80,1
0.02691,4.745278289e-80,1
0.02692,2.367973395e-80,1
0.02693,1.172622973e-80,1
0.02694,5.761338078e-81,1
0.02695,2.807923105e-81,1
0.02696,1.357231159e-81,1
0.02697,6.504819065e-82,1
0.02698,3.090518559e-82,1
0.02699,1.455257491e-82,1
0.027,6.789748693e-83,1
0.02701,3.138058593e-83,1
0.02702,1.436298812e-83,1
0.02703,6.508521135e-84,1
0.02704,2.919073562e-84,1
0.02705,1.295382635e-84,1
0.02706,5.685907061e-85,1
0.02707,2.467750209e-85,1
0.02708,1.058633737e-85,1
0.02709,4.487126991e-86,1
0.0271,1.878430557e-86,1
0.02711,7.763230953e-87,1
0.02712,3.166040741e-87,1
0.02713,1.273538229e-87,1
0.02714,5.050236852e-88,1
0.02715,1.97326535e-88,1
0.02716,7.592569387e-89,1
0.02717,2.875158471e-89,1
0.02718,1.070848587e-89,1
0.02719,3.920062606e-90,1
0.0272,1.40942583e-90,1
0.02721,4.973244628e-91,1
0.02722,1.7207839e-91,1
0.02723,5.833330072e-92,1
0.02724,1.935517251e-92,1
0.02725,6.279476452e-93,1
0.02726,1.989836182e-93,1
0.02727,6.15124308e-94,1
0.02728,1.852691387e-94,1
0.02729,5.429193986e-95,1
0.0273,1.545634895e-95,1
0.02731,4.267851758e-96,1
0.02732,1.140965586e-96,1
0.02733,2.947529174e-97,1
0.02734,7.342627292e-98,1
0.02735,1.759759464e-98,1
0.02736,4.047337616e-99,1
0.02737,8.908392547e-100,1
0.02738,1.870779826e-100,1
0.02739,3.735796319e-101,1
0.0274,7.067559548e-102,1
0.02741,1.261511704e-102,1
0.02742,2.114705379e-103,1
0.02743,3.312074782e-104,1
0.02744,4.818382047e-105,1
0.02745,6.467713497e-106,1
0.02746,7.948682958e-107,1
0.02747,8.863485243e-108,1
0.02748,8.871417532e-109,1
0.02749,7.86597664e-110,1
0.0275,6.077738166e-111,1
0.02751,4.006061878e-112,1
0.02752,2.18862937e-113,1
0.02753,9.508698753e-115,1
0.02754,3.078207666e-116,1
0.02755,6.596771446e-118,1
0.02756,7.015898035e-120,1
