t,sbr
0,-6.221453959e-06
5.882352941e-13,-6.212013566e-06
1.176470588e-12,-6.218259842e-06
1.764705882e-12,-6.237027609e-06
2.352941176e-12,-6.265700258e-06
2.941176471e-12,-6.302109338e-06
3.529411765e-12,-6.344452836e-06
4.117647059e-12,-6.391228766e-06
4.705882353e-12,-6.441181294e-06
5.294117647e-12,-6.493257093e-06
5.882352941e-12,-6.546570071e-06
6.470588235e-12,-6.600372911e-06
7.058823529e-12,-6.654034144e-06
7.647058824e-12,-6.70701973e-06
8.235294118e-12,-6.758878255e-06
8.823529412e-12,-6.80922905e-06
9.411764706e-12,-6.857752653e-06
1e-11,-6.904183123e-06
1.058823529e-11,-6.948301815e-06
1.117647059e-11,-6.989932307e-06
1.176470588e-11,-7.028936207e-06
1.235294118e-11,-7.06520964e-06
1.294117647e-11,-7.098680243e-06
1.352941176e-11,-7.129304534e-06
1.411764706e-11,-7.157065569e-06
1.470588235e-11,-7.181970796e-06
1.529411765e-11,-7.20405005e-06
1.588235294e-11,-7.223353672e-06
1.647058824e-11,-7.239950704e-06
1.705882353e-11,-7.253927163e-06
1.764705882e-11,-7.265384382e-06
1.823529412e-11,-7.274437434e-06
1.882352941e-11,-1.546792287e-06
1.941176471e-11,-1.588407201e-06
2e-11,-1.617789901e-06
2.058823529e-11,-1.637411213e-06
2.117647059e-11,-1.64927711e-06
2.176470588e-11,-1.655013585e-06
2.235294118e-11,-1.65593627e-06
2.294117647e-11,-1.653107517e-06
2.352941176e-11,-1.647383199e-06
2.411764706e-11,-1.639451071e-06
2.470588235e-11,-1.629862193e-06
2.529411765e-11,-1.619056657e-06
2.588235294e-11,-1.607384644e-06
2.647058824e-11,-1.59512362e-06
2.705882353e-11,-1.582492392e-06
2.764705882e-11,-1.569662549e-06
2.823529412e-11,-1.556767779e-06
2.882352941e-11,-1.543911428e-06
2.941176471e-11,-1.531172623e-06
3e-11,-1.518611211e-06
3.058823529e-11,-1.506271737e-06
3.117647059e-11,-1.494186631e-06
3.176470588e-11,-1.482378758e-06
3.235294118e-11,-1.470863446e-06
3.294117647e-11,-1.459650101e-06
3.352941176e-11,-1.448743484e-06
3.411764706e-11,-1.438144727e-06
3.470588235e-11,-1.427852139e-06
3.529411765e-11,-1.417861849e-06
3.588235294e-11,-1.408168322e-06
3.647058824e-11,-1.39876478e-06
3.705882353e-11,-1.389643548e-06
3.764705882e-11,-1.381257253e-06
3.823529412e-11,-1.373965729e-06
3.882352941e-11,-1.367592589e-06
3.941176471e-11,-1.361992892e-06
4e-11,-1.3570475e-06
4.058823529e-11,-1.352658462e-06
4.117647059e-11,-1.348745204e-06
4.176470588e-11,-1.345241408e-06
4.235294118e-11,-1.342092424e-06
4.294117647e-11,-1.339253132e-06
4.352941176e-11,-1.336686162e-06
4.411764706e-11,-1.334360402e-06
4.470588235e-11,-1.332249754e-06
4.529411765e-11,-1.330332071e-06
4.588235294e-11,-1.328588266e-06
4.647058824e-11,-1.327001547e-06
4.705882353e-11,-1.325556778e-06
4.764705882e-11,-1.324239927e-06
4.823529412e-11,-1.323037619e-06
4.882352941e-11,-1.321936765e-06
4.941176471e-11,-1.320924269e-06
5e-11,-1.319986814e-06
5.058823529e-11,-1.319110715e-06
5.117647059e-11,-1.318281846e-06
5.176470588e-11,-1.317485625e-06
5.235294118e-11,-1.316707066e-06
5.294117647e-11,-1.315930883e-06
5.352941176e-11,-1.315141642e-06
5.411764706e-11,-1.314323957e-06
5.470588235e-11,-1.313462716e-06
5.529411765e-11,-1.312543329e-06
5.588235294e-11,-1.31155199e-06
5.647058824e-11,-1.310475935e-06
5.705882353e-11,-1.309303701e-06
5.764705882e-11,-1.308025349e-06
5.823529412e-11,-1.30663267e-06
5.882352941e-11,-1.30511935e-06
5.941176471e-11,-1.30348108e-06
6e-11,-1.301715629e-06
6.058823529e-11,-1.299822855e-06
6.117647059e-11,-1.297804659e-06
6.176470588e-11,-1.295664893e-06
6.235294118e-11,-1.293409209e-06
6.294117647e-11,-1.291044869e-06
6.352941176e-11,-1.288580516e-06
6.411764706e-11,-1.28602591e-06
6.470588235e-11,-1.283391651e-06
6.529411765e-11,-1.280688889e-06
6.588235294e-11,-1.277929037e-06
6.647058824e-11,-1.275123495e-06
6.705882353e-11,-1.272283392e-06
6.764705882e-11,-1.269419368e-06
6.823529412e-11,-1.266541377e-06
6.882352941e-11,-1.26365855e-06
6.941176471e-11,-1.260779092e-06
7e-11,-1.257910227e-06
7.058823529e-11,-1.255058196e-06
7.117647059e-11,-1.252228293e-06
7.176470588e-11,-1.249424935e-06
7.235294118e-11,-1.246651776e-06
7.294117647e-11,-1.243911831e-06
7.352941176e-11,-1.241207624e-06
7.411764706e-11,-1.238541338e-06
7.470588235e-11,-1.235914962e-06
7.529411765e-11,-1.233330427e-06
7.588235294e-11,-1.230789716e-06
7.647058824e-11,-1.228294953e-06
7.705882353e-11,-1.225848455e-06
7.764705882e-11,-1.223452749e-06
7.823529412e-11,-1.221110551e-06
7.882352941e-11,-1.218824706e-06
7.941176471e-11,-1.216598099e-06
8e-11,-1.214433529e-06
8.058823529e-11,-1.212333564e-06
8.117647059e-11,-1.210300378e-06
8.176470588e-11,-1.208335582e-06
8.235294118e-11,-1.206440051e-06
8.294117647e-11,-1.204613772e-06
8.352941176e-11,-1.202855703e-06
8.411764706e-11,-1.201163665e-06
8.470588235e-11,-1.199534265e-06
8.529411765e-11,-1.197962867e-06
8.588235294e-11,-1.196443601e-06
8.647058824e-11,-1.194969421e-06
8.705882353e-11,-1.193532211e-06
8.764705882e-11,-1.192122933e-06
8.823529412e-11,-1.190731814e-06
8.882352941e-11,-1.189348565e-06
8.941176471e-11,-1.187962632e-06
9e-11,-1.186563454e-06
9.058823529e-11,-1.185140734e-06
9.117647059e-11,-1.183684705e-06
9.176470588e-11,-1.182186379e-06
9.235294118e-11,-1.180637778e-06
9.294117647e-11,-1.179032132e-06
9.352941176e-11,-1.177364029e-06
9.411764706e-11,-1.175629536e-06
9.470588235e-11,-1.173826258e-06
9.529411765e-11,-1.171953356e-06
9.588235294e-11,-1.170011508e-06
9.647058824e-11,-1.168002829e-06
9.705882353e-11,-1.165930747e-06
9.764705882e-11,-1.16379984e-06
9.823529412e-11,-1.16161565e-06
9.882352941e-11,-1.159384468e-06
9.941176471e-11,-1.157113117e-06
1e-10,-1.154808731e-06
1.005882353e-10,-1.152478536e-06
1.011764706e-10,-1.150129654e-06
1.017647059e-10,-1.14776893e-06
1.023529412e-10,-1.145402781e-06
1.029411765e-10,-1.143037091e-06
1.035294118e-10,-1.140677129e-06
1.041176471e-10,-1.13832752e-06
1.047058824e-10,-1.135992236e-06
1.052941176e-10,-1.133674634e-06
1.058823529e-10,-1.131377515e-06
1.064705882e-10,-1.129103206e-06
1.070588235e-10,-1.126853665e-06
1.076470588e-10,-1.124630585e-06
1.082352941e-10,-1.122435509e-06
1.088235294e-10,-1.120269928e-06
1.094117647e-10,-1.118135374e-06
1.1e-10,-1.11603349e-06
1.105882353e-10,-1.113966072e-06
1.111764706e-10,-1.111935086e-06
1.117647059e-10,-1.109942657e-06
1.123529412e-10,-1.107991023e-06
1.129411765e-10,-1.10608246e-06
1.135294118e-10,-1.10421919e-06
1.141176471e-10,-1.102403254e-06
1.147058824e-10,-1.100636386e-06
1.152941176e-10,-1.098919866e-06
1.158823529e-10,-1.097254378e-06
1.164705882e-10,-1.09563988e-06
1.170588235e-10,-1.094075475e-06
1.176470588e-10,-1.092559317e-06
1.182352941e-10,-1.091088538e-06
1.188235294e-10,-1.08965921e-06
1.194117647e-10,-1.088266337e-06
1.2e-10,-1.086903891e-06
1.205882353e-10,-1.085564883e-06
1.211764706e-10,-1.084241469e-06
1.217647059e-10,-1.082925091e-06
1.223529412e-10,-1.081606642e-06
1.229411765e-10,-1.080276655e-06
1.235294118e-10,-1.078925511e-06
1.241176471e-10,-1.077543646e-06
1.247058824e-10,-1.076121766e-06
1.252941176e-10,-1.074651051e-06
1.258823529e-10,-1.07312334e-06
1.264705882e-10,-1.0715313e-06
1.270588235e-10,-1.069868567e-06
1.276470588e-10,-1.068129853e-06
1.282352941e-10,-1.06631102e-06
1.288235294e-10,-1.064409126e-06
1.294117647e-10,-1.062422426e-06
1.3e-10,-1.060350349e-06
1.305882353e-10,-1.058193445e-06
1.311764706e-10,-1.055953306e-06
1.317647059e-10,-1.053632469e-06
1.323529412e-10,-1.051234309e-06
1.329411765e-10,-1.048762922e-06
1.335294118e-10,-1.046223012e-06
1.341176471e-10,-1.043619778e-06
1.347058824e-10,-1.040958815e-06
1.352941176e-10,-1.038246032e-06
1.358823529e-10,-1.03548758e-06
1.364705882e-10,-1.032689804e-06
1.370588235e-10,-1.029859211e-06
1.376470588e-10,-1.027002459e-06
1.382352941e-10,-1.024126354e-06
1.388235294e-10,-1.021237862e-06
1.394117647e-10,-1.018344129e-06
1.4e-10,-1.0154525e-06
1.405882353e-10,-1.012570532e-06
1.411764706e-10,-1.009705997e-06
1.417647059e-10,-1.006866877e-06
1.423529412e-10,-1.004061334e-06
1.429411765e-10,-1.001297659e-06
1.435294118e-10,-9.985841943e-07
1.441176471e-10,-9.95929241e-07
1.447058824e-10,-9.933409308e-07
1.452941176e-10,-9.908270842e-07
1.458823529e-10,-9.883950488e-07
1.464705882e-10,-9.860515265e-07
1.470588235e-10,-9.838023947e-07
1.476470588e-10,-9.816525293e-07
1.482352941e-10,-9.796056368e-07
1.488235294e-10,-9.776641039e-07
1.494117647e-10,-9.758288715e-07
1.5e-10,-9.740993394e-07
1.505882353e-10,-9.72473309e-07
1.511764706e-10,-9.709469676e-07
1.517647059e-10,-9.695149164e-07
1.523529412e-10,-9.681702443e-07
1.529411765e-10,-9.66904647e-07
1.535294118e-10,-9.657085868e-07
1.541176471e-10,-9.645714901e-07
1.547058824e-10,-9.634819758e-07
1.552941176e-10,-9.624281065e-07
1.558823529e-10,-9.613976543e-07
1.564705882e-10,-9.603783706e-07
1.570588235e-10,-9.593582516e-07
1.576470588e-10,-9.583257874e-07
1.582352941e-10,-9.572701889e-07
1.588235294e-10,-9.561815804e-07
1.594117647e-10,-9.550511548e-07
1.6e-10,-9.538712841e-07
1.605882353e-10,-9.526355827e-07
1.611764706e-10,-9.513389232e-07
1.617647059e-10,-9.499774052e-07
1.623529412e-10,-9.485482805e-07
1.629411765e-10,-9.470498404e-07
1.635294118e-10,-9.454812714e-07
1.641176471e-10,-9.438424893e-07
1.647058824e-10,-9.421339584e-07
1.652941176e-10,-9.403565089e-07
1.658823529e-10,-9.385111598e-07
1.664705882e-10,-9.365989589e-07
1.670588235e-10,-9.346208471e-07
1.676470588e-10,-9.325775557e-07
1.682352941e-10,-9.304695411e-07
1.688235294e-10,-9.282969617e-07
1.694117647e-10,-9.260596978e-07
1.7e-10,-9.237574136e-07
1.705882353e-10,-9.21389659e-07
1.711764706e-10,-9.18956005e-07
1.717647059e-10,-9.164562064e-07
1.723529412e-10,-9.13890382e-07
1.729411765e-10,-9.112592035e-07
1.735294118e-10,-9.085640811e-07
1.741176471e-10,-9.058073358e-07
1.747058824e-10,-9.029923479e-07
1.752941176e-10,-9.001236705e-07
1.758823529e-10,-8.972071008e-07
1.764705882e-10,-8.942497024e-07
1.770588235e-10,-8.912597734e-07
1.776470588e-10,-8.882467575e-07
1.782352941e-10,-8.852211004e-07
1.788235294e-10,-8.821940521e-07
1.794117647e-10,-8.791774216e-07
1.8e-10,-8.761832919e-07
1.805882353e-10,-8.732237042e-07
1.811764706e-10,-8.70310323e-07
1.817647059e-10,-8.674540955e-07
1.823529412e-10,-8.646649162e-07
1.829411765e-10,-8.619513128e-07
1.835294118e-10,-8.593201634e-07
1.841176471e-10,-8.567764588e-07
1.847058824e-10,-8.543231187e-07
1.852941176e-10,-8.519608696e-07
1.858823529e-10,-8.496881923e-07
1.864705882e-10,-8.475013388e-07
1.870588235e-10,-8.453944223e-07
1.876470588e-10,-8.433595744e-07
1.882352941e-10,-8.41387168e-07
1.888235294e-10,-8.39466095e-07
1.894117647e-10,-8.37584091e-07
1.9e-10,-8.357280948e-07
1.905882353e-10,-8.338846296e-07
1.911764706e-10,-8.32040193e-07
1.917647059e-10,-8.301816421e-07
1.923529412e-10,-8.282965594e-07
1.929411765e-10,-8.263735886e-07
1.935294118e-10,-8.244027282e-07
1.941176471e-10,-8.223755749e-07
1.947058824e-10,-8.202855092e-07
1.952941176e-10,-8.18127819e-07
1.958823529e-10,-8.158997591e-07
1.964705882e-10,-8.136005489e-07
1.970588235e-10,-8.112313082e-07
1.976470588e-10,-8.087949402e-07
1.982352941e-10,-8.062959665e-07
1.988235294e-10,-8.037403236e-07
1.994117647e-10,-8.011351319e-07
2e-10,-7.984884458e-07
2.005882353e-10,-7.95808998e-07
2.011764706e-10,-7.931059465e-07
2.017647059e-10,-7.903886342e-07
2.023529412e-10,-7.876663705e-07
2.029411765e-10,-7.849482399e-07
2.035294118e-10,-7.822429443e-07
2.041176471e-10,-7.7955868e-07
2.047058824e-10,-7.769030526e-07
2.052941176e-10,-7.742830267e-07
2.058823529e-10,-7.717049087e-07
2.064705882e-10,-7.691743584e-07
2.070588235e-10,-7.666964228e-07
2.076470588e-10,-7.642755865e-07
2.082352941e-10,-7.619158313e-07
2.088235294e-10,-7.59620697e-07
2.094117647e-10,-7.573933381e-07
2.1e-10,-7.552365686e-07
2.105882353e-10,-7.531528919e-07
2.111764706e-10,-7.51144509e-07
2.117647059e-10,-7.492133061e-07
2.123529412e-10,-7.473608185e-07
2.129411765e-10,-7.455881733e-07
2.135294118e-10,-7.43896013e-07
2.141176471e-10,-7.42284404e-07
2.147058824e-10,-7.407527361e-07
2.152941176e-10,-7.39299618e-07
2.158823529e-10,-7.379227771e-07
2.164705882e-10,-7.366189696e-07
2.170588235e-10,-7.353839076e-07
2.176470588e-10,-7.342122101e-07
2.182352941e-10,-7.330973836e-07
2.188235294e-10,-7.320318341e-07
2.194117647e-10,-7.310069166e-07
2.2e-10,-7.300130196e-07
2.205882353e-10,-7.290396861e-07
2.211764706e-10,-7.280757679e-07
2.217647059e-10,-7.271096092e-07
2.223529412e-10,-7.261292532e-07
2.229411765e-10,-7.251226666e-07
2.235294118e-10,-7.24077973e-07
2.241176471e-10,-7.229836872e-07
2.247058824e-10,-7.218289433e-07
2.252941176e-10,-7.206037068e-07
2.258823529e-10,-7.192989651e-07
2.264705882e-10,-7.179068892e-07
2.270588235e-10,-7.164209608e-07
2.276470588e-10,-7.148360631e-07
2.282352941e-10,-7.131485312e-07
2.288235294e-10,-7.113561641e-07
2.294117647e-10,-7.09458198e-07
2.3e-10,-7.07455245e-07
2.305882353e-10,-7.053492024e-07
2.311764706e-10,-7.031431368e-07
2.317647059e-10,-7.00841151e-07
2.323529412e-10,-6.984482406e-07
2.329411765e-10,-6.959701472e-07
2.335294118e-10,-6.934132153e-07
2.341176471e-10,-6.907842597e-07
2.347058824e-10,-6.880904481e-07
2.352941176e-10,-6.85339204e-07
2.358823529e-10,-6.825381309e-07
2.364705882e-10,-6.796949612e-07
2.370588235e-10,-6.768175275e-07
2.376470588e-10,-6.739137538e-07
2.382352941e-10,-6.709916652e-07
2.388235294e-10,-6.68059409e-07
2.394117647e-10,-6.651252819e-07
2.4e-10,-6.621977579e-07
2.405882353e-10,-6.592855087e-07
2.411764706e-10,-6.563974116e-07
2.417647059e-10,-6.535425371e-07
2.423529412e-10,-6.507301136e-07
2.429411765e-10,-6.479694633e-07
2.435294118e-10,-6.452699085e-07
2.441176471e-10,-6.426406472e-07
2.447058824e-10,-6.400906002e-07
2.452941176e-10,-6.376282327e-07
2.458823529e-10,-6.352613549e-07
2.464705882e-10,-6.329969102e-07
2.470588235e-10,-6.308407567e-07
2.476470588e-10,-6.287974533e-07
2.482352941e-10,-6.268700587e-07
2.488235294e-10,-6.250599532e-07
2.494117647e-10,-6.233666939e-07
2.5e-10,-6.217879099e-07
2.505882353e-10,-6.203192469e-07
2.511764706e-10,-6.18954365e-07
2.517647059e-10,-6.176849953e-07
2.523529412e-10,-6.165010541e-07
2.529411765e-10,-6.153908167e-07
2.535294118e-10,-6.143411444e-07
2.541176471e-10,-6.133377621e-07
2.547058824e-10,-6.123655747e-07
2.552941176e-10,-6.114090162e-07
2.558823529e-10,-6.104524182e-07
2.564705882e-10,-6.094803848e-07
2.570588235e-10,-6.084781635e-07
2.576470588e-10,-6.074319966e-07
2.582352941e-10,-6.063294422e-07
2.588235294e-10,-6.051596536e-07
2.594117647e-10,-6.03913607e-07
2.6e-10,-6.025842699e-07
2.605882353e-10,-6.011667053e-07
2.611764706e-10,-5.996581091e-07
2.617647059e-10,-5.9805778e-07
2.623529412e-10,-5.963670249e-07
2.629411765e-10,-5.945890055e-07
2.635294118e-10,-5.927285334e-07
2.641176471e-10,-5.907918223e-07
2.647058824e-10,-5.887862099e-07
2.652941176e-10,-5.867198609e-07
2.658823529e-10,-5.846014632e-07
2.664705882e-10,-5.824399309e-07
2.670588235e-10,-5.802441247e-07
2.676470588e-10,-5.780226019e-07
2.682352941e-10,-5.757834037e-07
2.688235294e-10,-5.735338875e-07
2.694117647e-10,-5.712806091e-07
2.7e-10,-5.690292565e-07
2.705882353e-10,-5.667846345e-07
2.711764706e-10,-5.645506989e-07
2.717647059e-10,-5.623306325e-07
2.723529412e-10,-5.601269584e-07
2.729411765e-10,-5.579416785e-07
2.735294118e-10,-5.557764303e-07
2.741176471e-10,-5.536326488e-07
2.747058824e-10,-5.51511723e-07
2.752941176e-10,-5.494151374e-07
2.758823529e-10,-5.473445886e-07
2.764705882e-10,-5.453020678e-07
2.770588235e-10,-5.432899049e-07
2.776470588e-10,-5.413107688e-07
2.782352941e-10,-5.393676232e-07
2.788235294e-10,-5.374636378e-07
2.794117647e-10,-5.356020598e-07
2.8e-10,-5.337860502e-07
2.805882353e-10,-5.320184928e-07
2.811764706e-10,-5.303017868e-07
2.817647059e-10,-5.286376313e-07
2.823529412e-10,-5.270268151e-07
2.829411765e-10,-5.254690232e-07
2.835294118e-10,-5.239626696e-07
2.841176471e-10,-5.225047683e-07
2.847058824e-10,-5.210908509e-07
2.852941176e-10,-5.197149363e-07
2.858823529e-10,-5.183695589e-07
2.864705882e-10,-5.170458556e-07
2.870588235e-10,-5.157337118e-07
2.876470588e-10,-5.144219631e-07
2.882352941e-10,-5.130986459e-07
2.888235294e-10,-5.117512895e-07
2.894117647e-10,-5.10367239e-07
2.9e-10,-5.089339977e-07
2.905882353e-10,-5.07439575e-07
2.911764706e-10,-5.058728291e-07
2.917647059e-10,-5.042237879e-07
2.923529412e-10,-5.024839393e-07
2.929411765e-10,-5.006464771e-07
2.935294118e-10,-4.987064949e-07
2.941176471e-10,-4.966611201e-07
2.947058824e-10,-4.945095832e-07
2.952941176e-10,-4.922532212e-07
2.958823529e-10,-4.898954153e-07
2.964705882e-10,-4.874414659e-07
2.970588235e-10,-4.848984128e-07
2.976470588e-10,-4.822748065e-07
2.982352941e-10,-4.795804422e-07
2.988235294e-10,-4.768260678e-07
2.994117647e-10,-4.740230774e-07
3e-10,-4.711832044e-07
3.005882353e-10,-4.683182245e-07
3.011764706e-10,-4.654396818e-07
3.017647059e-10,-4.62558647e-07
3.023529412e-10,-4.596855167e-07
3.029411765e-10,-4.568298589e-07
3.035294118e-10,-4.540003092e-07
3.041176471e-10,-4.512045198e-07
3.047058824e-10,-4.48449157e-07
3.052941176e-10,-4.457399477e-07
3.058823529e-10,-4.430817649e-07
3.064705882e-10,-4.404787476e-07
3.070588235e-10,-4.379344446e-07
3.076470588e-10,-4.354519718e-07
3.082352941e-10,-4.330341734e-07
3.088235294e-10,-4.306837762e-07
3.094117647e-10,-4.284035267e-07
3.1e-10,-4.26196304e-07
3.105882353e-10,-4.240651985e-07
3.111764706e-10,-4.220135546e-07
3.117647059e-10,-4.200449711e-07
3.123529412e-10,-4.181632608e-07
3.129411765e-10,-4.163723695e-07
3.135294118e-10,-4.146762584e-07
3.141176471e-10,-4.130787552e-07
3.147058824e-10,-4.115833823e-07
3.152941176e-10,-4.10193169e-07
3.158823529e-10,-4.089104598e-07
3.164705882e-10,-4.077367256e-07
3.170588235e-10,-4.066723912e-07
3.176470588e-10,-4.057166856e-07
3.182352941e-10,-4.048675249e-07
3.188235294e-10,-4.041214338e-07
3.194117647e-10,-4.034735121e-07
3.2e-10,-4.02917447e-07
3.205882353e-10,-4.02445574e-07
3.211764706e-10,-4.020489844e-07
3.217647059e-10,-4.017176754e-07
3.223529412e-10,-4.01440738e-07
3.229411765e-10,-4.012065753e-07
3.235294118e-10,-4.010031424e-07
3.241176471e-10,-4.008181996e-07
3.247058824e-10,-4.006395677e-07
3.252941176e-10,-4.004553763e-07
3.258823529e-10,-4.002542963e-07
3.264705882e-10,-4.00025747e-07
3.270588235e-10,-3.997600718e-07
3.276470588e-10,-3.99448676e-07
3.282352941e-10,-3.990841247e-07
3.288235294e-10,-3.986601974e-07
3.294117647e-10,-3.981719009e-07
3.3e-10,-3.976154424e-07
3.305882353e-10,-3.969881675e-07
3.311764706e-10,-3.962884681e-07
3.317647059e-10,-3.955156677e-07
3.323529412e-10,-3.946698915e-07
3.329411765e-10,-3.937519294e-07
3.335294118e-10,-3.927631005e-07
3.341176471e-10,-3.917051256e-07
3.347058824e-10,-3.905800154e-07
3.352941176e-10,-3.893899789e-07
3.358823529e-10,-3.881373573e-07
3.364705882e-10,-3.868245833e-07
3.370588235e-10,-3.854541685e-07
3.376470588e-10,-3.840287161e-07
3.382352941e-10,-3.825509563e-07
3.388235294e-10,-3.810237991e-07
3.394117647e-10,-3.794503996e-07
3.4e-10,-3.778342281e-07
3.405882353e-10,-3.761791381e-07
3.411764706e-10,-3.744894256e-07
3.417647059e-10,-3.727698711e-07
3.423529412e-10,-3.7102576e-07
3.429411765e-10,-3.692628751e-07
3.435294118e-10,-3.674874593e-07
3.441176471e-10,-3.657061447e-07
3.447058824e-10,-3.639258505e-07
3.452941176e-10,-3.621536508e-07
3.458823529e-10,-3.603966164e-07
3.464705882e-10,-3.586616371e-07
3.470588235e-10,-3.569552305e-07
3.476470588e-10,-3.552833475e-07
3.482352941e-10,-3.536511826e-07
3.488235294e-10,-3.520629983e-07
3.494117647e-10,-3.505219737e-07
3.5e-10,-3.490300848e-07
3.505882353e-10,-3.475880247e-07
3.511764706e-10,-3.461951692e-07
3.517647059e-10,-3.44849591e-07
3.523529412e-10,-3.435481252e-07
3.529411765e-10,-3.422864843e-07
3.535294118e-10,-3.410594206e-07
3.541176471e-10,-3.398609294e-07
3.547058824e-10,-3.386844864e-07
3.552941176e-10,-3.3752331e-07
3.558823529e-10,-3.363706365e-07
3.564705882e-10,-3.352199982e-07
3.570588235e-10,-3.340654908e-07
3.576470588e-10,-3.329020197e-07
3.582352941e-10,-3.317255118e-07
3.588235294e-10,-3.305330858e-07
3.594117647e-10,-3.293231703e-07
3.6e-10,-3.28095565e-07
3.605882353e-10,-3.26851442e-07
3.611764706e-10,-3.255932845e-07
3.617647059e-10,-3.243247682e-07
3.623529412e-10,-3.230505871e-07
3.629411765e-10,-3.217762331e-07
3.635294118e-10,-3.205077385e-07
3.641176471e-10,-3.192513927e-07
3.647058824e-10,-3.180134465e-07
3.652941176e-10,-3.167998173e-07
3.658823529e-10,-3.156158088e-07
3.664705882e-10,-3.144658588e-07
3.670588235e-10,-3.133533266e-07
3.676470588e-10,-3.122803312e-07
3.682352941e-10,-3.112476477e-07
3.688235294e-10,-3.102546671e-07
3.694117647e-10,-3.092994231e-07
3.7e-10,-3.083786844e-07
3.705882353e-10,-3.074881092e-07
3.711764706e-10,-3.066224555e-07
3.717647059e-10,-3.057758375e-07
3.723529412e-10,-3.049420163e-07
3.729411765e-10,-3.041147129e-07
3.735294118e-10,-3.032879269e-07
3.741176471e-10,-3.024562473e-07
3.747058824e-10,-3.016151404e-07
3.752941176e-10,-3.007612e-07
3.758823529e-10,-2.998923482e-07
3.764705882e-10,-2.990079758e-07
3.770588235e-10,-2.981090146e-07
3.776470588e-10,-2.971979381e-07
3.782352941e-10,-2.962786862e-07
3.788235294e-10,-2.953565194e-07
3.794117647e-10,-2.944378041e-07
3.8e-10,-2.935297401e-07
3.805882353e-10,-2.926400394e-07
3.811764706e-10,-2.9177657e-07
3.817647059e-10,-2.909469812e-07
3.823529412e-10,-2.901583235e-07
3.829411765e-10,-2.894166822e-07
3.835294118e-10,-2.887268398e-07
3.841176471e-10,-2.880919813e-07
3.847058824e-10,-2.875134568e-07
3.852941176e-10,-2.869906115e-07
3.858823529e-10,-2.865206915e-07
3.864705882e-10,-2.860988296e-07
3.870588235e-10,-2.857181135e-07
3.876470588e-10,-2.853697335e-07
3.882352941e-10,-2.850432047e-07
3.888235294e-10,-2.84726655e-07
3.894117647e-10,-2.844071687e-07
3.9e-10,-2.840711704e-07
3.905882353e-10,-2.837048354e-07
3.911764706e-10,-2.83294511e-07
3.917647059e-10,-2.828271312e-07
3.923529412e-10,-2.82290609e-07
3.929411765e-10,-2.816741934e-07
3.935294118e-10,-2.809687755e-07
3.941176471e-10,-2.801671351e-07
3.947058824e-10,-2.792641194e-07
3.952941176e-10,-2.782567476e-07
3.958823529e-10,-2.771442424e-07
3.964705882e-10,-2.759279865e-07
3.970588235e-10,-2.746114114e-07
3.976470588e-10,-2.731998249e-07
3.982352941e-10,-2.717001858e-07
3.988235294e-10,-2.701208396e-07
3.994117647e-10,-2.684712259e-07
4e-10,-2.66761573e-07
4.005882353e-10,-2.650025915e-07
4.011764706e-10,-2.632051811e-07
4.017647059e-10,-2.613801619e-07
4.023529412e-10,-2.595380406e-07
4.029411765e-10,-2.576888189e-07
4.035294118e-10,-2.558418501e-07
4.041176471e-10,-2.540057463e-07
4.047058824e-10,-2.521883366e-07
4.052941176e-10,-2.503966738e-07
4.058823529e-10,-2.486370835e-07
4.064705882e-10,-2.469152502e-07
4.070588235e-10,-2.452363307e-07
4.076470588e-10,-2.436050837e-07
4.082352941e-10,-2.42026008e-07
4.088235294e-10,-2.405034749e-07
4.094117647e-10,-2.39041848e-07
4.1e-10,-2.376455791e-07
4.105882353e-10,-2.363192732e-07
4.111764706e-10,-2.350677181e-07
4.117647059e-10,-2.33895873e-07
4.123529412e-10,-2.328088169e-07
4.129411765e-10,-2.318116577e-07
4.135294118e-10,-2.309094045e-07
4.141176471e-10,-2.301068107e-07
4.147058824e-10,-2.294081947e-07
4.152941176e-10,-2.28817247e-07
4.158823529e-10,-2.283368346e-07
4.164705882e-10,-2.279688121e-07
4.170588235e-10,-2.277138512e-07
4.176470588e-10,-2.275712976e-07
4.182352941e-10,-2.275390635e-07
4.188235294e-10,-2.276135638e-07
4.194117647e-10,-2.277897005e-07
4.2e-10,-2.280608975e-07
4.205882353e-10,-2.284191879e-07
4.211764706e-10,-2.288553501e-07
4.217647059e-10,-2.293590897e-07
4.223529412e-10,-2.299192603e-07
4.229411765e-10,-2.30524115e-07
4.235294118e-10,-2.311615792e-07
4.241176471e-10,-2.318195345e-07
4.247058824e-10,-2.324861017e-07
4.252941176e-10,-2.331499131e-07
4.258823529e-10,-2.338003636e-07
4.264705882e-10,-2.344278308e-07
4.270588235e-10,-2.350238573e-07
4.276470588e-10,-2.355812891e-07
4.282352941e-10,-2.360943664e-07
4.288235294e-10,-2.365587654e-07
4.294117647e-10,-2.369715925e-07
4.3e-10,-2.373313337e-07
4.305882353e-10,-2.376377639e-07
4.311764706e-10,-2.378918238e-07
4.317647059e-10,-2.380954725e-07
4.323529412e-10,-2.382515232e-07
4.329411765e-10,-2.383634741e-07
4.335294118e-10,-2.384353406e-07
4.341176471e-10,-2.384715004e-07
4.347058824e-10,-2.384765556e-07
4.352941176e-10,-2.384552217e-07
4.358823529e-10,-2.38412243e-07
4.364705882e-10,-2.383523414e-07
4.370588235e-10,-2.382801941e-07
4.376470588e-10,-2.382004411e-07
4.382352941e-10,-2.381177174e-07
4.388235294e-10,-2.380367037e-07
4.394117647e-10,-2.379621888e-07
4.4e-10,-2.378991357e-07
4.405882353e-10,-2.378527423e-07
4.411764706e-10,-2.378284882e-07
4.417647059e-10,-2.378321601e-07
4.423529412e-10,-2.378698476e-07
4.429411765e-10,-2.379479048e-07
4.435294118e-10,-2.380728747e-07
4.441176471e-10,-2.382513727e-07
4.447058824e-10,-2.384899329e-07
4.452941176e-10,-2.387948181e-07
4.458823529e-10,-2.391718015e-07
4.464705882e-10,-2.396259251e-07
4.470588235e-10,-2.401612476e-07
4.476470588e-10,-2.4078059e-07
4.482352941e-10,-2.414852927e-07
4.488235294e-10,-2.422749954e-07
4.494117647e-10,-2.431474525e-07
4.5e-10,-2.440983941e-07
4.505882353e-10,-2.451214432e-07
4.511764706e-10,-2.462080969e-07
4.517647059e-10,-2.473477755e-07
4.523529412e-10,-2.485279438e-07
4.529411765e-10,-2.497343029e-07
4.535294118e-10,-2.509510492e-07
4.541176471e-10,-2.521611948e-07
4.547058824e-10,-2.53346939e-07
4.552941176e-10,-2.544900799e-07
4.558823529e-10,-2.555724525e-07
4.564705882e-10,-2.565763774e-07
4.570588235e-10,-2.574851057e-07
4.576470588e-10,-2.582832421e-07
4.582352941e-10,-2.589571332e-07
4.588235294e-10,-2.59495205e-07
4.594117647e-10,-2.598882393e-07
4.6e-10,-2.60129577e-07
4.605882353e-10,-2.602152442e-07
4.611764706e-10,-2.601439957e-07
4.617647059e-10,-2.599172764e-07
4.623529412e-10,-2.595391036e-07
4.629411765e-10,-2.590158769e-07
4.635294118e-10,-2.583561252e-07
4.641176471e-10,-2.575702023e-07
4.647058824e-10,-2.566699446e-07
4.652941176e-10,-2.556683075e-07
4.658823529e-10,-2.545789948e-07
4.664705882e-10,-2.534160978e-07
4.670588235e-10,-2.521937575e-07
4.676470588e-10,-2.509258656e-07
4.682352941e-10,-2.496258129e-07
4.688235294e-10,-2.48306295e-07
4.694117647e-10,-2.469791808e-07
4.7e-10,-2.456554453e-07
4.705882353e-10,-2.443451659e-07
4.711764706e-10,-2.430575778e-07
4.717647059e-10,-2.41801181e-07
4.723529412e-10,-2.405838888e-07
4.729411765e-10,-2.394132051e-07
4.735294118e-10,-2.382964175e-07
4.741176471e-10,-2.372407911e-07
4.747058824e-10,-2.362537488e-07
4.752941176e-10,-2.353430235e-07
4.758823529e-10,-2.345167705e-07
4.764705882e-10,-2.337836289e-07
4.770588235e-10,-2.33152725e-07
4.776470588e-10,-2.326336116e-07
4.782352941e-10,-2.322361434e-07
4.788235294e-10,-2.319702889e-07
4.794117647e-10,-2.318458855e-07
4.8e-10,-2.318723454e-07
4.805882353e-10,-2.32058325e-07
4.811764706e-10,-2.324113705e-07
4.817647059e-10,-2.329375565e-07
4.823529412e-10,-2.336411325e-07
4.829411765e-10,-2.345241969e-07
4.835294118e-10,-2.35586412e-07
4.841176471e-10,-2.368247769e-07
4.847058824e-10,-2.382334708e-07
4.852941176e-10,-2.398037771e-07
4.858823529e-10,-2.415240945e-07
4.864705882e-10,-2.433800412e-07
4.870588235e-10,-2.453546488e-07
4.876470588e-10,-2.474286447e-07
4.882352941e-10,-2.495808131e-07
4.888235294e-10,-2.517884257e-07
4.894117647e-10,-2.540277256e-07
4.9e-10,-2.562744506e-07
4.905882353e-10,-2.585043759e-07
4.911764706e-10,-2.606938579e-07
4.917647059e-10,-2.62820361e-07
4.923529412e-10,-2.64862947e-07
4.929411765e-10,-2.668027133e-07
4.935294118e-10,-2.68623162e-07
4.941176471e-10,-2.703104916e-07
4.947058824e-10,-2.718537996e-07
4.952941176e-10,-2.732451943e-07
4.958823529e-10,-2.744798124e-07
4.964705882e-10,-2.755557462e-07
4.970588235e-10,-2.764738873e-07
4.976470588e-10,-2.772376951e-07
4.982352941e-10,-2.778529034e-07
4.988235294e-10,-2.783271799e-07
4.994117647e-10,-2.786697535e-07
5e-10,-2.788910271e-07
5.005882353e-10,-2.790021924e-07
5.011764706e-10,-2.79014862e-07
5.017647059e-10,-2.789407339e-07
5.023529412e-10,-2.787913001e-07
5.029411765e-10,-2.785776089e-07
5.035294118e-10,-2.783100873e-07
5.041176471e-10,-2.779984276e-07
5.047058824e-10,-2.776515366e-07
5.052941176e-10,-2.772775455e-07
5.058823529e-10,-2.768838737e-07
5.064705882e-10,-2.764773376e-07
5.070588235e-10,-2.760642937e-07
5.076470588e-10,-2.756508039e-07
5.082352941e-10,-2.752428086e-07
5.088235294e-10,-2.748462971e-07
5.094117647e-10,-2.744674589e-07
5.1e-10,-2.741128085e-07
5.105882353e-10,-2.737892705e-07
5.111764706e-10,-2.735042209e-07
5.117647059e-10,-2.732654779e-07
5.123529412e-10,-2.730812413e-07
5.129411765e-10,-2.729599822e-07
5.135294118e-10,-2.729102859e-07
5.141176471e-10,-2.729406567e-07
5.147058824e-10,-2.73059292e-07
5.152941176e-10,-2.732738371e-07
5.158823529e-10,-2.735911342e-07
5.164705882e-10,-2.740169761e-07
5.170588235e-10,-2.745558792e-07
5.176470588e-10,-2.752108879e-07
5.182352941e-10,-2.759834196e-07
5.188235294e-10,-2.76873161e-07
5.194117647e-10,-2.778780223e-07
5.2e-10,-2.789941514e-07
5.205882353e-10,-2.802160118e-07
5.211764706e-10,-2.815365209e-07
5.217647059e-10,-2.829472443e-07
5.223529412e-10,-2.844386392e-07
5.229411765e-10,-2.860003375e-07
5.235294118e-10,-2.876214563e-07
5.241176471e-10,-2.892909244e-07
5.247058824e-10,-2.90997811e-07
5.252941176e-10,-2.927316435e-07
5.258823529e-10,-2.944827006e-07
5.264705882e-10,-2.962422712e-07
5.270588235e-10,-2.980028676e-07
5.276470588e-10,-2.997583864e-07
5.282352941e-10,-3.015042114e-07
5.288235294e-10,-3.032372569e-07
5.294117647e-10,-3.049559509e-07
5.3e-10,-3.066601625e-07
5.305882353e-10,-3.083510784e-07
5.311764706e-10,-3.100310365e-07
5.317647059e-10,-3.117033269e-07
5.323529412e-10,-3.133719701e-07
5.329411765e-10,-3.150414851e-07
5.335294118e-10,-3.167166581e-07
5.341176471e-10,-3.184023232e-07
5.347058824e-10,-3.201031654e-07
5.352941176e-10,-3.218235536e-07
5.358823529e-10,-3.235674102e-07
5.364705882e-10,-3.253381218e-07
5.370588235e-10,-3.27138492e-07
5.376470588e-10,-3.28970735e-07
5.382352941e-10,-3.308365081e-07
5.388235294e-10,-3.327369761e-07
5.394117647e-10,-3.346729e-07
5.4e-10,-3.366447438e-07
5.405882353e-10,-3.386527856e-07
5.411764706e-10,-3.406972272e-07
5.417647059e-10,-3.427782901e-07
5.423529412e-10,-3.448962889e-07
5.429411765e-10,-3.470516773e-07
5.435294118e-10,-3.492450579e-07
5.441176471e-10,-3.514771546e-07
5.447058824e-10,-3.537487466e-07
5.452941176e-10,-3.560605651e-07
5.458823529e-10,-3.584131566e-07
5.464705882e-10,-3.60806721e-07
5.470588235e-10,-3.632409316e-07
5.476470588e-10,-3.657147479e-07
5.482352941e-10,-3.682262325e-07
5.488235294e-10,-3.707723843e-07
5.494117647e-10,-3.733489986e-07
5.5e-10,-3.759505673e-07
5.505882353e-10,-3.785702256e-07
5.511764706e-10,-3.811997554e-07
5.517647059e-10,-3.838296496e-07
5.523529412e-10,-3.864492387e-07
5.529411765e-10,-3.890468798e-07
5.535294118e-10,-3.916102041e-07
5.541176471e-10,-3.941264151e-07
5.547058824e-10,-3.965826279e-07
5.552941176e-10,-3.989662374e-07
5.558823529e-10,-4.012653012e-07
5.564705882e-10,-4.034689209e-07
5.570588235e-10,-4.055676059e-07
5.576470588e-10,-4.075536041e-07
5.582352941e-10,-4.094211833e-07
5.588235294e-10,-4.111668508e-07
5.594117647e-10,-4.127894988e-07
5.6e-10,-4.142904687e-07
5.605882353e-10,-4.156735284e-07
5.611764706e-10,-4.169447613e-07
5.617647059e-10,-4.181123708e-07
5.623529412e-10,-4.191864056e-07
5.629411765e-10,-4.201784161e-07
5.635294118e-10,-4.211010557e-07
5.641176471e-10,-4.219676421e-07
5.647058824e-10,-4.227916972e-07
5.652941176e-10,-4.235864842e-07
5.658823529e-10,-4.243645615e-07
5.664705882e-10,-4.251373723e-07
5.670588235e-10,-4.259148879e-07
5.676470588e-10,-4.267053187e-07
5.682352941e-10,-4.275149071e-07
5.688235294e-10,-4.283478101e-07
5.694117647e-10,-4.29206076e-07
5.7e-10,-4.30089718e-07
5.705882353e-10,-4.309968787e-07
5.711764706e-10,-4.31924079e-07
5.717647059e-10,-4.328665408e-07
5.723529412e-10,-4.338185661e-07
5.729411765e-10,-4.34773957e-07
5.735294118e-10,-4.35726457e-07
5.741176471e-10,-4.366701913e-07
5.747058824e-10,-4.37600088e-07
5.752941176e-10,-4.385122586e-07
5.758823529e-10,-4.394043205e-07
5.764705882e-10,-4.40275646e-07
5.770588235e-10,-4.411275262e-07
5.776470588e-10,-4.419632408e-07
5.782352941e-10,-4.427880303e-07
5.788235294e-10,-4.436089714e-07
5.794117647e-10,-4.444347596e-07
5.8e-10,-4.452754104e-07
5.805882353e-10,-4.461418891e-07
5.811764706e-10,-4.470456882e-07
5.817647059e-10,-4.479983704e-07
5.823529412e-10,-4.490110971e-07
5.829411765e-10,-4.500941646e-07
5.835294118e-10,-4.512565686e-07
5.841176471e-10,-4.525056168e-07
5.847058824e-10,-4.538466076e-07
5.852941176e-10,-4.552825898e-07
5.858823529e-10,-4.568142136e-07
5.864705882e-10,-4.584396813e-07
5.870588235e-10,-4.601548005e-07
5.876470588e-10,-4.61953136e-07
5.882352941e-10,-4.638262568e-07
5.888235294e-10,-4.657640661e-07
5.894117647e-10,-4.677551999e-07
5.9e-10,-4.697874792e-07
5.905882353e-10,-4.71848393e-07
5.911764706e-10,-4.739255949e-07
5.917647059e-10,-4.76007389e-07
5.923529412e-10,-4.780831866e-07
5.929411765e-10,-4.801439129e-07
5.935294118e-10,-4.821823478e-07
5.941176471e-10,-4.841933864e-07
5.947058824e-10,-4.861742087e-07
5.952941176e-10,-4.88124353e-07
5.958823529e-10,-4.900456908e-07
5.964705882e-10,-4.919423054e-07
5.970588235e-10,-4.938202814e-07
5.976470588e-10,-4.956874152e-07
5.982352941e-10,-4.975528606e-07
5.988235294e-10,-4.994267261e-07
5.994117647e-10,-5.013196414e-07
6e-10,-5.032423131e-07
6.005882353e-10,-5.052050895e-07
6.011764706e-10,-5.072175511e-07
6.017647059e-10,-5.09288146e-07
6.023529412e-10,-5.114238829e-07
6.029411765e-10,-5.136300946e-07
6.035294118e-10,-5.15910279e-07
6.041176471e-10,-5.182660219e-07
6.047058824e-10,-5.206970027e-07
6.052941176e-10,-5.232010786e-07
6.058823529e-10,-5.257744406e-07
6.064705882e-10,-5.284118306e-07
6.070588235e-10,-5.311068078e-07
6.076470588e-10,-5.33852048e-07
6.082352941e-10,-5.366396612e-07
6.088235294e-10,-5.394615112e-07
6.094117647e-10,-5.423095199e-07
6.1e-10,-5.451759445e-07
6.105882353e-10,-5.480536116e-07
6.111764706e-10,-5.509361018e-07
6.117647059e-10,-5.53817874e-07
6.123529412e-10,-5.56694329e-07
6.129411765e-10,-5.595618097e-07
6.135294118e-10,-5.624175417e-07
6.141176471e-10,-5.652595205e-07
6.147058824e-10,-5.680863536e-07
6.152941176e-10,-5.708970698e-07
6.158823529e-10,-5.736909071e-07
6.164705882e-10,-5.764670933e-07
6.170588235e-10,-5.792246347e-07
6.176470588e-10,-5.819621236e-07
6.182352941e-10,-5.846775791e-07
6.188235294e-10,-5.873683306e-07
6.194117647e-10,-5.90030952e-07
6.2e-10,-5.926612511e-07
6.205882353e-10,-5.952543178e-07
6.211764706e-10,-5.978046281e-07
6.217647059e-10,-6.003062014e-07
6.223529412e-10,-6.027528028e-07
6.229411765e-10,-6.051381812e-07
6.235294118e-10,-6.07456333e-07
6.241176471e-10,-6.097017758e-07
6.247058824e-10,-6.118698213e-07
6.252941176e-10,-6.139568321e-07
6.258823529e-10,-6.159604506e-07
6.264705882e-10,-6.178797869e-07
6.270588235e-10,-6.19715559e-07
6.276470588e-10,-6.214701748e-07
6.282352941e-10,-6.231477543e-07
6.288235294e-10,-6.247540901e-07
6.294117647e-10,-6.262965469e-07
6.3e-10,-6.277839069e-07
6.305882353e-10,-6.292261667e-07
6.311764706e-10,-6.306342969e-07
6.317647059e-10,-6.320199755e-07
6.323529412e-10,-6.333953086e-07
6.329411765e-10,-6.347725498e-07
6.335294118e-10,-6.36163835e-07
6.341176471e-10,-6.375809405e-07
6.347058824e-10,-6.390350785e-07
6.352941176e-10,-6.405367369e-07
6.358823529e-10,-6.420955695e-07
6.364705882e-10,-6.437203396e-07
6.370588235e-10,-6.45418917e-07
6.376470588e-10,-6.471983257e-07
6.382352941e-10,-6.490648354e-07
6.388235294e-10,-6.51024088e-07
6.394117647e-10,-6.530812499e-07
6.4e-10,-6.552411751e-07
6.405882353e-10,-6.575085681e-07
6.411764706e-10,-6.598881318e-07
6.417647059e-10,-6.62384688e-07
6.423529412e-10,-6.650032591e-07
6.429411765e-10,-6.677491003e-07
6.435294118e-10,-6.706276774e-07
6.441176471e-10,-6.736445841e-07
6.447058824e-10,-6.768053991e-07
6.452941176e-10,-6.801154867e-07
6.458823529e-10,-6.83579745e-07
6.464705882e-10,-6.872023137e-07
6.470588235e-10,-6.90986252e-07
6.476470588e-10,-6.949332025e-07
6.482352941e-10,-6.990430564e-07
6.488235294e-10,-7.033136382e-07
6.494117647e-10,-7.077404257e-07
6.5e-10,-7.123163235e-07
6.505882353e-10,-7.17031503e-07
6.511764706e-10,-7.218733223e-07
6.517647059e-10,-7.268263345e-07
6.523529412e-10,-7.318723908e-07
6.529411765e-10,-7.369908388e-07
6.535294118e-10,-7.421588151e-07
6.541176471e-10,-7.473516233e-07
6.547058824e-10,-7.525431891e-07
6.552941176e-10,-7.577065759e-07
6.558823529e-10,-7.628145455e-07
6.564705882e-10,-7.678401438e-07
6.570588235e-10,-7.727572894e-07
6.576470588e-10,-7.775413458e-07
6.582352941e-10,-7.821696548e-07
6.588235294e-10,-7.866220116e-07
6.594117647e-10,-7.908810648e-07
6.6e-10,-7.949326272e-07
6.605882353e-10,-7.987658856e-07
6.611764706e-10,-8.023735053e-07
6.617647059e-10,-8.05751626e-07
6.623529412e-10,-8.088997523e-07
6.629411765e-10,-8.118205463e-07
6.635294118e-10,-8.145195338e-07
6.641176471e-10,-8.170047383e-07
6.647058824e-10,-8.192862612e-07
6.652941176e-10,-8.213758286e-07
6.658823529e-10,-8.232863245e-07
6.664705882e-10,-8.250313322e-07
6.670588235e-10,-8.266247046e-07
6.676470588e-10,-8.280801807e-07
6.682352941e-10,-8.294110644e-07
6.688235294e-10,-8.306299791e-07
6.694117647e-10,-8.317487038e-07
6.7e-10,-8.32778097e-07
6.705882353e-10,-8.337281058e-07
6.711764706e-10,-8.346078564e-07
6.717647059e-10,-8.354258156e-07
6.723529412e-10,-8.3619001e-07
6.729411765e-10,-8.369082873e-07
6.735294118e-10,-8.375885999e-07
6.741176471e-10,-8.382392927e-07
6.747058824e-10,-8.388693724e-07
6.752941176e-10,-8.394887409e-07
6.758823529e-10,-8.401083736e-07
6.764705882e-10,-8.407404284e-07
6.770588235e-10,-8.413982725e-07
6.776470588e-10,-8.420964198e-07
6.782352941e-10,-8.42850377e-07
6.788235294e-10,-8.436763971e-07
6.794117647e-10,-8.445911502e-07
6.8e-10,-8.456113198e-07
6.805882353e-10,-8.46753141e-07
6.811764706e-10,-8.480318992e-07
6.817647059e-10,-8.494614095e-07
6.823529412e-10,-8.510535012e-07
6.829411765e-10,-8.528175291e-07
6.835294118e-10,-8.547599361e-07
6.841176471e-10,-8.568838879e-07
6.847058824e-10,-8.591889985e-07
6.852941176e-10,-8.616711632e-07
6.858823529e-10,-8.643225081e-07
6.864705882e-10,-8.671314652e-07
6.870588235e-10,-8.700829722e-07
6.876470588e-10,-8.731587941e-07
6.882352941e-10,-8.763379573e-07
6.888235294e-10,-8.795972818e-07
6.894117647e-10,-8.829119942e-07
6.9e-10,-8.86256399e-07
6.905882353e-10,-8.896045842e-07
6.911764706e-10,-8.929311363e-07
6.917647059e-10,-8.962118371e-07
6.923529412e-10,-8.994243194e-07
6.929411765e-10,-9.025486553e-07
6.935294118e-10,-9.05567859e-07
6.941176471e-10,-9.084682857e-07
6.947058824e-10,-9.112399145e-07
6.952941176e-10,-9.13876508e-07
6.958823529e-10,-9.16375646e-07
6.964705882e-10,-9.187386355e-07
6.970588235e-10,-9.209703064e-07
6.976470588e-10,-9.230787032e-07
6.982352941e-10,-9.250746904e-07
6.988235294e-10,-9.269714911e-07
6.994117647e-10,-9.287841792e-07
7e-10,-9.305291493e-07
7.005882353e-10,-9.322235863e-07
7.011764706e-10,-9.338849571e-07
7.017647059e-10,-9.35530544e-07
7.023529412e-10,-9.371770368e-07
7.029411765e-10,-9.388401973e-07
7.035294118e-10,-9.40534606e-07
7.041176471e-10,-9.422734944e-07
7.047058824e-10,-9.440686648e-07
7.052941176e-10,-9.459304927e-07
7.058823529e-10,-9.478680027e-07
7.064705882e-10,-9.498890075e-07
7.070588235e-10,-9.520002931e-07
7.076470588e-10,-9.542078347e-07
7.082352941e-10,-9.565170243e-07
7.088235294e-10,-9.589328915e-07
7.094117647e-10,-9.614603008e-07
7.1e-10,-9.641041076e-07
7.105882353e-10,-9.668692622e-07
7.111764706e-10,-9.697608497e-07
7.117647059e-10,-9.727840605e-07
7.123529412e-10,-9.759440891e-07
7.129411765e-10,-9.792459636e-07
7.135294118e-10,-9.826943126e-07
7.141176471e-10,-9.862930785e-07
7.147058824e-10,-9.900451931e-07
7.152941176e-10,-9.939522292e-07
7.158823529e-10,-9.980140485e-07
7.164705882e-10,-1.002228465e-06
7.170588235e-10,-1.00659094e-06
7.176470588e-10,-1.011094332e-06
7.182352941e-10,-1.015728718e-06
7.188235294e-10,-1.020481285e-06
7.194117647e-10,-1.025336333e-06
7.2e-10,-1.03027536e-06
7.205882353e-10,-1.035277259e-06
7.211764706e-10,-1.040318609e-06
7.217647059e-10,-1.045374058e-06
7.223529412e-10,-1.050416787e-06
7.229411765e-10,-1.055419045e-06
7.235294118e-10,-1.060352723e-06
7.241176471e-10,-1.065189966e-06
7.247058824e-10,-1.069903787e-06
7.252941176e-10,-1.074468671e-06
7.258823529e-10,-1.078861143e-06
7.264705882e-10,-1.083060278e-06
7.270588235e-10,-1.087048148e-06
7.276470588e-10,-1.090810176e-06
7.282352941e-10,-1.094335398e-06
7.288235294e-10,-1.097616622e-06
7.294117647e-10,-1.100650487e-06
7.3e-10,-1.103437414e-06
7.305882353e-10,-1.105981467e-06
7.311764706e-10,-1.108290126e-06
7.317647059e-10,-1.110373991e-06
7.323529412e-10,-1.112246422e-06
7.329411765e-10,-1.113923144e-06
7.335294118e-10,-1.115421832e-06
7.341176471e-10,-1.116761684e-06
7.347058824e-10,-1.117963008e-06
7.352941176e-10,-1.119046837e-06
7.358823529e-10,-1.120034577e-06
7.364705882e-10,-1.120947707e-06
7.370588235e-10,-1.121807526e-06
7.376470588e-10,-1.122634958e-06
7.382352941e-10,-1.123450413e-06
7.388235294e-10,-1.124273687e-06
7.394117647e-10,-1.125123913e-06
7.4e-10,-1.126019543e-06
7.405882353e-10,-1.126978342e-06
7.411764706e-10,-1.128017402e-06
7.417647059e-10,-1.129153142e-06
7.423529412e-10,-1.130401296e-06
7.429411765e-10,-1.131776879e-06
7.435294118e-10,-1.133294115e-06
7.441176471e-10,-1.134966326e-06
7.447058824e-10,-1.136805786e-06
7.452941176e-10,-1.138823533e-06
7.458823529e-10,-1.141029144e-06
7.464705882e-10,-1.143430488e-06
7.470588235e-10,-1.146033468e-06
7.476470588e-10,-1.14884175e-06
7.482352941e-10,-1.151856516e-06
7.488235294e-10,-1.155076243e-06
7.494117647e-10,-1.158496523e-06
7.5e-10,-1.162109951e-06
7.505882353e-10,-1.165906076e-06
7.511764706e-10,-1.169871448e-06
7.517647059e-10,-1.173989742e-06
7.523529412e-10,-1.178241991e-06
7.529411765e-10,-1.182606899e-06
7.535294118e-10,-1.187061252e-06
7.541176471e-10,-1.191580402e-06
7.547058824e-10,-1.196138821e-06
7.552941176e-10,-1.200710695e-06
7.558823529e-10,-1.205270553e-06
7.564705882e-10,-1.209793894e-06
7.570588235e-10,-1.214257803e-06
7.576470588e-10,-1.218641513e-06
7.582352941e-10,-1.222926917e-06
7.588235294e-10,-1.227098977e-06
7.594117647e-10,-1.231146046e-06
7.6e-10,-1.23506006e-06
7.605882353e-10,-1.238836616e-06
7.611764706e-10,-1.242474905e-06
7.617647059e-10,-1.245977536e-06
7.623529412e-10,-1.249350223e-06
7.629411765e-10,-1.252601373e-06
7.635294118e-10,-1.255741579e-06
7.641176471e-10,-1.258783043e-06
7.647058824e-10,-1.261738954e-06
7.652941176e-10,-1.264622849e-06
7.658823529e-10,-1.267447976e-06
7.664705882e-10,-1.270226699e-06
7.670588235e-10,-1.272969961e-06
7.676470588e-10,-1.275686829e-06
7.682352941e-10,-1.278384146e-06
7.688235294e-10,-1.281066294e-06
7.694117647e-10,-1.283735094e-06
7.7e-10,-1.286389819e-06
7.705882353e-10,-1.289027356e-06
7.711764706e-10,-1.291642463e-06
7.717647059e-10,-1.294228149e-06
7.723529412e-10,-1.29677613e-06
7.729411765e-10,-1.299277346e-06
7.735294118e-10,-1.301722525e-06
7.741176471e-10,-1.304102741e-06
7.747058824e-10,-1.306409964e-06
7.752941176e-10,-1.30863756e-06
7.758823529e-10,-1.310780716e-06
7.764705882e-10,-1.312836775e-06
7.770588235e-10,-1.31480546e-06
7.776470588e-10,-1.316688969e-06
7.782352941e-10,-1.318491951e-06
7.788235294e-10,-1.320221341e-06
7.794117647e-10,-1.321886077e-06
7.8e-10,-1.323496709e-06
7.805882353e-10,-1.325064905e-06
7.811764706e-10,-1.326602896e-06
7.817647059e-10,-1.328122865e-06
7.823529412e-10,-1.329636331e-06
7.829411765e-10,-1.331153533e-06
7.835294118e-10,-1.332682866e-06
7.841176471e-10,-1.334230384e-06
7.847058824e-10,-1.335799396e-06
7.852941176e-10,-1.337390184e-06
7.858823529e-10,-1.338999846e-06
7.864705882e-10,-1.34062229e-06
7.870588235e-10,-1.342248365e-06
7.876470588e-10,-1.343866144e-06
7.882352941e-10,-1.345461337e-06
7.888235294e-10,-1.347017823e-06
7.894117647e-10,-1.34851828e-06
7.9e-10,-1.349944892e-06
7.905882353e-10,-1.351280095e-06
7.911764706e-10,-1.352507336e-06
7.917647059e-10,-1.353611821e-06
7.923529412e-10,-1.354581202e-06
7.929411765e-10,-1.355406195e-06
7.935294118e-10,-1.356081088e-06
7.941176471e-10,-1.356604129e-06
7.947058824e-10,-1.35697776e-06
7.952941176e-10,-1.357208717e-06
7.958823529e-10,-1.357307957e-06
7.964705882e-10,-1.357290448e-06
7.970588235e-10,-1.357174801e-06
7.976470588e-10,-1.356982789e-06
7.982352941e-10,-1.356738748e-06
7.988235294e-10,-1.356468899e-06
7.994117647e-10,-1.356200622e-06
8e-10,-1.355961689e-06
8.005882353e-10,-1.355779522e-06
8.011764706e-10,-1.355680468e-06
8.017647059e-10,-1.355689146e-06
8.023529412e-10,-1.35582787e-06
8.029411765e-10,-1.35611619e-06
8.035294118e-10,-1.356570535e-06
8.041176471e-10,-1.357203995e-06
8.047058824e-10,-1.358026227e-06
8.052941176e-10,-1.359043493e-06
8.058823529e-10,-1.36025881e-06
8.064705882e-10,-1.361672211e-06
8.070588235e-10,-1.363281087e-06
8.076470588e-10,-1.365080596e-06
8.082352941e-10,-1.367064117e-06
8.088235294e-10,-1.369223717e-06
8.094117647e-10,-1.371550614e-06
8.1e-10,-1.374035606e-06
8.105882353e-10,-1.376669462e-06
8.111764706e-10,-1.379443229e-06
8.117647059e-10,-1.382348475e-06
8.123529412e-10,-1.385377438e-06
8.129411765e-10,-1.388523081e-06
8.135294118e-10,-1.391779068e-06
8.141176471e-10,-1.395139653e-06
8.147058824e-10,-1.398599501e-06
8.152941176e-10,-1.402153447e-06
8.158823529e-10,-1.405796234e-06
8.164705882e-10,-1.409522212e-06
8.170588235e-10,-1.41332506e-06
8.176470588e-10,-1.417197512e-06
8.182352941e-10,-1.42113114e-06
8.188235294e-10,-1.42511618e-06
8.194117647e-10,-1.429141438e-06
8.2e-10,-1.433194273e-06
8.205882353e-10,-1.437260656e-06
8.211764706e-10,-1.441325323e-06
8.217647059e-10,-1.445372004e-06
8.223529412e-10,-1.449383714e-06
8.229411765e-10,-1.453343114e-06
8.235294118e-10,-1.457232903e-06
8.241176471e-10,-1.461036241e-06
8.247058824e-10,-1.464737168e-06
8.252941176e-10,-1.468321012e-06
8.258823529e-10,-1.47177476e-06
8.264705882e-10,-1.475087374e-06
8.270588235e-10,-1.478250036e-06
8.276470588e-10,-1.481256321e-06
8.282352941e-10,-1.484102274e-06
8.288235294e-10,-1.486786397e-06
8.294117647e-10,-1.489309552e-06
8.3e-10,-1.491674773e-06
8.305882353e-10,-1.493887013e-06
8.311764706e-10,-1.495952818e-06
8.317647059e-10,-1.497879972e-06
8.323529412e-10,-1.499677108e-06
8.329411765e-10,-1.50135332e-06
8.335294118e-10,-1.502917783e-06
8.341176471e-10,-1.504379419e-06
8.347058824e-10,-1.505746602e-06
8.352941176e-10,-1.507026938e-06
8.358823529e-10,-1.508227112e-06
8.364705882e-10,-1.50935283e-06
8.370588235e-10,-1.510408828e-06
8.376470588e-10,-1.511398977e-06
8.382352941e-10,-1.512326451e-06
8.388235294e-10,-1.513193962e-06
8.394117647e-10,-1.514004037e-06
8.4e-10,-1.514759329e-06
8.405882353e-10,-1.515462927e-06
8.411764706e-10,-1.516118664e-06
8.417647059e-10,-1.516731382e-06
8.423529412e-10,-1.517307155e-06
8.429411765e-10,-1.51785343e-06
8.435294118e-10,-1.518379105e-06
8.441176471e-10,-1.518894496e-06
8.447058824e-10,-1.519411226e-06
8.452941176e-10,-1.519942009e-06
8.458823529e-10,-1.52050035e-06
8.464705882e-10,-1.52110017e-06
8.470588235e-10,-1.521755364e-06
8.476470588e-10,-1.522479318e-06
8.482352941e-10,-1.523284408e-06
8.488235294e-10,-1.524181497e-06
8.494117647e-10,-1.525179466e-06
8.5e-10,-1.52628479e-06
8.505882353e-10,-1.52750119e-06
8.511764706e-10,-1.528829385e-06
8.517647059e-10,-1.530266945e-06
8.523529412e-10,-1.531808266e-06
8.529411765e-10,-1.533444671e-06
8.535294118e-10,-1.535164638e-06
8.541176471e-10,-1.536954143e-06
8.547058824e-10,-1.538797108e-06
8.552941176e-10,-1.540675946e-06
8.558823529e-10,-1.542572162e-06
8.564705882e-10,-1.544467008e-06
8.570588235e-10,-1.546342141e-06
8.576470588e-10,-1.548180279e-06
8.582352941e-10,-1.549965801e-06
8.588235294e-10,-1.551685289e-06
8.594117647e-10,-1.55332797e-06
8.6e-10,-1.554886042e-06
8.605882353e-10,-1.556354882e-06
8.611764706e-10,-1.557733101e-06
8.617647059e-10,-1.559022473e-06
8.623529412e-10,-1.56022772e-06
8.629411765e-10,-1.56135617e-06
8.635294118e-10,-1.562417307e-06
8.641176471e-10,-1.563422229e-06
8.647058824e-10,-1.564383052e-06
8.652941176e-10,-1.565312261e-06
8.658823529e-10,-1.566222079e-06
8.664705882e-10,-1.567123844e-06
8.670588235e-10,-1.568027451e-06
8.676470588e-10,-1.568940878e-06
8.682352941e-10,-1.569869813e-06
8.688235294e-10,-1.57081741e-06
8.694117647e-10,-1.571784178e-06
8.7e-10,-1.572768015e-06
8.705882353e-10,-1.573764379e-06
8.711764706e-10,-1.57476659e-06
8.717647059e-10,-1.575766257e-06
8.723529412e-10,-1.57675379e-06
8.729411765e-10,-1.577718994e-06
8.735294118e-10,-1.578651692e-06
8.741176471e-10,-1.579542368e-06
8.747058824e-10,-1.58038278e-06
8.752941176e-10,-1.581166521e-06
8.758823529e-10,-1.58188949e-06
8.764705882e-10,-1.582550261e-06
8.770588235e-10,-1.583150306e-06
8.776470588e-10,-1.583694087e-06
8.782352941e-10,-1.584188976e-06
8.788235294e-10,-1.584645032e-06
8.794117647e-10,-1.585074624e-06
8.8e-10,-1.585491915e-06
8.805882353e-10,-1.585912235e-06
8.811764706e-10,-1.586351366e-06
8.817647059e-10,-1.586824766e-06
8.823529412e-10,-1.587346774e-06
8.829411765e-10,-1.587929818e-06
8.835294118e-10,-1.588583687e-06
8.841176471e-10,-1.589314868e-06
8.847058824e-10,-1.590126012e-06
8.852941176e-10,-1.591015527e-06
8.858823529e-10,-1.591977344e-06
8.864705882e-10,-1.593000846e-06
8.870588235e-10,-1.594070988e-06
8.876470588e-10,-1.595168586e-06
8.882352941e-10,-1.596270786e-06
8.888235294e-10,-1.597351675e-06
8.894117647e-10,-1.598383026e-06
8.9e-10,-1.599335149e-06
8.905882353e-10,-1.600177792e-06
8.911764706e-10,-1.600881089e-06
8.917647059e-10,-1.60141649e-06
8.923529412e-10,-1.601757648e-06
8.929411765e-10,-1.601881228e-06
8.935294118e-10,-1.601767605e-06
8.941176471e-10,-1.601401421e-06
8.947058824e-10,-1.60077199e-06
8.952941176e-10,-1.599873531e-06
8.958823529e-10,-1.598705223e-06
8.964705882e-10,-1.597271088e-06
8.970588235e-10,-1.595579715e-06
8.976470588e-10,-1.593643833e-06
8.982352941e-10,-1.591479762e-06
8.988235294e-10,-1.589106768e-06
8.994117647e-10,-1.586546352e-06
9e-10,-1.583821519e-06
9.005882353e-10,-1.580956033e-06
9.011764706e-10,-1.577973728e-06
9.017647059e-10,-1.574897867e-06
9.023529412e-10,-1.571750612e-06
9.029411765e-10,-1.568552591e-06
9.035294118e-10,-1.565322607e-06
9.041176471e-10,-1.562077476e-06
9.047058824e-10,-1.558831999e-06
9.052941176e-10,-1.555599076e-06
9.058823529e-10,-1.552389921e-06
9.064705882e-10,-1.549214395e-06
9.070588235e-10,-1.546081392e-06
9.076470588e-10,-1.542999295e-06
9.082352941e-10,-1.539976429e-06
9.088235294e-10,-1.537021521e-06
9.094117647e-10,-1.534144099e-06
9.1e-10,-1.53135484e-06
9.105882353e-10,-1.52866581e-06
9.111764706e-10,-1.526090607e-06
9.117647059e-10,-1.523644367e-06
9.123529412e-10,-1.521343653e-06
9.129411765e-10,-1.519206204e-06
9.135294118e-10,-1.517250569e-06
9.141176471e-10,-1.515495631e-06
9.147058824e-10,-1.513960042e-06
9.152941176e-10,-1.512661593e-06
9.158823529e-10,-1.511616553e-06
9.164705882e-10,-1.510838998e-06
9.170588235e-10,-1.510340167e-06
9.176470588e-10,-1.510127877e-06
9.182352941e-10,-1.510206024e-06
9.188235294e-10,-1.510574188e-06
9.194117647e-10,-1.511227375e-06
9.2e-10,-1.512155907e-06
9.205882353e-10,-1.513345452e-06
9.211764706e-10,-1.514777226e-06
9.217647059e-10,-1.516428334e-06
9.223529412e-10,-1.518272252e-06
9.229411765e-10,-1.520279429e-06
9.235294118e-10,-1.522417986e-06
9.241176471e-10,-1.524654484e-06
9.247058824e-10,-1.526954736e-06
9.252941176e-10,-1.529284621e-06
9.258823529e-10,-1.531610884e-06
9.264705882e-10,-1.533901877e-06
9.270588235e-10,-1.536128228e-06
9.276470588e-10,-1.538263403e-06
9.282352941e-10,-1.540284156e-06
9.288235294e-10,-1.542170841e-06
9.294117647e-10,-1.543907594e-06
9.3e-10,-1.545482377e-06
9.305882353e-10,-1.54688689e-06
9.311764706e-10,-1.54811637e-06
9.317647059e-10,-1.549169286e-06
9.323529412e-10,-1.550046961e-06
9.329411765e-10,-1.550753129e-06
9.335294118e-10,-1.551293472e-06
9.341176471e-10,-1.551675138e-06
9.347058824e-10,-1.551906292e-06
9.352941176e-10,-1.551995696e-06
9.358823529e-10,-1.551952347e-06
9.364705882e-10,-1.551785191e-06
9.370588235e-10,-1.551502912e-06
9.376470588e-10,-1.551113801e-06
9.382352941e-10,-1.550625714e-06
9.388235294e-10,-1.550046093e-06
9.394117647e-10,-1.549382052e-06
9.4e-10,-1.548640511e-06
9.405882353e-10,-1.547828354e-06
9.411764706e-10,-1.546952593e-06
9.417647059e-10,-1.546020519e-06
9.423529412e-10,-1.545039825e-06
9.429411765e-10,-1.544018673e-06
9.435294118e-10,-1.542965695e-06
9.441176471e-10,-1.541889927e-06
9.447058824e-10,-1.540800656e-06
9.452941176e-10,-1.539707194e-06
9.458823529e-10,-1.538618568e-06
9.464705882e-10,-1.537543161e-06
9.470588235e-10,-1.536488295e-06
9.476470588e-10,-1.535459796e-06
9.482352941e-10,-1.534461545e-06
9.488235294e-10,-1.533495067e-06
9.494117647e-10,-1.532559155e-06
9.5e-10,-1.53164957e-06
9.505882353e-10,-1.530758847e-06
9.511764706e-10,-1.529876206e-06
9.517647059e-10,-1.528987601e-06
9.523529412e-10,-1.52807591e-06
9.529411765e-10,-1.527121266e-06
9.535294118e-10,-1.526101529e-06
9.541176471e-10,-1.524992889e-06
9.547058824e-10,-1.523770578e-06
9.552941176e-10,-1.52240967e-06
9.558823529e-10,-1.520885939e-06
9.564705882e-10,-1.519176743e-06
9.570588235e-10,-1.517261903e-06
9.576470588e-10,-1.515124524e-06
9.582352941e-10,-1.512751746e-06
9.588235294e-10,-1.510135371e-06
9.594117647e-10,-1.50727235e-06
9.6e-10,-1.504165096e-06
9.605882353e-10,-1.500821614e-06
9.611764706e-10,-1.49725543e-06
9.617647059e-10,-1.493485329e-06
9.623529412e-10,-1.489534897e-06
9.629411765e-10,-1.485431882e-06
9.635294118e-10,-1.481207418e-06
9.641176471e-10,-1.476895109e-06
9.647058824e-10,-1.472530038e-06
9.652941176e-10,-1.46814772e-06
9.658823529e-10,-1.463783057e-06
9.664705882e-10,-1.459469321e-06
9.670588235e-10,-1.455237223e-06
9.676470588e-10,-1.451114093e-06
9.682352941e-10,-1.447123206e-06
9.688235294e-10,-1.443283286e-06
9.694117647e-10,-1.439608199e-06
9.7e-10,-1.436106851e-06
9.705882353e-10,-1.432783282e-06
9.711764706e-10,-1.429636959e-06
9.717647059e-10,-1.426663245e-06
9.723529412e-10,-1.423854013e-06
9.729411765e-10,-1.421198382e-06
9.735294118e-10,-1.418683534e-06
9.741176471e-10,-1.416295569e-06
9.747058824e-10,-1.414020352e-06
9.752941176e-10,-1.411844321e-06
9.758823529e-10,-1.409755203e-06
9.764705882e-10,-1.407742609e-06
9.770588235e-10,-1.405798477e-06
9.776470588e-10,-1.403917343e-06
9.782352941e-10,-1.402096417e-06
9.788235294e-10,-1.400335475e-06
9.794117647e-10,-1.398636556e-06
9.8e-10,-1.397003492e-06
9.805882353e-10,-1.395441286e-06
9.811764706e-10,-1.393955368e-06
9.817647059e-10,-1.392550779e-06
9.823529412e-10,-1.391231304e-06
9.829411765e-10,-1.389998617e-06
9.835294118e-10,-1.388851477e-06
9.841176471e-10,-1.387785011e-06
9.847058824e-10,-1.386790136e-06
9.852941176e-10,-1.385853147e-06
9.858823529e-10,-1.384955493e-06
9.864705882e-10,-1.384073777e-06
9.870588235e-10,-1.383179966e-06
9.876470588e-10,-1.382241825e-06
9.882352941e-10,-1.381223566e-06
9.888235294e-10,-1.380086673e-06
9.894117647e-10,-1.378790895e-06
9.9e-10,-1.377295355e-06
9.905882353e-10,-1.375559744e-06
9.911764706e-10,-1.373545532e-06
9.917647059e-10,-1.37121718e-06
9.923529412e-10,-1.368543267e-06
9.929411765e-10,-1.365497523e-06
9.935294118e-10,-1.362059689e-06
9.941176471e-10,-1.358216203e-06
9.947058824e-10,-1.353960662e-06
9.952941176e-10,-1.349294048e-06
9.958823529e-10,-1.344224717e-06
9.964705882e-10,-1.338768138e-06
9.970588235e-10,-1.33294641e-06
9.976470588e-10,-1.326787565e-06
9.982352941e-10,-1.320324698e-06
9.988235294e-10,-1.313594952e-06
9.994117647e-10,-1.306638405e-06
1e-09,-1.299496902e-06
1.000588235e-09,-1.292212886e-06
1.001176471e-09,-1.284828259e-06
1.001764706e-09,-1.277383337e-06
1.002352941e-09,-1.269915916e-06
1.002941176e-09,-1.262460501e-06
1.003529412e-09,-1.255047701e-06
1.004117647e-09,-1.247703835e-06
1.004705882e-09,-1.240450715e-06
1.005294118e-09,-1.233305648e-06
1.005882353e-09,-1.226281605e-06
1.006470588e-09,-1.219387567e-06
1.007058824e-09,-1.212629e-06
1.007647059e-09,-1.20600844e-06
1.008235294e-09,-1.19952614e-06
1.008823529e-09,-1.193180758e-06
1.009411765e-09,-1.186970017e-06
1.01e-09,-1.180891339e-06
1.010588235e-09,-1.174942386e-06
1.011176471e-09,-1.169121502e-06
1.011764706e-09,-1.163428023e-06
1.012352941e-09,-1.157862452e-06
1.012941176e-09,-1.152426479e-06
1.013529412e-09,-1.147122867e-06
1.014117647e-09,-1.141955203e-06
1.014705882e-09,-1.13692753e-06
1.015294118e-09,-1.132043897e-06
1.015882353e-09,-1.127307848e-06
1.016470588e-09,-1.122721881e-06
1.017058824e-09,-1.11828692e-06
1.017647059e-09,-1.114001825e-06
1.018235294e-09,-1.10986298e-06
1.018823529e-09,-1.105863982e-06
1.019411765e-09,-1.101995459e-06
1.02e-09,-1.098245025e-06
1.020588235e-09,-1.094597397e-06
1.021176471e-09,-1.091034657e-06
1.021764706e-09,-1.087536662e-06
1.022352941e-09,-1.084081596e-06
1.022941176e-09,-1.080646618e-06
1.023529412e-09,-1.077208608e-06
1.024117647e-09,-1.073744955e-06
1.024705882e-09,-1.070234366e-06
1.025294118e-09,-1.066657652e-06
1.025882353e-09,-1.062998456e-06
1.026470588e-09,-1.059243898e-06
1.027058824e-09,-1.055385086e-06
1.027647059e-09,-1.051417494e-06
1.028235294e-09,-1.047341167e-06
1.028823529e-09,-1.04316076e-06
1.029411765e-09,-1.038885393e-06
1.03e-09,-1.034528341e-06
1.030588235e-09,-1.030106561e-06
1.031176471e-09,-1.025640087e-06
1.031764706e-09,-1.021151317e-06
1.032352941e-09,-1.016664214e-06
1.032941176e-09,-1.012203474e-06
1.033529412e-09,-1.00779368e-06
1.034117647e-09,-1.003458495e-06
1.034705882e-09,-9.992199105e-07
1.035294118e-09,-9.950975965e-07
1.035882353e-09,-9.911083706e-07
1.036470588e-09,-9.87265807e-07
1.037058824e-09,-9.83579997e-07
1.037647059e-09,-9.800574651e-07
1.038235294e-09,-9.767012376e-07
1.038823529e-09,-9.735110509e-07
1.039411765e-09,-9.704836817e-07
1.04e-09,-9.676133749e-07
1.040588235e-09,-9.648923411e-07
1.041176471e-09,-9.623112895e-07
1.041764706e-09,-9.598599668e-07
1.042352941e-09,-9.575276657e-07
1.042941176e-09,-9.553036764e-07
1.043529412e-09,-9.531776517e-07
1.044117647e-09,-9.511398671e-07
1.044705882e-09,-9.491813602e-07
1.045294118e-09,-9.472939423e-07
1.045882353e-09,-9.454700834e-07
1.046470588e-09,-9.437026783e-07
1.047058824e-09,-9.419847103e-07
1.047647059e-09,-9.403088334e-07
1.048235294e-09,-9.38666902e-07
1.048823529e-09,-9.370494787e-07
1.049411765e-09,-9.354453552e-07
1.05e-09,-9.338411188e-07
1.050588235e-09,-9.322207992e-07
1.051176471e-09,-9.30565624e-07
1.051764706e-09,-9.28853908e-07
1.052352941e-09,-9.270610944e-07
1.052941176e-09,-9.251599588e-07
1.053529412e-09,-9.231209777e-07
1.054117647e-09,-9.209128555e-07
1.054705882e-09,-9.185031951e-07
1.055294118e-09,-9.158592889e-07
1.055882353e-09,-9.129489989e-07
1.056470588e-09,-9.097416916e-07
1.057058824e-09,-9.062091857e-07
1.057647059e-09,-9.023266711e-07
1.058235294e-09,-8.98073556e-07
1.058823529e-09,-8.934342012e-07
1.059411765e-09,-8.883985056e-07
1.06e-09,-8.829623109e-07
1.060588235e-09,-8.771276026e-07
1.061176471e-09,-8.709024928e-07
1.061764706e-09,-8.643009806e-07
1.062352941e-09,-8.573424941e-07
1.062941176e-09,-8.500512321e-07
1.063529412e-09,-8.42455328e-07
1.064117647e-09,-8.345858723e-07
1.064705882e-09,-8.264758342e-07
1.065294118e-09,-8.181589276e-07
1.065882353e-09,-8.096684733e-07
1.066470588e-09,-8.010363069e-07
1.067058824e-09,-7.922917817e-07
1.067647059e-09,-7.834609129e-07
1.068235294e-09,-7.745657019e-07
1.068823529e-09,-7.656236719e-07
1.069411765e-09,-7.56647638e-07
1.07e-09,-7.476457215e-07
1.070588235e-09,-7.386216089e-07
1.071176471e-09,-7.295750439e-07
1.071764706e-09,-7.205025277e-07
1.072352941e-09,-7.113981973e-07
1.072941176e-09,-7.022548359e-07
1.073529412e-09,-6.930649691e-07
1.074117647e-09,-6.838219922e-07
1.074705882e-09,-6.745212713e-07
1.075294118e-09,-6.651611641e-07
1.075882353e-09,-6.557439069e-07
1.076470588e-09,-6.462763197e-07
1.077058824e-09,-6.367702914e-07
1.077647059e-09,-6.272430136e-07
1.078235294e-09,-6.17716946e-07
1.078823529e-09,-6.082195056e-07
1.079411765e-09,-5.987824872e-07
1.08e-09,-5.894412336e-07
1.080588235e-09,-5.802335862e-07
1.081176471e-09,-5.711986577e-07
1.081764706e-09,-5.623754765e-07
1.082352941e-09,-5.538015601e-07
1.082941176e-09,-5.455114773e-07
1.083529412e-09,-5.375354623e-07
1.084117647e-09,-5.298981406e-07
1.084705882e-09,-5.226174233e-07
1.085294118e-09,-5.157036188e-07
1.085882353e-09,-5.091588038e-07
1.086470588e-09,-5.029764808e-07
1.087058824e-09,-4.971415419e-07
1.087647059e-09,-4.916305407e-07
1.088235294e-09,-4.864122641e-07
1.088823529e-09,-4.814485821e-07
1.089411765e-09,-4.766955397e-07
1.09e-09,-4.721046485e-07
1.090588235e-09,-4.676243227e-07
1.091176471e-09,-4.632014023e-07
1.091764706e-09,-4.587826996e-07
1.092352941e-09,-4.543165074e-07
1.092941176e-09,-4.497540069e-07
1.093529412e-09,-4.450505214e-07
1.094117647e-09,-4.401665661e-07
1.094705882e-09,-4.350686576e-07
1.095294118e-09,-4.297298538e-07
1.095882353e-09,-4.241300122e-07
1.096470588e-09,-4.182557626e-07
1.097058824e-09,-4.121002084e-07
1.097647059e-09,-4.056623763e-07
1.098235294e-09,-3.989464539e-07
1.098823529e-09,-3.919608546e-07
1.099411765e-09,-3.847171643e-07
1.1e-09,-3.772290234e-07
1.100588235e-09,-3.695110035e-07
1.101176471e-09,-3.615775335e-07
1.101764706e-09,-3.534419306e-07
1.102352941e-09,-3.451155812e-07
1.102941176e-09,-3.366073122e-07
1.103529412e-09,-3.279229797e-07
1.104117647e-09,-3.190652949e-07
1.104705882e-09,-3.100338891e-07
1.105294118e-09,-3.008256136e-07
1.105882353e-09,-2.914350537e-07
1.106470588e-09,-2.818552277e-07
1.107058824e-09,-2.720784317e-07
1.107647059e-09,-2.620971833e-07
1.108235294e-09,-2.519052131e-07
1.108823529e-09,-2.414984498e-07
1.109411765e-09,-2.30875945e-07
1.11e-09,-2.200406879e-07
1.110588235e-09,-2.090002622e-07
1.111176471e-09,-1.977673099e-07
1.111764706e-09,-1.863597713e-07
1.112352941e-09,-1.74800885e-07
1.112941176e-09,-1.631189414e-07
1.113529412e-09,-1.513467956e-07
1.114117647e-09,-1.395211583e-07
1.114705882e-09,-1.276816917e-07
1.115294118e-09,-1.158699504e-07
1.115882353e-09,-1.041282114e-07
1.116470588e-09,-9.249824492e-08
1.117058824e-09,-8.102008011e-08
1.117647059e-09,-6.973081955e-08
1.118235294e-09,-5.866355531e-08
1.118823529e-09,-4.784643346e-08
1.119411765e-09,-3.730190795e-08
1.12e-09,-2.704621505e-08
1.120588235e-09,-1.708909014e-08
1.121176471e-09,-7.433736456e-09
1.121764706e-09,1.922955355e-09
1.122352941e-09,1.098995047e-08
1.122941176e-09,1.978139921e-08
1.123529412e-09,2.831578652e-08
1.124117647e-09,3.661494215e-08
1.124705882e-09,4.470295939e-08
1.125294118e-09,5.260507203e-08
1.125882353e-09,6.034654189e-08
1.126470588e-09,6.795160613e-08
1.127058824e-09,7.544253117e-08
1.127647059e-09,8.283881246e-08
1.128235294e-09,9.015655279e-08
1.128823529e-09,9.740804113e-08
1.129411765e-09,1.046015448e-07
1.13e-09,1.117413156e-07
1.130588235e-09,1.188278015e-07
1.131176471e-09,1.258580435e-07
1.131764706e-09,1.328262303e-07
1.132352941e-09,1.397243736e-07
1.132941176e-09,1.465430654e-07
1.133529412e-09,1.532722702e-07
1.134117647e-09,1.599021094e-07
1.134705882e-09,1.664235929e-07
1.135294118e-09,1.728292587e-07
1.135882353e-09,1.791136871e-07
1.136470588e-09,1.852738621e-07
1.137058824e-09,1.913093642e-07
1.137647059e-09,1.972223865e-07
1.138235294e-09,2.030175761e-07
1.138823529e-09,2.087017149e-07
1.139411765e-09,2.142832612e-07
1.14e-09,2.197717808e-07
1.140588235e-09,2.251773063e-07
1.141176471e-09,2.305096631e-07
1.141764706e-09,2.357778055e-07
1.142352941e-09,2.409892067e-07
1.142941176e-09,2.461493408e-07
1.143529412e-09,2.512612939e-07
1.144117647e-09,2.563255308e-07
1.144705882e-09,2.613398399e-07
1.145294118e-09,2.662994641e-07
1.145882353e-09,2.711974195e-07
1.146470588e-09,2.760249901e-07
1.147058824e-09,2.807723789e-07
1.147647059e-09,2.854294845e-07
1.148235294e-09,2.899867661e-07
1.148823529e-09,2.944361517e-07
1.149411765e-09,2.987719445e-07
1.15e-09,3.029916749e-07
1.150588235e-09,3.07096854e-07
1.151176471e-09,3.110935819e-07
1.151764706e-09,3.149929738e-07
1.152352941e-09,3.188113743e-07
1.152941176e-09,3.225703392e-07
1.153529412e-09,3.262963767e-07
1.154117647e-09,3.300204511e-07
1.154705882e-09,3.337772631e-07
1.155294118e-09,3.376043346e-07
1.155882353e-09,3.415409337e-07
1.156470588e-09,3.456268865e-07
1.157058824e-09,3.499013272e-07
1.157647059e-09,3.544014434e-07
1.158235294e-09,3.591612749e-07
1.158823529e-09,3.642106223e-07
1.159411765e-09,3.69574118e-07
1.16e-09,3.752705053e-07
1.160588235e-09,3.813121615e-07
1.161176471e-09,3.87704892e-07
1.161764706e-09,3.944480053e-07
1.162352941e-09,4.015346712e-07
1.162941176e-09,4.089525452e-07
1.163529412e-09,4.166846331e-07
1.164117647e-09,4.247103559e-07
1.164705882e-09,4.33006765e-07
1.165294118e-09,4.415498494e-07
1.165882353e-09,4.503158728e-07
1.166470588e-09,4.592826733e-07
1.167058824e-09,4.684308632e-07
1.167647059e-09,4.777448658e-07
1.168235294e-09,4.872137374e-07
1.168823529e-09,4.968317288e-07
1.169411765e-09,5.065985559e-07
1.17e-09,5.165193601e-07
1.170588235e-09,5.266043557e-07
1.171176471e-09,5.368681759e-07
1.171764706e-09,5.473289446e-07
1.172352941e-09,5.58007115e-07
1.172941176e-09,5.689241278e-07
1.173529412e-09,5.801009515e-07
1.174117647e-09,5.915565754e-07
1.174705882e-09,6.033065285e-07
1.175294118e-09,6.153614973e-07
1.175882353e-09,6.277261151e-07
1.176470588e-09,6.40397984e-07
1.177058824e-09,6.533669868e-07
1.177647059e-09,6.666149271e-07
1.178235294e-09,6.801155279e-07
1.178823529e-09,6.938347967e-07
1.179411765e-09,7.07731752e-07
1.18e-09,7.217594881e-07
1.180588235e-09,7.358665392e-07
1.181176471e-09,7.499984872e-07
1.181764706e-09,7.640997501e-07
1.182352941e-09,7.781154729e-07
1.182941176e-09,7.919934409e-07
1.183529412e-09,8.056859325e-07
1.184117647e-09,8.191514275e-07
1.184705882e-09,8.323560953e-07
1.185294118e-09,8.452749949e-07
1.185882353e-09,8.578929308e-07
1.186470588e-09,8.702049226e-07
1.187058824e-09,8.822162654e-07
1.187647059e-09,8.939421734e-07
1.188235294e-09,9.054070192e-07
1.188823529e-09,9.166431979e-07
1.189411765e-09,9.276896648e-07
1.19e-09,9.38590205e-07
1.190588235e-09,9.493915117e-07
1.191176471e-09,9.601411533e-07
1.191764706e-09,9.708855176e-07
1.192352941e-09,9.816678211e-07
1.192941176e-09,9.925262699e-07
1.193529412e-09,1.003492451e-06
1.194117647e-09,1.01459002e-06
1.194705882e-09,1.02583375e-06
1.195294118e-09,1.037228961e-06
1.195882353e-09,1.048771383e-06
1.196470588e-09,1.060447418e-06
1.197058824e-09,1.072234823e-06
1.197647059e-09,1.084103752e-06
1.198235294e-09,1.096018122e-06
1.198823529e-09,1.107937236e-06
1.199411765e-09,1.119817589e-06
1.2e-09,1.131614772e-06
1.200588235e-09,1.143285396e-06
1.201176471e-09,1.154788935e-06
1.201764706e-09,1.166089426e-06
1.202352941e-09,1.177156941e-06
1.202941176e-09,1.187968766e-06
1.203529412e-09,1.198510245e-06
1.204117647e-09,1.208775265e-06
1.204705882e-09,1.218766341e-06
1.205294118e-09,1.228494333e-06
1.205882353e-09,1.237977799e-06
1.206470588e-09,1.247242028e-06
1.207058824e-09,1.2563178e-06
1.207647059e-09,1.265239943e-06
1.208235294e-09,1.274045748e-06
1.208823529e-09,1.28277334e-06
1.209411765e-09,1.291460058e-06
1.21e-09,1.300140944e-06
1.210588235e-09,1.308847394e-06
1.211176471e-09,1.317606046e-06
1.211764706e-09,1.326437941e-06
1.212352941e-09,1.335358003e-06
1.212941176e-09,1.344374845e-06
1.213529412e-09,1.35349092e-06
1.214117647e-09,1.362702974e-06
1.214705882e-09,1.372002802e-06
1.215294118e-09,1.381378236e-06
1.215882353e-09,1.390814325e-06
1.216470588e-09,1.400294631e-06
1.217058824e-09,1.40980258e-06
1.217647059e-09,1.41932278e-06
1.218235294e-09,1.428842255e-06
1.218823529e-09,1.438351506e-06
1.219411765e-09,1.447845366e-06
1.22e-09,1.457323577e-06
1.220588235e-09,1.466791079e-06
1.221176471e-09,1.476257985e-06
1.221764706e-09,1.485739233e-06
1.222352941e-09,1.495253944e-06
1.222941176e-09,1.504824508e-06
1.223529412e-09,1.514475442e-06
1.224117647e-09,1.524232079e-06
1.224705882e-09,1.534119153e-06
1.225294118e-09,1.544159338e-06
1.225882353e-09,1.554371835e-06
1.226470588e-09,1.564771055e-06
1.227058824e-09,1.575365481e-06
1.227647059e-09,1.586156749e-06
1.228235294e-09,1.597139017e-06
1.228823529e-09,1.608298632e-06
1.229411765e-09,1.619614127e-06
1.23e-09,1.63105655e-06
1.230588235e-09,1.642590105e-06
1.231176471e-09,1.65417308e-06
1.231764706e-09,1.665759027e-06
1.232352941e-09,1.677298126e-06
1.232941176e-09,1.688738679e-06
1.233529412e-09,1.700028677e-06
1.234117647e-09,1.71111734e-06
1.234705882e-09,1.721956595e-06
1.235294118e-09,1.7325024e-06
1.235882353e-09,1.742715878e-06
1.236470588e-09,1.752564195e-06
1.237058824e-09,1.76202117e-06
1.237647059e-09,1.771067572e-06
1.238235294e-09,1.779691134e-06
1.238823529e-09,1.787886253e-06
1.239411765e-09,1.795653444e-06
1.24e-09,1.802998558e-06
1.240588235e-09,1.809931819e-06
1.241176471e-09,1.816466752e-06
1.241764706e-09,1.822619047e-06
1.242352941e-09,1.828405437e-06
1.242941176e-09,1.833842644e-06
1.243529412e-09,1.83894646e-06
1.244117647e-09,1.843731005e-06
1.244705882e-09,1.848208207e-06
1.245294118e-09,1.852387532e-06
1.245882353e-09,1.85627597e-06
1.246470588e-09,1.859878276e-06
1.247058824e-09,1.863197459e-06
1.247647059e-09,1.866235468e-06
1.248235294e-09,1.868994053e-06
1.248823529e-09,1.871475728e-06
1.249411765e-09,1.873684784e-06
1.25e-09,1.875628296e-06
1.250588235e-09,1.877317037e-06
1.251176471e-09,1.878766258e-06
1.251764706e-09,1.879996261e-06
1.252352941e-09,1.881032742e-06
1.252941176e-09,1.881906837e-06
1.253529412e-09,1.882654894e-06
1.254117647e-09,1.883317927e-06
1.254705882e-09,1.883940797e-06
1.255294118e-09,1.884571132e-06
1.255882353e-09,1.885258035e-06
1.256470588e-09,1.886050643e-06
1.257058824e-09,1.886996589e-06
1.257647059e-09,1.888140466e-06
1.258235294e-09,1.889522344e-06
1.258823529e-09,1.891176436e-06
1.259411765e-09,1.893129978e-06
1.26e-09,1.895402388e-06
1.260588235e-09,1.898004755e-06
1.261176471e-09,1.900939702e-06
1.261764706e-09,1.904201628e-06
1.262352941e-09,1.907777347e-06
1.262941176e-09,1.911647098e-06
1.263529412e-09,1.915785886e-06
1.264117647e-09,1.920165104e-06
1.264705882e-09,1.924754372e-06
1.265294118e-09,1.929523495e-06
1.265882353e-09,1.934444465e-06
1.266470588e-09,1.939493408e-06
1.267058824e-09,1.944652368e-06
1.267647059e-09,1.949910864e-06
1.268235294e-09,1.955267105e-06
1.268823529e-09,1.960728832e-06
1.269411765e-09,1.9663137e-06
1.27e-09,1.972049192e-06
1.270588235e-09,1.977972047e-06
1.271176471e-09,1.984127215e-06
1.271764706e-09,1.990566364e-06
1.272352941e-09,1.997346016e-06
1.272941176e-09,2.004525359e-06
1.273529412e-09,2.012163851e-06
1.274117647e-09,2.020318699e-06
1.274705882e-09,2.029042332e-06
1.275294118e-09,2.038379977e-06
1.275882353e-09,2.048367449e-06
1.276470588e-09,2.059029253e-06
1.277058824e-09,2.070377093e-06
1.277647059e-09,2.082408849e-06
1.278235294e-09,2.095108089e-06
1.278823529e-09,2.108444128e-06
1.279411765e-09,2.122372653e-06
1.28e-09,2.136836883e-06
1.280588235e-09,2.151769223e-06
1.281176471e-09,2.167093343e-06
1.281764706e-09,2.182726602e-06
1.282352941e-09,2.198582699e-06
1.282941176e-09,2.214574454e-06
1.283529412e-09,2.230616592e-06
1.284117647e-09,2.246628406e-06
1.284705882e-09,2.262536192e-06
1.285294118e-09,2.27827535e-06
1.285882353e-09,2.293792052e-06
1.286470588e-09,2.309044426e-06
1.287058824e-09,2.324003187e-06
1.287647059e-09,2.338651709e-06
1.288235294e-09,2.352985536e-06
1.288823529e-09,2.367011364e-06
1.289411765e-09,2.38074554e-06
1.29e-09,2.394212167e-06
1.290588235e-09,2.407440899e-06
1.291176471e-09,2.420464544e-06
1.291764706e-09,2.433316585e-06
1.292352941e-09,2.446028743e-06
1.292941176e-09,2.458628705e-06
1.293529412e-09,2.471138118e-06
1.294117647e-09,2.483570963e-06
1.294705882e-09,2.49593237e-06
1.295294118e-09,2.50821795e-06
1.295882353e-09,2.520413656e-06
1.296470588e-09,2.532496213e-06
1.297058824e-09,2.544434057e-06
1.297647059e-09,2.556188778e-06
1.298235294e-09,2.567716967e-06
1.298823529e-09,2.578972397e-06
1.299411765e-09,2.589908422e-06
1.3e-09,2.600480486e-06
1.300588235e-09,2.610648606e-06
1.301176471e-09,2.620379722e-06
1.301764706e-09,2.629649781e-06
1.302352941e-09,2.638445465e-06
1.302941176e-09,2.646765461e-06
1.303529412e-09,2.654621205e-06
1.304117647e-09,2.66203707e-06
1.304705882e-09,2.669049959e-06
1.305294118e-09,2.675708326e-06
1.305882353e-09,2.682070662e-06
1.306470588e-09,2.688203495e-06
1.307058824e-09,2.694178999e-06
1.307647059e-09,2.700072313e-06
1.308235294e-09,2.705958686e-06
1.308823529e-09,2.711910564e-06
1.309411765e-09,2.717994771e-06
1.31e-09,2.724269878e-06
1.310588235e-09,2.730783903e-06
1.311176471e-09,2.737572428e-06
1.311764706e-09,2.744657218e-06
1.312352941e-09,2.752045416e-06
1.312941176e-09,2.759729318e-06
1.313529412e-09,2.767686772e-06
1.314117647e-09,2.775882151e-06
1.314705882e-09,2.784267874e-06
1.315294118e-09,2.792786386e-06
1.315882353e-09,2.801372528e-06
1.316470588e-09,2.80995617e-06
1.317058824e-09,2.818464996e-06
1.317647059e-09,2.826827321e-06
1.318235294e-09,2.834974813e-06
1.318823529e-09,2.842844994e-06
1.319411765e-09,2.850383428e-06
1.32e-09,2.857545494e-06
1.320588235e-09,2.864297684e-06
1.321176471e-09,2.870618369e-06
1.321764706e-09,2.876498019e-06
1.322352941e-09,2.881938882e-06
1.322941176e-09,2.886954154e-06
1.323529412e-09,2.891566685e-06
1.324117647e-09,2.895807309e-06
1.324705882e-09,2.89971288e-06
1.325294118e-09,2.903324126e-06
1.325882353e-09,2.90668342e-06
1.326470588e-09,2.909832596e-06
1.327058824e-09,2.912810906e-06
1.327647059e-09,2.91565322e-06
1.328235294e-09,2.918388555e-06
1.328823529e-09,2.921038995e-06
1.329411765e-09,2.923619052e-06
1.33e-09,2.926135484e-06
1.330588235e-09,2.928587569e-06
1.331176471e-09,2.930967807e-06
1.331764706e-09,2.933263006e-06
1.332352941e-09,2.935455672e-06
1.332941176e-09,2.937525635e-06
1.333529412e-09,2.939451795e-06
1.334117647e-09,2.941213915e-06
1.334705882e-09,2.942794321e-06
1.335294118e-09,2.944179451e-06
1.335882353e-09,2.94536113e-06
1.336470588e-09,2.946337521e-06
1.337058824e-09,2.947113683e-06
1.337647059e-09,2.947701703e-06
1.338235294e-09,2.948120397e-06
1.338823529e-09,2.948394578e-06
1.339411765e-09,2.948553935e-06
1.34e-09,2.948631584e-06
1.340588235e-09,2.94866234e-06
1.341176471e-09,2.948680833e-06
1.341764706e-09,2.94871954e-06
1.342352941e-09,2.948806845e-06
1.342941176e-09,2.94896524e-06
1.343529412e-09,2.949209743e-06
1.344117647e-09,2.949546644e-06
1.344705882e-09,2.949972637e-06
1.345294118e-09,2.950474384e-06
1.345882353e-09,2.951028558e-06
1.346470588e-09,2.951602358e-06
1.347058824e-09,2.952154486e-06
1.347647059e-09,2.952636534e-06
1.348235294e-09,2.952994728e-06
1.348823529e-09,2.953171946e-06
1.349411765e-09,2.953109906e-06
1.35e-09,2.952751424e-06
1.350588235e-09,2.952042637e-06
1.351176471e-09,2.950935067e-06
1.351764706e-09,2.949387442e-06
1.352352941e-09,2.947367169e-06
1.352941176e-09,2.944851403e-06
1.353529412e-09,2.941827642e-06
1.354117647e-09,2.938293835e-06
1.354705882e-09,2.934257996e-06
1.355294118e-09,2.929737346e-06
1.355882353e-09,2.924757032e-06
1.356470588e-09,2.919348498e-06
1.357058824e-09,2.913547589e-06
1.357647059e-09,2.907392508e-06
1.358235294e-09,2.900921723e-06
1.358823529e-09,2.894171955e-06
1.359411765e-09,2.887176353e-06
1.36e-09,2.879962968e-06
1.360588235e-09,2.872553618e-06
1.361176471e-09,2.864963213e-06
1.361764706e-09,2.857199588e-06
1.362352941e-09,2.84926387e-06
1.362941176e-09,2.841151373e-06
1.363529412e-09,2.83285298e-06
1.364117647e-09,2.824356952e-06
1.364705882e-09,2.815651083e-06
1.365294118e-09,2.806725076e-06
1.365882353e-09,2.797573038e-06
1.366470588e-09,2.788195932e-06
1.367058824e-09,2.778603879e-06
1.367647059e-09,2.76881814e-06
1.368235294e-09,2.758872692e-06
1.368823529e-09,2.748815253e-06
1.369411765e-09,2.738707703e-06
1.37e-09,2.728625826e-06
1.370588235e-09,2.718658349e-06
1.371176471e-09,2.708905295e-06
1.371764706e-09,2.699475679e-06
1.372352941e-09,2.690484635e-06
1.372941176e-09,2.682050069e-06
1.373529412e-09,2.674288965e-06
1.374117647e-09,2.667313512e-06
1.374705882e-09,2.661227199e-06
1.375294118e-09,2.656121052e-06
1.375882353e-09,2.652070196e-06
1.376470588e-09,2.649130883e-06
1.377058824e-09,2.647338136e-06
1.377647059e-09,2.646704132e-06
1.378235294e-09,2.647217405e-06
1.378823529e-09,2.648842924e-06
1.379411765e-09,2.651523059e-06
1.38e-09,2.655179416e-06
1.380588235e-09,2.659715475e-06
1.381176471e-09,2.665019922e-06
1.381764706e-09,2.670970564e-06
1.382352941e-09,2.677438645e-06
1.382941176e-09,2.684293394e-06
1.383529412e-09,2.691406616e-06
1.384117647e-09,2.698657125e-06
1.384705882e-09,2.705934832e-06
1.385294118e-09,2.713144308e-06
1.385882353e-09,2.720207681e-06
1.386470588e-09,2.727066719e-06
1.387058824e-09,2.733684041e-06
1.387647059e-09,2.740043374e-06
1.388235294e-09,2.74614888e-06
1.388823529e-09,2.752023558e-06
1.389411765e-09,2.757706826e-06
1.39e-09,2.763251374e-06
1.390588235e-09,2.768719451e-06
1.391176471e-09,2.774178752e-06
1.391764706e-09,2.779698099e-06
1.392352941e-09,2.785343117e-06
1.392941176e-09,2.791172108e-06
1.393529412e-09,2.797232308e-06
1.394117647e-09,2.803556716e-06
1.394705882e-09,2.81016162e-06
1.395294118e-09,2.817044964e-06
1.395882353e-09,2.824185596e-06
1.396470588e-09,2.831543465e-06
1.397058824e-09,2.839060735e-06
1.397647059e-09,2.846663765e-06
1.398235294e-09,2.85426587e-06
1.398823529e-09,2.861770718e-06
1.399411765e-09,2.869076207e-06
1.4e-09,2.876078646e-06
1.400588235e-09,2.882677021e-06
1.401176471e-09,2.888777163e-06
1.401764706e-09,2.894295603e-06
1.402352941e-09,2.899162942e-06
1.402941176e-09,2.903326568e-06
1.403529412e-09,2.906752591e-06
1.404117647e-09,2.909426903e-06
1.404705882e-09,2.911355317e-06
1.405294118e-09,2.912562768e-06
1.405882353e-09,2.913091619e-06
1.406470588e-09,2.912999161e-06
1.407058824e-09,2.912354404e-06
1.407647059e-09,2.911234339e-06
1.408235294e-09,2.909719831e-06
1.408823529e-09,2.90789135e-06
1.409411765e-09,2.905824744e-06
1.41e-09,2.903587253e-06
1.410588235e-09,2.901233965e-06
1.411176471e-09,2.898804887e-06
1.411764706e-09,2.89632276e-06
1.412352941e-09,2.89379175e-06
1.412941176e-09,2.891197057e-06
1.413529412e-09,2.888505488e-06
1.414117647e-09,2.885666948e-06
1.414705882e-09,2.882616802e-06
1.415294118e-09,2.879278986e-06
1.415882353e-09,2.875569728e-06
1.416470588e-09,2.871401695e-06
1.417058824e-09,2.866688384e-06
1.417647059e-09,2.861348537e-06
1.418235294e-09,2.855310376e-06
1.418823529e-09,2.848515447e-06
1.419411765e-09,2.840921904e-06
1.42e-09,2.83250706e-06
1.420588235e-09,2.823269086e-06
1.421176471e-09,2.813227777e-06
1.421764706e-09,2.802424347e-06
1.422352941e-09,2.790920242e-06
1.422941176e-09,2.778795049e-06
1.423529412e-09,2.766143576e-06
1.424117647e-09,2.753072244e-06
1.424705882e-09,2.739694959e-06
1.425294118e-09,2.726128649e-06
1.425882353e-09,2.71248868e-06
1.426470588e-09,2.698884353e-06
1.427058824e-09,2.6854147e-06
1.427647059e-09,2.672164758e-06
1.428235294e-09,2.659202499e-06
1.428823529e-09,2.646576552e-06
1.429411765e-09,2.634314814e-06
1.43e-09,2.622423999e-06
1.430588235e-09,2.610890147e-06
1.431176471e-09,2.599680055e-06
1.431764706e-09,2.588743536e-06
1.432352941e-09,2.578016416e-06
1.432941176e-09,2.567424079e-06
1.433529412e-09,2.55688542e-06
1.434117647e-09,2.546316972e-06
1.434705882e-09,2.535637034e-06
1.435294118e-09,2.524769575e-06
1.435882353e-09,2.51364774e-06
1.436470588e-09,2.502216772e-06
1.437058824e-09,2.490436233e-06
1.437647059e-09,2.478281406e-06
1.438235294e-09,2.465743816e-06
1.438823529e-09,2.452830865e-06
1.439411765e-09,2.439564601e-06
1.44e-09,2.425979693e-06
1.440588235e-09,2.412120722e-06
1.441176471e-09,2.398038943e-06
1.441764706e-09,2.383788668e-06
1.442352941e-09,2.36942349e-06
1.442941176e-09,2.354992512e-06
1.443529412e-09,2.340536803e-06
1.444117647e-09,2.326086254e-06
1.444705882e-09,2.311656995e-06
1.445294118e-09,2.297249512e-06
1.445882353e-09,2.282847562e-06
1.446470588e-09,2.268417932e-06
1.447058824e-09,2.253911074e-06
1.447647059e-09,2.239262566e-06
1.448235294e-09,2.224395332e-06
1.448823529e-09,2.209222507e-06
1.449411765e-09,2.1936508e-06
1.45e-09,2.177584181e-06
1.450588235e-09,2.160927697e-06
1.451176471e-09,2.143591232e-06
1.451764706e-09,2.125493003e-06
1.452352941e-09,2.106562624e-06
1.452941176e-09,2.08674357e-06
1.453529412e-09,2.065994923e-06
1.454117647e-09,2.0442923e-06
1.454705882e-09,2.021627934e-06
1.455294118e-09,1.998009889e-06
1.455882353e-09,1.973460471e-06
1.456470588e-09,1.94801391e-06
1.457058824e-09,1.921713458e-06
1.457647059e-09,1.894608057e-06
1.458235294e-09,1.866748761e-06
1.458823529e-09,1.838185132e-06
1.459411765e-09,1.808961799e-06
1.46e-09,1.779115398e-06
1.460588235e-09,1.748672076e-06
1.461176471e-09,1.717645706e-06
1.461764706e-09,1.686036962e-06
1.462352941e-09,1.653833306e-06
1.462941176e-09,1.621009938e-06
1.463529412e-09,1.58753169e-06
1.464117647e-09,1.553355782e-06
1.464705882e-09,1.518435337e-06
1.465294118e-09,1.482723484e-06
1.465882353e-09,1.446177854e-06
1.466470588e-09,1.408765244e-06
1.467058824e-09,1.370466208e-06
1.467647059e-09,1.331279325e-06
1.468235294e-09,1.291224913e-06
1.468823529e-09,1.250347957e-06
1.469411765e-09,1.208720089e-06
1.47e-09,1.166440437e-06
1.470588235e-09,1.123635289e-06
1.471176471e-09,1.0804565e-06
1.471764706e-09,1.037078672e-06
1.472352941e-09,9.93695194e-07
1.472941176e-09,9.505132636e-07
1.473529412e-09,9.077480862e-07
1.474117647e-09,8.656164834e-07
1.474705882e-09,8.243301716e-07
1.475294118e-09,7.840890044e-07
1.475882353e-09,7.450744679e-07
1.476470588e-09,7.074437262e-07
1.477058824e-09,6.713244809e-07
1.477647059e-09,6.368108901e-07
1.478235294e-09,6.039607325e-07
1.478823529e-09,5.727939644e-07
1.479411765e-09,5.432927374e-07
1.48e-09,5.154028958e-07
1.480588235e-09,4.890368872e-07
1.481176471e-09,4.640779699e-07
1.481764706e-09,4.403855245e-07
1.482352941e-09,4.178012355e-07
1.482941176e-09,3.961558558e-07
1.483529412e-09,3.752762478e-07
1.484117647e-09,3.549923672e-07
1.484705882e-09,3.351438689e-07
1.485294118e-09,3.155860162e-07
1.485882353e-09,2.96194621e-07
1.486470588e-09,2.768697693e-07
1.487058824e-09,2.575381631e-07
1.487647059e-09,2.381539555e-07
1.488235294e-09,2.186980462e-07
1.488823529e-09,1.991758649e-07
1.489411765e-09,1.796137562e-07
1.49e-09,1.600541398e-07
1.490588235e-09,1.405496931e-07
1.491176471e-09,1.211568408e-07
1.491764706e-09,1.019288922e-07
1.492352941e-09,8.290916869e-08
1.492941176e-09,6.412449219e-08
1.493529412e-09,4.557937141e-08
1.494117647e-09,2.725121525e-08
1.494705882e-09,9.086839262e-09
1.495294118e-09,-8.99950957e-09
1.495882353e-09,-2.712647148e-08
1.496470588e-09,-4.544415868e-08
1.497058824e-09,-6.413102859e-08
1.497647059e-09,-8.338913414e-08
1.498235294e-09,-1.034379371e-07
1.498823529e-09,-1.245069259e-07
1.499411765e-09,-1.468273599e-07
1.5e-09,-1.706234915e-07
1.500588235e-09,-1.961036694e-07
1.501176471e-09,-2.234517208e-07
1.501764706e-09,-2.528190251e-07
1.502352941e-09,-2.843176481e-07
1.502941176e-09,-3.180148833e-07
1.503529412e-09,-3.539294696e-07
1.504117647e-09,-3.920297001e-07
1.504705882e-09,-4.322335372e-07
1.505294118e-09,-4.744107757e-07
1.505882353e-09,-5.183871851e-07
1.506470588e-09,-5.639504917e-07
1.507058824e-09,-6.108579533e-07
1.507647059e-09,-6.588452275e-07
1.508235294e-09,-7.076361493e-07
1.508823529e-09,-7.569530107e-07
1.509411765e-09,-8.065268885e-07
1.51e-09,-8.561075786e-07
1.510588235e-09,-9.054726919e-07
1.511176471e-09,-9.544355198e-07
1.511764706e-09,-1.002851313e-06
1.512352941e-09,-1.050621703e-06
1.512941176e-09,-1.097697071e-06
1.513529412e-09,-1.144076757e-06
1.514117647e-09,-1.189807112e-06
1.514705882e-09,-1.234977494e-06
1.515294118e-09,-1.27971438e-06
1.515882353e-09,-1.324173897e-06
1.516470588e-09,-1.368533091e-06
1.517058824e-09,-1.412980377e-06
1.517647059e-09,-1.457705589e-06
1.518235294e-09,-1.502890114e-06
1.518823529e-09,-1.548697557e-06
1.519411765e-09,-1.595265391e-06
1.52e-09,-1.642697964e-06
1.520588235e-09,-1.691061206e-06
1.521176471e-09,-1.740379263e-06
1.521764706e-09,-1.79063324e-06
1.522352941e-09,-1.841762069e-06
1.522941176e-09,-1.893665491e-06
1.523529412e-09,-1.94620898e-06
1.524117647e-09,-1.999230378e-06
1.524705882e-09,-2.052547908e-06
1.525294118e-09,-2.105969188e-06
1.525882353e-09,-2.15930078e-06
1.526470588e-09,-2.212357844e-06
1.527058824e-09,-2.264973386e-06
1.527647059e-09,-2.317006671e-06
1.528235294e-09,-2.368350372e-06
1.528823529e-09,-2.418936105e-06
1.529411765e-09,-2.468738061e-06
1.53e-09,-2.517774568e-06
1.530588235e-09,-2.566107462e-06
1.531176471e-09,-2.613839319e-06
1.531764706e-09,-2.661108633e-06
1.532352941e-09,-2.708083204e-06
1.532941176e-09,-2.754951994e-06
1.533529412e-09,-2.801915884e-06
1.534117647e-09,-2.849177738e-06
1.534705882e-09,-2.896932265e-06
1.535294118e-09,-2.945356167e-06
1.535882353e-09,-2.99459904e-06
1.536470588e-09,-3.044775477e-06
1.537058824e-09,-3.095958768e-06
1.537647059e-09,-3.148176477e-06
1.538235294e-09,-3.201408163e-06
1.538823529e-09,-3.255585314e-06
1.539411765e-09,-3.310593544e-06
1.54e-09,-3.366276932e-06
1.540588235e-09,-3.422444306e-06
1.541176471e-09,-3.478877174e-06
1.541764706e-09,-3.535338924e-06
1.542352941e-09,-3.591584838e-06
1.542941176e-09,-3.647372453e-06
1.543529412e-09,-3.702471745e-06
1.544117647e-09,-3.756674658e-06
1.544705882e-09,-3.809803495e-06
1.545294118e-09,-3.861717768e-06
1.545882353e-09,-3.912319165e-06
1.546470588e-09,-3.96155439e-06
1.547058824e-09,-4.009415726e-06
1.547647059e-09,-4.055939304e-06
1.548235294e-09,-4.10120114e-06
1.548823529e-09,-4.145311168e-06
1.549411765e-09,-4.188405523e-06
1.55e-09,-4.230637499e-06
1.550588235e-09,-4.272167604e-06
1.551176471e-09,-4.313153241e-06
1.551764706e-09,-4.35373851e-06
1.552352941e-09,-4.394044683e-06
1.552941176e-09,-4.434161819e-06
1.553529412e-09,-4.47414197e-06
1.554117647e-09,-4.513994343e-06
1.554705882e-09,-4.553682668e-06
1.555294118e-09,-4.593124953e-06
1.555882353e-09,-4.632195642e-06
1.556470588e-09,-4.670730108e-06
1.557058824e-09,-4.708531274e-06
1.557647059e-09,-4.745378046e-06
1.558235294e-09,-4.781035157e-06
1.558823529e-09,-4.815263932e-06
1.559411765e-09,-4.847833437e-06
1.56e-09,-4.878531449e-06
1.560588235e-09,-4.907174681e-06
1.561176471e-09,-4.933617727e-06
1.561764706e-09,-4.95776026e-06
1.562352941e-09,-4.979552065e-06
1.562941176e-09,-4.998995647e-06
1.563529412e-09,-5.016146208e-06
1.564117647e-09,-5.031108976e-06
1.564705882e-09,-5.044033965e-06
1.565294118e-09,-5.055108398e-06
1.565882353e-09,-5.064547136e-06
1.566470588e-09,-5.072581592e-06
1.567058824e-09,-5.079447646e-06
1.567647059e-09,-5.085373219e-06
1.568235294e-09,-5.09056612e-06
1.568823529e-09,-5.095202853e-06
1.569411765e-09,-5.099418998e-06
1.57e-09,-5.103301773e-06
1.570588235e-09,-5.106885246e-06
1.571176471e-09,-5.11014864e-06
1.571764706e-09,-5.113017968e-06
1.572352941e-09,-5.115371185e-06
1.572941176e-09,-5.117046842e-06
1.573529412e-09,-5.117856158e-06
1.574117647e-09,-5.117598248e-06
1.574705882e-09,-5.116078205e-06
1.575294118e-09,-5.113127599e-06
1.575882353e-09,-5.108626985e-06
1.576470588e-09,-5.102529925e-06
1.577058824e-09,-5.094888149e-06
1.577647059e-09,-5.085877464e-06
1.578235294e-09,-5.075824206e-06
1.578823529e-09,-5.065232123e-06
1.579411765e-09,-5.05480978e-06
1.58e-09,-5.045498755e-06
1.580588235e-09,-5.038503149e-06
1.581176471e-09,-5.035321081e-06
1.581764706e-09,-5.037779148e-06
1.582352941e-09,-5.048070933e-06
1.582941176e-09,-5.068800907e-06
1.583529412e-09,-5.103035119e-06
1.584117647e-09,-5.154360249e-06
1.584705882e-09,-5.226952531e-06
1.585294118e-09,-5.325658121e-06
1.585882353e-09,-5.456086289e-06
1.586470588e-09,-5.62471673e-06
1.587058824e-09,-5.839021958e-06
1.587647059e-09,-6.107605503e-06
1.588235294e-09,-6.440356163e-06
1.588823529e-09,-6.848618186e-06
1.589411765e-09,-7.345376666e-06
1.59e-09,-7.945456944e-06
1.590588235e-09,-8.665736136e-06
1.591176471e-09,-9.525364355e-06
1.591764706e-09,-1.054599246e-05
1.592352941e-09,-1.175200262e-05
1.592941176e-09,-1.317073727e-05
1.593529412e-09,-1.483272137e-05
1.594117647e-09,-1.677187258e-05
1.594705882e-09,-1.902569296e-05
1.595294118e-09,-2.163543578e-05
1.595882353e-09,-2.464624039e-05
1.596470588e-09,-2.810722774e-05
1.597058824e-09,-3.207154909e-05
1.597647059e-09,-3.659637999e-05
1.598235294e-09,-4.1742852e-05
1.598823529e-09,-4.757591406e-05
1.599411765e-09,-5.41641163e-05
1.6e-09,-6.157930874e-05
1.600588235e-09,-6.989624811e-05
1.601176471e-09,-7.919210645e-05
1.601764706e-09,-8.954587596e-05
1.602352941e-09,-0.000101037665
1.602941176e-09,-0.000113747882
1.603529412e-09,-0.0001277563037
1.604117647e-09,-0.0001431410277
1.604705882e-09,-0.000159977308
1.605294118e-09,-0.000178336277
1.605882353e-09,-0.0001982835554
1.606470588e-09,-0.0002198777586
1.607058824e-09,-0.0002431689042
1.607647059e-09,-0.0002681967339
1.608235294e-09,-0.0002949889595
1.608823529e-09,-0.0003235594504
1.609411765e-09,-0.0003539063795
1.61e-09,-0.0003860103474
1.610588235e-09,-0.0004198325098
1.611176471e-09,-0.0004553127322
1.611764706e-09,-0.0004923678014
1.612352941e-09,-0.0005308897249
1.612941176e-09,-0.0005707441509
1.613529412e-09,-0.0006117689438
1.614117647e-09,-0.0006537729533
1.614705882e-09,-0.0006965350136
1.615294118e-09,-0.0007398032128
1.615882353e-09,-0.0007832944711
1.616470588e-09,-0.0008266944663
1.617058824e-09,-0.0008696579455
1.617647059e-09,-0.0009118094578
1.618235294e-09,-0.0009527445427
1.618823529e-09,-0.000992031405
1.619411765e-09,-0.001029213102
1.62e-09,-0.001063810265
1.620588235e-09,-0.001095324375
1.621176471e-09,-0.001123241598
1.621764706e-09,-0.001147037186
1.622352941e-09,-0.001166180442
1.622941176e-09,-0.001180140231
1.623529412e-09,-0.001188391024
1.624117647e-09,-0.001190419437
1.624705882e-09,-0.001185731235
1.625294118e-09,-0.001173858746
1.625882353e-09,-0.001154368625
1.626470588e-09,-0.001126869908
1.627058824e-09,-0.001091022273
1.627647059e-09,-0.001046544425
1.628235294e-09,-0.0009932225041
1.628823529e-09,-0.0009309184234
1.629411765e-09,-0.0008595780169
1.63e-09,-0.0007792388868
1.630588235e-09,-0.0006900378256
1.631176471e-09,-0.0005922176872
1.631764706e-09,-0.0004861335757
1.632352941e-09,-0.0003722582231
1.632941176e-09,-0.000251186421
1.633529412e-09,-0.0001236383781
1.634117647e-09,9.538126318e-06
1.634705882e-09,0.0001473669146
1.635294118e-09,0.0002887440276
1.635882353e-09,0.0004324398936
1.636470588e-09,0.0005771031498
1.637058824e-09,0.0007212662034
1.637647059e-09,0.0008633526056
1.638235294e-09,0.001001686298
1.638823529e-09,0.00113450277
1.639411765e-09,0.001259962155
1.64e-09,0.00137616426
1.640588235e-09,0.00148116551
1.641176471e-09,0.001572997764
1.641764706e-09,0.001649688934
1.642352941e-09,0.001709285304
1.642941176e-09,0.001749875436
1.643529412e-09,0.001769615504
1.644117647e-09,0.00176675588
1.644705882e-09,0.001739668767
1.645294118e-09,0.00168687664
1.645882353e-09,0.00160708124
1.646470588e-09,0.001499192822
1.647058824e-09,0.001362359352
1.647647059e-09,0.001195995321
1.648235294e-09,0.0009998098117
1.648823529e-09,0.0007738334435
1.649411765e-09,0.0005184438223
1.65e-09,0.0002343890833
1.650588235e-09,-7.719087019e-05
1.651176471e-09,-0.000414745837
1.651764706e-09,-0.0007762998993
1.652352941e-09,-0.001159439506
1.652941176e-09,-0.001561305435
1.653529412e-09,-0.001978588992
1.654117647e-09,-0.002407532765
1.654705882e-09,-0.002843936252
1.655294118e-09,-0.003283166587
1.655882353e-09,-0.0037201746
1.656470588e-09,-0.004149516358
1.657058824e-09,-0.004565380289
1.657647059e-09,-0.004961619927
1.658235294e-09,-0.005331792261
1.658823529e-09,-0.005669201566
1.659411765e-09,-0.005966948576
1.66e-09,-0.00621798471
1.660588235e-09,-0.006415171067
1.661176471e-09,-0.006551341746
1.661764706e-09,-0.006619371034
1.662352941e-09,-0.006612243897
1.662941176e-09,-0.00652312914
1.663529412e-09,-0.006345454542
1.664117647e-09,-0.006072983208
1.664705882e-09,-0.005699890323
1.665294118e-09,-0.005220839447
1.665882353e-09,-0.004631057448
1.666470588e-09,-0.003926407154
1.667058824e-09,-0.003103456783
1.667647059e-09,-0.002159545192
1.668235294e-09,-0.001092842033
1.668823529e-09,9.759812699e-05
1.669411765e-09,0.001411788574
1.67e-09,0.002848770952
1.670588235e-09,0.004406584252
1.671176471e-09,0.006082242995
1.671764706e-09,0.007871725193
1.672352941e-09,0.009769970587
1.672941176e-09,0.01177088957
1.673529412e-09,0.01386738301
1.674117647e-09,0.0160513732
1.674705882e-09,0.01831384584
1.675294118e-09,0.0206449029
1.675882353e-09,0.02303382628
1.676470588e-09,0.02546915145
1.677058824e-09,0.02793875097
1.677647059e-09,0.03042992674
1.678235294e-09,0.03292951042
1.678823529e-09,0.03542397093
1.679411765e-09,0.03789952796
1.68e-09,0.04034227026
1.680588235e-09,0.04273827754
1.681176471e-09,0.04507374445
1.681764706e-09,0.0473351054
1.682352941e-09,0.04950915866
1.682941176e-09,0.05158318831
1.683529412e-09,0.05354508258
1.684117647e-09,0.05538344714
1.684705882e-09,0.05708771196
1.685294118e-09,0.05864823033
1.685882353e-09,0.06005636897
1.686470588e-09,0.06130458788
1.687058824e-09,0.06238650911
1.687647059e-09,0.06329697346
1.688235294e-09,0.06403208436
1.688823529e-09,0.06458923854
1.689411765e-09,0.06496714291
1.69e-09,0.06516581756
1.690588235e-09,0.06518658485
1.691176471e-09,0.06503204473
1.691764706e-09,0.06470603666
1.692352941e-09,0.06421358869
1.692941176e-09,0.06356085433
1.693529412e-09,0.06275503814
1.694117647e-09,0.06180431109
1.694705882e-09,0.0607177167
1.695294118e-09,0.05950506937
1.695882353e-09,0.05817684619
1.696470588e-09,0.05674407364
1.697058824e-09,0.05521821073
1.697647059e-09,0.0536110301
1.698235294e-09,0.05193449848
1.698823529e-09,0.05020065819
1.699411765e-09,0.04842151103
1.7e-09,0.04660890604
1.700588235e-09,0.0447744324
1.701176471e-09,0.0429293187
1.701764706e-09,0.04108433974
1.702352941e-09,0.03924973183
1.702941176e-09,0.03743511731
1.703529412e-09,0.03564943913
1.704117647e-09,0.03390090586
1.704705882e-09,0.03219694758
1.705294118e-09,0.03054418279
1.705882353e-09,0.02894839626
1.706470588e-09,0.02741452789
1.707058824e-09,0.02594667202
1.707647059e-09,0.02454808689
1.708235294e-09,0.0232212137
1.708823529e-09,0.02196770436
1.709411765e-09,0.0207884574
1.71e-09,0.01968366086
1.710588235e-09,0.01865284145
1.711176471e-09,0.01769491871
1.711764706e-09,0.0168082634
1.712352941e-09,0.01599075872
1.712941176e-09,0.01523986366
1.713529412e-09,0.01455267712
1.714117647e-09,0.01392600203
1.714705882e-09,0.01335640843
1.715294118e-09,0.0128402946
1.715882353e-09,0.01237394558
1.716470588e-09,0.01195358824
1.717058824e-09,0.01157544232
1.717647059e-09,0.01123576706
1.718235294e-09,0.01093090288
1.718823529e-09,0.01065730789
1.719411765e-09,0.01041158904
1.72e-09,0.01019052792
1.720588235e-09,0.009991101077
1.721176471e-09,0.009810495187
1.721764706e-09,0.009646117077
1.722352941e-09,0.009495599063
1.722941176e-09,0.009356799863
1.723529412e-09,0.009227801534
1.724117647e-09,0.009106902875
1.724705882e-09,0.008992609791
1.725294118e-09,0.00888362313
1.725882353e-09,0.008778824494
1.726470588e-09,0.008677260565
1.727058824e-09,0.008578126415
1.727647059e-09,0.00848074831
1.728235294e-09,0.008384566425
1.728823529e-09,0.008289117911
1.729411765e-09,0.008194020642
1.73e-09,0.008098957995
1.730588235e-09,0.008003664893
1.731176471e-09,0.007907915336
1.731764706e-09,0.007811511576
1.732352941e-09,0.007714275014
1.732941176e-09,0.007616038896
1.733529412e-09,0.007516642774
1.734117647e-09,0.007415928705
1.734705882e-09,0.007313739085
1.735294118e-09,0.007209916008
1.735882353e-09,0.007104301974
1.736470588e-09,0.006996741793
1.737058824e-09,0.006887085464
1.737647059e-09,0.006775191851
1.738235294e-09,0.006660932921
1.738823529e-09,0.006544198351
1.739411765e-09,0.006424900284
1.74e-09,0.006302978069
1.740588235e-09,0.00617840277
1.741176471e-09,0.00605118132
1.741764706e-09,0.005921360158
1.742352941e-09,0.005789028249
1.742941176e-09,0.005654319387
1.743529412e-09,0.005517413712
1.744117647e-09,0.005378538417
1.744705882e-09,0.005237967598
1.745294118e-09,0.005096021271
1.745882353e-09,0.004953063577
1.746470588e-09,0.004809500197
1.747058824e-09,0.004665775053
1.747647059e-09,0.004522366351
1.748235294e-09,0.004379782048
1.748823529e-09,0.004238554814
1.749411765e-09,0.004099236594
1.75e-09,0.003962392844
1.750588235e-09,0.003828596533
1.751176471e-09,0.003698421999
1.751764706e-09,0.003572438731
1.752352941e-09,0.003451205168
1.752941176e-09,0.003335262562
1.753529412e-09,0.003225128984
1.754117647e-09,0.003121293526
1.754705882e-09,0.00302421074
1.755294118e-09,0.002934295364
1.755882353e-09,0.002851917368
1.756470588e-09,0.002777397365
1.757058824e-09,0.002711002395
1.757647059e-09,0.002652942131
1.758235294e-09,0.00260336552
1.758823529e-09,0.002562357892
1.759411765e-09,0.002529938557
1.76e-09,0.002506058919
1.760588235e-09,0.002490601134
1.761176471e-09,0.002483377336
1.761764706e-09,0.002484129469
1.762352941e-09,0.002492529746
1.762941176e-09,0.002508181757
1.763529412e-09,0.002530622266
1.764117647e-09,0.002559323712
1.764705882e-09,0.00259369743
1.765294118e-09,0.002633097602
1.765882353e-09,0.002676825952
1.766470588e-09,0.00272413717
1.767058824e-09,0.002774245048
1.767647059e-09,0.002826329311
1.768235294e-09,0.002879543083
1.768823529e-09,0.002933020952
1.769411765e-09,0.002985887552
1.77e-09,0.003037266577
1.770588235e-09,0.003086290135
1.771176471e-09,0.003132108335
1.771764706e-09,0.003173898968
1.772352941e-09,0.00321087716
1.772941176e-09,0.003242304859
1.773529412e-09,0.0032675
1.774117647e-09,0.003285845201
1.774705882e-09,0.003296795847
1.775294118e-09,0.003299887406
1.775882353e-09,0.003294741844
1.776470588e-09,0.003281073011
1.777058824e-09,0.003258690876
1.777647059e-09,0.00322750452
1.778235294e-09,0.003187523795
1.778823529e-09,0.003138859604
1.779411765e-09,0.003081722752
1.78e-09,0.00301642137
1.780588235e-09,0.002943356922
1.781176471e-09,0.002863018837
1.781764706e-09,0.002775977833
1.782352941e-09,0.002682878033
1.782941176e-09,0.002584427989
1.783529412e-09,0.002481390745
1.784117647e-09,0.002374573118
1.784705882e-09,0.00226481435
1.785294118e-09,0.002152974344
1.785882353e-09,0.002039921665
1.786470588e-09,0.001926521522
1.787058824e-09,0.001813623929
1.787647059e-09,0.001702052253
1.788235294e-09,0.001592592348
1.788823529e-09,0.001485982449
1.789411765e-09,0.001382904004
1.79e-09,0.0012839736
1.790588235e-09,0.001189736093
1.791176471e-09,0.001100659076
1.791764706e-09,0.001017128742
1.792352941e-09,0.0009394472012
1.792941176e-09,0.0008678312811
1.793529412e-09,0.0008024127972
1.794117647e-09,0.0007432402644
1.794705882e-09,0.000690281987
1.795294118e-09,0.0006434304405
1.795882353e-09,0.0006025078363
1.796470588e-09,0.0005672727345
1.797058824e-09,0.0005374275601
1.797647059e-09,0.000512626852
1.798235294e-09,0.0004924860752
1.798823529e-09,0.0004765908089
1.799411765e-09,0.0004645061271
1.8e-09,0.0004557859819
1.800588235e-09,0.0004499824133
1.801176471e-09,0.0004466544035
1.801764706e-09,0.0004453762219
1.802352941e-09,0.0004457451013
1.802941176e-09,0.0004473881251
1.803529412e-09,0.0004499681994
1.804117647e-09,0.0004531890332
1.804705882e-09,0.0004567990388
1.805294118e-09,0.0004605941271
1.805882353e-09,0.0004644193506
1.806470588e-09,0.0004681694197
1.807058824e-09,0.0004717880866
1.807647059e-09,0.000475266473
1.808235294e-09,0.0004786403669
1.808823529e-09,0.0004819866155
1.809411765e-09,0.0004854186598
1.81e-09,0.0004890813813
1.810588235e-09,0.0004931453142
1.811176471e-09,0.0004978004337
1.811764706e-09,0.0005032495583
1.812352941e-09,0.0005097016224
1.812941176e-09,0.0005173648104
1.813529412e-09,0.0005264398677
1.814117647e-09,0.00053711349
1.814705882e-09,0.0005495522004
1.815294118e-09,0.0005638964541
1.815882353e-09,0.0005802555549
1.816470588e-09,0.0005987028162
1.817058824e-09,0.0006192719355
1.817647059e-09,0.0006419533266
1.818235294e-09,0.0006666923935
1.818823529e-09,0.000693386461
1.819411765e-09,0.0007218860181
1.82e-09,0.0007519859008
1.820588235e-09,0.0007834719125
1.821176471e-09,0.0008161404963
1.821764706e-09,0.0008496672644
1.822352941e-09,0.0008836243669
1.822941176e-09,0.0009175902532
1.823529412e-09,0.0009511332511
1.824117647e-09,0.0009838003595
1.824705882e-09,0.001015123383
1.825294118e-09,0.001044622588
1.825882353e-09,0.001071813454
1.826470588e-09,0.001096212488
1.827058824e-09,0.001117344207
1.827647059e-09,0.001134747538
1.828235294e-09,0.001147982756
1.828823529e-09,0.001156637847
1.829411765e-09,0.001160335088
1.83e-09,0.001158736966
1.830588235e-09,0.001151552113
1.831176471e-09,0.001138540416
1.831764706e-09,0.001119518068
1.832352941e-09,0.001094361549
1.832941176e-09,0.001063011588
1.833529412e-09,0.001025475718
1.834117647e-09,0.0009818310318
1.834705882e-09,0.0009322249989
1.835294118e-09,0.000876877082
1.835882353e-09,0.0008160773936
1.836470588e-09,0.0007501877735
1.837058824e-09,0.0006796373774
1.837647059e-09,0.0006049261584
1.838235294e-09,0.0005266135547
1.838823529e-09,0.0004453500125
1.839411765e-09,0.0003616891961
1.84e-09,0.000276010492
1.840588235e-09,0.0001890483458
1.841176471e-09,0.0001018285011
1.841764706e-09,1.523664391e-05
1.842352941e-09,-6.990629522e-05
1.842941176e-09,-0.000152788092
1.843529412e-09,-0.0002326169893
1.844117647e-09,-0.0003086223582
1.844705882e-09,-0.0003800665689
1.845294118e-09,-0.0004462523277
1.845882353e-09,-0.0005065339013
1.846470588e-09,-0.0005603256434
1.847058824e-09,-0.000607112158
1.847647059e-09,-0.0006464562295
1.848235294e-09,-0.0006780074044
1.848823529e-09,-0.0007015082843
1.849411765e-09,-0.0007168010003
1.85e-09,-0.0007238310804
1.850588235e-09,-0.0007226513842
1.851176471e-09,-0.0007134229012
1.851764706e-09,-0.0006964159078
1.852352941e-09,-0.0006720071642
1.852941176e-09,-0.0006406784014
1.853529412e-09,-0.0006030094132
1.854117647e-09,-0.0005596746672
1.854705882e-09,-0.0005114315198
1.855294118e-09,-0.0004591175543
1.855882353e-09,-0.0004036316507
1.856470588e-09,-0.0003459423114
1.857058824e-09,-0.0002870498434
1.857647059e-09,-0.0002280896882
1.858235294e-09,-0.000169725261
1.858823529e-09,-0.0001119014565
1.859411765e-09,-5.557289463e-05
1.86e-09,-2.506987915e-06
1.860588235e-09,4.610500605e-05
1.861176471e-09,8.938788562e-05
1.861764706e-09,0.0001265823456
1.862352941e-09,0.0001570629702
1.862941176e-09,0.0001803177623
1.863529412e-09,0.0001959622776
1.864117647e-09,0.000203737107
1.864705882e-09,0.0002035168055
1.865294118e-09,0.0001953088244
1.865882353e-09,0.0001792574416
1.866470588e-09,0.0001556400814
1.867058824e-09,0.0001248664745
1.867647059e-09,8.747103181e-05
1.868235294e-09,4.410769504e-05
1.868823529e-09,-4.461989729e-06
1.869411765e-09,-5.737749181e-05
1.87e-09,-0.0001136954279
1.870588235e-09,-0.0001724002951
1.871176471e-09,-0.0002324245988
1.871764706e-09,-0.0002926595203
1.872352941e-09,-0.0003519792
1.872941176e-09,-0.0004092474008
1.873529412e-09,-0.0004633476648
1.874117647e-09,-0.0005131766392
1.874705882e-09,-0.0005576876862
1.875294118e-09,-0.0005958364594
1.875882353e-09,-0.0006266784906
1.876470588e-09,-0.0006489838493
1.877058824e-09,-0.0006632534428
1.877647059e-09,-0.0006725103711
1.878235294e-09,-0.000676405935
1.878823529e-09,-0.0006718386713
1.879411765e-09,-0.0006576081204
1.88e-09,-0.0006334856833
1.880588235e-09,-0.0005994906382
1.881176471e-09,-0.000555904459
1.881764706e-09,-0.0005031594253
1.882352941e-09,-0.0004418455887
1.882941176e-09,-0.0003726680627
1.883529412e-09,-0.0002964452004
1.884117647e-09,-0.0002140817657
1.884705882e-09,-0.0001265614813
1.885294118e-09,-3.492470748e-05
1.885882353e-09,5.974235206e-05
1.886470588e-09,0.0001563284543
1.887058824e-09,0.0002537095664
1.887647059e-09,0.0003507687259
1.888235294e-09,0.0004464080059
1.888823529e-09,0.0005395672699
1.889411765e-09,0.0006292341129
1.89e-09,0.0007144613215
1.890588235e-09,0.0007943727939
1.891176471e-09,0.000868180051
1.891764706e-09,0.0009351810908
1.892352941e-09,0.0009947778575
1.892941176e-09,0.001046460919
1.893529412e-09,0.001089834865
1.894117647e-09,0.001124561467
1.894705882e-09,0.001150427146
1.895294118e-09,0.001167013938
1.895882353e-09,0.001175335855
1.896470588e-09,0.001178472268
1.897058824e-09,0.001176732409
1.897647059e-09,0.001168148555
1.898235294e-09,0.001152271829
1.898823529e-09,0.0011294005
1.899411765e-09,0.001099978086
1.9e-09,0.001064596235
1.900588235e-09,0.001023897083
1.901176471e-09,0.0009785733513
1.901764706e-09,0.0009293304375
1.902352941e-09,0.0008768828496
1.902941176e-09,0.0008219330203
1.903529412e-09,0.000765166634
1.904117647e-09,0.0007072387606
1.904705882e-09,0.000648769595
1.905294118e-09,0.0005903351021
1.905882353e-09,0.0005324640557
1.906470588e-09,0.0004756321653
1.907058824e-09,0.0004202608917
1.907647059e-09,0.0003667145313
1.908235294e-09,0.0003153009863
1.908823529e-09,0.0002662713728
1.909411765e-09,0.0002198227026
1.91e-09,0.0001760995183
1.910588235e-09,0.0001351983262
1.911176471e-09,9.717061744e-05
1.911764706e-09,6.202899913e-05
1.912352941e-09,2.975064031e-05
1.912941176e-09,2.861120033e-07
1.913529412e-09,-2.643921351e-05
1.914117647e-09,-5.050131224e-05
1.914705882e-09,-7.206351355e-05
1.915294118e-09,-9.140669622e-05
1.915882353e-09,-0.0001086564448
1.916470588e-09,-0.0001238064155
1.917058824e-09,-0.0001369260516
1.917647059e-09,-0.0001481149003
1.918235294e-09,-0.0001574672668
1.918823529e-09,-0.000165070915
1.919411765e-09,-0.0001710010643
1.92e-09,-0.0001753202821
1.920588235e-09,-0.0001780770656
1.921176471e-09,-0.000179306748
1.921764706e-09,-0.0001790320964
1.922352941e-09,-0.0001772651392
1.922941176e-09,-0.0001740089876
1.923529412e-09,-0.0001692603598
1.924117647e-09,-0.0001630121393
1.924705882e-09,-0.0001552562956
1.925294118e-09,-0.0001459867685
1.925882353e-09,-0.0001352024538
1.926470588e-09,-0.0001229100401
1.927058824e-09,-0.0001091267388
1.927647059e-09,-9.388274586e-05
1.928235294e-09,-7.722343273e-05
1.928823529e-09,-5.921116887e-05
1.929411765e-09,-3.992675452e-05
1.93e-09,-1.947041497e-05
1.930588235e-09,2.037665397e-06
1.931176471e-09,2.445728007e-05
1.931764706e-09,4.762862119e-05
1.932352941e-09,7.137316376e-05
1.932941176e-09,9.54950134e-05
1.933529412e-09,0.0001197826723
1.934117647e-09,0.0001440112104
1.934705882e-09,0.0001679447771
1.935294118e-09,0.0001913394294
1.935882353e-09,0.0002139461989
1.936470588e-09,0.0002355143648
1.937058824e-09,0.0002557948483
1.937647059e-09,0.0002745436911
1.938235294e-09,0.0002915255316
1.938823529e-09,0.0003065170411
1.939411765e-09,0.000319310236
1.94e-09,0.0003297156332
1.940588235e-09,0.00033756517
1.941176471e-09,0.0003427148629
1.941764706e-09,0.000345047139
1.942352941e-09,0.0003444728207
1.942941176e-09,0.0003409327118
1.943529412e-09,0.0003343987781
1.944117647e-09,0.0003248748826
1.944705882e-09,0.000312397083
1.945294118e-09,0.0002970334662
1.945882353e-09,0.0002788835398
1.946470588e-09,0.0002580771709
1.947058824e-09,0.0002347731058
1.947647059e-09,0.0002091570737
1.948235294e-09,0.0001814395207
1.948823529e-09,0.0001518529901
1.949411765e-09,0.0001206492044
1.95e-09,8.809587799e-05
1.950588235e-09,5.447332078e-05
1.951176471e-09,2.007087223e-05
1.951764706e-09,-1.481676947e-05
1.952352941e-09,-4.989327978e-05
1.952941176e-09,-8.486443375e-05
1.953529412e-09,-0.0001194417815
1.954117647e-09,-0.0001533462068
1.954705882e-09,-0.0001863113272
1.955294118e-09,-0.0002180866736
1.955882353e-09,-0.0002484406148
1.956470588e-09,-0.0002771629726
1.957058824e-09,-0.0003040673017
1.957647059e-09,-0.0003289927929
1.958235294e-09,-0.0003518057839
1.958823529e-09,-0.0003724008507
1.959411765e-09,-0.000390701477
1.96e-09,-0.0004066602905
1.960588235e-09,-0.0004202588759
1.961176471e-09,-0.0004315071696
1.961764706e-09,-0.0004404424605
1.962352941e-09,-0.0004471280139
1.962941176e-09,-0.0004516513576
1.963529412e-09,-0.0004541222567
1.964117647e-09,-0.0004546704272
1.964705882e-09,-0.0004534430249
1.965294118e-09,-0.0004506019631
1.965882353e-09,-0.0004463211034
1.966470588e-09,-0.0004407833744
1.967058824e-09,-0.0004341778634
1.967647059e-09,-0.0004266969362
1.968235294e-09,-0.0004185334241
1.968823529e-09,-0.0004098779307
1.969411765e-09,-0.0004009162901
1.97e-09,-0.0003918272202
1.970588235e-09,-0.0003827801944
1.971176471e-09,-0.0003739335635
1.971764706e-09,-0.0003654329409
1.972352941e-09,-0.0003574098711
1.972941176e-09,-0.0003499807826
1.973529412e-09,-0.0003432462314
1.974117647e-09,-0.0003372904288
1.974705882e-09,-0.0003321810451
1.975294118e-09,-0.0003279692744
1.975882353e-09,-0.0003246901439
1.976470588e-09,-0.000322363043
1.977058824e-09,-0.0003209924516
1.977647059e-09,-0.0003205688364
1.978235294e-09,-0.0003210696913
1.978823529e-09,-0.0003224606896
1.979411765e-09,-0.0003246969215
1.98e-09,-0.0003277241876
1.980588235e-09,-0.0003314803221
1.981176471e-09,-0.0003358965205
1.981764706e-09,-0.0003408986492
1.982352941e-09,-0.0003464085165
1.982941176e-09,-0.0003523450882
1.983529412e-09,-0.0003586256322
1.984117647e-09,-0.0003651667836
1.984705882e-09,-0.0003718855176
1.985294118e-09,-0.0003787000303
1.985882353e-09,-0.0003855305195
1.986470588e-09,-0.0003922998704
1.987058824e-09,-0.0003989342447
1.987647059e-09,-0.0004053635794
1.988235294e-09,-0.0004115219997
1.988823529e-09,-0.0004173481549
1.989411765e-09,-0.0004227854818
1.99e-09,-0.0004277824076
1.990588235e-09,-0.0004322924972
1.991176471e-09,-0.0004362745556
1.991764706e-09,-0.0004396926909
1.992352941e-09,-0.0004425163471
1.992941176e-09,-0.0004447203105
1.993529412e-09,-0.000446284697
1.994117647e-09,-0.0004471949216
1.994705882e-09,-0.0004474416564
1.995294118e-09,-0.0004470207741
1.995882353e-09,-0.0004459332827
1.996470588e-09,-0.0004441852458
1.997058824e-09,-0.000441787691
1.997647059e-09,-0.0004387565015
1.998235294e-09,-0.0004351122899
1.998823529e-09,-0.0004308802486
1.999411765e-09,-0.0004260899761
2e-09,-0.0004207752729
2.000588235e-09,-0.0004149739055
2.001176471e-09,-0.0004087273341
2.001764706e-09,-0.000402080402
2.002352941e-09,-0.0003950809856
2.002941176e-09,-0.000387779602
2.003529412e-09,-0.0003802289762
2.004117647e-09,-0.0003724835679
2.004705882e-09,-0.0003645990609
2.005294118e-09,-0.0003566318175
2.005882353e-09,-0.0003486383031
2.006470588e-09,-0.000340674488
2.007058824e-09,-0.0003327952314
2.007647059e-09,-0.000325053657
2.008235294e-09,-0.0003175005292
2.008823529e-09,-0.0003101836394
2.009411765e-09,-0.000303147213
2.01e-09,-0.0002964313484
2.010588235e-09,-0.000290071498
2.011176471e-09,-0.0002840980037
2.011764706e-09,-0.0002785356961
2.012352941e-09,-0.0002734035689
2.012941176e-09,-0.0002687145365
2.013529412e-09,-0.0002644752834
2.014117647e-09,-0.0002606862126
2.014705882e-09,-0.0002573414965
2.015294118e-09,-0.0002544292356
2.015882353e-09,-0.0002519317241
2.016470588e-09,-0.0002498258223
2.017058824e-09,-0.000248083433
2.017647059e-09,-0.0002466720744
2.018235294e-09,-0.0002455555441
2.018823529e-09,-0.0002446946608
2.019411765e-09,-0.0002440480744
2.02e-09,-0.0002435731281
2.020588235e-09,-0.0002432267569
2.021176471e-09,-0.0002429664049
2.021764706e-09,-0.000242750944
2.022352941e-09,-0.000242541573
2.022941176e-09,-0.0002423026783
2.023529412e-09,-0.0002420026373
2.024117647e-09,-0.0002416145455
2.024705882e-09,-0.0002411168494
2.025294118e-09,-0.000240493869
2.025882353e-09,-0.000239736197
2.026470588e-09,-0.0002388409614
2.027058824e-09,-0.0002378119436
2.027647059e-09,-0.0002366595457
2.028235294e-09,-0.0002354006034
2.028823529e-09,-0.0002340580472
2.029411765e-09,-0.0002326604135
2.03e-09,-0.0002312412146
2.030588235e-09,-0.0002298381783
2.031176471e-09,-0.0002284923707
2.031764706e-09,-0.0002272472197
2.032352941e-09,-0.000226147458
2.032941176e-09,-0.0002252380081
2.033529412e-09,-0.0002245628326
2.034117647e-09,-0.0002241637736
2.034705882e-09,-0.0002240794082
2.035294118e-09,-0.0002243439433
2.035882353e-09,-0.0002249861775
2.036470588e-09,-0.000226028551
2.037058824e-09,-0.000227486309
2.037647059e-09,-0.0002293667961
2.038235294e-09,-0.0002316689019
2.038823529e-09,-0.0002343826707
2.039411765e-09,-0.0002374890886
2.04e-09,-0.0002409600544
2.040588235e-09,-0.0002447585402
2.041176471e-09,-0.0002488389405
2.041764706e-09,-0.0002531476073
2.042352941e-09,-0.0002576235641
2.042941176e-09,-0.0002621993866
2.043529412e-09,-0.0002668022373
2.044117647e-09,-0.0002713550352
2.044705882e-09,-0.0002757777396
2.045294118e-09,-0.0002799887279
2.045882353e-09,-0.0002839062383
2.046470588e-09,-0.0002874498551
2.047058824e-09,-0.000290542006
2.047647059e-09,-0.0002931094462
2.048235294e-09,-0.0002950846984
2.048823529e-09,-0.000296407425
2.049411765e-09,-0.0002970257026
2.05e-09,-0.0002968971764
2.050588235e-09,-0.0002959900714
2.051176471e-09,-0.0002942840386
2.051764706e-09,-0.0002917708197
2.052352941e-09,-0.0002884547153
2.052941176e-09,-0.0002843528447
2.053529412e-09,-0.00027949519
2.054117647e-09,-0.0002739244193
2.054705882e-09,-0.0002676954892
2.055294118e-09,-0.0002608750294
2.055882353e-09,-0.0002535405162
2.056470588e-09,-0.0002457792459
2.057058824e-09,-0.0002376871218
2.057647059e-09,-0.0002293672717
2.058235294e-09,-0.0002209285187
2.058823529e-09,-0.0002124837253
2.059411765e-09,-0.00020414804
2.06e-09,-0.0001960370713
2.060588235e-09,-0.0001882650217
2.061176471e-09,-0.0001809428101
2.061764706e-09,-0.0001741762155
2.062352941e-09,-0.0001680640737
2.062941176e-09,-0.0001626965582
2.063529412e-09,-0.0001581535763
2.064117647e-09,-0.0001545033099
2.064705882e-09,-0.0001518009287
2.065294118e-09,-0.0001500874993
2.065882353e-09,-0.0001493891157
2.066470588e-09,-0.0001497162659
2.067058824e-09,-0.0001510634537
2.067647059e-09,-0.0001534090832
2.068235294e-09,-0.0001567156154
2.068823529e-09,-0.0001609299967
2.069411765e-09,-0.0001659843571
2.07e-09,-0.0001717969709
2.070588235e-09,-0.0001782734659
2.071176471e-09,-0.000185308265
2.071764706e-09,-0.0001927862372
2.072352941e-09,-0.0002005845332
2.072941176e-09,-0.0002085745736
2.073529412e-09,-0.0002166241587
2.074117647e-09,-0.0002245996621
2.074705882e-09,-0.0002323682713
2.075294118e-09,-0.0002398002337
2.075882353e-09,-0.0002467710701
2.076470588e-09,-0.0002531637136
2.077058824e-09,-0.0002588705344
2.077647059e-09,-0.0002637952142
2.078235294e-09,-0.0002678544331
2.078823529e-09,-0.000270979337
2.079411765e-09,-0.0002731167577
2.08e-09,-0.0002742301604
2.080588235e-09,-0.0002743003
2.081176471e-09,-0.0002733255725
2.081764706e-09,-0.0002713220519
2.082352941e-09,-0.0002683232127
2.082941176e-09,-0.0002643793388
2.083529412e-09,-0.0002595566309
2.084117647e-09,-0.0002539360263
2.084705882e-09,-0.000247611753
2.085294118e-09,-0.000240689644
2.085882353e-09,-0.0002332852421
2.086470588e-09,-0.0002255217313
2.087058824e-09,-0.000217527732
2.087647059e-09,-0.000209435002
2.088235294e-09,-0.0002013760847
2.088823529e-09,-0.0001934819497
2.089411765e-09,-0.0001858796697
2.09e-09,-0.0001786901752
2.090588235e-09,-0.0001720261308
2.091176471e-09,-0.0001659899712
2.091764706e-09,-0.0001606721333
2.092352941e-09,-0.000156149516
2.092941176e-09,-0.0001524841967
2.093529412e-09,-0.0001497224265
2.094117647e-09,-0.0001478939209
2.094705882e-09,-0.0001470114594
2.095294118e-09,-0.0001470707978
2.095882353e-09,-0.0001480508939
2.096470588e-09,-0.0001499144406
2.097058824e-09,-0.0001526086935
2.097647059e-09,-0.0001560665762
2.098235294e-09,-0.0001602080402
2.098823529e-09,-0.0001649416518
2.099411765e-09,-0.000170166375
2.1e-09,-0.0001757735154
2.100588235e-09,-0.0001816487861
2.101176471e-09,-0.0001876744575
2.101764706e-09,-0.0001937315489
2.102352941e-09,-0.0001997020203
2.102941176e-09,-0.0002054709235
2.103529412e-09,-0.0002109284728
2.104117647e-09,-0.0002159719959
2.104705882e-09,-0.0002205077312
2.105294118e-09,-0.0002244524374
2.105882353e-09,-0.0002277347881
2.106470588e-09,-0.0002302965279
2.107058824e-09,-0.0002320933686
2.107647059e-09,-0.0002330956136
2.108235294e-09,-0.0002332885017
2.108823529e-09,-0.0002326722647
2.109411765e-09,-0.0002312619047
2.11e-09,-0.0002290866956
2.110588235e-09,-0.000226189424
2.111176471e-09,-0.0002226253857
2.111764706e-09,-0.0002184611619
2.112352941e-09,-0.0002137732
2.112941176e-09,-0.0002086462294
2.113529412e-09,-0.0002031715461
2.114117647e-09,-0.0001974451993
2.114705882e-09,-0.0001915661179
2.115294118e-09,-0.0001856342134
2.115882353e-09,-0.000179748496
2.116470588e-09,-0.0001740052415
2.117058824e-09,-0.0001684962423
2.117647059e-09,-0.000163307176
2.118235294e-09,-0.0001585161218
2.118823529e-09,-0.0001541922497
2.119411765e-09,-0.0001503947072
2.12e-09,-0.0001471717193
2.120588235e-09,-0.0001445599175
2.121176471e-09,-0.0001425839056
2.121764706e-09,-0.0001412560661
2.122352941e-09,-0.0001405766067
2.122941176e-09,-0.0001405338402
2.123529412e-09,-0.0001411046882
2.124117647e-09,-0.0001422553928
2.124705882e-09,-0.0001439424184
2.125294118e-09,-0.0001461135203
2.125882353e-09,-0.0001487089557
2.126470588e-09,-0.0001516628097
2.127058824e-09,-0.0001549044059
2.127647059e-09,-0.0001583597725
2.128235294e-09,-0.000161953133
2.128823529e-09,-0.0001656083903
2.129411765e-09,-0.0001692505758
2.13e-09,-0.0001728072352
2.130588235e-09,-0.0001762097241
2.131176471e-09,-0.0001793943927
2.131764706e-09,-0.0001823036356
2.132352941e-09,-0.0001848867938
2.132941176e-09,-0.0001871008921
2.133529412e-09,-0.0001889112047
2.134117647e-09,-0.0001902916421
2.134705882e-09,-0.0001912249584
2.135294118e-09,-0.0001917027798
2.135882353e-09,-0.0001917254608
2.136470588e-09,-0.0001913017773
2.137058824e-09,-0.000190448467
2.137647059e-09,-0.0001891896338
2.138235294e-09,-0.0001875560311
2.138823529e-09,-0.0001855842445
2.139411765e-09,-0.0001833157927
2.14e-09,-0.0001807961676
2.140588235e-09,-0.0001780738358
2.141176471e-09,-0.0001751992217
2.141764706e-09,-0.0001722236931
2.142352941e-09,-0.0001691985697
2.142941176e-09,-0.0001661741722
2.143529412e-09,-0.0001631989287
2.144117647e-09,-0.0001603185542
2.144705882e-09,-0.0001575753152
2.145294118e-09,-0.0001550073902
2.145882353e-09,-0.0001526483344
2.146470588e-09,-0.0001505266535
2.147058824e-09,-0.0001486654917
2.147647059e-09,-0.0001470824322
2.148235294e-09,-0.0001457894115
2.148823529e-09,-0.0001447927421
2.149411765e-09,-0.0001440932392
2.15e-09,-0.0001436864441
2.150588235e-09,-0.0001435629353
2.151176471e-09,-0.0001437087172
2.151764706e-09,-0.0001441056773
2.152352941e-09,-0.000144732097
2.152941176e-09,-0.0001455632071
2.153529412e-09,-0.0001465717734
2.154117647e-09,-0.0001477287014
2.154705882e-09,-0.0001490036468
2.155294118e-09,-0.0001503656214
2.155882353e-09,-0.0001517835821
2.156470588e-09,-0.0001532269939
2.157058824e-09,-0.0001546663569
2.157647059e-09,-0.0001560736894
2.158235294e-09,-0.0001574229603
2.158823529e-09,-0.0001586904647
2.159411765e-09,-0.0001598551385
2.16e-09,-0.0001608988093
2.160588235e-09,-0.0001618063804
2.161176471e-09,-0.0001625659495
2.161764706e-09,-0.000163168861
2.162352941e-09,-0.0001636096954
2.162941176e-09,-0.0001638861975
2.163529412e-09,-0.0001639991486
2.164117647e-09,-0.0001639521871
2.164705882e-09,-0.0001637515837
2.165294118e-09,-0.000163405977
2.165882353e-09,-0.0001629260775
2.166470588e-09,-0.0001623243458
2.167058824e-09,-0.0001616146541
2.167647059e-09,-0.0001608119371
2.168235294e-09,-0.0001599318409
2.168823529e-09,-0.000158990376
2.169411765e-09,-0.0001580035821
2.17e-09,-0.0001569872106
2.170588235e-09,-0.0001559564301
2.171176471e-09,-0.0001549255611
2.171764706e-09,-0.0001539078419
2.172352941e-09,-0.0001529152314
2.172941176e-09,-0.0001519582497
2.173529412e-09,-0.000151045858
2.174117647e-09,-0.0001501853788
2.174705882e-09,-0.0001493824563
2.175294118e-09,-0.0001486410546
2.175882353e-09,-0.0001479634933
2.176470588e-09,-0.0001473505155
2.177058824e-09,-0.000146801388
2.177647059e-09,-0.0001463140262
2.178235294e-09,-0.0001458851419
2.178823529e-09,-0.000145510409
2.179411765e-09,-0.0001451846407
2.18e-09,-0.0001449019757
2.180588235e-09,-0.0001446560664
2.181176471e-09,-0.0001444402666
2.181764706e-09,-0.0001442478125
2.182352941e-09,-0.0001440719945
2.182941176e-09,-0.0001439063152
2.183529412e-09,-0.0001437446321
2.184117647e-09,-0.000143581281
2.184705882e-09,-0.0001434111797
2.185294118e-09,-0.0001432299102
2.185882353e-09,-0.0001430337787
2.186470588e-09,-0.000142819854
2.187058824e-09,-0.0001425859844
2.187647059e-09,-0.0001423307949
2.188235294e-09,-0.0001420536649
2.188823529e-09,-0.00014175469
2.189411765e-09,-0.0001414346285
2.19e-09,-0.0001410948362
2.190588235e-09,-0.0001407371917
2.191176471e-09,-0.0001403640144
2.191764706e-09,-0.0001399779784
2.192352941e-09,-0.0001395820247
2.192941176e-09,-0.0001391792741
2.193529412e-09,-0.0001387729428
2.194117647e-09,-0.0001383662629
2.194705882e-09,-0.0001379624101
2.195294118e-09,-0.0001375644383
2.195882353e-09,-0.0001371752248
2.196470588e-09,-0.0001367974244
2.197058824e-09,-0.0001364334343
2.197647059e-09,-0.0001360853701
2.198235294e-09,-0.0001357550515
2.198823529e-09,-0.0001354439989
2.199411765e-09,-0.0001351534386
2.2e-09,-0.0001348843179
2.200588235e-09,-0.000134637326
2.201176471e-09,-0.0001344129225
2.201764706e-09,-0.0001342113701
2.202352941e-09,-0.0001340327706
2.202941176e-09,-0.0001338771028
2.203529412e-09,-0.000133744261
2.204117647e-09,-0.0001336340907
2.204705882e-09,-0.0001335464232
2.205294118e-09,-0.0001334811038
2.205882353e-09,-0.0001334380157
2.206470588e-09,-0.000133417095
2.207058824e-09,-0.0001334183391
2.207647059e-09,-0.0001334418042
2.208235294e-09,-0.0001334875943
2.208823529e-09,-0.0001335558386
2.209411765e-09,-0.0001336466592
2.21e-09,-0.0001337601281
2.210588235e-09,-0.0001338962139
2.211176471e-09,-0.0001340547203
2.211764706e-09,-0.000134235216
2.212352941e-09,-0.000134436958
2.212941176e-09,-0.000134658811
2.213529412e-09,-0.000134899164
2.214117647e-09,-0.0001351558463
2.214705882e-09,-0.0001354260475
2.215294118e-09,-0.0001357062417
2.215882353e-09,-0.0001359921208
2.216470588e-09,-0.0001362785396
2.217058824e-09,-0.0001365594749
2.217647059e-09,-0.0001368280032
2.218235294e-09,-0.0001370762974
2.218823529e-09,-0.0001372956476
2.219411765e-09,-0.0001374765059
2.22e-09,-0.0001376085586
2.220588235e-09,-0.0001376808255
2.221176471e-09,-0.0001376817874
2.221764706e-09,-0.0001375995424
2.222352941e-09,-0.0001374219882
2.222941176e-09,-0.0001371370311
2.223529412e-09,-0.0001367328174
2.224117647e-09,-0.0001361979848
2.224705882e-09,-0.0001355219302
2.225294118e-09,-0.0001346950888
2.225882353e-09,-0.0001337092204
2.226470588e-09,-0.0001325576948
2.227058824e-09,-0.0001312357742
2.227647059e-09,-0.0001297408824
2.228235294e-09,-0.0001280728563
2.228823529e-09,-0.0001262341741
2.229411765e-09,-0.0001242301515
2.23e-09,-0.0001220691022
2.230588235e-09,-0.0001197624562
2.231176471e-09,-0.0001173248312
2.231764706e-09,-0.0001147740538
2.232352941e-09,-0.0001121311255
2.232941176e-09,-0.0001094201339
2.233529412e-09,-0.0001066681052
2.234117647e-09,-0.0001039048006
2.234705882e-09,-0.0001011624556
2.235294118e-09,-9.847546572e-05
2.235882353e-09,-9.58800212e-05
2.236470588e-09,-9.341369626e-05
2.237058824e-09,-9.111499707e-05
2.237647059e-09,-8.902287573e-05
2.238235294e-09,-8.717621685e-05
2.238823529e-09,-8.561330485e-05
2.239411765e-09,-8.437127996e-05
2.24e-09,-8.348559163e-05
2.240588235e-09,-8.298945798e-05
2.241176471e-09,-8.291334015e-05
2.241764706e-09,-8.328443978e-05
2.242352941e-09,-8.412622809e-05
2.242941176e-09,-8.545801404e-05
2.243529412e-09,-8.729455853e-05
2.244117647e-09,-8.964574112e-05
2.244705882e-09,-9.251628433e-05
2.245294118e-09,-9.590554029e-05
2.245882353e-09,-9.980734275e-05
2.246470588e-09,-0.0001042099271
2.247058824e-09,-0.0001090959197
2.247647059e-09,-0.0001144423959
2.248235294e-09,-0.0001202210076
2.248823529e-09,-0.000126398176
2.249411765e-09,-0.0001329353495
2.25e-09,-0.0001397893206
2.250588235e-09,-0.0001469125988
2.251176471e-09,-0.0001542538337
2.251764706e-09,-0.0001617582827
2.252352941e-09,-0.0001693683173
2.252941176e-09,-0.0001770239611
2.253529412e-09,-0.0001846634524
2.254117647e-09,-0.0001922238259
2.254705882e-09,-0.0001996415041
2.255294118e-09,-0.0002068528942
2.255882353e-09,-0.0002137949819
2.256470588e-09,-0.0002204059168
2.257058824e-09,-0.0002266255823
2.257647059e-09,-0.0002323961455
2.258235294e-09,-0.0002376625812
2.258823529e-09,-0.0002423731658
2.259411765e-09,-0.0002464799358
2.26e-09,-0.0002499391097
2.260588235e-09,-0.0002527114677
2.261176471e-09,-0.0002547626886
2.261764706e-09,-0.0002560636415
2.262352941e-09,-0.0002565906315
2.262941176e-09,-0.0002563255972
2.263529412e-09,-0.0002552562625
2.264117647e-09,-0.0002533762401
2.264705882e-09,-0.0002506850891
2.265294118e-09,-0.0002471883273
2.265882353e-09,-0.0002428973993
2.266470588e-09,-0.0002378296021
2.267058824e-09,-0.0002320079697
2.267647059e-09,-0.0002254611194
2.268235294e-09,-0.0002182230607
2.268823529e-09,-0.0002103329688
2.269411765e-09,-0.0002018349263
2.27e-09,-0.0001927776323
2.270588235e-09,-0.0001832140838
2.271176471e-09,-0.0001732012283
2.271764706e-09,-0.0001627995914
2.272352941e-09,-0.0001520728797
2.272941176e-09,-0.0001410875609
2.273529412e-09,-0.0001299124226
2.274117647e-09,-0.0001186181106
2.274705882e-09,-0.0001072766491
2.275294118e-09,-9.596094258e-05
2.275882353e-09,-8.474426262e-05
2.276470588e-09,-7.369972026e-05
2.277058824e-09,-6.28997261e-05
2.277647059e-09,-5.241544041e-05
2.278235294e-09,-4.231621586e-05
2.278823529e-09,-3.266903574e-05
2.279411765e-09,-2.353795119e-05
2.28e-09,-1.498352134e-05
2.280588235e-09,-7.06226084e-06
2.281176471e-09,1.73900324e-07
2.281764706e-09,6.678139286e-06
2.282352941e-09,1.240923906e-05
2.282941176e-09,1.733205734e-05
2.283529412e-09,2.141795865e-05
2.284117647e-09,2.464520298e-05
2.284705882e-09,2.699928382e-05
2.285294118e-09,2.847320865e-05
2.285882353e-09,2.906771483e-05
2.286470588e-09,2.879141454e-05
2.287058824e-09,2.766086241e-05
2.287647059e-09,2.570054048e-05
2.288235294e-09,2.294275577e-05
2.288823529e-09,1.942744674e-05
2.289411765e-09,1.520189601e-05
2.29e-09,1.032034804e-05
2.290588235e-09,4.843531818e-06
2.291176471e-09,-1.161909868e-06
2.291764706e-09,-7.624081519e-06
2.292352941e-09,-1.446658158e-05
2.292941176e-09,-2.16093283e-05
2.293529412e-09,-2.896945687e-05
2.294117647e-09,-3.646227825e-05
2.294705882e-09,-4.400228866e-05
2.295294118e-09,-5.150421751e-05
2.295882353e-09,-5.888410001e-05
2.296470588e-09,-6.606036011e-05
2.297058824e-09,-7.295488833e-05
2.297647059e-09,-7.949409852e-05
2.298235294e-09,-8.560994748e-05
2.298823529e-09,-9.124090115e-05
2.299411765e-09,-9.633283131e-05
2.3e-09,-0.0001008398275
2.300588235e-09,-0.0001047249093
2.301176471e-09,-0.0001079606259
2.301764706e-09,-0.0001105295302
2.302352941e-09,-0.0001124245172
2.302941176e-09,-0.000113649018
2.303529412e-09,-0.0001142170422
2.304117647e-09,-0.0001141530654
2.304705882e-09,-0.0001134917573
2.305294118e-09,-0.0001122775529
2.305882353e-09,-0.0001105640683
2.306470588e-09,-0.0001084133661
2.307058824e-09,-0.0001058950782
2.307647059e-09,-0.0001030853956
2.308235294e-09,-0.0001000659384
2.308823529e-09,-9.69225184e-05
2.309411765e-09,-9.374381275e-05
2.31e-09,-9.06199647e-05
2.310588235e-09,-8.764113217e-05
2.311176471e-09,-8.489600427e-05
2.311764706e-09,-8.247030752e-05
2.312352941e-09,-8.04453239e-05
2.312941176e-09,-7.889644328e-05
2.313529412e-09,-7.789177264e-05
2.314117647e-09,-7.749082414e-05
2.314705882e-09,-7.774330328e-05
2.315294118e-09,-7.868801745e-05
2.315882353e-09,-8.035192366e-05
2.316470588e-09,-8.274933257e-05
2.317058824e-09,-8.588128392e-05
2.317647059e-09,-8.973510626e-05
2.318235294e-09,-9.428417125e-05
2.318823529e-09,-9.948785027e-05
2.319411765e-09,-0.000105291678
2.32e-09,-0.0001116277248
2.320588235e-09,-0.0001184151764
2.321176471e-09,-0.0001255611172
2.321764706e-09,-0.0001329615082
2.322352941e-09,-0.0001405023506
2.322941176e-09,-0.0001480610203
2.323529412e-09,-0.0001555077581
2.324117647e-09,-0.0001627072954
2.324705882e-09,-0.000169520596
2.325294118e-09,-0.0001758066886
2.325882353e-09,-0.0001814245676
2.326470588e-09,-0.0001862351336
2.327058824e-09,-0.0001901031485
2.327647059e-09,-0.0001928991755
2.328235294e-09,-0.0001945014787
2.328823529e-09,-0.0001947978523
2.329411765e-09,-0.0001936873547
2.33e-09,-0.000191081921
2.330588235e-09,-0.0001869078307
2.331176471e-09,-0.0001811070087
2.331764706e-09,-0.0001736381398
2.332352941e-09,-0.0001644775804
2.332941176e-09,-0.0001536200539
2.333529412e-09,-0.0001410791187
2.334117647e-09,-0.0001268874015
2.334705882e-09,-0.0001110965931
2.335294118e-09,-9.377720568e-05
2.335882353e-09,-7.501809532e-05
2.336470588e-09,-5.492575613e-05
2.337058824e-09,-3.362339661e-05
2.337647059e-09,-1.124981103e-05
2.338235294e-09,1.204193802e-05
2.338823529e-09,3.608600718e-05
2.339411765e-09,6.070540921e-05
2.34e-09,8.571377647e-05
2.340588235e-09,0.0001109172269
2.341176471e-09,0.0001361163069
2.341764706e-09,0.0001611079862
2.342352941e-09,0.0001856876776
2.342941176e-09,0.0002096512567
2.343529412e-09,0.0002327970567
2.344117647e-09,0.000254927813
2.344705882e-09,0.0002758525375
2.345294118e-09,0.000295388299
2.345882353e-09,0.0003133618938
2.346470588e-09,0.0003296113875
2.347058824e-09,0.0003439875161
2.347647059e-09,0.0003563549334
2.348235294e-09,0.0003665932977
2.348823529e-09,0.0003745981894
2.349411765e-09,0.0003802818583
2.35e-09,0.0003835737988
2.350588235e-09,0.0003844211538
2.351176471e-09,0.0003827889527
2.351764706e-09,0.0003786601878
2.352352941e-09,0.0003720357373
2.352941176e-09,0.0003629341446
2.353529412e-09,0.0003513912625
2.354117647e-09,0.0003374597761
2.354705882e-09,0.0003212086135
2.355294118e-09,0.0003027222584
2.355882353e-09,0.0002820999765
2.356470588e-09,0.0002594549669
2.357058824e-09,0.0002349134511
2.357647059e-09,0.0002086137094
2.358235294e-09,0.0001807050764
2.358823529e-09,0.0001513469017
2.359411765e-09,0.0001207074872
2.36e-09,8.896300451e-05
2.360588235e-09,5.629640019e-05
2.361176471e-09,2.289629171e-05
2.361764706e-09,-1.104414194e-05
2.362352941e-09,-4.532827312e-05
2.362941176e-09,-7.975714063e-05
2.363529412e-09,-0.0001141305664
2.364117647e-09,-0.0001482482741
2.364705882e-09,-0.0001819110092
2.365294118e-09,-0.0002149216622
2.365882353e-09,-0.0002470863943
2.366470588e-09,-0.0002782157659
2.367058824e-09,-0.0003081258672
2.367647059e-09,-0.0003366394498
2.368235294e-09,-0.0003635870569
2.368823529e-09,-0.0003888081482
2.369411765e-09,-0.0004121522154
2.37e-09,-0.0004334798814
2.370588235e-09,-0.0004526639771
2.371176471e-09,-0.000469590585
2.371764706e-09,-0.000484160041
2.372352941e-09,-0.0004962878824
2.372941176e-09,-0.0005059057283
2.373529412e-09,-0.0005129620812
2.374117647e-09,-0.0005174230328
2.374705882e-09,-0.0005192728616
2.375294118e-09,-0.0005185145057
2.375882353e-09,-0.0005151698976
2.376470588e-09,-0.0005092801456
2.377058824e-09,-0.0005009055504
2.377647059e-09,-0.0004901254433
2.378235294e-09,-0.0004770378381
2.378823529e-09,-0.0004617588865
2.379411765e-09,-0.0004444221344
2.38e-09,-0.0004251775735
2.380588235e-09,-0.0004041904909
2.381176471e-09,-0.0003816401193
2.381764706e-09,-0.0003577180948
2.382352941e-09,-0.0003326267329
2.382941176e-09,-0.0003065771375
2.383529412e-09,-0.000279787159
2.384117647e-09,-0.0002524792236
2.384705882e-09,-0.0002248780578
2.385294118e-09,-0.0001972083338
2.385882353e-09,-0.0001696922666
2.386470588e-09,-0.0001425471935
2.387058824e-09,-0.0001159831694
2.387647059e-09,-9.020061214e-05
2.388235294e-09,-6.538803165e-05
2.388823529e-09,-4.171987924e-05
2.389411765e-09,-1.935454906e-05
2.39e-09,1.567434698e-06
2.390588235e-09,2.092501503e-05
2.391176471e-09,3.861795555e-05
2.391764706e-09,5.456792581e-05
2.392352941e-09,6.871929744e-05
2.392941176e-09,8.10396344e-05
2.393529412e-09,9.151986533e-05
2.394117647e-09,0.0001001741307
2.394705882e-09,0.0001070393028
2.395294118e-09,0.0001121741817
2.395882353e-09,0.0001156583758
2.396470588e-09,0.0001175908811
2.397058824e-09,0.0001180883781
2.397647059e-09,0.0001172832691
2.398235294e-09,0.0001153214869
2.398823529e-09,0.000112360104
2.399411765e-09,0.0001085647817
2.4e-09,0.0001041070949
2.400588235e-09,9.916177671e-05
2.401176471e-09,9.390392393e-05
2.401764706e-09,8.850620803e-05
2.402352941e-09,8.313613547e-05
2.402941176e-09,7.795340071e-05
2.403529412e-09,7.310737382e-05
2.404117647e-09,6.873476273e-05
2.404705882e-09,6.495748707e-05
2.405294118e-09,6.188079752e-05
2.405882353e-09,5.959167016e-05
2.406470588e-09,5.815750127e-05
2.407058824e-09,5.762512272e-05
2.407647059e-09,5.802015303e-05
2.408235294e-09,5.934669382e-05
2.408823529e-09,6.158737536e-05
2.409411765e-09,6.470374963e-05
2.41e-09,6.863702347e-05
2.410588235e-09,7.330911903e-05
2.411176471e-09,7.862404334e-05
2.411764706e-09,8.446954424e-05
2.412352941e-09,9.071902506e-05
2.412941176e-09,9.72336868e-05
2.413529412e-09,0.0001038648628
2.414117647e-09,0.0001104565086
2.414705882e-09,0.0001168478062
2.415294118e-09,0.000122875843
2.415882353e-09,0.0001283783209
2.416470588e-09,0.0001331962557
2.417058824e-09,0.000137176623
2.417647059e-09,0.000140174911
2.418235294e-09,0.0001420575418
2.418823529e-09,0.0001427041232
2.419411765e-09,0.0001420095006
2.42e-09,0.0001398855765
2.420588235e-09,0.0001362628732
2.421176471e-09,0.0001310918169
2.421764706e-09,0.0001243437263
2.422352941e-09,0.0001160114929
2.422941176e-09,0.000106109946
2.423529412e-09,9.46759004e-05
2.424117647e-09,8.176788758e-05
2.424705882e-09,6.74655793e-05
2.425294118e-09,5.186891377e-05
2.425882353e-09,3.509694093e-05
2.426470588e-09,1.728640643e-05
2.427058824e-09,-1.409902431e-06
2.427647059e-09,-2.082502242e-05
2.428235294e-09,-4.077986257e-05
2.428823529e-09,-6.108540396e-05
2.429411765e-09,-8.154501809e-05
2.43e-09,-0.0001019568703
2.430588235e-09,-0.0001221163738
2.431176471e-09,-0.0001418186601
2.431764706e-09,-0.0001608610321
2.432352941e-09,-0.0001790453675
2.432941176e-09,-0.0001961804407
2.433529412e-09,-0.0002120841347
2.434117647e-09,-0.000226585516
2.434705882e-09,-0.0002395267477
2.435294118e-09,-0.0002507648204
2.435882353e-09,-0.0002601730818
2.436470588e-09,-0.0002676425514
2.437058824e-09,-0.0002730830078
2.437647059e-09,-0.0002764238407
2.438235294e-09,-0.0002776146644
2.438823529e-09,-0.00027662569
2.439411765e-09,-0.0002734478597
2.44e-09,-0.0002680927478
2.440588235e-09,-0.000260592237
2.441176471e-09,-0.0002509979802
2.441764706e-09,-0.000239380662
2.442352941e-09,-0.0002258290737
2.442941176e-09,-0.0002104490201
2.443529412e-09,-0.0001933620762
2.444117647e-09,-0.0001747042126
2.444705882e-09,-0.0001546243106
2.445294118e-09,-0.0001332825875
2.445882353e-09,-0.000110848953
2.446470588e-09,-8.750131734e-05
2.447058824e-09,-6.342387037e-05
2.447647059e-09,-3.88053529e-05
2.448235294e-09,-1.383733696e-05
2.448823529e-09,1.128746667e-05
2.449411765e-09,3.637685801e-05
2.45e-09,6.124073991e-05
2.450588235e-09,8.569263943e-05
2.451176471e-09,0.0001095511475
2.451764706e-09,0.0001326412666
2.452352941e-09,0.0001547956594
2.452941176e-09,0.0001758557908
2.453529412e-09,0.0001956729595
2.454117647e-09,0.0002141092161
2.454705882e-09,0.0002310381645
2.455294118e-09,0.0002463456492
2.455882353e-09,0.0002599303253
2.456470588e-09,0.0002717041182
2.457058824e-09,0.0002815925708
2.457647059e-09,0.0002895350866
2.458235294e-09,0.0002954850702
2.458823529e-09,0.000299409972
2.459411765e-09,0.0003012912409
2.46e-09,0.000301124193
2.460588235e-09,0.0002989177995
2.461176471e-09,0.000294694402
2.461764706e-09,0.0002884893587
2.462352941e-09,0.0002803506286
2.462941176e-09,0.0002703382983
2.463529412e-09,0.0002585240554
2.464117647e-09,0.0002449906145
2.464705882e-09,0.0002298310977
2.465294118e-09,0.0002131483747
2.465882353e-09,0.0001950543647
2.466470588e-09,0.000175669303
2.467058824e-09,0.000155120974
2.467647059e-09,0.0001335439132
2.468235294e-09,0.0001110785789
2.468823529e-09,8.787049691e-05
2.469411765e-09,6.406937693e-05
2.47e-09,3.982820492e-05
2.470588235e-09,1.530231131e-05
2.471176471e-09,-9.351582194e-06
2.471764706e-09,-3.397633521e-05
2.472352941e-09,-5.841537761e-05
2.472941176e-09,-8.251371158e-05
2.473529412e-09,-0.0001061189226
2.474117647e-09,-0.0001290821947
2.474705882e-09,-0.0001512593243
2.475294118e-09,-0.000172511726
2.475882353e-09,-0.0001927074241
2.476470588e-09,-0.0002117220212
2.477058824e-09,-0.0002294396347
2.477647059e-09,-0.0002457537938
2.478235294e-09,-0.0002605682854
2.478823529e-09,-0.0002737979397
2.479411765e-09,-0.0002853693455
2.48e-09,-0.0002952214839
2.480588235e-09,-0.0003033062709
2.481176471e-09,-0.0003095889991
2.481764706e-09,-0.0003140486688
2.482352941e-09,-0.0003166782014
2.482941176e-09,-0.0003174845256
2.483529412e-09,-0.0003164885337
2.484117647e-09,-0.0003137248996
2.484705882e-09,-0.0003092417596
2.485294118e-09,-0.0003031002519
2.485882353e-09,-0.0002953739181
2.486470588e-09,-0.0002861479682
2.487058824e-09,-0.0002755184161
2.487647059e-09,-0.0002635910908
2.488235294e-09,-0.0002504805357
2.488823529e-09,-0.0002363088054
2.489411765e-09,-0.0002212041747
2.49e-09,-0.0002052997753
2.490588235e-09,-0.0001887321776
2.491176471e-09,-0.0001716399349
2.491764706e-09,-0.0001541621112
2.492352941e-09,-0.0001364368114
2.492941176e-09,-0.000118599736
2.493529412e-09,-0.0001007827802
2.494117647e-09,-8.311269805e-05
2.494705882e-09,-6.570985251e-05
2.495294118e-09,-4.868706838e-05
2.495882353e-09,-3.214860722e-05
2.496470588e-09,-1.618927884e-05
2.497058824e-09,-8.937032012e-07
2.497647059e-09,1.366426624e-05
2.498235294e-09,2.742194925e-05
2.498823529e-09,4.032806998e-05
2.499411765e-09,5.234280983e-05
2.5e-09,6.343768249e-05
2.500588235e-09,7.35952347e-05
2.501176471e-09,8.280857926e-05
2.501764706e-09,9.108077e-05
2.502352941e-09,9.842403109e-05
2.502941176e-09,0.0001048588559
2.503529412e-09,0.0001104129929
2.504117647e-09,0.0001151203384
2.504705882e-09,0.0001190197569
2.505294118e-09,0.0001221538527
2.505882353e-09,0.000124567716
2.506470588e-09,0.0001263076668
2.507058824e-09,0.0001274200224
2.507647059e-09,0.0001279499113
2.508235294e-09,0.000127940156
2.508823529e-09,0.0001274302472
2.509411765e-09,0.0001264554285
2.51e-09,0.0001250459099
2.510588235e-09,0.000123226224
2.511176471e-09,0.0001210147396
2.511764706e-09,0.0001184233389
2.512352941e-09,0.0001154572675
2.512941176e-09,0.0001121151581
2.513529412e-09,0.0001083892271
2.514117647e-09,0.0001042656415
2.514705882e-09,9.972504684e-05
2.515294118e-09,9.474324682e-05
2.515882353e-09,8.929201981e-05
2.516470588e-09,8.334005648e-05
2.517058824e-09,7.685399931e-05
2.517647059e-09,6.979956277e-05
2.518235294e-09,6.214271166e-05
2.518823529e-09,5.385087351e-05
2.519411765e-09,4.489416025e-05
2.52e-09,3.524657419e-05
2.520588235e-09,2.488717327e-05
2.521176471e-09,1.380117167e-05
2.521764706e-09,1.980952408e-06
2.522352941e-09,-1.057302923e-05
2.522941176e-09,-2.385147094e-05
2.523529412e-09,-3.783559443e-05
2.524117647e-09,-5.249667632e-05
2.524705882e-09,-6.779575044e-05
2.525294118e-09,-8.368348932e-05
2.525882353e-09,-0.0001001002698
2.526470588e-09,-0.000116976424
2.527058824e-09,-0.000134232673
2.527647059e-09,-0.0001517807381
2.528235294e-09,-0.000169524121
2.528823529e-09,-0.000187359039
2.529411765e-09,-0.0002051755033
2.53e-09,-0.0002228585197
2.530588235e-09,-0.0002402893944
2.531176471e-09,-0.0002573471219
2.531764706e-09,-0.0002739098325
2.532352941e-09,-0.0002898562753
2.532941176e-09,-0.0003050673123
2.533529412e-09,-0.0003194273986
2.534117647e-09,-0.0003328260249
2.534705882e-09,-0.000345159099
2.535294118e-09,-0.000356330244
2.535882353e-09,-0.0003662519922
2.536470588e-09,-0.0003748468574
2.537058824e-09,-0.0003820482687
2.537647059e-09,-0.0003878013521
2.538235294e-09,-0.0003920635493
2.538823529e-09,-0.0003948050663
2.539411765e-09,-0.0003960091457
2.54e-09,-0.000395672162
2.540588235e-09,-0.0003938035401
2.541176471e-09,-0.0003904255021
2.541764706e-09,-0.0003855726478
2.542352941e-09,-0.0003792913794
2.542941176e-09,-0.0003716391823
2.543529412e-09,-0.0003626837748
2.544117647e-09,-0.0003525021431
2.544705882e-09,-0.0003411794791
2.545294118e-09,-0.0003288080378
2.545882353e-09,-0.0003154859359
2.546470588e-09,-0.0003013159076
2.547058824e-09,-0.0002864040411
2.547647059e-09,-0.0002708585114
2.548235294e-09,-0.0002547883312
2.548823529e-09,-0.0002383021358
2.549411765e-09,-0.0002215070196
2.55e-09,-0.000204507439
2.550588235e-09,-0.0001874041966
2.551176471e-09,-0.0001702935172
2.551764706e-09,-0.0001532662269
2.552352941e-09,-0.0001364070423
2.552941176e-09,-0.0001197939777
2.553529412e-09,-0.0001034978718
2.554117647e-09,-8.758203849e-05
2.554705882e-09,-7.210203938e-05
2.555294118e-09,-5.710557824e-05
2.555882353e-09,-4.263251193e-05
2.556470588e-09,-2.871497346e-05
2.557058824e-09,-1.53775999e-05
2.557647059e-09,-2.637857046e-06
2.558235294e-09,9.493548667e-06
2.558823529e-09,2.101218117e-05
2.559411765e-09,3.191931992e-05
2.56e-09,4.222135073e-05
2.560588235e-09,5.192911429e-05
2.561176471e-09,6.105722461e-05
2.561764706e-09,6.962336925e-05
2.562352941e-09,7.764760346e-05
2.562941176e-09,8.515164956e-05
2.563529412e-09,9.215821255e-05
2.564117647e-09,9.869032223e-05
2.564705882e-09,0.0001047707113
2.565294118e-09,0.000110421238
2.565882353e-09,0.0001156623605
2.566470588e-09,0.0001205126706
2.567058824e-09,0.0001249884904
2.567647059e-09,0.0001291035381
2.568235294e-09,0.0001328686642
2.568823529e-09,0.0001362916611
2.569411765e-09,0.0001393771471
2.57e-09,0.0001421265232
2.570588235e-09,0.0001445380021
2.571176471e-09,0.0001466067072
2.571764706e-09,0.0001483248374
2.572352941e-09,0.0001496818942
2.572941176e-09,0.0001506649651
2.573529412e-09,0.0001512590594
2.574117647e-09,0.0001514474877
2.574705882e-09,0.0001512122797
2.575294118e-09,0.0001505346338
2.575882353e-09,0.0001493953891
2.576470588e-09,0.0001477755141
2.577058824e-09,0.000145656603
2.577647059e-09,0.0001430213734
2.578235294e-09,0.0001398541563
2.578823529e-09,0.0001361413728
2.579411765e-09,0.0001318719894
2.58e-09,0.000127037946
2.580588235e-09,0.0001216345506
2.581176471e-09,0.0001156608343
2.581764706e-09,0.0001091198637
2.582352941e-09,0.0001020190042
2.582941176e-09,9.43701323e-05
2.583529412e-09,8.618979328e-05
2.584117647e-09,7.749930244e-05
2.584705882e-09,6.832478853e-05
2.585294118e-09,5.869717882e-05
2.585882353e-09,4.865212575e-05
2.586470588e-09,3.822987627e-05
2.587058824e-09,2.747508522e-05
2.587647059e-09,1.643657507e-05
2.588235294e-09,5.167044784e-06
2.588823529e-09,-6.277268854e-06
2.589411765e-09,-1.783697345e-05
2.59e-09,-2.944994251e-05
2.590588235e-09,-4.105177145e-05
2.591176471e-09,-5.257626308e-05
2.591764706e-09,-6.395593729e-05
2.592352941e-09,-7.512255938e-05
2.592941176e-09,-8.600768159e-05
2.593529412e-09,-9.654319202e-05
2.594117647e-09,-0.0001066618656
2.594705882e-09,-0.0001162979113
2.595294118e-09,-0.0001253875109
2.595882353e-09,-0.0001338693433
2.596470588e-09,-0.0001416850906
2.597058824e-09,-0.0001487799207
2.597647059e-09,-0.0001551029432
2.598235294e-09,-0.0001606076334
2.598823529e-09,-0.0001652522237
2.599411765e-09,-0.0001690000566
2.6e-09,-0.0001718198998
2.600588235e-09,-0.0001736862194
2.601176471e-09,-0.0001745794115
2.601764706e-09,-0.0001744859899
2.602352941e-09,-0.0001733987304
2.602941176e-09,-0.0001713167711
2.603529412e-09,-0.000168245669
2.604117647e-09,-0.0001641974137
2.604705882e-09,-0.0001591903984
2.605294118e-09,-0.0001532493506
2.605882353e-09,-0.0001464052218
2.606470588e-09,-0.0001386950399
2.607058824e-09,-0.0001301617234
2.607647059e-09,-0.0001208538615
2.608235294e-09,-0.0001108254589
2.608823529e-09,-0.0001001356498
2.609411765e-09,-8.884838024e-05
2.61e-09,-7.703206192e-05
2.610588235e-09,-6.475919794e-05
2.611176471e-09,-5.210598271e-05
2.611764706e-09,-3.91518769e-05
2.612352941e-09,-2.597915911e-05
2.612941176e-09,-1.267245554e-05
2.613529412e-09,6.817508248e-07
2.614117647e-09,1.399563e-05
2.614705882e-09,2.718053218e-05
2.615294118e-09,4.014753047e-05
2.615882353e-09,5.280797718e-05
2.616470588e-09,6.507407154e-05
2.617058824e-09,7.685943631e-05
2.617647059e-09,8.807970055e-05
2.618235294e-09,9.865308538e-05
2.618823529e-09,0.0001085009895
2.619411765e-09,0.0001175485703
2.62e-09,0.0001257253172
2.620588235e-09,0.0001329656121
2.621176471e-09,0.0001392092719
2.621764706e-09,0.0001444020699
2.622352941e-09,0.0001484962289
2.622941176e-09,0.0001514508816
2.623529412e-09,0.0001532324933
2.624117647e-09,0.0001538152404
2.624705882e-09,0.0001531813416
2.625294118e-09,0.0001513213334
2.625882353e-09,0.0001482342895
2.626470588e-09,0.0001439279751
2.627058824e-09,0.0001384189364
2.627647059e-09,0.000131732519
2.628235294e-09,0.0001239028142
2.628823529e-09,0.0001149725308
2.629411765e-09,0.0001049927909
2.63e-09,9.402285067e-05
2.630588235e-09,8.212974486e-05
2.631176471e-09,6.93878585e-05
2.631764706e-09,5.587842686e-05
2.632352941e-09,4.168896782e-05
2.632941176e-09,2.691265049e-05
2.633529412e-09,1.164760544e-05
2.634117647e-09,-4.00381772e-06
2.634705882e-09,-1.993583871e-05
2.635294118e-09,-3.604007371e-05
2.635882353e-09,-5.220639339e-05
2.636470588e-09,-6.832380366e-05
2.637058824e-09,-8.428134051e-05
2.637647059e-09,-9.996897016e-05
2.638235294e-09,-0.0001152784856
2.638823529e-09,-0.0001301043907
2.639411765e-09,-0.000144344763
2.64e-09,-0.0001579020868
2.640588235e-09,-0.0001706840482
2.641176471e-09,-0.0001826042847
2.641764706e-09,-0.0001935830813
2.642352941e-09,-0.000203548008
2.642941176e-09,-0.0002124344916
2.643529412e-09,-0.000220186316
2.644117647e-09,-0.0002267560494
2.644705882e-09,-0.0002321053914
2.645294118e-09,-0.0002362054397
2.645882353e-09,-0.0002390368735
2.646470588e-09,-0.000240590053
2.647058824e-09,-0.0002408650339
2.647647059e-09,-0.0002398714993
2.648235294e-09,-0.0002376286082
2.648823529e-09,-0.0002341647648
2.649411765e-09,-0.0002295173098
2.65e-09,-0.0002237321385
2.650588235e-09,-0.0002168632488
2.651176471e-09,-0.0002089722247
2.651764706e-09,-0.0002001276593
2.652352941e-09,-0.0001904045247
2.652941176e-09,-0.0001798834921
2.653529412e-09,-0.0001686502115
2.654117647e-09,-0.0001567945547
2.654705882e-09,-0.0001444098308
2.655294118e-09,-0.0001315919787
2.655882353e-09,-0.0001184387458
2.656470588e-09,-0.0001050488588
2.657058824e-09,-9.152119298e-05
2.657647059e-09,-7.795394913e-05
2.658235294e-09,-6.444384246e-05
2.658823529e-09,-5.108531216e-05
2.659411765e-09,-3.796975714e-05
2.66e-09,-2.51848047e-05
2.660588235e-09,-1.281361816e-05
2.661176471e-09,-9.342489829e-07
2.661764706e-09,1.038096079e-05
2.662352941e-09,2.106592122e-05
2.662941176e-09,3.106127728e-05
2.663529412e-09,4.031482796e-05
2.664117647e-09,4.878187784e-05
2.664705882e-09,5.642551818e-05
2.665294118e-09,6.32168349e-05
2.665882353e-09,6.913504176e-05
2.666470588e-09,7.416753715e-05
2.667058824e-09,7.830988433e-05
2.667647059e-09,8.156571483e-05
2.668235294e-09,8.394655613e-05
2.668823529e-09,8.547158503e-05
2.669411765e-09,8.616730904e-05
2.67e-09,8.606717884e-05
2.670588235e-09,8.521113553e-05
2.671176471e-09,8.364509727e-05
2.671764706e-09,8.142039035e-05
2.672352941e-09,7.859313066e-05
2.672941176e-09,7.522356194e-05
2.673529412e-09,7.137535795e-05
2.674117647e-09,6.711489598e-05
2.674705882e-09,6.251050981e-05
2.675294118e-09,5.763173028e-05
2.675882353e-09,5.254852222e-05
2.676470588e-09,4.73305263e-05
2.677058824e-09,4.204631476e-05
2.677647059e-09,3.67626695e-05
2.678235294e-09,3.154389131e-05
2.678823529e-09,2.645114827e-05
2.679411765e-09,2.154187119e-05
2.68e-09,1.686920336e-05
2.680588235e-09,1.248151113e-05
2.681176471e-09,8.421961316e-06
2.681764706e-09,4.728170142e-06
2.682352941e-09,1.431927964e-06
2.682941176e-09,-1.440997389e-06
2.683529412e-09,-3.870976735e-06
2.684117647e-09,-5.844554377e-06
2.684705882e-09,-7.354402092e-06
2.685294118e-09,-8.399193878e-06
2.685882353e-09,-8.983404209e-06
2.686470588e-09,-9.1170337e-06
2.687058824e-09,-8.815267158e-06
2.687647059e-09,-8.098069986e-06
2.688235294e-09,-6.989729847e-06
2.688823529e-09,-5.518351266e-06
2.689411765e-09,-3.715311565e-06
2.69e-09,-1.61468705e-06
2.690588235e-09,7.473412489e-07
2.691176471e-09,3.333092725e-06
2.691764706e-09,6.103993604e-06
2.692352941e-09,9.021175103e-06
2.692941176e-09,1.204605405e-05
2.693529412e-09,1.514088714e-05
2.694117647e-09,1.82692905e-05
2.694705882e-09,2.139671703e-05
2.695294118e-09,2.44908848e-05
2.695882353e-09,2.752215065e-05
2.696470588e-09,3.046382435e-05
2.697058824e-09,3.329241963e-05
2.697647059e-09,3.598783971e-05
2.698235294e-09,3.853349595e-05
2.698823529e-09,4.091635976e-05
2.699411765e-09,4.312694876e-05
2.7e-09,4.515924954e-05
2.700588235e-09,4.701058048e-05
2.701176471e-09,4.868139884e-05
2.701764706e-09,5.017505765e-05
2.702352941e-09,5.149751829e-05
2.702941176e-09,5.265702573e-05
2.703529412e-09,5.366375347e-05
2.704117647e-09,5.452942617e-05
2.704705882e-09,5.526692763e-05
2.705294118e-09,5.588990223e-05
2.705882353e-09,5.64123578e-05
2.706470588e-09,5.684827754e-05
2.707058824e-09,5.721124845e-05
2.707647059e-09,5.751411309e-05
2.708235294e-09,5.776865099e-05
2.708823529e-09,5.798529538e-05
2.709411765e-09,5.817288982e-05
2.71e-09,5.833848896e-05
2.710588235e-09,5.848720619e-05
2.711176471e-09,5.862211045e-05
2.711764706e-09,5.87441732e-05
2.712352941e-09,5.885226577e-05
2.712941176e-09,5.89432061e-05
2.713529412e-09,5.901185344e-05
2.714117647e-09,5.905124817e-05
2.714705882e-09,5.905279334e-05
2.715294118e-09,5.900647407e-05
2.715882353e-09,5.890110967e-05
2.716470588e-09,5.872463349e-05
2.717058824e-09,5.846439457e-05
2.717647059e-09,5.810747508e-05
2.718235294e-09,5.764101725e-05
2.718823529e-09,5.705255337e-05
2.719411765e-09,5.633033247e-05
2.72e-09,5.546363746e-05
2.720588235e-09,5.444308659e-05
2.721176471e-09,5.326091364e-05
2.721764706e-09,5.191122137e-05
2.722352941e-09,5.039020367e-05
2.722941176e-09,4.869633197e-05
2.723529412e-09,4.683050254e-05
2.724117647e-09,4.479614177e-05
2.724705882e-09,4.259926722e-05
2.725294118e-09,4.024850337e-05
2.725882353e-09,3.775505119e-05
2.726470588e-09,3.513261206e-05
2.727058824e-09,3.239726699e-05
2.727647059e-09,2.956731285e-05
2.728235294e-09,2.666305828e-05
2.728823529e-09,2.370658239e-05
2.729411765e-09,2.072146011e-05
2.73e-09,1.77324586e-05
2.730588235e-09,1.47652096e-05
2.731176471e-09,1.184586293e-05
2.731764706e-09,9.000726793e-06
2.732352941e-09,6.255900724e-06
2.732941176e-09,3.636906966e-06
2.733529412e-09,1.168326401e-06
2.734117647e-09,-1.126555185e-06
2.734705882e-09,-3.226084767e-06
2.735294118e-09,-5.110558204e-06
2.735882353e-09,-6.762509754e-06
2.736470588e-09,-8.166970282e-06
2.737058824e-09,-9.311690013e-06
2.737647059e-09,-1.018732226e-05
2.738235294e-09,-1.078756514e-05
2.738823529e-09,-1.110925904e-05
2.739411765e-09,-1.115243824e-05
2.74e-09,-1.092033586e-05
2.740588235e-09,-1.041934212e-05
2.741176471e-09,-9.658916456e-06
2.741764706e-09,-8.651455024e-06
2.742352941e-09,-7.412115605e-06
2.742941176e-09,-5.958602755e-06
2.743529412e-09,-4.310916576e-06
2.744117647e-09,-2.491069114e-06
2.744705882e-09,-5.227728492e-07
2.745294118e-09,1.568893775e-06
2.745882353e-09,3.757838539e-06
2.746470588e-09,6.017319787e-06
2.747058824e-09,8.320317218e-06
2.747647059e-09,1.06399033e-05
2.748235294e-09,1.294960955e-05
2.748823529e-09,1.522378192e-05
2.749411765e-09,1.743791981e-05
2.75e-09,1.956899352e-05
2.750588235e-09,2.159573517e-05
2.751176471e-09,2.349889878e-05
2.751764706e-09,2.526148541e-05
2.752352941e-09,2.686893032e-05
2.752941176e-09,2.830924908e-05
2.753529412e-09,2.957314087e-05
2.754117647e-09,3.065404753e-05
2.754705882e-09,3.154816775e-05
2.755294118e-09,3.225442668e-05
2.755882353e-09,3.27744016e-05
2.756470588e-09,3.311220568e-05
2.757058824e-09,3.327433175e-05
2.757647059e-09,3.326945937e-05
2.758235294e-09,3.310822881e-05
2.758823529e-09,3.2802986e-05
2.759411765e-09,3.236750332e-05
2.76e-09,3.181668128e-05
2.760588235e-09,3.116623655e-05
2.761176471e-09,3.043238202e-05
2.761764706e-09,2.963150485e-05
2.762352941e-09,2.877984814e-05
2.762941176e-09,2.789320237e-05
2.763529412e-09,2.698661189e-05
2.764117647e-09,2.607410217e-05
2.764705882e-09,2.516843248e-05
2.765294118e-09,2.42808788e-05
2.765882353e-09,2.342105076e-05
2.766470588e-09,2.259674594e-05
2.767058824e-09,2.18138443e-05
2.767647059e-09,2.107624435e-05
2.768235294e-09,2.038584246e-05
2.768823529e-09,1.974255522e-05
2.769411765e-09,1.914438452e-05
2.77e-09,1.858752371e-05
2.770588235e-09,1.806650276e-05
2.771176471e-09,1.757436933e-05
2.771764706e-09,1.710290199e-05
2.772352941e-09,1.664285129e-05
2.772941176e-09,1.618420362e-05
2.773529412e-09,1.571646253e-05
2.774117647e-09,1.522894165e-05
2.774705882e-09,1.471106313e-05
2.775294118e-09,1.415265553e-05
2.775882353e-09,1.354424476e-05
2.776470588e-09,1.287733217e-05
2.777058824e-09,1.214465384e-05
2.777647059e-09,1.13404155e-05
2.778235294e-09,1.046049821e-05
2.778823529e-09,9.502630139e-06
2.779411765e-09,8.466520829e-06
2.78e-09,7.35395468e-06
2.780588235e-09,6.168841562e-06
2.781176471e-09,4.917223047e-06
2.781764706e-09,3.607233764e-06
2.782352941e-09,2.249018247e-06
2.782941176e-09,8.546045179e-07
2.783529412e-09,-5.622634739e-07
2.784117647e-09,-1.986331615e-06
2.784705882e-09,-3.401075902e-06
2.785294118e-09,-4.788972835e-06
2.785882353e-09,-6.131794944e-06
2.786470588e-09,-7.41092596e-06
2.787058824e-09,-8.607689754e-06
2.787647059e-09,-9.703686883e-06
2.788235294e-09,-1.068113243e-05
2.788823529e-09,-1.15231888e-05
2.789411765e-09,-1.221428723e-05
2.79e-09,-1.274043192e-05
2.790588235e-09,-1.308948118e-05
2.791176471e-09,-1.32514001e-05
2.791764706e-09,-1.321848027e-05
2.792352941e-09,-1.298552213e-05
2.792941176e-09,-1.254997666e-05
2.793529412e-09,-1.191204369e-05
2.794117647e-09,-1.10747248e-05
2.794705882e-09,-1.004382992e-05
2.795294118e-09,-8.827937087e-06
2.795882353e-09,-7.438306239e-06
2.796470588e-09,-5.888748155e-06
2.797058824e-09,-4.195450877e-06
2.797647059e-09,-2.376766416e-06
2.798235294e-09,-4.529613409e-07
2.798823529e-09,1.554064594e-06
2.799411765e-09,3.621087083e-06
2.8e-09,5.723888053e-06
2.800588235e-09,7.837603117e-06
2.801176471e-09,9.937079996e-06
2.801764706e-09,1.199724206e-05
2.802352941e-09,1.399345109e-05
2.802941176e-09,1.590186346e-05
2.803529412e-09,1.769977401e-05
2.804117647e-09,1.936594226e-05
2.804705882e-09,2.088089587e-05
2.805294118e-09,2.222720664e-05
2.805882353e-09,2.338973489e-05
2.806470588e-09,2.435583875e-05
2.807058824e-09,2.511554503e-05
2.807647059e-09,2.566167968e-05
2.808235294e-09,2.598995583e-05
2.808823529e-09,2.609901858e-05
2.809411765e-09,2.599044616e-05
2.81e-09,2.566870784e-05
2.810588235e-09,2.514107973e-05
2.811176471e-09,2.441751994e-05
2.811764706e-09,2.351050574e-05
2.812352941e-09,2.243483521e-05
2.812941176e-09,2.120739709e-05
2.813529412e-09,1.984691237e-05
2.814117647e-09,1.837365201e-05
2.814705882e-09,1.68091351e-05
2.815294118e-09,1.517581239e-05
2.815882353e-09,1.34967398e-05
2.816470588e-09,1.17952471e-05
2.817058824e-09,1.009460652e-05
2.817647059e-09,8.417706219e-06
2.818235294e-09,6.786733283e-06
2.818823529e-09,5.222870726e-06
2.819411765e-09,3.746012697e-06
2.82e-09,2.374501722e-06
2.820588235e-09,1.124891445e-06
2.821176471e-09,1.173786954e-08
2.821764706e-09,-9.525783298e-07
2.822352941e-09,-1.757996393e-06
2.822941176e-09,-2.396885406e-06
2.823529412e-09,-2.864118573e-06
2.824117647e-09,-3.157111336e-06
2.824705882e-09,-3.27582337e-06
2.825294118e-09,-3.222724994e-06
2.825882353e-09,-3.002729023e-06
2.826470588e-09,-2.623089533e-06
2.827058824e-09,-2.093269455e-06
2.827647059e-09,-1.424779287e-06
2.828235294e-09,-6.309895891e-07
2.828823529e-09,2.730798084e-07
2.829411765e-09,1.27099065e-06
2.83e-09,2.345133743e-06
2.830588235e-09,3.476989492e-06
2.831176471e-09,4.647397797e-06
2.831764706e-09,5.836833533e-06
2.832352941e-09,7.025683851e-06
2.832941176e-09,8.194523547e-06
2.833529412e-09,9.324384837e-06
2.834117647e-09,1.039701798e-05
2.834705882e-09,1.139513939e-05
2.835294118e-09,1.230266401e-05
2.835882353e-09,1.310491905e-05
2.836470588e-09,1.378883638e-05
2.837058824e-09,1.43431212e-05
2.837647059e-09,1.475839494e-05
2.838235294e-09,1.502731069e-05
2.838823529e-09,1.514463977e-05
2.839411765e-09,1.510732859e-05
2.84e-09,1.491452511e-05
2.840588235e-09,1.456757485e-05
2.841176471e-09,1.406998655e-05
2.841764706e-09,1.342736835e-05
2.842352941e-09,1.264733528e-05
2.842941176e-09,1.173938966e-05
2.843529412e-09,1.071477614e-05
2.844117647e-09,9.586313524e-06
2.844705882e-09,8.368205876e-06
2.845294118e-09,7.075835604e-06
2.845882353e-09,5.7255416e-06
2.846470588e-09,4.33438562e-06
2.847058824e-09,2.919910302e-06
2.847647059e-09,1.499892348e-06
2.848235294e-09,9.209445589e-08
2.848823529e-09,-1.285980401e-06
2.849411765e-09,-2.617328775e-06
2.85e-09,-3.885677147e-06
2.850588235e-09,-5.075699612e-06
2.851176471e-09,-6.173219717e-06
2.851764706e-09,-7.165393563e-06
2.852352941e-09,-8.040871626e-06
2.852941176e-09,-8.789937026e-06
2.853529412e-09,-9.404618423e-06
2.854117647e-09,-9.878776077e-06
2.854705882e-09,-1.020816008e-05
2.855294118e-09,-1.039044018e-05
2.855882353e-09,-1.042520716e-05
2.856470588e-09,-1.031394607e-05
2.857058824e-09,-1.005998221e-05
2.857647059e-09,-9.668400998e-06
2.858235294e-09,-9.145943588e-06
2.858823529e-09,-8.500880087e-06
2.859411765e-09,-7.742862877e-06
2.86e-09,-6.882762688e-06
2.860588235e-09,-5.932490337e-06
2.861176471e-09,-4.904807264e-06
2.861764706e-09,-3.813128083e-06
2.862352941e-09,-2.671318467e-06
2.862941176e-09,-1.493491686e-06
2.863529412e-09,-2.938070442e-07
2.864117647e-09,9.137265993e-07
2.864705882e-09,2.115439262e-06
2.865294118e-09,3.29817743e-06
2.865882353e-09,4.44946829e-06
2.866470588e-09,5.557668389e-06
2.867058824e-09,6.612094828e-06
2.867647059e-09,7.60313745e-06
2.868235294e-09,8.522350865e-06
2.868823529e-09,9.362525531e-06
2.869411765e-09,1.01177375e-05
2.87e-09,1.07833768e-05
2.870588235e-09,1.135615484e-05
2.871176471e-09,1.183409144e-05
2.871764706e-09,1.221648271e-05
2.872352941e-09,1.25038508e-05
2.872941176e-09,1.26978774e-05
2.873529412e-09,1.280132255e-05
2.874117647e-09,1.281793086e-05
2.874705882e-09,1.275232718e-05
2.875294118e-09,1.260990397e-05
2.875882353e-09,1.239670257e-05
2.876470588e-09,1.211929071e-05
2.877058824e-09,1.178463834e-05
2.877647059e-09,1.139999409e-05
2.878235294e-09,1.097276426e-05
2.878823529e-09,1.051039637e-05
2.879411765e-09,1.002026893e-05
2.88e-09,9.50958891e-06
2.880588235e-09,8.985298452e-06
2.881176471e-09,8.453991672e-06
2.881764706e-09,7.921842625e-06
2.882352941e-09,7.394544961e-06
2.882941176e-09,6.87726369e-06
2.883529412e-09,6.37459922e-06
2.884117647e-09,5.89056357e-06
2.884705882e-09,5.428568483e-06
2.885294118e-09,4.991424927e-06
2.885882353e-09,4.581353312e-06
2.886470588e-09,4.200003569e-06
2.887058824e-09,3.848484103e-06
2.887647059e-09,3.527398523e-06
2.888235294e-09,3.236888934e-06
2.888823529e-09,2.976684551e-06
2.889411765e-09,2.746154314e-06
2.89e-09,2.544362206e-06
2.890588235e-09,2.370123963e-06
2.891176471e-09,2.22206393e-06
2.891764706e-09,2.098670841e-06
2.892352941e-09,1.998351424e-06
2.892941176e-09,1.919480807e-06
2.893529412e-09,1.860448808e-06
2.894117647e-09,1.819701367e-06
2.894705882e-09,1.795776448e-06
2.895294118e-09,1.787333964e-06
2.895882353e-09,1.79317935e-06
2.896470588e-09,1.812280632e-06
2.897058824e-09,1.84377893e-06
2.897647059e-09,1.886992515e-06
2.898235294e-09,1.941414656e-06
2.898823529e-09,2.006705615e-06
2.899411765e-09,2.082679284e-06
2.9e-09,2.16928502e-06
2.900588235e-09,2.266585336e-06
2.901176471e-09,2.374730178e-06
2.901764706e-09,2.493928537e-06
2.902352941e-09,2.624418196e-06
2.902941176e-09,2.766434426e-06
2.903529412e-09,2.920178418e-06
2.904117647e-09,3.085786231e-06
2.904705882e-09,3.263299017e-06
2.905294118e-09,3.452635194e-06
2.905882353e-09,3.653565223e-06
2.906470588e-09,3.865689547e-06
2.907058824e-09,4.088420187e-06
2.907647059e-09,4.320966408e-06
2.908235294e-09,4.562324774e-06
2.908823529e-09,4.811273843e-06
2.909411765e-09,5.066373646e-06
2.91e-09,5.32597003e-06
2.910588235e-09,5.588203836e-06
2.911176471e-09,5.851024838e-06
2.911764706e-09,6.112210266e-06
2.912352941e-09,6.369387681e-06
2.912941176e-09,6.620061904e-06
2.913529412e-09,6.861645643e-06
2.914117647e-09,7.0914934e-06
2.914705882e-09,7.306938211e-06
2.915294118e-09,7.505330704e-06
2.915882353e-09,7.684079951e-06
2.916470588e-09,7.840695522e-06
2.917058824e-09,7.972830168e-06
2.917647059e-09,8.078322475e-06
2.918235294e-09,8.155238879e-06
2.918823529e-09,8.201914363e-06
2.919411765e-09,8.216991182e-06
2.92e-09,8.199454954e-06
2.920588235e-09,8.148667451e-06
2.921176471e-09,8.064395451e-06
2.921764706e-09,7.946835023e-06
2.922352941e-09,7.79663066e-06
2.922941176e-09,7.614888712e-06
2.923529412e-09,7.403184607e-06
2.924117647e-09,7.163563463e-06
2.924705882e-09,6.898533695e-06
2.925294118e-09,6.611053391e-06
2.925882353e-09,6.304509254e-06
2.926470588e-09,5.982688081e-06
2.927058824e-09,5.649740822e-06
2.927647059e-09,5.310139406e-06
2.928235294e-09,4.968626674e-06
2.928823529e-09,4.630159839e-06
2.929411765e-09,4.299848096e-06
2.93e-09,3.982885092e-06
2.930588235e-09,3.6844771e-06
2.931176471e-09,3.409767887e-06
2.931764706e-09,3.163761349e-06
2.932352941e-09,2.951243072e-06
2.932941176e-09,2.776702093e-06
2.933529412e-09,2.644254132e-06
2.934117647e-09,2.557567654e-06
2.934705882e-09,2.519794076e-06
2.935294118e-09,2.533503448e-06
2.935882353e-09,2.60062687e-06
2.936470588e-09,2.722406853e-06
2.937058824e-09,2.899356691e-06
2.937647059e-09,3.131229843e-06
2.938235294e-09,3.417000121e-06
2.938823529e-09,3.754853333e-06
2.939411765e-09,4.142190863e-06
2.94e-09,4.575645417e-06
2.940588235e-09,5.051109017e-06
2.941176471e-09,5.563773043e-06
2.941764706e-09,6.108179976e-06
2.942352941e-09,6.678286208e-06
2.942941176e-09,7.26753515e-06
2.943529412e-09,7.868939615e-06
2.944117647e-09,8.475172332e-06
2.944705882e-09,9.078663243e-06
2.945294118e-09,9.671702134e-06
2.945882353e-09,1.024654504e-05
2.946470588e-09,1.079552276e-05
2.947058824e-09,1.131114985e-05
2.947647059e-09,1.178623227e-05
2.948235294e-09,1.221397217e-05
2.948823529e-09,1.258806792e-05
2.949411765e-09,1.290280809e-05
2.95e-09,1.315315759e-05
2.950588235e-09,1.333483493e-05
2.951176471e-09,1.344437907e-05
2.951764706e-09,1.347920504e-05
2.952352941e-09,1.343764741e-05
2.952941176e-09,1.331899082e-05
2.953529412e-09,1.312348726e-05
2.954117647e-09,1.28523597e-05
2.954705882e-09,1.250779208e-05
2.955294118e-09,1.209290581e-05
2.955882353e-09,1.161172306e-05
2.956470588e-09,1.106911744e-05
2.957058824e-09,1.047075281e-05
2.957647059e-09,9.823011046e-06
2.958235294e-09,9.132909862e-06
2.958823529e-09,8.408011854e-06
2.959411765e-09,7.656326068e-06
2.96e-09,6.886203501e-06
2.960588235e-09,6.106228e-06
2.961176471e-09,5.3251041e-06
2.961764706e-09,4.55154337e-06
2.962352941e-09,3.794150839e-06
2.962941176e-09,3.061313081e-06
2.963529412e-09,2.361089485e-06
2.964117647e-09,1.701108207e-06
2.964705882e-09,1.088468221e-06
2.965294118e-09,5.296487842e-07
2.965882353e-09,3.042753664e-08
2.966470588e-09,-4.041916613e-07
2.967058824e-09,-7.700402117e-07
2.967647059e-09,-1.063834769e-06
2.968235294e-09,-1.2832151e-06
2.968823529e-09,-1.426769335e-06
2.969411765e-09,-1.494046319e-06
2.97e-09,-1.485554952e-06
2.970588235e-09,-1.402750567e-06
2.971176471e-09,-1.248008613e-06
2.971764706e-09,-1.024586058e-06
2.972352941e-09,-7.365710992e-07
2.972941176e-09,-3.888219524e-07
2.973529412e-09,1.310438506e-08
2.974117647e-09,4.630323487e-07
2.974705882e-09,9.54255833e-07
2.975294118e-09,1.479632761e-06
2.975882353e-09,2.031684841e-06
2.976470588e-09,2.602701098e-06
2.977058824e-09,3.18484371e-06
2.977647059e-09,3.770254672e-06
2.978235294e-09,4.351161809e-06
2.978823529e-09,4.919982679e-06
2.979411765e-09,5.469424942e-06
2.98e-09,5.992581875e-06
2.980588235e-09,6.483021731e-06
2.981176471e-09,6.934869821e-06
2.981764706e-09,7.342882238e-06
2.982352941e-09,7.702510333e-06
2.982941176e-09,8.009955162e-06
2.983529412e-09,8.262211275e-06
2.984117647e-09,8.457099397e-06
2.984705882e-09,8.593287675e-06
2.985294118e-09,8.670301353e-06
2.985882353e-09,8.688520893e-06
2.986470588e-09,8.649168695e-06
2.987058824e-09,8.55428474e-06
2.987647059e-09,8.406691614e-06
2.988235294e-09,8.209949495e-06
2.988823529e-09,7.96830181e-06
2.989411765e-09,7.686612388e-06
2.99e-09,7.370295006e-06
2.990588235e-09,7.025236329e-06
2.991176471e-09,6.657713301e-06
2.991764706e-09,6.274306091e-06
2.992352941e-09,5.881807743e-06
2.992941176e-09,5.487131716e-06
2.993529412e-09,5.097218459e-06
2.994117647e-09,4.718942235e-06
2.994705882e-09,4.359019311e-06
2.995294118e-09,4.023918671e-06
2.995882353e-09,3.719776306e-06
2.996470588e-09,3.452314115e-06
2.997058824e-09,3.22676439e-06
2.997647059e-09,3.047800737e-06
2.998235294e-09,2.919476263e-06
2.998823529e-09,2.845169718e-06
2.999411765e-09,2.827540195e-06
3e-09,2.868490895e-06
3.000588235e-09,2.96914234e-06
3.001176471e-09,3.129815303e-06
3.001764706e-09,3.350023605e-06
3.002352941e-09,3.628476824e-06
3.002941176e-09,3.963092813e-06
3.003529412e-09,4.351019829e-06
3.004117647e-09,4.788667953e-06
3.004705882e-09,5.271749373e-06
3.005294118e-09,5.795326976e-06
3.005882353e-09,6.353870642e-06
3.006470588e-09,6.941320496e-06
3.007058824e-09,7.551156329e-06
3.007647059e-09,8.176472319e-06
3.008235294e-09,8.810056133e-06
3.008823529e-09,9.444471443e-06
3.009411765e-09,1.007214287e-05
3.01e-09,1.068544237e-05
3.010588235e-09,1.1276776e-05
3.011176471e-09,1.183867017e-05
3.011764706e-09,1.236385634e-05
3.012352941e-09,1.284535324e-05
3.012941176e-09,1.32765458e-05
3.013529412e-09,1.365125996e-05
3.014117647e-09,1.396383247e-05
3.014705882e-09,1.420917528e-05
3.015294118e-09,1.438283368e-05
3.015882353e-09,1.448103778e-05
3.016470588e-09,1.450074687e-05
3.017058824e-09,1.44396864e-05
3.017647059e-09,1.429637715e-05
3.018235294e-09,1.407015661e-05
3.018823529e-09,1.37611922e-05
3.019411765e-09,1.337048662e-05
3.02e-09,1.289987502e-05
3.020588235e-09,1.235201432e-05
3.021176471e-09,1.173036471e-05
3.021764706e-09,1.103916356e-05
3.022352941e-09,1.028339196e-05
3.022941176e-09,9.468734151e-06
3.023529412e-09,8.601530297e-06
3.024117647e-09,7.688722756e-06
3.024705882e-09,6.737796432e-06
3.025294118e-09,5.756713541e-06
3.025882353e-09,4.753843306e-06
3.026470588e-09,3.737887088e-06
3.027058824e-09,2.717799503e-06
3.027647059e-09,1.702706128e-06
3.028235294e-09,7.018184418e-07
3.028823529e-09,-2.756533279e-07
3.029411765e-09,-1.220588699e-06
3.03e-09,-2.124046012e-06
3.030588235e-09,-2.977351261e-06
3.031176471e-09,-3.772185829e-06
3.031764706e-09,-4.500672231e-06
3.032352941e-09,-5.15545696e-06
3.032941176e-09,-5.729789494e-06
3.033529412e-09,-6.217596539e-06
3.034117647e-09,-6.613550577e-06
3.034705882e-09,-6.913131797e-06
3.035294118e-09,-7.112682573e-06
3.035882353e-09,-7.209453635e-06
3.036470588e-09,-7.201641212e-06
3.037058824e-09,-7.088414485e-06
3.037647059e-09,-6.869932777e-06
3.038235294e-09,-6.547352066e-06
3.038823529e-09,-6.122820492e-06
3.039411765e-09,-5.599462717e-06
3.04e-09,-4.981353106e-06
3.040588235e-09,-4.273477902e-06
3.041176471e-09,-3.481686693e-06
3.041764706e-09,-2.612633657e-06
3.042352941e-09,-1.673709224e-06
3.042941176e-09,-6.729629391e-07
3.043529412e-09,3.809815175e-07
3.044117647e-09,1.479018112e-06
3.044705882e-09,2.611655839e-06
3.045294118e-09,3.76912043e-06
3.045882353e-09,4.941459058e-06
3.046470588e-09,6.118646613e-06
3.047058824e-09,7.29069214e-06
3.047647059e-09,8.447744022e-06
3.048235294e-09,9.580192488e-06
3.048823529e-09,1.067876812e-05
3.049411765e-09,1.173463508e-05
3.05e-09,1.273947787e-05
3.050588235e-09,1.368558058e-05
3.051176471e-09,1.456589766e-05
3.051764706e-09,1.537411554e-05
3.052352941e-09,1.610470432e-05
3.052941176e-09,1.675295926e-05
3.053529412e-09,1.731503158e-05
3.054117647e-09,1.778794869e-05
3.054705882e-09,1.816962371e-05
3.055294118e-09,1.845885467e-05
3.055882353e-09,1.865531359e-05
3.056470588e-09,1.875952608e-05
3.057058824e-09,1.877284211e-05
3.057647059e-09,1.869739853e-05
3.058235294e-09,1.853607437e-05
3.058823529e-09,1.829243974e-05
3.059411765e-09,1.797069919e-05
3.06e-09,1.757563073e-05
3.060588235e-09,1.711252124e-05
3.061176471e-09,1.658709949e-05
3.061764706e-09,1.600546753e-05
3.062352941e-09,1.537403145e-05
3.062941176e-09,1.469943243e-05
3.063529412e-09,1.398847863e-05
3.064117647e-09,1.324807893e-05
3.064705882e-09,1.248517881e-05
3.065294118e-09,1.170669918e-05
3.065882353e-09,1.091947837e-05
3.066470588e-09,1.01302177e-05
3.067058824e-09,9.345430898e-06
3.067647059e-09,8.571397427e-06
3.068235294e-09,7.814119903e-06
3.068823529e-09,7.079285497e-06
3.069411765e-09,6.372231342e-06
3.07e-09,5.697913787e-06
3.070588235e-09,5.060881373e-06
3.071176471e-09,4.465251339e-06
3.071764706e-09,3.914689477e-06
3.072352941e-09,3.412393135e-06
3.072941176e-09,2.9610772e-06
3.073529412e-09,2.562962869e-06
3.074117647e-09,2.219769103e-06
3.074705882e-09,1.932706643e-06
3.075294118e-09,1.702474536e-06
3.075882353e-09,1.529259161e-06
3.076470588e-09,1.412735783e-06
3.077058824e-09,1.352072726e-06
3.077647059e-09,1.345938274e-06
3.078235294e-09,1.392510479e-06
3.078823529e-09,1.489490067e-06
3.079411765e-09,1.634116651e-06
3.08e-09,1.823188492e-06
3.080588235e-09,2.053086045e-06
3.081176471e-09,2.319799482e-06
3.081764706e-09,2.618960415e-06
3.082352941e-09,2.945877941e-06
3.082941176e-09,3.295579125e-06
3.083529412e-09,3.662853925e-06
3.084117647e-09,4.042304514e-06
3.084705882e-09,4.428398854e-06
3.085294118e-09,4.815528246e-06
3.085882353e-09,5.198068521e-06
3.086470588e-09,5.570444376e-06
3.087058824e-09,5.927196277e-06
3.087647059e-09,6.263049213e-06
3.088235294e-09,6.572982501e-06
3.088823529e-09,6.852299724e-06
3.089411765e-09,7.096697802e-06
3.09e-09,7.302334126e-06
3.090588235e-09,7.465890635e-06
3.091176471e-09,7.584633664e-06
3.091764706e-09,7.656468407e-06
3.092352941e-09,7.67998683e-06
3.092941176e-09,7.654507922e-06
3.093529412e-09,7.580109231e-06
3.094117647e-09,7.457648735e-06
3.094705882e-09,7.288776208e-06
3.095294118e-09,7.075933382e-06
3.095882353e-09,6.822342375e-06
3.096470588e-09,6.531982048e-06
3.097058824e-09,6.209552131e-06
3.097647059e-09,5.86042519e-06
3.098235294e-09,5.490586719e-06
3.098823529e-09,5.106563867e-06
3.099411765e-09,4.715343519e-06
3.1e-09,4.324280691e-06
3.100588235e-09,3.940998369e-06
3.101176471e-09,3.573280145e-06
3.101764706e-09,3.228957132e-06
3.102352941e-09,2.915790835e-06
3.102941176e-09,2.641353702e-06
3.103529412e-09,2.412909242e-06
3.104117647e-09,2.237293581e-06
3.104705882e-09,2.120800386e-06
3.105294118e-09,2.069071063e-06
3.105882353e-09,2.086992073e-06
3.106470588e-09,2.17860112e-06
3.107058824e-09,2.347003882e-06
3.107647059e-09,2.594302756e-06
3.108235294e-09,2.921538937e-06
3.108823529e-09,3.32864897e-06
3.109411765e-09,3.814436639e-06
3.11e-09,4.376560872e-06
3.110588235e-09,5.011540061e-06
3.111176471e-09,5.714772941e-06
3.111764706e-09,6.480575934e-06
3.112352941e-09,7.302236572e-06
3.112941176e-09,8.172082398e-06
3.113529412e-09,9.081564474e-06
3.114117647e-09,1.002135444e-05
3.114705882e-09,1.098145378e-05
3.115294118e-09,1.195131393e-05
3.115882353e-09,1.291996546e-05
3.116470588e-09,1.387615468e-05
3.117058824e-09,1.480848571e-05
3.117647059e-09,1.570556617e-05
3.118235294e-09,1.655615433e-05
3.118823529e-09,1.73493059e-05
3.119411765e-09,1.807451824e-05
3.12e-09,1.872187027e-05
3.120588235e-09,1.928215585e-05
3.121176471e-09,1.974700921e-05
3.121764706e-09,2.010902031e-05
3.122352941e-09,2.036183896e-05
3.122941176e-09,2.050026599e-05
3.123529412e-09,2.052033034e-05
3.124117647e-09,2.041935117e-05
3.124705882e-09,2.019598379e-05
3.125294118e-09,1.985024917e-05
3.125882353e-09,1.938354626e-05
3.126470588e-09,1.879864718e-05
3.127058824e-09,1.809967508e-05
3.127647059e-09,1.729206507e-05
3.128235294e-09,1.638250861e-05
3.128823529e-09,1.537888196e-05
3.129411765e-09,1.429015972e-05
3.13e-09,1.31263144e-05
3.130588235e-09,1.189820328e-05
3.131176471e-09,1.0617444e-05
3.131764706e-09,9.296280517e-06
3.132352941e-09,7.947440941e-06
3.132941176e-09,6.58398923e-06
3.133529412e-09,5.21917254e-06
3.134117647e-09,3.866266223e-06
3.134705882e-09,2.538418449e-06
3.135294118e-09,1.248496477e-06
3.135882353e-09,8.936554641e-09
3.136470588e-09,-1.168400584e-06
3.137058824e-09,-2.272366742e-06
3.137647059e-09,-3.292654e-06
3.138235294e-09,-4.219911506e-06
3.138823529e-09,-5.04584976e-06
3.139411765e-09,-5.763331043e-06
3.14e-09,-6.36644478e-06
3.140588235e-09,-6.850566881e-06
3.141176471e-09,-7.212402274e-06
3.141764706e-09,-7.450010116e-06
3.142352941e-09,-7.562811386e-06
3.142941176e-09,-7.551578834e-06
3.143529412e-09,-7.418409471e-06
3.144117647e-09,-7.166680103e-06
3.144705882e-09,-6.800986566e-06
3.145294118e-09,-6.327067652e-06
3.145882353e-09,-5.751714844e-06
3.146470588e-09,-5.082669268e-06
3.147058824e-09,-4.328507394e-06
3.147647059e-09,-3.498517215e-06
3.148235294e-09,-2.602566758e-06
3.148823529e-09,-1.6509669e-06
3.149411765e-09,-6.543305318e-07
3.15e-09,3.765698432e-07
3.150588235e-09,1.43094395e-06
3.151176471e-09,2.498122948e-06
3.151764706e-09,3.567693949e-06
3.152352941e-09,4.629627905e-06
3.152941176e-09,5.674399016e-06
3.153529412e-09,6.693093962e-06
3.154117647e-09,7.67750945e-06
3.154705882e-09,8.620236744e-06
3.155294118e-09,9.514732061e-06
3.155882353e-09,1.0355372e-05
3.156470588e-09,1.113749335e-05
3.157058824e-09,1.185741695e-05
3.157647059e-09,1.251245553e-05
3.158235294e-09,1.310090563e-05
3.158823529e-09,1.362202422e-05
3.159411765e-09,1.407599048e-05
3.16e-09,1.446385396e-05
3.160588235e-09,1.478747007e-05
3.161176471e-09,1.504942443e-05
3.161764706e-09,1.52529475e-05
3.162352941e-09,1.540182143e-05
3.162941176e-09,1.550028067e-05
3.163529412e-09,1.555290846e-05
3.164117647e-09,1.556453118e-05
3.164705882e-09,1.554011238e-05
3.165294118e-09,1.548464857e-05
3.165882353e-09,1.540306871e-05
3.166470588e-09,1.530013901e-05
3.167058824e-09,1.518037498e-05
3.167647059e-09,1.504796199e-05
3.168235294e-09,1.490668579e-05
3.168823529e-09,1.475987413e-05
3.169411765e-09,1.461035024e-05
3.17e-09,1.446039885e-05
3.170588235e-09,1.431174515e-05
3.171176471e-09,1.416554669e-05
3.171764706e-09,1.402239815e-05
3.172352941e-09,1.388234849e-05
3.172941176e-09,1.37449298e-05
3.173529412e-09,1.360919698e-05
3.174117647e-09,1.347377711e-05
3.174705882e-09,1.333692723e-05
3.175294118e-09,1.319659905e-05
3.175882353e-09,1.305050904e-05
3.176470588e-09,1.289621224e-05
3.177058824e-09,1.273117807e-05
3.177647059e-09,1.255286652e-05
3.178235294e-09,1.235880287e-05
3.178823529e-09,1.214664947e-05
3.179411765e-09,1.191427305e-05
3.18e-09,1.165980607e-05
3.180588235e-09,1.138170105e-05
3.181176471e-09,1.107877672e-05
3.181764706e-09,1.07502552e-05
3.182352941e-09,1.039578967e-05
3.182941176e-09,1.001548207e-05
3.183529412e-09,9.609890753e-06
3.184117647e-09,9.180028125e-06
3.184705882e-09,8.727348718e-06
3.185294118e-09,8.253728082e-06
3.185882353e-09,7.76143334e-06
3.186470588e-09,7.253086266e-06
3.187058824e-09,6.731619958e-06
3.187647059e-09,6.200230271e-06
3.188235294e-09,5.662323282e-06
3.188823529e-09,5.121460108e-06
3.189411765e-09,4.581300402e-06
3.19e-09,4.045545881e-06
3.190588235e-09,3.517885138e-06
3.191176471e-09,3.001940989e-06
3.191764706e-09,2.501221419e-06
3.192352941e-09,2.019075146e-06
3.192941176e-09,1.558652607e-06
3.193529412e-09,1.122873051e-06
3.194117647e-09,7.143982156e-07
3.194705882e-09,3.356128947e-07
3.195294118e-09,-1.138747937e-08
3.195882353e-09,-3.248023232e-07
3.196470588e-09,-6.031246987e-07
3.197058824e-09,-8.451338395e-07
3.197647059e-09,-1.049881979e-06
3.198235294e-09,-1.216676182e-06
3.198823529e-09,-1.345056004e-06
3.199411765e-09,-1.434767878e-06
3.2e-09,-1.485737202e-06
3.200588235e-09,-1.498039142e-06
3.201176471e-09,-1.471869153e-06
3.201764706e-09,-1.407514223e-06
3.202352941e-09,-1.305325807e-06
3.202941176e-09,-1.165695317e-06
3.203529412e-09,-9.890329885e-07
3.204117647e-09,-7.757507969e-07
3.204705882e-09,-5.262499976e-07
3.205294118e-09,-2.409137062e-07
3.205882353e-09,7.989520319e-08
3.206470588e-09,4.358307631e-07
3.207058824e-09,8.265551799e-07
3.207647059e-09,1.251724898e-06
3.208235294e-09,1.710971803e-06
3.208823529e-09,2.203880062e-06
3.209411765e-09,2.729959196e-06
3.21e-09,3.28861415e-06
3.210588235e-09,3.879113159e-06
3.211176471e-09,4.500554347e-06
3.211764706e-09,5.151832002e-06
3.212352941e-09,5.831603552e-06
3.212941176e-09,6.538258234e-06
3.213529412e-09,7.269888475e-06
3.214117647e-09,8.024264938e-06
3.214705882e-09,8.798816147e-06
3.215294118e-09,9.590613529e-06
3.215882353e-09,1.039636259e-05
3.216470588e-09,1.121240085e-05
3.217058824e-09,1.203470303e-05
3.217647059e-09,1.285889382e-05
3.218235294e-09,1.36802684e-05
3.218823529e-09,1.449382081e-05
3.219411765e-09,1.529427992e-05
3.22e-09,1.607615287e-05
3.220588235e-09,1.683377531e-05
3.221176471e-09,1.756136802e-05
3.221764706e-09,1.825309908e-05
3.222352941e-09,1.890315068e-05
3.222941176e-09,1.95057896e-05
3.223529412e-09,2.005544028e-05
3.224117647e-09,2.054675932e-05
3.224705882e-09,2.097471005e-05
3.225294118e-09,2.133463609e-05
3.225882353e-09,2.162233255e-05
3.226470588e-09,2.18341135e-05
3.227058824e-09,2.196687467e-05
3.227647059e-09,2.20181501e-05
3.228235294e-09,2.198616168e-05
3.228823529e-09,2.186986061e-05
3.229411765e-09,2.166895994e-05
3.23e-09,2.138395744e-05
3.230588235e-09,2.101614824e-05
3.231176471e-09,2.056762688e-05
3.231764706e-09,2.004127846e-05
3.232352941e-09,1.944075898e-05
3.232941176e-09,1.877046478e-05
3.233529412e-09,1.803549163e-05
3.234117647e-09,1.724158373e-05
3.234705882e-09,1.639507346e-05
3.235294118e-09,1.55028125e-05
3.235882353e-09,1.457209542e-05
3.236470588e-09,1.361057664e-05
3.237058824e-09,1.262618214e-05
3.237647059e-09,1.162701698e-05
3.238235294e-09,1.062127013e-05
3.238823529e-09,9.617117886e-06
3.239411765e-09,8.622627333e-06
3.24e-09,7.645661236e-06
3.240588235e-09,6.693785772e-06
3.241176471e-09,5.774182438e-06
3.241764706e-09,4.893565412e-06
3.242352941e-09,4.058105587e-06
3.242941176e-09,3.273362366e-06
3.243529412e-09,2.544224208e-06
3.244117647e-09,1.874858779e-06
3.244705882e-09,1.268673411e-06
3.245294118e-09,7.282864357e-07
3.245882353e-09,2.555097663e-07
3.246470588e-09,-1.486570303e-07
3.247058824e-09,-4.840211287e-07
3.247647059e-09,-7.511794224e-07
3.248235294e-09,-9.51490372e-07
3.248823529e-09,-1.087035179e-06
3.249411765e-09,-1.160568902e-06
3.25e-09,-1.17546227e-06
3.250588235e-09,-1.135635117e-06
3.251176471e-09,-1.045482449e-06
3.251764706e-09,-9.097943096e-07
3.252352941e-09,-7.336706715e-07
3.252941176e-09,-5.22432691e-07
3.253529412e-09,-2.815317007e-07
3.254117647e-09,-1.64573691e-08
3.254705882e-09,2.673535302e-07
3.255294118e-09,5.646062951e-07
3.255882353e-09,8.702339995e-07
3.256470588e-09,1.179478352e-06
3.257058824e-09,1.487964402e-06
3.257647059e-09,1.791767877e-06
3.258235294e-09,2.087474041e-06
3.258823529e-09,2.372227095e-06
3.259411765e-09,2.64376928e-06
3.26e-09,2.900469022e-06
3.260588235e-09,3.141337594e-06
3.261176471e-09,3.366034017e-06
3.261764706e-09,3.574858044e-06
3.262352941e-09,3.768731335e-06
3.262941176e-09,3.949167083e-06
3.263529412e-09,4.118228575e-06
3.264117647e-09,4.278477368e-06
3.264705882e-09,4.432911916e-06
3.265294118e-09,4.584897702e-06
3.265882353e-09,4.738090041e-06
3.266470588e-09,4.896350885e-06
3.267058824e-09,5.063661076e-06
3.267647059e-09,5.244029574e-06
3.268235294e-09,5.441401264e-06
3.268823529e-09,5.659564974e-06
3.269411765e-09,5.902063364e-06
3.27e-09,6.172106298e-06
3.270588235e-09,6.472489279e-06
3.271176471e-09,6.805518458e-06
3.271764706e-09,7.172943581e-06
3.272352941e-09,7.575900151e-06
3.272941176e-09,8.014861891e-06
3.273529412e-09,8.489604434e-06
3.274117647e-09,8.999180958e-06
3.274705882e-09,9.541910288e-06
3.275294118e-09,1.011537774e-05
3.275882353e-09,1.071644882e-05
3.276470588e-09,1.134129553e-05
3.277058824e-09,1.198543502e-05
3.277647059e-09,1.264377992e-05
3.278235294e-09,1.331069946e-05
3.278823529e-09,1.398009063e-05
3.279411765e-09,1.464545795e-05
3.28e-09,1.530000069e-05
3.280588235e-09,1.593670611e-05
3.281176471e-09,1.65484471e-05
3.281764706e-09,1.712808272e-05
3.282352941e-09,1.766855994e-05
3.282941176e-09,1.8163015e-05
3.283529412e-09,1.860487266e-05
3.284117647e-09,1.898794192e-05
3.284705882e-09,1.930650656e-05
3.285294118e-09,1.955540929e-05
3.285882353e-09,1.9730128e-05
3.286470588e-09,1.982684324e-05
3.287058824e-09,1.984249585e-05
3.287647059e-09,1.977483387e-05
3.288235294e-09,1.962244839e-05
3.288823529e-09,1.938479766e-05
3.289411765e-09,1.906221939e-05
3.29e-09,1.865593126e-05
3.290588235e-09,1.816801974e-05
3.291176471e-09,1.760141752e-05
3.291764706e-09,1.695987027e-05
3.292352941e-09,1.62478932e-05
3.292941176e-09,1.54707184e-05
3.293529412e-09,1.463423375e-05
3.294117647e-09,1.374491464e-05
3.294705882e-09,1.280974945e-05
3.295294118e-09,1.183616007e-05
3.295882353e-09,1.083191868e-05
3.296470588e-09,9.805061977e-06
3.297058824e-09,8.763804207e-06
3.297647059e-09,7.716450037e-06
3.298235294e-09,6.671308584e-06
3.298823529e-09,5.636609629e-06
3.299411765e-09,4.620423051e-06
3.3e-09,3.630582411e-06
3.300588235e-09,2.67461352e-06
3.301176471e-09,1.759668683e-06
3.301764706e-09,8.924672282e-07
3.302352941e-09,7.924277746e-08
3.302941176e-09,-6.743024033e-07
3.303529412e-09,-1.363035753e-06
3.304117647e-09,-1.982425376e-06
3.304705882e-09,-2.528563641e-06
3.305294118e-09,-2.998183545e-06
3.305882353e-09,-3.388668084e-06
3.306470588e-09,-3.698052948e-06
3.307058824e-09,-3.925022944e-06
3.307647059e-09,-4.068902614e-06
3.308235294e-09,-4.129641546e-06
3.308823529e-09,-4.107794955e-06
3.309411765e-09,-4.004500081e-06
3.31e-09,-3.821449008e-06
3.310588235e-09,-3.560858455e-06
3.311176471e-09,-3.22543713e-06
3.311764706e-09,-2.818351154e-06
3.312352941e-09,-2.34318806e-06
3.312941176e-09,-1.803919831e-06
3.313529412e-09,-1.204865351e-06
3.314117647e-09,-5.506526484e-07
3.314705882e-09,1.538188125e-07
3.315294118e-09,9.03415531e-07
3.315882353e-09,1.692806903e-06
3.316470588e-09,2.516501558e-06
3.317058824e-09,3.36888302e-06
3.317647059e-09,4.244244665e-06
3.318235294e-09,5.136823976e-06
3.318823529e-09,6.040836113e-06
3.319411765e-09,6.95050685e-06
3.32e-09,7.860104934e-06
3.320588235e-09,8.763973906e-06
3.321176471e-09,9.656563441e-06
3.321764706e-09,1.053246023e-05
3.322352941e-09,1.138641838e-05
3.322941176e-09,1.221338939e-05
3.323529412e-09,1.30085515e-05
3.324117647e-09,1.376733847e-05
3.324705882e-09,1.448546749e-05
3.325294118e-09,1.515896627e-05
3.325882353e-09,1.578419876e-05
3.326470588e-09,1.635788969e-05
3.327058824e-09,1.687714719e-05
3.327647059e-09,1.733948356e-05
3.328235294e-09,1.774283373e-05
3.328823529e-09,1.808557102e-05
3.329411765e-09,1.836652004e-05
3.33e-09,1.85849663e-05
3.330588235e-09,1.874066233e-05
3.331176471e-09,1.883382994e-05
3.331764706e-09,1.886515856e-05
3.332352941e-09,1.883579935e-05
3.332941176e-09,1.874735502e-05
3.333529412e-09,1.860186526e-05
3.334117647e-09,1.84017879e-05
3.334705882e-09,1.814997567e-05
3.335294118e-09,1.784964886e-05
3.335882353e-09,1.750436399e-05
3.336470588e-09,1.711797887e-05
3.337058824e-09,1.669461415e-05
3.337647059e-09,1.623861207e-05
3.338235294e-09,1.575449255e-05
3.338823529e-09,1.524690728e-05
3.339411765e-09,1.472059233e-05
3.34e-09,1.418031971e-05
3.340588235e-09,1.363084865e-05
3.341176471e-09,1.3076877e-05
3.341764706e-09,1.252299347e-05
3.342352941e-09,1.197363124e-05
3.342941176e-09,1.143302358e-05
3.343529412e-09,1.090516188e-05
3.344117647e-09,1.039375683e-05
3.344705882e-09,9.902203026e-06
3.345294118e-09,9.433547591e-06
3.345882353e-09,8.990463104e-06
3.346470588e-09,8.57522523e-06
3.347058824e-09,8.189695296e-06
3.347647059e-09,7.835308049e-06
3.348235294e-09,7.513064736e-06
3.348823529e-09,7.223531598e-06
3.349411765e-09,6.966843793e-06
3.35e-09,6.742714712e-06
3.350588235e-09,6.550450563e-06
3.351176471e-09,6.388970062e-06
3.351764706e-09,6.256828973e-06
3.352352941e-09,6.15224922e-06
3.352941176e-09,6.073152194e-06
3.353529412e-09,6.017195853e-06
3.354117647e-09,5.98181515e-06
3.354705882e-09,5.964265283e-06
3.355294118e-09,5.961667224e-06
3.355882353e-09,5.971054927e-06
3.356470588e-09,5.989423627e-06
3.357058824e-09,6.013778575e-06
3.357647059e-09,6.041183569e-06
3.358235294e-09,6.06880863e-06
3.358823529e-09,6.093976157e-06
3.359411765e-09,6.114204921e-06
3.36e-09,6.12725127e-06
3.360588235e-09,6.131146937e-06
3.361176471e-09,6.124232902e-06
3.361764706e-09,6.105188759e-06
3.362352941e-09,6.073057149e-06
3.362941176e-09,6.027262829e-06
3.363529412e-09,5.967626045e-06
3.364117647e-09,5.894369949e-06
3.364705882e-09,5.808121864e-06
3.365294118e-09,5.709908306e-06
3.365882353e-09,5.601143751e-06
3.366470588e-09,5.483613229e-06
3.367058824e-09,5.359448907e-06
3.367647059e-09,5.23110094e-06
3.368235294e-09,5.101302926e-06
3.368823529e-09,4.973032412e-06
3.369411765e-09,4.849466968e-06
3.37e-09,4.733936402e-06
3.370588235e-09,4.629871795e-06
3.371176471e-09,4.540752045e-06
3.371764706e-09,4.470048692e-06
3.372352941e-09,4.421169802e-06
3.372941176e-09,4.397403731e-06
3.373529412e-09,4.401863594e-06
3.374117647e-09,4.437433252e-06
3.374705882e-09,4.506715643e-06
3.375294118e-09,4.611984209e-06
3.375882353e-09,4.755138197e-06
3.376470588e-09,4.937662494e-06
3.377058824e-09,5.160592639e-06
3.377647059e-09,5.42448558e-06
3.378235294e-09,5.729396644e-06
3.378823529e-09,6.074863114e-06
3.379411765e-09,6.459894727e-06
3.38e-09,6.88297128e-06
3.380588235e-09,7.342047461e-06
3.381176471e-09,7.834564897e-06
3.381764706e-09,8.357471321e-06
3.382352941e-09,8.907246653e-06
3.382941176e-09,9.479935702e-06
3.383529412e-09,1.007118708e-05
3.384117647e-09,1.067629784e-05
3.384705882e-09,1.129026335e-05
3.385294118e-09,1.190783157e-05
3.385882353e-09,1.25235613e-05
3.386470588e-09,1.313188339e-05
3.387058824e-09,1.372716429e-05
3.387647059e-09,1.430377092e-05
3.388235294e-09,1.485613626e-05
3.388823529e-09,1.53788245e-05
3.389411765e-09,1.586659514e-05
3.39e-09,1.631446498e-05
3.390588235e-09,1.671776737e-05
3.391176471e-09,1.707220782e-05
3.391764706e-09,1.737391524e-05
3.392352941e-09,1.76194882e-05
3.392941176e-09,1.780603562e-05
3.393529412e-09,1.793121125e-05
3.394117647e-09,1.799324169e-05
3.394705882e-09,1.799094747e-05
3.395294118e-09,1.792375697e-05
3.395882353e-09,1.779171315e-05
3.396470588e-09,1.759547293e-05
3.397058824e-09,1.73362993e-05
3.397647059e-09,1.701604642e-05
3.398235294e-09,1.663713789e-05
3.398823529e-09,1.620253856e-05
3.399411765e-09,1.571572036e-05
3.4e-09,1.518062261e-05
3.400588235e-09,1.460160749e-05
3.401176471e-09,1.398341123e-05
3.401764706e-09,1.333109174e-05
3.402352941e-09,1.264997349e-05
3.402941176e-09,1.194559028e-05
3.403529412e-09,1.122362668e-05
3.404117647e-09,1.048985907e-05
3.404705882e-09,9.750096753e-06
3.405294118e-09,9.010124146e-06
3.405882353e-09,8.275644517e-06
3.406470588e-09,7.552226062e-06
3.407058824e-09,6.845250843e-06
3.407647059e-09,6.159867127e-06
3.408235294e-09,5.500945603e-06
3.408823529e-09,4.873039846e-06
3.409411765e-09,4.280351362e-06
3.41e-09,3.726699444e-06
3.410588235e-09,3.215496006e-06
3.411176471e-09,2.749725483e-06
3.411764706e-09,2.331929819e-06
3.412352941e-09,1.964198492e-06
3.412941176e-09,1.648163459e-06
3.413529412e-09,1.384998863e-06
3.414117647e-09,1.17542528e-06
3.414705882e-09,1.019718237e-06
3.415294118e-09,9.177207107e-07
3.415882353e-09,8.688592758e-07
3.416470588e-09,8.721635523e-07
3.417058824e-09,9.262885852e-07
3.417647059e-09,1.029539781e-06
3.418235294e-09,1.179900019e-06
3.418823529e-09,1.375058567e-06
3.419411765e-09,1.612441411e-06
3.42e-09,1.889242655e-06
3.420588235e-09,2.202456628e-06
3.421176471e-09,2.548910366e-06
3.421764706e-09,2.925296152e-06
3.422352941e-09,3.328203808e-06
3.422941176e-09,3.754152469e-06
3.423529412e-09,4.199621568e-06
3.424117647e-09,4.661080803e-06
3.424705882e-09,5.135018851e-06
3.425294118e-09,5.617970654e-06
3.425882353e-09,6.106543072e-06
3.426470588e-09,6.597438767e-06
3.427058824e-09,7.087478174e-06
3.427647059e-09,7.573619432e-06
3.428235294e-09,8.052976199e-06
3.428823529e-09,8.522833263e-06
3.429411765e-09,8.9806599e-06
3.43e-09,9.424120941e-06
3.430588235e-09,9.851085553e-06
3.431176471e-09,1.025963373e-05
3.431764706e-09,1.064806053e-05
3.432352941e-09,1.101487816e-05
3.432941176e-09,1.135881584e-05
3.433529412e-09,1.167881779e-05
3.434117647e-09,1.197403924e-05
3.434705882e-09,1.224384062e-05
3.435294118e-09,1.248778029e-05
3.435882353e-09,1.270560567e-05
3.436470588e-09,1.289724321e-05
3.437058824e-09,1.306278724e-05
3.437647059e-09,1.320248791e-05
3.438235294e-09,1.331673856e-05
3.438823529e-09,1.340606244e-05
3.439411765e-09,1.347109932e-05
3.44e-09,1.351259184e-05
3.440588235e-09,1.353137206e-05
3.441176471e-09,1.352834823e-05
3.441764706e-09,1.350449193e-05
3.442352941e-09,1.346082582e-05
3.442941176e-09,1.339841205e-05
3.443529412e-09,1.331834136e-05
3.444117647e-09,1.322172319e-05
3.444705882e-09,1.310967654e-05
3.445294118e-09,1.29833219e-05
3.445882353e-09,1.284377416e-05
3.446470588e-09,1.269213641e-05
3.447058824e-09,1.252949483e-05
3.447647059e-09,1.235691441e-05
3.448235294e-09,1.217543569e-05
3.448823529e-09,1.19860722e-05
3.449411765e-09,1.178980881e-05
3.45e-09,1.158760067e-05
3.450588235e-09,1.138037283e-05
3.451176471e-09,1.116902037e-05
3.451764706e-09,1.095440903e-05
3.452352941e-09,1.07373761e-05
3.452941176e-09,1.051873168e-05
3.453529412e-09,1.029926011e-05
3.454117647e-09,1.007972146e-05
3.454705882e-09,9.860853124e-06
3.455294118e-09,9.64337137e-06
3.455882353e-09,9.427972744e-06
3.456470588e-09,9.215335381e-06
3.457058824e-09,9.006120084e-06
3.457647059e-09,8.800971161e-06
3.458235294e-09,8.600516983e-06
3.458823529e-09,8.405370236e-06
3.459411765e-09,8.216127835e-06
3.46e-09,8.033370514e-06
3.460588235e-09,7.857662053e-06
3.461176471e-09,7.68954818e-06
3.461764706e-09,7.529555137e-06
3.462352941e-09,7.378187939e-06
3.462941176e-09,7.235928351e-06
3.463529412e-09,7.103232619e-06
3.464117647e-09,6.980528992e-06
3.464705882e-09,6.868215086e-06
3.465294118e-09,6.766655146e-06
3.465882353e-09,6.676177246e-06
3.466470588e-09,6.59707051e-06
3.467058824e-09,6.529582404e-06
3.467647059e-09,6.473916158e-06
3.468235294e-09,6.430228391e-06
3.468823529e-09,6.398626993e-06
3.469411765e-09,6.37916932e-06
3.47e-09,6.371860757e-06
3.470588235e-09,6.376653684e-06
3.471176471e-09,6.393446895e-06
3.471764706e-09,6.422085484e-06
3.472352941e-09,6.462361219e-06
3.472941176e-09,6.51401341e-06
3.473529412e-09,6.576730265e-06
3.474117647e-09,6.650150716e-06
3.474705882e-09,6.733866689e-06
3.475294118e-09,6.82742577e-06
3.475882353e-09,6.930334244e-06
3.476470588e-09,7.042060421e-06
3.477058824e-09,7.162038213e-06
3.477647059e-09,7.289670882e-06
3.478235294e-09,7.424334901e-06
3.478823529e-09,7.565383857e-06
3.479411765e-09,7.712152326e-06
3.48e-09,7.86395967e-06
3.480588235e-09,8.02011369e-06
3.481176471e-09,8.179914096e-06
3.481764706e-09,8.34265575e-06
3.482352941e-09,8.507631658e-06
3.482941176e-09,8.67413569e-06
3.483529412e-09,8.841465031e-06
3.484117647e-09,9.008922352e-06
3.484705882e-09,9.175817735e-06
3.485294118e-09,9.341470361e-06
3.485882353e-09,9.505210008e-06
3.486470588e-09,9.666378385e-06
3.487058824e-09,9.824330354e-06
3.487647059e-09,9.978435089e-06
3.488235294e-09,1.012807721e-05
3.488823529e-09,1.027265795e-05
3.489411765e-09,1.041159638e-05
3.49e-09,1.054433073e-05
3.490588235e-09,1.06703199e-05
3.491176471e-09,1.078904501e-05
3.491764706e-09,1.090001126e-05
3.492352941e-09,1.100274984e-05
3.492941176e-09,1.109682005e-05
3.493529412e-09,1.11818116e-05
3.494117647e-09,1.12573469e-05
3.494705882e-09,1.132308361e-05
3.495294118e-09,1.137871705e-05
3.495882353e-09,1.142398275e-05
3.496470588e-09,1.145865885e-05
3.497058824e-09,1.148256841e-05
3.497647059e-09,1.149558157e-05
3.498235294e-09,1.149761752e-05
3.498823529e-09,1.148864615e-05
3.499411765e-09,1.146868948e-05
3.5e-09,1.143782266e-05
3.500588235e-09,1.139617469e-05
3.501176471e-09,1.134392871e-05
3.501764706e-09,1.128132188e-05
3.502352941e-09,1.120864493e-05
3.502941176e-09,1.112624119e-05
3.503529412e-09,1.10345053e-05
3.504117647e-09,1.093388153e-05
3.504705882e-09,1.082486173e-05
3.505294118e-09,1.070798291e-05
3.505882353e-09,1.058382451e-05
3.506470588e-09,1.045300541e-05
3.507058824e-09,1.03161806e-05
3.507647059e-09,1.017403767e-05
3.508235294e-09,1.002729303e-05
3.508823529e-09,9.876687929e-06
3.509411765e-09,9.722984272e-06
3.51e-09,9.566960308e-06
3.510588235e-09,9.409406106e-06
3.511176471e-09,9.25111891e-06
3.511764706e-09,9.092898351e-06
3.512352941e-09,8.935541537e-06
3.512941176e-09,8.779838034e-06
3.513529412e-09,8.626564761e-06
3.514117647e-09,8.47648082e-06
3.514705882e-09,8.330322273e-06
3.515294118e-09,8.188796931e-06
3.515882353e-09,8.052579162e-06
3.516470588e-09,7.922304787e-06
3.517058824e-09,7.798566101e-06
3.517647059e-09,7.681907098e-06
3.518235294e-09,7.572818947e-06
3.518823529e-09,7.471735797e-06
3.519411765e-09,7.379030991e-06
3.52e-09,7.295013749e-06
3.520588235e-09,7.219926406e-06
3.521176471e-09,7.153942275e-06
3.521764706e-09,7.097164194e-06
3.522352941e-09,7.04962382e-06
3.522941176e-09,7.01128173e-06
3.523529412e-09,6.98202834e-06
3.524117647e-09,6.961685696e-06
3.524705882e-09,6.950010122e-06
3.525294118e-09,6.946695736e-06
3.525882353e-09,6.951378791e-06
3.526470588e-09,6.963642808e-06
3.527058824e-09,6.983024448e-06
3.527647059e-09,7.009020028e-06
3.528235294e-09,7.041092604e-06
3.528823529e-09,7.078679508e-06
3.529411765e-09,7.121200227e-06
3.53e-09,7.168064479e-06
3.530588235e-09,7.218680376e-06
3.531176471e-09,7.272462513e-06
3.531764706e-09,7.328839853e-06
3.532352941e-09,7.387263267e-06
3.532941176e-09,7.447212595e-06
3.533529412e-09,7.508203096e-06
3.534117647e-09,7.569791184e-06
3.534705882e-09,7.63157933e-06
3.535294118e-09,7.693220052e-06
3.535882353e-09,7.754418923e-06
3.536470588e-09,7.814936526e-06
3.537058824e-09,7.874589347e-06
3.537647059e-09,7.933249564e-06
3.538235294e-09,7.990843758e-06
3.538823529e-09,8.047350556e-06
3.539411765e-09,8.102797257e-06
3.54e-09,8.1572555e-06
3.540588235e-09,8.210836048e-06
3.541176471e-09,8.263682801e-06
3.541764706e-09,8.315966118e-06
3.542352941e-09,8.367875598e-06
3.542941176e-09,8.41961243e-06
3.543529412e-09,8.471381466e-06
3.544117647e-09,8.523383155e-06
3.544705882e-09,8.575805493e-06
3.545294118e-09,8.628816139e-06
3.545882353e-09,8.682554839e-06
3.546470588e-09,8.737126327e-06
3.547058824e-09,8.792593821e-06
3.547647059e-09,8.848973268e-06
3.548235294e-09,8.90622845e-06
3.548823529e-09,8.964267071e-06
3.549411765e-09,9.022937921e-06
3.55e-09,9.082029203e-06
3.550588235e-09,9.141268079e-06
3.551176471e-09,9.200321488e-06
3.551764706e-09,9.258798263e-06
3.552352941e-09,9.316252529e-06
3.552941176e-09,9.372188384e-06
3.553529412e-09,9.426065807e-06
3.554117647e-09,9.477307716e-06
3.554705882e-09,9.525308096e-06
3.555294118e-09,9.569441078e-06
3.555882353e-09,9.609070823e-06
3.556470588e-09,9.643562068e-06
3.557058824e-09,9.672291151e-06
3.557647059e-09,9.694657323e-06
3.558235294e-09,9.710094158e-06
3.558823529e-09,9.718080844e-06
3.559411765e-09,9.718153142e-06
3.56e-09,9.709913805e-06
3.560588235e-09,9.693042248e-06
3.561176471e-09,9.667303267e-06
3.561764706e-09,9.632554623e-06
3.562352941e-09,9.58875333e-06
3.562941176e-09,9.535960487e-06
3.563529412e-09,9.474344547e-06
3.564117647e-09,9.404182915e-06
3.564705882e-09,9.32586183e-06
3.565294118e-09,9.23987449e-06
3.565882353e-09,9.146817421e-06
3.566470588e-09,9.047385144e-06
3.567058824e-09,8.942363195e-06
3.567647059e-09,8.832619611e-06
3.568235294e-09,8.719095015e-06
3.568823529e-09,8.602791467e-06
3.569411765e-09,8.484760249e-06
3.57e-09,8.36608882e-06
3.570588235e-09,8.247887135e-06
3.571176471e-09,8.131273575e-06
3.571764706e-09,8.017360728e-06
3.572352941e-09,7.907241245e-06
3.572941176e-09,7.801974031e-06
3.573529412e-09,7.702570969e-06
3.574117647e-09,7.609984408e-06
3.574705882e-09,7.525095602e-06
3.575294118e-09,7.448704271e-06
3.575882353e-09,7.381519428e-06
3.576470588e-09,7.324151612e-06
3.577058824e-09,7.277106589e-06
3.577647059e-09,7.240780612e-06
3.578235294e-09,7.215457256e-06
3.578823529e-09,7.201305844e-06
3.579411765e-09,7.198381429e-06
3.58e-09,7.206626302e-06
3.580588235e-09,7.225872927e-06
3.581176471e-09,7.255848235e-06
3.581764706e-09,7.296179145e-06
3.582352941e-09,7.346399196e-06
3.582941176e-09,7.405956143e-06
3.583529412e-09,7.47422038e-06
3.584117647e-09,7.550494013e-06
3.584705882e-09,7.634020462e-06
3.585294118e-09,7.723994395e-06
3.585882353e-09,7.81957188e-06
3.586470588e-09,7.919880579e-06
3.587058824e-09,8.024029854e-06
3.587647059e-09,8.13112066e-06
3.588235294e-09,8.24025509e-06
3.588823529e-09,8.350545473e-06
3.589411765e-09,8.461122918e-06
3.59e-09,8.571145232e-06
3.590588235e-09,8.679804122e-06
3.591176471e-09,8.786331634e-06
3.591764706e-09,8.890005783e-06
3.592352941e-09,8.990155333e-06
3.592941176e-09,9.086163709e-06
3.593529412e-09,9.177472034e-06
3.594117647e-09,9.263581304e-06
3.594705882e-09,9.344053692e-06
3.595294118e-09,9.418513038e-06
3.595882353e-09,9.486644538e-06
3.596470588e-09,9.5481937e-06
3.597058824e-09,9.602964606e-06
3.597647059e-09,9.650817561e-06
3.598235294e-09,9.691666201e-06
3.598823529e-09,9.725474131e-06
3.599411765e-09,9.752251192e-06
3.6e-09,9.772049448e-06
3.600588235e-09,9.784958972e-06
3.601176471e-09,9.791103548e-06
3.601764706e-09,9.790636369e-06
3.602352941e-09,9.783735825e-06
3.602941176e-09,9.770601474e-06
3.603529412e-09,9.751450272e-06
3.604117647e-09,9.726513142e-06
3.604705882e-09,9.696031934e-06
3.605294118e-09,9.660256842e-06
3.605882353e-09,9.619444306e-06
3.606470588e-09,9.573855426e-06
3.607058824e-09,9.523754901e-06
3.607647059e-09,9.469410485e-06
3.608235294e-09,9.41109294e-06
3.608823529e-09,9.349076447e-06
3.609411765e-09,9.283639431e-06
3.61e-09,9.215065728e-06
3.610588235e-09,9.143646031e-06
3.611176471e-09,9.069679518e-06
3.611764706e-09,8.993475582e-06
3.612352941e-09,8.915355553e-06
3.612941176e-09,8.835654335e-06
3.613529412e-09,8.754721833e-06
3.614117647e-09,8.672924098e-06
3.614705882e-09,8.590644091e-06
3.615294118e-09,8.50828198e-06
3.615882353e-09,8.426254917e-06
3.616470588e-09,8.344996223e-06
3.617058824e-09,8.26495394e-06
3.617647059e-09,8.18658874e-06
3.618235294e-09,8.110371149e-06
3.618823529e-09,8.036778134e-06
3.619411765e-09,7.966289035e-06
3.62e-09,7.899380917e-06
3.620588235e-09,7.83652338e-06
3.621176471e-09,7.778172894e-06
3.621764706e-09,7.724766768e-06
3.622352941e-09,7.676716816e-06
3.622941176e-09,7.634402847e-06
3.623529412e-09,7.598166083e-06
3.624117647e-09,7.568302626e-06
3.624705882e-09,7.545057078e-06
3.625294118e-09,7.528616458e-06
3.625882353e-09,7.519104513e-06
3.626470588e-09,7.516576544e-06
3.627058824e-09,7.521014854e-06
3.627647059e-09,7.532324923e-06
3.628235294e-09,7.550332392e-06
3.628823529e-09,7.574780939e-06
3.629411765e-09,7.605331119e-06
3.63e-09,7.641560222e-06
3.630588235e-09,7.682963189e-06
3.631176471e-09,7.728954611e-06
3.631764706e-09,7.778871831e-06
3.632352941e-09,7.831979139e-06
3.632941176e-09,7.887473049e-06
3.633529412e-09,7.944488615e-06
3.634117647e-09,8.002106745e-06
3.634705882e-09,8.059362443e-06
3.635294118e-09,8.115253904e-06
3.635882353e-09,8.168752363e-06
3.636470588e-09,8.218812592e-06
3.637058824e-09,8.264383918e-06
3.637647059e-09,8.304421644e-06
3.638235294e-09,8.337898703e-06
3.638823529e-09,8.363817421e-06
3.639411765e-09,8.3812212e-06
3.64e-09,8.389205976e-06
3.640588235e-09,8.386931272e-06
3.641176471e-09,8.373630681e-06
3.641764706e-09,8.348621611e-06
3.642352941e-09,8.311314126e-06
3.642941176e-09,8.261218746e-06
3.643529412e-09,8.19795305e-06
3.644117647e-09,8.12124696e-06
3.644705882e-09,8.03094661e-06
3.645294118e-09,7.927016703e-06
3.645882353e-09,7.809541296e-06
3.646470588e-09,7.678722987e-06
3.647058824e-09,7.534880485e-06
3.647647059e-09,7.378444584e-06
3.648235294e-09,7.209952606e-06
3.648823529e-09,7.030041378e-06
3.649411765e-09,6.839438859e-06
3.65e-09,6.638954552e-06
3.650588235e-09,6.429468868e-06
3.651176471e-09,6.21192162e-06
3.651764706e-09,5.987299851e-06
3.652352941e-09,5.756625216e-06
3.652941176e-09,5.520941148e-06
3.653529412e-09,5.281300032e-06
3.654117647e-09,5.038750629e-06
3.654705882e-09,4.794325972e-06
3.655294118e-09,4.549031955e-06
3.655882353e-09,4.303836813e-06
3.656470588e-09,4.059661667e-06
3.657058824e-09,3.817372311e-06
3.657647059e-09,3.577772332e-06
3.658235294e-09,3.341597702e-06
3.658823529e-09,3.109512858e-06
3.659411765e-09,2.882108331e-06
3.66e-09,2.659899893e-06
3.660588235e-09,2.443329182e-06
3.661176471e-09,2.232765721e-06
3.661764706e-09,2.028510222e-06
3.662352941e-09,1.830799024e-06
3.662941176e-09,1.63980951e-06
3.663529412e-09,1.455666292e-06
3.664117647e-09,1.278447974e-06
3.664705882e-09,1.10819427e-06
3.665294118e-09,9.449132465e-07
3.665882353e-09,7.885884713e-07
3.666470588e-09,6.39185842e-07
3.667058824e-09,4.966598919e-07
3.667647059e-09,3.609593727e-07
3.668235294e-09,2.320319436e-07
3.668823529e-09,1.098278167e-07
3.669411765e-09,-5.697764061e-09
3.67e-09,-1.145832989e-07
3.670588235e-09,-2.168611231e-07
3.671176471e-09,-3.125588345e-07
3.671764706e-09,-4.017020471e-07
3.672352941e-09,-4.843184237e-07
3.672941176e-09,-5.604429073e-07
3.673529412e-09,-6.301240398e-07
3.674117647e-09,-6.934312238e-07
3.674705882e-09,-7.50462759e-07
3.675294118e-09,-8.013544597e-07
3.675882353e-09,-8.462886413e-07
3.676470588e-09,-8.855032453e-07
3.677058824e-09,-9.193008662e-07
3.677647059e-09,-9.480574333e-07
3.678235294e-09,-9.722303017e-07
3.678823529e-09,-9.923655104e-07
3.679411765e-09,-1.009103973e-06
3.68e-09,-1.02318638e-06
3.680588235e-09,-1.035456619e-06
3.681176471e-09,-1.046863519e-06
3.681764706e-09,-1.058460781e-06
3.682352941e-09,-1.071404966e-06
3.682941176e-09,-1.086951456e-06
3.683529412e-09,-1.10644833e-06
3.684117647e-09,-1.131328152e-06
3.684705882e-09,-1.16309768e-06
3.685294118e-09,-1.203325587e-06
3.685882353e-09,-1.253628273e-06
3.686470588e-09,-1.315653937e-06
3.687058824e-09,-1.39106508e-06
3.687647059e-09,-1.481519662e-06
3.688235294e-09,-1.588651173e-06
3.688823529e-09,-1.714047881e-06
3.689411765e-09,-1.859231589e-06
3.69e-09,-2.025636194e-06
3.690588235e-09,-2.214586418e-06
3.691176471e-09,-2.427277024e-06
3.691764706e-09,-2.664752893e-06
3.692352941e-09,-2.92789027e-06
3.692941176e-09,-3.217379527e-06
3.693529412e-09,-3.533709742e-06
3.694117647e-09,-3.877155355e-06
3.694705882e-09,-4.247765172e-06
3.695294118e-09,-4.645353903e-06
3.695882353e-09,-5.069496394e-06
3.696470588e-09,-5.51952468e-06
3.697058824e-09,-5.994527905e-06
3.697647059e-09,-6.493355112e-06
3.698235294e-09,-7.014620874e-06
3.698823529e-09,-7.55671364e-06
3.699411765e-09,-8.117806648e-06
3.7e-09,-8.695871198e-06
3.700588235e-09,-9.288692032e-06
3.701176471e-09,-9.893884517e-06
3.701764706e-09,-1.05089133e-05
3.702352941e-09,-1.113111211e-05
3.702941176e-09,-1.175770426e-05
3.703529412e-09,-1.238582352e-05
3.704117647e-09,-1.301253497e-05
3.704705882e-09,-1.363485539e-05
3.705294118e-09,-1.424977294e-05
3.705882353e-09,-1.485426558e-05
3.706470588e-09,-1.544531822e-05
3.707058824e-09,-1.601993804e-05
3.707647059e-09,-1.6575168e-05
3.708235294e-09,-1.710809823e-05
3.708823529e-09,-1.761587527e-05
3.709411765e-09,-1.809570914e-05
3.71e-09,-1.854487825e-05
3.710588235e-09,-1.896073219e-05
3.711176471e-09,-1.93406927e-05
3.711764706e-09,-1.968225294e-05
3.712352941e-09,-1.998297531e-05
3.712941176e-09,-2.024048829e-05
3.713529412e-09,-2.045248257e-05
3.714117647e-09,-2.061670689e-05
3.714705882e-09,-2.073096406e-05
3.715294118e-09,-2.079310763e-05
3.715882353e-09,-2.080103966e-05
3.716470588e-09,-2.075270998e-05
3.717058824e-09,-2.064611753e-05
3.717647059e-09,-2.047931402e-05
3.718235294e-09,-2.025041045e-05
3.718823529e-09,-1.995758665e-05
3.719411765e-09,-1.959910425e-05
3.72e-09,-1.917332315e-05
3.720588235e-09,-1.867872168e-05
3.721176471e-09,-1.811392045e-05
3.721764706e-09,-1.747770979e-05
3.722352941e-09,-1.676908067e-05
3.722941176e-09,-1.598725882e-05
3.723529412e-09,-1.513174163e-05
3.724117647e-09,-1.420233742e-05
3.724705882e-09,-1.319920656e-05
3.725294118e-09,-1.212290358e-05
3.725882353e-09,-1.097441983e-05
3.726470588e-09,-9.755225514e-06
3.727058824e-09,-8.46731054e-06
3.727647059e-09,-7.113222928e-06
3.728235294e-09,-5.69610399e-06
3.728823529e-09,-4.219719138e-06
3.729411765e-09,-2.688483322e-06
3.73e-09,-1.107480046e-06
3.730588235e-09,5.175270437e-07
3.731176471e-09,2.180090957e-06
3.731764706e-09,3.873087445e-06
3.732352941e-09,5.588731181e-06
3.732941176e-09,7.318602717e-06
3.733529412e-09,9.0536868e-06
3.734117647e-09,1.078442244e-05
3.734705882e-09,1.2500765e-05
3.735294118e-09,1.419226027e-05
3.735882353e-09,1.584813053e-05
3.736470588e-09,1.745737208e-05
3.737058824e-09,1.900886369e-05
3.737647059e-09,2.049148522e-05
3.738235294e-09,2.189424519e-05
3.738823529e-09,2.320641616e-05
3.739411765e-09,2.441767632e-05
3.74e-09,2.551825559e-05
3.740588235e-09,2.649908417e-05
3.741176471e-09,2.735194169e-05
3.741764706e-09,2.80696044e-05
3.742352941e-09,2.864598818e-05
3.742941176e-09,2.907628484e-05
3.743529412e-09,2.93570892e-05
3.744117647e-09,2.94865143e-05
3.744705882e-09,2.94642924e-05
3.745294118e-09,2.929185915e-05
3.745882353e-09,2.897241874e-05
3.746470588e-09,2.851098784e-05
3.747058824e-09,2.791441645e-05
3.747647059e-09,2.719138393e-05
3.748235294e-09,2.635236895e-05
3.748823529e-09,2.540959241e-05
3.749411765e-09,2.437693256e-05
3.75e-09,2.326981232e-05
3.750588235e-09,2.210505904e-05
3.751176471e-09,2.090073725e-05
3.751764706e-09,1.967595596e-05
3.752352941e-09,1.845065181e-05
3.752941176e-09,1.724535051e-05
3.753529412e-09,1.608090911e-05
3.754117647e-09,1.497824211e-05
3.754705882e-09,1.395803501e-05
3.755294118e-09,1.3040449e-05
3.755882353e-09,1.224482107e-05
3.756470588e-09,1.158936393e-05
3.757058824e-09,1.109087036e-05
3.757647059e-09,1.076442682e-05
3.758235294e-09,1.0623141e-05
3.758823529e-09,1.067788836e-05
3.759411765e-09,1.093708214e-05
3.76e-09,1.14064715e-05
3.760588235e-09,1.208897203e-05
3.761176471e-09,1.298453255e-05
3.761764706e-09,1.409004165e-05
3.762352941e-09,1.539927702e-05
3.762941176e-09,1.690289998e-05
3.763529412e-09,1.858849698e-05
3.764117647e-09,2.044066919e-05
3.764705882e-09,2.244117059e-05
3.765294118e-09,2.456909407e-05
3.765882353e-09,2.680110456e-05
3.766470588e-09,2.911171703e-05
3.767058824e-09,3.147361675e-05
3.767647059e-09,3.385801819e-05
3.768235294e-09,3.623505838e-05
3.768823529e-09,3.857421979e-05
3.769411765e-09,4.084477691e-05
3.77e-09,4.301626077e-05
3.770588235e-09,4.505893424e-05
3.771176471e-09,4.694427155e-05
3.771764706e-09,4.864543431e-05
3.772352941e-09,5.01377367e-05
3.772941176e-09,5.139909218e-05
3.773529412e-09,5.241043417e-05
3.774117647e-09,5.315610339e-05
3.774705882e-09,5.362419468e-05
3.775294118e-09,5.380685686e-05
3.775882353e-09,5.37005394e-05
3.776470588e-09,5.330618045e-05
3.777058824e-09,5.262933176e-05
3.777647059e-09,5.168021652e-05
3.778235294e-09,5.047371726e-05
3.778823529e-09,4.902929224e-05
3.779411765e-09,4.737081914e-05
3.78e-09,4.552636691e-05
3.780588235e-09,4.352789678e-05
3.781176471e-09,4.141089551e-05
3.781764706e-09,3.921394425e-05
3.782352941e-09,3.697822814e-05
3.782941176e-09,3.47469924e-05
3.783529412e-09,3.256495172e-05
3.784117647e-09,3.047766078e-05
3.784705882e-09,2.853085439e-05
3.785294118e-09,2.676976622e-05
3.785882353e-09,2.523843612e-05
3.786470588e-09,2.397901574e-05
3.787058824e-09,2.303108302e-05
3.787647059e-09,2.243097571e-05
3.788235294e-09,2.221115428e-05
3.788823529e-09,2.239960427e-05
3.789411765e-09,2.301928754e-05
3.79e-09,2.408765171e-05
3.790588235e-09,2.56162058e-05
3.791176471e-09,2.761016985e-05
3.791764706e-09,3.006820483e-05
3.792352941e-09,3.29822283e-05
3.792941176e-09,3.633732007e-05
3.793529412e-09,4.011172079e-05
3.794117647e-09,4.42769251e-05
3.794705882e-09,4.879786959e-05
3.795294118e-09,5.363321464e-05
3.795882353e-09,5.873571736e-05
3.796470588e-09,6.405269211e-05
3.797058824e-09,6.95265533e-05
3.797647059e-09,7.509543423e-05
3.798235294e-09,8.069387433e-05
3.798823529e-09,8.625356645e-05
3.799411765e-09,9.170415456e-05
3.8e-09,9.697407178e-05
3.800588235e-09,0.0001019914077
3.801176471e-09,0.0001066847937
3.801764706e-09,0.0001109842946
3.802352941e-09,0.000114822295
3.802941176e-09,0.0001181343677
3.803529412e-09,0.0001208601138
3.804117647e-09,0.0001229439622
3.804705882e-09,0.0001243359182
3.805294118e-09,0.000124992251
3.805882353e-09,0.0001248761108
3.806470588e-09,0.0001239580677
3.807058824e-09,0.0001222165639
3.807647059e-09,0.0001196382745
3.808235294e-09,0.0001162183714
3.808823529e-09,0.000111960686
3.809411765e-09,0.0001068777706
3.81e-09,0.0001009908548
3.810588235e-09,9.432970009e-05
3.811176471e-09,8.693235288e-05
3.811764706e-09,7.884479981e-05
3.812352941e-09,7.012052972e-05
3.812941176e-09,6.082000811e-05
3.813529412e-09,5.101007068e-05
3.814117647e-09,4.076324405e-05
3.814705882e-09,3.015700216e-05
3.815294118e-09,1.927296793e-05
3.815882353e-09,8.19607034e-06
3.816470588e-09,-2.986332576e-06
3.817058824e-09,-1.418535385e-05
3.817647059e-09,-2.53114897e-05
3.818235294e-09,-3.627553258e-05
3.818823529e-09,-4.698947417e-05
3.819411765e-09,-5.736738753e-05
3.82e-09,-6.732627827e-05
3.820588235e-09,-7.678689491e-05
3.821176471e-09,-8.567448949e-05
3.821764706e-09,-9.391952007e-05
3.822352941e-09,-0.000101458288
3.822941176e-09,-0.0001082335031
3.823529412e-09,-0.0001141947727
3.824117647e-09,-0.000119299008
3.824705882e-09,-0.0001235107474
3.825294118e-09,-0.0001268023932
3.825882353e-09,-0.0001291543609
3.826470588e-09,-0.0001305551422
3.827058824e-09,-0.0001310012828
3.827647059e-09,-0.0001304972776
3.828235294e-09,-0.0001290553863
3.828823529e-09,-0.0001266953748
3.829411765e-09,-0.0001234441862
3.83e-09,-0.0001193355493
3.830588235e-09,-0.000114409529
3.831176471e-09,-0.0001087120269
3.831764706e-09,-0.0001022942396
3.832352941e-09,-9.521208171e-05
3.832941176e-09,-8.752558149e-05
3.833529412e-09,-7.929825765e-05
3.834117647e-09,-7.059648404e-05
3.834705882e-09,-6.148885039e-05
3.835294118e-09,-5.204552615e-05
3.835882353e-09,-4.233763415e-05
3.836470588e-09,-3.243664052e-05
3.837058824e-09,-2.241376648e-05
3.837647059e-09,-1.233942745e-05
3.838235294e-09,-2.282703588e-06
3.838823529e-09,7.689154035e-06
3.839411765e-09,1.751117881e-05
3.84e-09,2.712110296e-05
3.840588235e-09,3.645972924e-05
3.841176471e-09,4.547125903e-05
3.841764706e-09,5.410357639e-05
3.842352941e-09,6.230848831e-05
3.842941176e-09,7.004192214e-05
3.843529412e-09,7.72640813e-05
3.844117647e-09,8.393956125e-05
3.844705882e-09,9.003742763e-05
3.845294118e-09,9.553125922e-05
3.845882353e-09,0.0001003991582
3.846470588e-09,0.0001046237307
3.847058824e-09,0.00010819204
3.847647059e-09,0.0001110955362
3.848235294e-09,0.0001133299643
3.848823529e-09,0.0001148952536
3.849411765e-09,0.0001157953912
3.85e-09,0.0001160382821
3.850588235e-09,0.0001156355969
3.851176471e-09,0.0001146026102
3.851764706e-09,0.0001129580308
3.852352941e-09,0.0001107238238
3.852941176e-09,0.0001079250277
3.853529412e-09,0.0001045895647
3.854117647e-09,0.0001007480464
3.854705882e-09,9.64335739e-05
3.855294118e-09,9.168153299e-05
3.855882353e-09,8.652938336e-05
3.856470588e-09,8.101644221e-05
3.857058824e-09,7.51836614e-05
3.857647059e-09,6.907339781e-05
3.858235294e-09,6.272917653e-05
3.858823529e-09,5.619544664e-05
3.859411765e-09,4.951732923e-05
3.86e-09,4.274035791e-05
3.860588235e-09,3.591021196e-05
3.861176471e-09,2.907244267e-05
3.861764706e-09,2.227219373e-05
3.862352941e-09,1.555391688e-05
3.862941176e-09,8.96108418e-06
3.863529412e-09,2.535898843e-06
3.864117647e-09,-3.68099325e-06
3.864705882e-09,-9.650788933e-06
3.865294118e-09,-1.533680726e-05
3.865882353e-09,-2.070476017e-05
3.866470588e-09,-2.57230111e-05
3.867058824e-09,-3.03628183e-05
3.867647059e-09,-3.459855939e-05
3.868235294e-09,-3.840793368e-05
3.868823529e-09,-4.177213913e-05
3.869411765e-09,-4.467602037e-05
3.87e-09,-4.71081851e-05
3.870588235e-09,-4.906108588e-05
3.871176471e-09,-5.053106509e-05
3.871764706e-09,-5.151836094e-05
3.872352941e-09,-5.202707324e-05
3.872941176e-09,-5.206508777e-05
3.873529412e-09,-5.164395907e-05
3.874117647e-09,-5.077875189e-05
3.874705882e-09,-4.948784206e-05
3.875294118e-09,-4.779267863e-05
3.875882353e-09,-4.571750928e-05
3.876470588e-09,-4.328907198e-05
3.877058824e-09,-4.05362564e-05
3.877647059e-09,-3.748973922e-05
3.878235294e-09,-3.418159781e-05
3.878823529e-09,-3.064490747e-05
3.879411765e-09,-2.69133277e-05
3.88e-09,-2.302068319e-05
3.880588235e-09,-1.90005456e-05
3.881176471e-09,-1.488582221e-05
3.881764706e-09,-1.070835753e-05
3.882352941e-09,-6.498553837e-06
3.882941176e-09,-2.285016577e-06
3.883529412e-09,1.905769961e-06
3.884117647e-09,6.049731581e-06
3.884705882e-09,1.01254531e-05
3.885294118e-09,1.411438326e-05
3.885882353e-09,1.800099225e-05
3.886470588e-09,2.177287929e-05
3.887058824e-09,2.542082836e-05
3.887647059e-09,2.893881106e-05
3.888235294e-09,3.232393659e-05
3.888823529e-09,3.557634932e-05
3.889411765e-09,3.86990757e-05
3.89e-09,4.169782282e-05
3.890588235e-09,4.458073185e-05
3.891176471e-09,4.735809027e-05
3.891764706e-09,5.004200762e-05
3.892352941e-09,5.264605995e-05
3.892941176e-09,5.518490888e-05
3.893529412e-09,5.76739014e-05
3.894117647e-09,6.012865707e-05
3.894705882e-09,6.256464943e-05
3.895294118e-09,6.499678854e-05
3.895882353e-09,6.743901158e-05
3.896470588e-09,6.99038884e-05
3.897058824e-09,7.240224857e-05
3.897647059e-09,7.494283629e-05
3.898235294e-09,7.753199904e-05
3.898823529e-09,8.017341519e-05
3.899411765e-09,8.286786555e-05
3.9e-09,8.561305268e-05
3.900588235e-09,8.84034715e-05
3.901176471e-09,9.123033356e-05
3.901764706e-09,9.408154685e-05
3.902352941e-09,9.69417518e-05
3.902941176e-09,9.979241363e-05
3.903529412e-09,0.00010261197
3.904117647e-09,0.0001053760325
3.904705882e-09,0.000108057639
3.905294118e-09,0.000110627554
3.905882353e-09,0.0001130546124
3.906470588e-09,0.0001153061029
3.907058824e-09,0.0001173481842
3.907647059e-09,0.0001191463304
3.908235294e-09,0.0001206657963
3.908823529e-09,0.0001218721
3.909411765e-09,0.0001227315121
3.91e-09,0.0001232115473
3.910588235e-09,0.0001232814503
3.911176471e-09,0.0001229126696
3.911764706e-09,0.0001220793122
3.912352941e-09,0.0001207585728
3.912941176e-09,0.0001189311316
3.913529412e-09,0.0001165815158
3.914117647e-09,0.0001136984172
3.914705882e-09,0.0001102749652
3.915294118e-09,0.0001063089473
3.915882353e-09,0.0001018029771
3.916470588e-09,9.67646051e-05
3.917058824e-09,9.120637227e-05
3.917647059e-09,8.514580379e-05
3.918235294e-09,7.860534409e-05
3.918823529e-09,7.161223313e-05
3.919411765e-09,6.419832533e-05
3.92e-09,5.63998533e-05
3.920588235e-09,4.825713915e-05
3.921176471e-09,3.981425665e-05
3.921764706e-09,3.111864839e-05
3.922352941e-09,2.222070246e-05
3.922941176e-09,1.317329366e-05
3.923529412e-09,4.031294708e-06
3.924117647e-09,-5.148936826e-06
3.924705882e-09,-1.431008973e-05
3.925294118e-09,-2.339444243e-05
3.925882353e-09,-3.234441189e-05
3.926470588e-09,-4.110310195e-05
3.927058824e-09,-4.961484477e-05
3.927647059e-09,-5.782572925e-05
3.928235294e-09,-6.568411056e-05
3.928823529e-09,-7.314109514e-05
3.929411765e-09,-8.01509959e-05
3.93e-09,-8.66717527e-05
3.930588235e-09,-9.266531383e-05
3.931176471e-09,-9.809797439e-05
3.931764706e-09,-0.0001029406684
3.932352941e-09,-0.0001071692116
3.932941176e-09,-0.0001107644933
3.933529412e-09,-0.0001137126146
3.934117647e-09,-0.0001160049738
3.934705882e-09,-0.0001176382966
3.935294118e-09,-0.0001186146131
3.935882353e-09,-0.0001189411816
3.936470588e-09,-0.000118630361
3.937058824e-09,-0.0001176994339
3.937647059e-09,-0.0001161703826
3.938235294e-09,-0.0001140696216
3.938823529e-09,-0.0001114276898
3.939411765e-09,-0.000108278906
3.94e-09,-0.0001046609932
3.940588235e-09,-0.000100614674
3.941176471e-09,-9.618324423e-05
3.941764706e-09,-9.141212816e-05
3.942352941e-09,-8.634842092e-05
3.942941176e-09,-8.104042303e-05
3.943529412e-09,-7.553717216e-05
3.944117647e-09,-6.988797707e-05
3.944705882e-09,-6.414195863e-05
3.945294118e-09,-5.834760247e-05
3.945882353e-09,-5.255232774e-05
3.946470588e-09,-4.680207624e-05
3.947058824e-09,-4.114092554e-05
3.947647059e-09,-3.561072963e-05
3.948235294e-09,-3.025079028e-05
3.948823529e-09,-2.509756155e-05
3.949411765e-09,-2.018438978e-05
3.95e-09,-1.554129082e-05
3.950588235e-09,-1.119476574e-05
3.951176471e-09,-7.167655815e-06
3.951764706e-09,-3.479037269e-06
3.952352941e-09,-1.441555878e-07
3.952941176e-09,2.82560106e-06
3.953529412e-09,5.422690224e-06
3.954117647e-09,7.643366702e-06
3.954705882e-09,9.487598856e-06
3.955294118e-09,1.09589517e-05
3.955882353e-09,1.206443904e-05
3.956470588e-09,1.28143471e-05
3.957058824e-09,1.322203249e-05
3.957647059e-09,1.330369721e-05
3.958235294e-09,1.30781439e-05
3.958823529e-09,1.256651416e-05
3.959411765e-09,1.179201332e-05
3.96e-09,1.077962458e-05
3.960588235e-09,9.555815668e-06
3.961176471e-09,8.148241112e-06
3.961764706e-09,6.585442897e-06
3.962352941e-09,4.896552417e-06
3.962941176e-09,3.110996314e-06
3.963529412e-09,1.258208699e-06
3.964117647e-09,-6.326479611e-07
3.964705882e-09,-2.53295118e-06
3.965294118e-09,-4.414874118e-06
3.965882353e-09,-6.251626897e-06
3.966470588e-09,-8.017682071e-06
3.967058824e-09,-9.688982986e-06
3.967647059e-09,-1.124313397e-05
3.968235294e-09,-1.265957147e-05
3.968823529e-09,-1.391971546e-05
3.969411765e-09,-1.500710059e-05
3.97e-09,-1.590748688e-05
3.970588235e-09,-1.660894951e-05
3.971176471e-09,-1.710194804e-05
3.971764706e-09,-1.737937487e-05
3.972352941e-09,-1.743658332e-05
3.972941176e-09,-1.727139571e-05
3.973529412e-09,-1.688409182e-05
3.974117647e-09,-1.627737829e-05
3.974705882e-09,-1.545633973e-05
3.975294118e-09,-1.442837204e-05
3.975882353e-09,-1.320309897e-05
3.976470588e-09,-1.179227267e-05
3.977058824e-09,-1.020965915e-05
3.977647059e-09,-8.470909713e-06
3.978235294e-09,-6.59341935e-06
3.978823529e-09,-4.596173256e-06
3.979411765e-09,-2.499582554e-06
3.98e-09,-3.253104704e-07
3.980588235e-09,1.90390982e-06
3.981176471e-09,4.164464407e-06
3.981764706e-09,6.432053603e-06
3.982352941e-09,8.681891329e-06
3.982941176e-09,1.088890755e-05
3.983529412e-09,1.302795244e-05
3.984117647e-09,1.507400082e-05
3.984705882e-09,1.70023556e-05
3.985294118e-09,1.878884875e-05
3.985882353e-09,2.041003857e-05
3.986470588e-09,2.184340176e-05
3.987058824e-09,2.30675192e-05
3.987647059e-09,2.406225404e-05
3.988235294e-09,2.480892095e-05
3.988823529e-09,2.529044537e-05
3.989411765e-09,2.549151175e-05
3.99e-09,2.539869961e-05
3.990588235e-09,2.500060679e-05
3.991176471e-09,2.428795863e-05
3.991764706e-09,2.325370281e-05
3.992352941e-09,2.189308874e-05
3.992941176e-09,2.020373131e-05
3.993529412e-09,1.818565828e-05
3.994117647e-09,1.58413411e-05
3.994705882e-09,1.317570886e-05
3.995294118e-09,1.019614513e-05
3.995882353e-09,6.912467814e-06
3.996470588e-09,3.336891858e-06
3.997058824e-09,-5.160249086e-07
3.997647059e-09,-4.629452626e-06
3.998235294e-09,-8.984376622e-06
3.998823529e-09,-1.355970055e-05
3.999411765e-09,-1.833236499e-05
4e-09,-2.327748081e-05
4.000588235e-09,-2.836847682e-05
4.001176471e-09,-3.357726065e-05
4.001764706e-09,-3.887439229e-05
4.002352941e-09,-4.422926925e-05
4.002941176e-09,-4.961032225e-05
4.003529412e-09,-5.498522051e-05
4.004117647e-09,-6.032108539e-05
4.004705882e-09,-6.558471115e-05
4.005294118e-09,-7.074279153e-05
4.005882353e-09,-7.576215077e-05
4.006470588e-09,-8.06099776e-05
4.007058824e-09,-8.525406072e-05
4.007647059e-09,-8.966302413e-05
4.008235294e-09,-9.380656073e-05
4.008823529e-09,-9.76556625e-05
4.009411765e-09,-0.0001011828455
4.01e-09,-0.000104362368
4.010588235e-09,-0.00010717044
4.011176471e-09,-0.0001095854219
4.011764706e-09,-0.0001115880118
4.012352941e-09,-0.0001131614175
4.012941176e-09,-0.0001142915145
4.013529412e-09,-0.000114966985
4.014117647e-09,-0.0001151794393
4.014705882e-09,-0.0001149235158
4.015294118e-09,-0.0001141969603
4.015882353e-09,-0.0001130006812
4.016470588e-09,-0.000111338782
4.017058824e-09,-0.0001092185676
4.017647059e-09,-0.0001066505262
4.018235294e-09,-0.0001036482844
4.018823529e-09,-0.0001002285367
4.019411765e-09,-9.641094816e-05
4.02e-09,-9.221803185e-05
4.020588235e-09,-8.767500054e-05
4.021176471e-09,-8.280959404e-05
4.021764706e-09,-7.765188318e-05
4.022352941e-09,-7.223405175e-05
4.022941176e-09,-6.659015819e-05
4.023529412e-09,-6.075587879e-05
4.024117647e-09,-5.476823473e-05
4.024705882e-09,-4.866530522e-05
4.025294118e-09,-4.248592939e-05
4.025882353e-09,-3.626939966e-05
4.026470588e-09,-3.005514964e-05
4.027058824e-09,-2.388243933e-05
4.027647059e-09,-1.779004107e-05
4.028235294e-09,-1.181592903e-05
4.028823529e-09,-5.996975762e-06
4.029411765e-09,-3.686585665e-07
4.03e-09,5.035221017e-06
4.030588235e-09,1.018280185e-05
4.031176471e-09,1.504440915e-05
4.031764706e-09,1.959277929e-05
4.032352941e-09,2.3803261e-05
4.032941176e-09,2.765399114e-05
4.033529412e-09,3.112604313e-05
4.034117647e-09,3.420354669e-05
4.034705882e-09,3.687377789e-05
4.035294118e-09,3.912721871e-05
4.035882353e-09,4.095758578e-05
4.036470588e-09,4.236182847e-05
4.037058824e-09,4.334009655e-05
4.037647059e-09,4.389567835e-05
4.038235294e-09,4.403491048e-05
4.038823529e-09,4.376706057e-05
4.039411765e-09,4.310418489e-05
4.04e-09,4.206096279e-05
4.040588235e-09,4.065451033e-05
4.041176471e-09,3.890417566e-05
4.041764706e-09,3.683131879e-05
4.042352941e-09,3.445907864e-05
4.042941176e-09,3.181213027e-05
4.043529412e-09,2.891643528e-05
4.044117647e-09,2.579898839e-05
4.044705882e-09,2.248756315e-05
4.045294118e-09,1.901045962e-05
4.045882353e-09,1.53962569e-05
4.046470588e-09,1.167357291e-05
4.047058824e-09,7.870834183e-06
4.047647059e-09,4.016057489e-06
4.048235294e-09,1.366456298e-07
4.048823529e-09,-3.740801098e-06
4.049411765e-09,-7.590656242e-06
4.05e-09,-1.138842018e-05
4.050588235e-09,-1.511085389e-05
4.051176471e-09,-1.873609292e-05
4.051764706e-09,-2.224374131e-05
4.052352941e-09,-2.561494539e-05
4.052941176e-09,-2.883244776e-05
4.053529412e-09,-3.188062208e-05
4.054117647e-09,-3.474548917e-05
4.054705882e-09,-3.74147157e-05
4.055294118e-09,-3.987759644e-05
4.055882353e-09,-4.212502149e-05
4.056470588e-09,-4.414942989e-05
4.057058824e-09,-4.594475128e-05
4.057647059e-09,-4.750633725e-05
4.058235294e-09,-4.883088407e-05
4.058823529e-09,-4.991634851e-05
4.059411765e-09,-5.07618586e-05
4.06e-09,-5.136762094e-05
4.060588235e-09,-5.173482631e-05
4.061176471e-09,-5.186555498e-05
4.061764706e-09,-5.176268353e-05
4.062352941e-09,-5.142979419e-05
4.062941176e-09,-5.087108827e-05
4.063529412e-09,-5.009130456e-05
4.064117647e-09,-4.90956438e-05
4.064705882e-09,-4.78897e-05
4.065294118e-09,-4.647939918e-05
4.065882353e-09,-4.48709461e-05
4.066470588e-09,-4.307077931e-05
4.067058824e-09,-4.108553457e-05
4.067647059e-09,-3.892201676e-05
4.068235294e-09,-3.658718009e-05
4.068823529e-09,-3.40881163e-05
4.069411765e-09,-3.143205051e-05
4.07e-09,-2.862634411e-05
4.070588235e-09,-2.567850411e-05
4.071176471e-09,-2.259619824e-05
4.071764706e-09,-1.938727487e-05
4.072352941e-09,-1.605978705e-05
4.072941176e-09,-1.262201963e-05
4.073529412e-09,-9.082518553e-06
4.074117647e-09,-5.450121354e-06
4.074705882e-09,-1.733987843e-06
4.075294118e-09,2.056369942e-06
4.075882353e-09,5.911059499e-06
4.076470588e-09,9.819782237e-06
4.077058824e-09,1.377181134e-05
4.077647059e-09,1.775597394e-05
4.078235294e-09,2.176063829e-05
4.078823529e-09,2.577370668e-05
4.079411765e-09,2.978261465e-05
4.08e-09,3.377433695e-05
4.080588235e-09,3.773540069e-05
4.081176471e-09,4.165190604e-05
4.081764706e-09,4.550955449e-05
4.082352941e-09,4.929368504e-05
4.082941176e-09,5.298931798e-05
4.083529412e-09,5.658120647e-05
4.084117647e-09,6.005389548e-05
4.084705882e-09,6.339178787e-05
4.085294118e-09,6.657921714e-05
4.085882353e-09,6.960052646e-05
4.086470588e-09,7.244015327e-05
4.087058824e-09,7.508271885e-05
4.087647059e-09,7.751312212e-05
4.088235294e-09,7.971663689e-05
4.088823529e-09,8.167901168e-05
4.089411765e-09,8.338657126e-05
4.09e-09,8.48263189e-05
4.090588235e-09,8.598603848e-05
4.091176471e-09,8.68543955e-05
4.091764706e-09,8.742103585e-05
4.092352941e-09,8.767668162e-05
4.092941176e-09,8.761322281e-05
4.093529412e-09,8.722380412e-05
4.094117647e-09,8.650290589e-05
4.094705882e-09,8.544641835e-05
4.095294118e-09,8.405170846e-05
4.095882353e-09,8.231767843e-05
4.096470588e-09,8.024481551e-05
4.097058824e-09,7.783523222e-05
4.097647059e-09,7.509269663e-05
4.098235294e-09,7.202265233e-05
4.098823529e-09,6.863222749e-05
4.099411765e-09,6.493023311e-05
4.1e-09,6.092714992e-05
4.100588235e-09,5.66351042e-05
4.101176471e-09,5.206783231e-05
4.101764706e-09,4.724063408e-05
4.102352941e-09,4.21703153e-05
4.102941176e-09,3.687511963e-05
4.103529412e-09,3.137465011e-05
4.104117647e-09,2.568978092e-05
4.104705882e-09,1.984255972e-05
4.105294118e-09,1.385610132e-05
4.105882353e-09,7.754473157e-06
4.106470588e-09,1.562573381e-06
4.107058824e-09,-4.693997727e-06
4.107647059e-09,-1.098907221e-05
4.108235294e-09,-1.729605393e-05
4.108823529e-09,-2.358806221e-05
4.109411765e-09,-2.983807873e-05
4.11e-09,-3.601909675e-05
4.110588235e-09,-4.21042717e-05
4.111176471e-09,-4.80670722e-05
4.111764706e-09,-5.388143045e-05
4.112352941e-09,-5.952189117e-05
4.112941176e-09,-6.496375794e-05
4.113529412e-09,-7.018323608e-05
4.114117647e-09,-7.515757106e-05
4.114705882e-09,-7.986518147e-05
4.115294118e-09,-8.428578577e-05
4.115882353e-09,-8.840052162e-05
4.116470588e-09,-9.219205729e-05
4.117058824e-09,-9.5644694e-05
4.117647059e-09,-9.874445861e-05
4.118235294e-09,-0.0001014791858
4.118823529e-09,-0.0001038385892
4.119411765e-09,-0.0001058143207
4.12e-09,-0.0001074000172
4.120588235e-09,-0.0001085913354
4.121176471e-09,-0.0001093859723
4.121764706e-09,-0.0001097836733
4.122352941e-09,-0.0001097862259
4.122941176e-09,-0.0001093974404
4.123529412e-09,-0.000108623116
4.124117647e-09,-0.0001074709942
4.124705882e-09,-0.0001059506983
4.125294118e-09,-0.0001040736603
4.125882353e-09,-0.0001018530348
4.126470588e-09,-9.930360169e-05
4.127058824e-09,-9.644165701e-05
4.127647059e-09,-9.328489381e-05
4.128235294e-09,-8.985227347e-05
4.128823529e-09,-8.616388859e-05
4.129411765e-09,-8.224081859e-05
4.13e-09,-7.810497923e-05
4.130588235e-09,-7.37789672e-05
4.131176471e-09,-6.92859013e-05
4.131764706e-09,-6.46492614e-05
4.132352941e-09,-5.989272666e-05
4.132941176e-09,-5.504001437e-05
4.133529412e-09,-5.011472088e-05
4.134117647e-09,-4.514016592e-05
4.134705882e-09,-4.013924174e-05
4.135294118e-09,-3.513426828e-05
4.135882353e-09,-3.014685576e-05
4.136470588e-09,-2.519777561e-05
4.137058824e-09,-2.030684103e-05
4.137647059e-09,-1.549279801e-05
4.138235294e-09,-1.07732277e-05
4.138823529e-09,-6.164460728e-06
4.139411765e-09,-1.681504269e-06
4.14e-09,2.662017935e-06
4.140588235e-09,6.853912158e-06
4.141176471e-09,1.088344779e-05
4.141764706e-09,1.474137691e-05
4.142352941e-09,1.841994053e-05
4.142941176e-09,2.191286172e-05
4.143529412e-09,2.521532609e-05
4.144117647e-09,2.832395012e-05
4.144705882e-09,3.123673803e-05
4.145294118e-09,3.395302794e-05
4.145882353e-09,3.647342823e-05
4.146470588e-09,3.879974495e-05
4.147058824e-09,4.093490147e-05
4.147647059e-09,4.288285123e-05
4.148235294e-09,4.464848495e-05
4.148823529e-09,4.623753324e-05
4.149411765e-09,4.765646603e-05
4.15e-09,4.89123897e-05
4.150588235e-09,5.001294329e-05
4.151176471e-09,5.096619493e-05
4.151764706e-09,5.178053939e-05
4.152352941e-09,5.246459803e-05
4.152941176e-09,5.302712204e-05
4.153529412e-09,5.347689983e-05
4.154117647e-09,5.382266956e-05
4.154705882e-09,5.407303739e-05
4.155294118e-09,5.423640235e-05
4.155882353e-09,5.432088807e-05
4.156470588e-09,5.433428217e-05
4.157058824e-09,5.428398347e-05
4.157647059e-09,5.41769573e-05
4.158235294e-09,5.401969913e-05
4.158823529e-09,5.381820651e-05
4.159411765e-09,5.357795932e-05
4.16e-09,5.330390811e-05
4.160588235e-09,5.300047031e-05
4.161176471e-09,5.26715341e-05
4.161764706e-09,5.232046927e-05
4.162352941e-09,5.195014487e-05
4.162941176e-09,5.15629529e-05
4.163529412e-09,5.116083747e-05
4.164117647e-09,5.074532886e-05
4.164705882e-09,5.031758166e-05
4.165294118e-09,4.98784163e-05
4.165882353e-09,4.942836324e-05
4.166470588e-09,4.896770905e-05
4.167058824e-09,4.849654353e-05
4.167647059e-09,4.801480726e-05
4.168235294e-09,4.752233867e-05
4.168823529e-09,4.701892005e-05
4.169411765e-09,4.650432167e-05
4.17e-09,4.597834357e-05
4.170588235e-09,4.544085415e-05
4.171176471e-09,4.489182533e-05
4.171764706e-09,4.43313635e-05
4.172352941e-09,4.375973613e-05
4.172941176e-09,4.317739347e-05
4.173529412e-09,4.258498526e-05
4.174117647e-09,4.198337215e-05
4.174705882e-09,4.13736318e-05
4.175294118e-09,4.075705957e-05
4.175882353e-09,4.0135164e-05
4.176470588e-09,3.9509657e-05
4.177058824e-09,3.888243923e-05
4.177647059e-09,3.825558074e-05
4.178235294e-09,3.76312974e-05
4.178823529e-09,3.701192342e-05
4.179411765e-09,3.639988054e-05
4.18e-09,3.579764444e-05
4.180588235e-09,3.520770881e-05
4.181176471e-09,3.463254794e-05
4.181764706e-09,3.407457822e-05
4.182352941e-09,3.353611944e-05
4.182941176e-09,3.30193564e-05
4.183529412e-09,3.25263016e-05
4.184117647e-09,3.205875956e-05
4.184705882e-09,3.161829356e-05
4.185294118e-09,3.120619525e-05
4.185882353e-09,3.082345774e-05
4.186470588e-09,3.047075269e-05
4.187058824e-09,3.014841182e-05
4.187647059e-09,2.985641322e-05
4.188235294e-09,2.959437278e-05
4.188823529e-09,2.936154088e-05
4.189411765e-09,2.915680462e-05
4.19e-09,2.897869545e-05
4.190588235e-09,2.882540235e-05
4.191176471e-09,2.869479026e-05
4.191764706e-09,2.858442369e-05
4.192352941e-09,2.849159507e-05
4.192941176e-09,2.841335759e-05
4.193529412e-09,2.8346562e-05
4.194117647e-09,2.82878968e-05
4.194705882e-09,2.823393142e-05
4.195294118e-09,2.818116156e-05
4.195882353e-09,2.812605613e-05
4.196470588e-09,2.806510512e-05
4.197058824e-09,2.799486765e-05
4.197647059e-09,2.791201939e-05
4.198235294e-09,2.781339893e-05
4.198823529e-09,2.769605209e-05
4.199411765e-09,2.75572737e-05
4.2e-09,2.739464621e-05
4.200588235e-09,2.72060746e-05
4.201176471e-09,2.698981691e-05
4.201764706e-09,2.674451027e-05
4.202352941e-09,2.646919175e-05
4.202941176e-09,2.616331396e-05
4.203529412e-09,2.582675508e-05
4.204117647e-09,2.545982333e-05
4.204705882e-09,2.506325569e-05
4.205294118e-09,2.463821108e-05
4.205882353e-09,2.418625797e-05
4.206470588e-09,2.370935685e-05
4.207058824e-09,2.32098376e-05
4.207647059e-09,2.269037231e-05
4.208235294e-09,2.215394386e-05
4.208823529e-09,2.16038107e-05
4.209411765e-09,2.10434685e-05
4.21e-09,2.047660893e-05
4.210588235e-09,1.990707649e-05
4.211176471e-09,1.933882363e-05
4.211764706e-09,1.877586497e-05
4.212352941e-09,1.822223119e-05
4.212941176e-09,1.768192305e-05
4.213529412e-09,1.715886624e-05
4.214117647e-09,1.66568675e-05
4.214705882e-09,1.617957262e-05
4.215294118e-09,1.573042663e-05
4.215882353e-09,1.531263683e-05
4.216470588e-09,1.492913882e-05
4.217058824e-09,1.458256603e-05
4.217647059e-09,1.427522291e-05
4.218235294e-09,1.400906213e-05
4.218823529e-09,1.378566591e-05
4.219411765e-09,1.360623148e-05
4.22e-09,1.347156107e-05
4.220588235e-09,1.3382056e-05
4.221176471e-09,1.33377153e-05
4.221764706e-09,1.333813839e-05
4.222352941e-09,1.338253196e-05
4.222941176e-09,1.346972076e-05
4.223529412e-09,1.359816215e-05
4.224117647e-09,1.376596409e-05
4.224705882e-09,1.397090645e-05
4.225294118e-09,1.421046518e-05
4.225882353e-09,1.448183909e-05
4.226470588e-09,1.4781979e-05
4.227058824e-09,1.510761865e-05
4.227647059e-09,1.545530732e-05
4.228235294e-09,1.582144351e-05
4.228823529e-09,1.620230951e-05
4.229411765e-09,1.659410632e-05
4.23e-09,1.699298871e-05
4.230588235e-09,1.739509993e-05
4.231176471e-09,1.779660579e-05
4.231764706e-09,1.819372775e-05
4.232352941e-09,1.858277476e-05
4.232941176e-09,1.896017344e-05
4.233529412e-09,1.932249653e-05
4.234117647e-09,1.966648914e-05
4.234705882e-09,1.998909283e-05
4.235294118e-09,2.028746711e-05
4.235882353e-09,2.055900847e-05
4.236470588e-09,2.080136657e-05
4.237058824e-09,2.101245776e-05
4.237647059e-09,2.119047571e-05
4.238235294e-09,2.133389924e-05
4.238823529e-09,2.144149732e-05
4.239411765e-09,2.151233145e-05
4.24e-09,2.154575521e-05
4.240588235e-09,2.154141146e-05
4.241176471e-09,2.149922705e-05
4.241764706e-09,2.141940533e-05
4.242352941e-09,2.130241669e-05
4.242941176e-09,2.114898713e-05
4.243529412e-09,2.096008533e-05
4.244117647e-09,2.073690827e-05
4.244705882e-09,2.048086562e-05
4.245294118e-09,2.019356319e-05
4.245882353e-09,1.987678564e-05
4.246470588e-09,1.953247867e-05
4.247058824e-09,1.916273078e-05
4.247647059e-09,1.876975498e-05
4.248235294e-09,1.835587047e-05
4.248823529e-09,1.792348449e-05
4.249411765e-09,1.747507448e-05
4.25e-09,1.701317071e-05
4.250588235e-09,1.654033935e-05
4.251176471e-09,1.605916622e-05
4.251764706e-09,1.557224112e-05
4.252352941e-09,1.508214288e-05
4.252941176e-09,1.45914251e-05
4.253529412e-09,1.410260258e-05
4.254117647e-09,1.361813851e-05
4.254705882e-09,1.314043221e-05
4.255294118e-09,1.26718076e-05
4.255882353e-09,1.221450222e-05
4.256470588e-09,1.177065688e-05
4.257058824e-09,1.13423057e-05
4.257647059e-09,1.09313668e-05
4.258235294e-09,1.053963329e-05
4.258823529e-09,1.016876485e-05
4.259411765e-09,9.820279591e-06
4.26e-09,9.495546471e-06
4.260588235e-09,9.195778102e-06
4.261176471e-09,8.922024062e-06
4.261764706e-09,8.675164749e-06
4.262352941e-09,8.455905834e-06
4.262941176e-09,8.264773406e-06
4.263529412e-09,8.102109887e-06
4.264117647e-09,7.968070839e-06
4.264705882e-09,7.862622769e-06
4.265294118e-09,7.785542048e-06
4.265882353e-09,7.736415071e-06
4.266470588e-09,7.714639781e-06
4.267058824e-09,7.719428661e-06
4.267647059e-09,7.749813319e-06
4.268235294e-09,7.804650731e-06
4.268823529e-09,7.882631237e-06
4.269411765e-09,7.98228833e-06
4.27e-09,8.102010261e-06
4.270588235e-09,8.240053458e-06
4.271176471e-09,8.394557723e-06
4.271764706e-09,8.563563117e-06
4.272352941e-09,8.745028457e-06
4.272941176e-09,8.936851237e-06
4.273529412e-09,9.136888825e-06
4.274117647e-09,9.342980702e-06
4.274705882e-09,9.552971483e-06
4.275294118e-09,9.76473446e-06
4.275882353e-09,9.976195334e-06
4.276470588e-09,1.018535582e-05
4.277058824e-09,1.039031675e-05
4.277647059e-09,1.058930039e-05
4.278235294e-09,1.078067147e-05
4.278823529e-09,1.096295675e-05
4.279411765e-09,1.113486259e-05
4.28e-09,1.129529031e-05
4.280588235e-09,1.144334906e-05
4.281176471e-09,1.157836575e-05
4.281764706e-09,1.169989207e-05
4.282352941e-09,1.180770817e-05
4.282941176e-09,1.190182302e-05
4.283529412e-09,1.198247128e-05
4.284117647e-09,1.205010671e-05
4.284705882e-09,1.210539219e-05
4.285294118e-09,1.214918626e-05
4.285882353e-09,1.218252663e-05
4.286470588e-09,1.220661064e-05
4.287058824e-09,1.222277303e-05
4.287647059e-09,1.223246141e-05
4.288235294e-09,1.223720967e-05
4.288823529e-09,1.223860985e-05
4.289411765e-09,1.223828294e-05
4.29e-09,1.223784891e-05
4.290588235e-09,1.223889673e-05
4.291176471e-09,1.224295463e-05
4.291764706e-09,1.225146121e-05
4.292352941e-09,1.226573794e-05
4.292941176e-09,1.228696337e-05
4.293529412e-09,1.231614963e-05
4.294117647e-09,1.23541215e-05
4.294705882e-09,1.240149855e-05
4.295294118e-09,1.245868049e-05
4.295882353e-09,1.252583608e-05
4.296470588e-09,1.260289582e-05
4.297058824e-09,1.268954843e-05
4.297647059e-09,1.278524129e-05
4.298235294e-09,1.288918477e-05
4.298823529e-09,1.300036043e-05
4.299411765e-09,1.311753286e-05
4.3e-09,1.323926516e-05
4.300588235e-09,1.336393753e-05
4.301176471e-09,1.348976897e-05
4.301764706e-09,1.361484151e-05
4.302352941e-09,1.373712671e-05
4.302941176e-09,1.385451401e-05
4.303529412e-09,1.39648404e-05
4.304117647e-09,1.40659211e-05
4.304705882e-09,1.41555807e-05
4.305294118e-09,1.423168426e-05
4.305882353e-09,1.429216804e-05
4.306470588e-09,1.433506929e-05
4.307058824e-09,1.435855483e-05
4.307647059e-09,1.436094783e-05
4.308235294e-09,1.434075263e-05
4.308823529e-09,1.429667713e-05
4.309411765e-09,1.422765255e-05
4.31e-09,1.413285032e-05
4.310588235e-09,1.401169582e-05
4.311176471e-09,1.38638789e-05
4.311764706e-09,1.368936112e-05
4.312352941e-09,1.348837953e-05
4.312941176e-09,1.326144705e-05
4.313529412e-09,1.300934955e-05
4.314117647e-09,1.273313958e-05
4.314705882e-09,1.243412697e-05
4.315294118e-09,1.211386644e-05
4.315882353e-09,1.177414233e-05
4.316470588e-09,1.141695079e-05
4.317058824e-09,1.10444796e-05
4.317647059e-09,1.065908592e-05
4.318235294e-09,1.02632722e-05
4.318823529e-09,9.859660633e-06
4.319411765e-09,9.450966394e-06
4.32e-09,9.039970039e-06
4.320588235e-09,8.629489317e-06
4.321176471e-09,8.222350772e-06
4.321764706e-09,7.821361415e-06
4.322352941e-09,7.429280796e-06
4.322941176e-09,7.04879375e-06
4.323529412e-09,6.682484127e-06
4.324117647e-09,6.332809747e-06
4.324705882e-09,6.002078864e-06
4.325294118e-09,5.692428342e-06
4.325882353e-09,5.405803769e-06
4.326470588e-09,5.143941702e-06
4.327058824e-09,4.908354197e-06
4.327647059e-09,4.70031577e-06
4.328235294e-09,4.520852905e-06
4.328823529e-09,4.370736191e-06
4.329411765e-09,4.250475153e-06
4.33e-09,4.16031581e-06
4.330588235e-09,4.100240963e-06
4.331176471e-09,4.069973197e-06
4.331764706e-09,4.068980535e-06
4.332352941e-09,4.096484684e-06
4.332941176e-09,4.151471764e-06
4.333529412e-09,4.232705378e-06
4.334117647e-09,4.338741904e-06
4.334705882e-09,4.467947795e-06
4.335294118e-09,4.618518718e-06
4.335882353e-09,4.788500304e-06
4.336470588e-09,4.975810271e-06
4.337058824e-09,5.178261679e-06
4.337647059e-09,5.393587046e-06
4.338235294e-09,5.619463044e-06
4.338823529e-09,5.853535515e-06
4.339411765e-09,6.093444489e-06
4.34e-09,6.336848945e-06
4.340588235e-09,6.581451004e-06
4.341176471e-09,6.825019292e-06
4.341764706e-09,7.065411184e-06
4.342352941e-09,7.300593689e-06
4.342941176e-09,7.528662705e-06
4.343529412e-09,7.747860455e-06
4.344117647e-09,7.956590865e-06
4.344705882e-09,8.153432738e-06
4.345294118e-09,8.337150566e-06
4.345882353e-09,8.506702855e-06
4.346470588e-09,8.661247896e-06
4.347058824e-09,8.800146922e-06
4.347647059e-09,8.922964644e-06
4.348235294e-09,9.029467181e-06
4.348823529e-09,9.119617457e-06
4.349411765e-09,9.193568141e-06
4.35e-09,9.251652278e-06
4.350588235e-09,9.294371755e-06
4.351176471e-09,9.322383809e-06
4.351764706e-09,9.33648578e-06
4.352352941e-09,9.337598366e-06
4.352941176e-09,9.326747628e-06
4.353529412e-09,9.305046043e-06
4.354117647e-09,9.273672865e-06
4.354705882e-09,9.233854127e-06
4.355294118e-09,9.186842548e-06
4.355882353e-09,9.133897666e-06
4.356470588e-09,9.076266472e-06
4.357058824e-09,9.015164821e-06
4.357647059e-09,8.951759891e-06
4.358235294e-09,8.887153919e-06
4.358823529e-09,8.822369427e-06
4.359411765e-09,8.758336149e-06
4.36e-09,8.695879788e-06
4.360588235e-09,8.635712757e-06
4.361176471e-09,8.578426989e-06
4.361764706e-09,8.524488883e-06
4.362352941e-09,8.474236416e-06
4.362941176e-09,8.427878415e-06
4.363529412e-09,8.385495959e-06
4.364117647e-09,8.34704585e-06
4.364705882e-09,8.312366053e-06
4.365294118e-09,8.281182988e-06
4.365882353e-09,8.253120541e-06
4.366470588e-09,8.227710628e-06
4.367058824e-09,8.204405131e-06
4.367647059e-09,8.182589022e-06
4.368235294e-09,8.161594471e-06
4.368823529e-09,8.140715721e-06
4.369411765e-09,8.119224542e-06
4.37e-09,8.096386016e-06
4.370588235e-09,8.071474469e-06
4.371176471e-09,8.043789337e-06
4.371764706e-09,8.012670749e-06
4.372352941e-09,7.97751466e-06
4.372941176e-09,7.937787324e-06
4.373529412e-09,7.893038965e-06
4.374117647e-09,7.84291646e-06
4.374705882e-09,7.787174907e-06
4.375294118e-09,7.725687942e-06
4.375882353e-09,7.658456686e-06
4.376470588e-09,7.585617224e-06
4.377058824e-09,7.507446532e-06
4.377647059e-09,7.424366779e-06
4.378235294e-09,7.336947945e-06
4.378823529e-09,7.245908726e-06
4.379411765e-09,7.152115695e-06
4.38e-09,7.056580713e-06
4.380588235e-09,6.960456598e-06
4.381176471e-09,6.865031075e-06
4.381764706e-09,6.771719048e-06
4.382352941e-09,6.682053249e-06
4.382941176e-09,6.597673333e-06
4.383529412e-09,6.520313504e-06
4.384117647e-09,6.451788786e-06
4.384705882e-09,6.393980033e-06
4.385294118e-09,6.348817833e-06
4.385882353e-09,6.318265436e-06
4.386470588e-09,6.304300873e-06
4.387058824e-09,6.308898427e-06
4.387647059e-09,6.334009645e-06
4.388235294e-09,6.38154408e-06
4.388823529e-09,6.453349952e-06
4.389411765e-09,6.551194937e-06
4.39e-09,6.676747294e-06
4.390588235e-09,6.831557519e-06
4.391176471e-09,7.017040748e-06
4.391764706e-09,7.2344601e-06
4.392352941e-09,7.484911154e-06
4.392941176e-09,7.769307733e-06
4.393529412e-09,8.088369188e-06
4.394117647e-09,8.442609311e-06
4.394705882e-09,8.832327027e-06
4.395294118e-09,9.257598988e-06
4.395882353e-09,9.718274151e-06
4.396470588e-09,1.021397042e-05
4.397058824e-09,1.07440734e-05
4.397647059e-09,1.13077373e-05
4.398235294e-09,1.190388794e-05
4.398823529e-09,1.253122787e-05
4.399411765e-09,1.318824355e-05
4.4e-09,1.387321451e-05
4.400588235e-09,1.458422429e-05
4.401176471e-09,1.53191732e-05
4.401764706e-09,1.607579269e-05
4.402352941e-09,1.685166101e-05
4.402941176e-09,1.764422028e-05
4.403529412e-09,1.845079449e-05
4.404117647e-09,1.926860838e-05
4.404705882e-09,2.009480705e-05
4.405294118e-09,2.092647583e-05
4.405882353e-09,2.176066051e-05
4.406470588e-09,2.259438752e-05
4.407058824e-09,2.342468393e-05
4.407647059e-09,2.424859702e-05
4.408235294e-09,2.506321336e-05
4.408823529e-09,2.586567708e-05
4.409411765e-09,2.665320733e-05
4.41e-09,2.742311462e-05
4.410588235e-09,2.817281614e-05
4.411176471e-09,2.889984979e-05
4.411764706e-09,2.960188695e-05
4.412352941e-09,3.027674392e-05
4.412941176e-09,3.092239195e-05
4.413529412e-09,3.153696597e-05
4.414117647e-09,3.211877189e-05
4.414705882e-09,3.26662926e-05
4.415294118e-09,3.317819274e-05
4.415882353e-09,3.365332215e-05
4.416470588e-09,3.40907182e-05
4.417058824e-09,3.448960714e-05
4.417647059e-09,3.484940433e-05
4.418235294e-09,3.516971363e-05
4.418823529e-09,3.545032604e-05
4.419411765e-09,3.569121752e-05
4.42e-09,3.589254626e-05
4.420588235e-09,3.605464935e-05
4.421176471e-09,3.617803897e-05
4.421764706e-09,3.626339812e-05
4.422352941e-09,3.631157606e-05
4.422941176e-09,3.632358323e-05
4.423529412e-09,3.630058598e-05
4.424117647e-09,3.62439009e-05
4.424705882e-09,3.615498879e-05
4.425294118e-09,3.603544828e-05
4.425882353e-09,3.588700907e-05
4.426470588e-09,3.571152473e-05
4.427058824e-09,3.551096493e-05
4.427647059e-09,3.528740722e-05
4.428235294e-09,3.504302817e-05
4.428823529e-09,3.478009381e-05
4.429411765e-09,3.450094939e-05
4.43e-09,3.420800832e-05
4.430588235e-09,3.390374041e-05
4.431176471e-09,3.359065912e-05
4.431764706e-09,3.327130803e-05
4.432352941e-09,3.294824651e-05
4.432941176e-09,3.262403441e-05
4.433529412e-09,3.230121608e-05
4.434117647e-09,3.198230359e-05
4.434705882e-09,3.166975926e-05
4.435294118e-09,3.136597772e-05
4.435882353e-09,3.107326743e-05
4.436470588e-09,3.079383195e-05
4.437058824e-09,3.052975109e-05
4.437647059e-09,3.028296205e-05
4.438235294e-09,3.005524084e-05
4.438823529e-09,2.984818411e-05
4.439411765e-09,2.966319161e-05
4.44e-09,2.950144958e-05
4.440588235e-09,2.936391517e-05
4.441176471e-09,2.925130221e-05
4.441764706e-09,2.91640685e-05
4.442352941e-09,2.910240487e-05
4.442941176e-09,2.906622615e-05
4.443529412e-09,2.905516431e-05
4.444117647e-09,2.906856396e-05
4.444705882e-09,2.910548022e-05
4.445294118e-09,2.916467931e-05
4.445882353e-09,2.924464183e-05
4.446470588e-09,2.934356882e-05
4.447058824e-09,2.945939083e-05
4.447647059e-09,2.958977975e-05
4.448235294e-09,2.973216377e-05
4.448823529e-09,2.988374512e-05
4.449411765e-09,3.004152079e-05
4.45e-09,3.020230604e-05
4.450588235e-09,3.036276061e-05
4.451176471e-09,3.051941755e-05
4.451764706e-09,3.066871443e-05
4.452352941e-09,3.080702681e-05
4.452941176e-09,3.093070369e-05
4.453529412e-09,3.103610475e-05
4.454117647e-09,3.111963904e-05
4.454705882e-09,3.11778048e-05
4.455294118e-09,3.12072301e-05
4.455882353e-09,3.12047139e-05
4.456470588e-09,3.116726717e-05
4.457058824e-09,3.109215348e-05
4.457647059e-09,3.097692884e-05
4.458235294e-09,3.081948003e-05
4.458823529e-09,3.06180611e-05
4.459411765e-09,3.037132746e-05
4.46e-09,3.007836688e-05
4.460588235e-09,2.973872702e-05
4.461176471e-09,2.935243882e-05
4.461764706e-09,2.892003509e-05
4.462352941e-09,2.844256395e-05
4.462941176e-09,2.792159634e-05
4.463529412e-09,2.735922719e-05
4.464117647e-09,2.675806975e-05
4.464705882e-09,2.612124254e-05
4.465294118e-09,2.545234867e-05
4.465882353e-09,2.475544699e-05
4.466470588e-09,2.403501503e-05
4.467058824e-09,2.329590337e-05
4.467647059e-09,2.254328151e-05
4.468235294e-09,2.178257523e-05
4.468823529e-09,2.101939557e-05
4.469411765e-09,2.025945979e-05
4.47e-09,1.95085047e-05
4.470588235e-09,1.877219302e-05
4.471176471e-09,1.805601331e-05
4.471764706e-09,1.736517469e-05
4.472352941e-09,1.670449696e-05
4.472941176e-09,1.60782978e-05
4.473529412e-09,1.549027787e-05
4.474117647e-09,1.494340582e-05
4.474705882e-09,1.443980433e-05
4.475294118e-09,1.398063932e-05
4.475882353e-09,1.356601382e-05
4.476470588e-09,1.319486861e-05
4.477058824e-09,1.286489153e-05
4.477647059e-09,1.257243742e-05
4.478235294e-09,1.231246065e-05
4.478823529e-09,1.207846229e-05
4.479411765e-09,1.186245372e-05
4.48e-09,1.16549385e-05
4.480588235e-09,1.14449142e-05
4.481176471e-09,1.121989561e-05
4.481764706e-09,1.096596071e-05
4.482352941e-09,1.066782035e-05
4.482941176e-09,1.030891246e-05
4.483529412e-09,9.871521353e-06
4.484117647e-09,9.336922025e-06
4.484705882e-09,8.685549496e-06
4.485294118e-09,7.897192398e-06
4.485882353e-09,6.95120987e-06
4.486470588e-09,5.826770358e-06
4.487058824e-09,4.503110447e-06
4.487647059e-09,2.959811506e-06
4.488235294e-09,1.17709148e-06
4.488823529e-09,-8.638912437e-07
4.489411765e-09,-3.18072529e-06
4.49e-09,-5.789428865e-06
4.490588235e-09,-8.704131515e-06
4.491176471e-09,-1.19367594e-05
4.491764706e-09,-1.549672865e-05
4.492352941e-09,-1.939065153e-05
4.492941176e-09,-2.362206016e-05
4.493529412e-09,-2.819115271e-05
4.494117647e-09,-3.30945667e-05
4.494705882e-09,-3.832518431e-05
4.495294118e-09,-4.387197381e-05
4.495882353e-09,-4.971987163e-05
4.496470588e-09,-5.584970867e-05
4.497058824e-09,-6.223818426e-05
4.497647059e-09,-6.885789071e-05
4.498235294e-09,-7.56773907e-05
4.498823529e-09,-8.266134911e-05
4.499411765e-09,-8.977072035e-05
4.5e-09,-9.696299123e-05
4.500588235e-09,-0.000104192479
4.501176471e-09,-0.0001114106828
4.501764706e-09,-0.0001185666868
4.502352941e-09,-0.0001256076117
4.502941176e-09,-0.0001324791102
4.503529412e-09,-0.0001391259029
4.504117647e-09,-0.000145492348
4.504705882e-09,-0.0001515230398
4.505294118e-09,-0.0001571634277
4.505882353e-09,-0.0001623604499
4.506470588e-09,-0.0001670631733
4.507058824e-09,-0.0001712234304
4.507647059e-09,-0.000174796447
4.508235294e-09,-0.0001777414492
4.508823529e-09,-0.0001800222437
4.509411765e-09,-0.0001816077608
4.51e-09,-0.0001824725528
4.510588235e-09,-0.0001825972397
4.511176471e-09,-0.0001819688943
4.511764706e-09,-0.0001805813604
4.512352941e-09,-0.0001784354973
4.512941176e-09,-0.0001755393466
4.513529412e-09,-0.0001719082149
4.514117647e-09,-0.0001675646718
4.514705882e-09,-0.0001625384583
4.515294118e-09,-0.0001568663079
4.515882353e-09,-0.0001505916768
4.516470588e-09,-0.0001437643887
4.517058824e-09,-0.000136440194
4.517647059e-09,-0.0001286802494
4.518235294e-09,-0.0001205505221
4.518823529e-09,-0.0001121211252
4.519411765e-09,-0.000103465593
4.52e-09,-9.466010241e-05
4.520588235e-09,-8.578265223e-05
4.521176471e-09,-7.69122091e-05
4.521764706e-09,-6.812783126e-05
4.522352941e-09,-5.950778143e-05
4.522941176e-09,-5.112864029e-05
4.523529412e-09,-4.30644323e-05
4.524117647e-09,-3.538577548e-05
4.524705882e-09,-2.815906664e-05
4.525294118e-09,-2.144571307e-05
4.525882353e-09,-1.530142134e-05
4.526470588e-09,-9.77555277e-06
4.527058824e-09,-4.910554832e-06
4.527647059e-09,-7.41476099e-07
4.528235294e-09,2.704428266e-06
4.528823529e-09,5.407994999e-06
4.529411765e-09,7.358350973e-06
4.53e-09,8.553008366e-06
4.530588235e-09,8.997855373e-06
4.531176471e-09,8.707042572e-06
4.531764706e-09,7.702766514e-06
4.532352941e-09,6.014953552e-06
4.532941176e-09,3.680848347e-06
4.533529412e-09,7.445128144e-07
4.534117647e-09,-2.74375748e-06
4.534705882e-09,-6.728091305e-06
4.535294118e-09,-1.114776497e-05
4.535882353e-09,-1.593798068e-05
4.536470588e-09,-2.103068937e-05
4.537058824e-09,-2.63554465e-05
4.537647059e-09,-3.184028941e-05
4.538235294e-09,-3.74126241e-05
4.538823529e-09,-4.300010958e-05
4.539411765e-09,-4.853152818e-05
4.54e-09,-5.393763017e-05
4.540588235e-09,-5.915194198e-05
4.541176471e-09,-6.41115276e-05
4.541764706e-09,-6.875769382e-05
4.542352941e-09,-7.303663064e-05
4.542941176e-09,-7.68999795e-05
4.543529412e-09,-8.030532283e-05
4.544117647e-09,-8.321658992e-05
4.544705882e-09,-8.560437501e-05
4.545294118e-09,-8.744616527e-05
4.545882353e-09,-8.872647707e-05
4.546470588e-09,-8.943690078e-05
4.547058824e-09,-8.957605525e-05
4.547647059e-09,-8.914945436e-05
4.548235294e-09,-8.816928943e-05
4.548823529e-09,-8.66541319e-05
4.549411765e-09,-8.462856219e-05
4.55e-09,-8.212273087e-05
4.550588235e-09,-7.917185965e-05
4.551176471e-09,-7.581568966e-05
4.551764706e-09,-7.209788559e-05
4.552352941e-09,-6.806540395e-05
4.552941176e-09,-6.37678345e-05
4.553529412e-09,-5.925672345e-05
4.554117647e-09,-5.458488741e-05
4.554705882e-09,-4.980572649e-05
4.555294118e-09,-4.4972545e-05
4.555882353e-09,-4.013788759e-05
4.556470588e-09,-3.535289819e-05
4.557058824e-09,-3.06667087e-05
4.557647059e-09,-2.612586359e-05
4.558235294e-09,-2.17737861e-05
4.558823529e-09,-1.765029065e-05
4.559411765e-09,-1.379114585e-05
4.56e-09,-1.022769138e-05
4.560588235e-09,-6.986511317e-06
4.561176471e-09,-4.089166017e-06
4.561764706e-09,-1.551983617e-06
4.562352941e-09,6.140881525e-07
4.562941176e-09,2.403569963e-06
4.563529412e-09,3.816479286e-06
4.564117647e-09,4.858300377e-06
4.564705882e-09,5.53989746e-06
4.565294118e-09,5.877373194e-06
4.565882353e-09,5.891874829e-06
4.566470588e-09,5.609350834e-06
4.567058824e-09,5.060261e-06
4.567647059e-09,4.279243285e-06
4.568235294e-09,3.304740857e-06
4.568823529e-09,2.178592927e-06
4.569411765e-09,9.455930984e-07
4.57e-09,-3.469809071e-07
4.570588235e-09,-1.649862263e-06
4.571176471e-09,-2.912310776e-06
4.571764706e-09,-4.082645316e-06
4.572352941e-09,-5.10878882e-06
4.572941176e-09,-5.938821729e-06
4.573529412e-09,-6.521539633e-06
4.574117647e-09,-6.807010889e-06
4.574705882e-09,-6.747129894e-06
4.575294118e-09,-6.29616167e-06
4.575882353e-09,-5.411273362e-06
4.576470588e-09,-4.053048247e-06
4.577058824e-09,-2.185977775e-06
4.577647059e-09,2.210727766e-07
4.578235294e-09,3.194429478e-06
4.578823529e-09,6.755210143e-06
4.579411765e-09,1.091896424e-05
4.58e-09,1.569535649e-05
4.580588235e-09,2.108789827e-05
4.581176471e-09,2.709373042e-05
4.581764706e-09,3.370346125e-05
4.582352941e-09,4.09010628e-05
4.582941176e-09,4.86638282e-05
4.583529412e-09,5.696239258e-05
4.584117647e-09,6.576081933e-05
4.584705882e-09,7.501675311e-05
4.585294118e-09,8.468164023e-05
4.585882353e-09,9.470101648e-05
4.586470588e-09,0.0001050148617
4.587058824e-09,0.0001155580196
4.587647059e-09,0.0001262606809
4.588235294e-09,0.0001370489261
4.588823529e-09,0.0001478453249
4.589411765e-09,0.0001585695875
4.59e-09,0.0001691392616
4.590588235e-09,0.0001794704699
4.591176471e-09,0.0001894786814
4.591764706e-09,0.0001990795082
4.592352941e-09,0.0002081895201
4.592941176e-09,0.0002167270696
4.593529412e-09,0.0002246131168
4.594117647e-09,0.0002317720462
4.594705882e-09,0.0002381324659
4.595294118e-09,0.0002436279795
4.595882353e-09,0.0002481979221
4.596470588e-09,0.0002517880511
4.597058824e-09,0.0002543511827
4.597647059e-09,0.0002558477669
4.598235294e-09,0.0002562463925
4.598823529e-09,0.0002555242154
4.599411765e-09,0.0002536673048
4.6e-09,0.0002506709008
4.600588235e-09,0.000246539581
4.601176471e-09,0.0002412873315
4.601764706e-09,0.0002349375207
4.602352941e-09,0.0002275227763
4.602941176e-09,0.0002190847643
4.603529412e-09,0.0002096738725
4.604117647e-09,0.0001993488014
4.604705882e-09,0.0001881760664
4.605294118e-09,0.0001762294165
4.605882353e-09,0.0001635891749
4.606470588e-09,0.0001503415109
4.607058824e-09,0.0001365776481
4.607647059e-09,0.0001223930206
4.608235294e-09,0.000107886385
4.608823529e-09,9.315889902e-05
4.609411765e-09,7.831317694e-05
4.61e-09,6.345233264e-05
4.610588235e-09,4.867902139e-05
4.611176471e-09,3.40944908e-05
4.611764706e-09,1.979765187e-05
4.612352941e-09,5.884180387e-06
4.612941176e-09,-7.554341315e-06
4.613529412e-09,-2.043123309e-05
4.614117647e-09,-3.266546739e-05
4.614705882e-09,-4.418235355e-05
4.615294118e-09,-5.491414912e-05
4.615882353e-09,-6.480059205e-05
4.616470588e-09,-7.378934906e-05
4.617058824e-09,-8.183637606e-05
4.617647059e-09,-8.890618818e-05
4.618235294e-09,-9.497203762e-05
4.618823529e-09,-0.000100015999
4.619411765e-09,-0.0001040289628
4.62e-09,-0.000107010539
4.620588235e-09,-0.0001089688732
4.621176471e-09,-0.0001099203795
4.621764706e-09,-0.0001098893951
4.622352941e-09,-0.0001089077616
4.622941176e-09,-0.0001070143401
4.623529412e-09,-0.0001042544661
4.624117647e-09,-0.0001006793539
4.624705882e-09,-9.634545506e-05
4.625294118e-09,-9.131378348e-05
4.625882353e-09,-8.564921183e-05
4.626470588e-09,-7.941975052e-05
4.627058824e-09,-7.269581673e-05
4.627647059e-09,-6.554950216e-05
4.628235294e-09,-5.805384797e-05
4.628823529e-09,-5.02821346e-05
4.629411765e-09,-4.2307194e-05
4.63e-09,-3.420075139e-05
4.630588235e-09,-2.603280273e-05
4.631176471e-09,-1.787103372e-05
4.631764706e-09,-9.780285345e-06
4.632352941e-09,-1.822070249e-06
4.632941176e-09,5.945856673e-06
4.633529412e-09,1.346987068e-05
4.634117647e-09,2.070079076e-05
4.634705882e-09,2.759413331e-05
4.635294118e-09,3.411030565e-05
4.635882353e-09,4.021473981e-05
4.636470588e-09,4.587796787e-05
4.637058824e-09,5.107564069e-05
4.637647059e-09,5.578849265e-05
4.638235294e-09,6.000225537e-05
4.638823529e-09,6.370752421e-05
4.639411765e-09,6.689958138e-05
4.64e-09,6.957818033e-05
4.640588235e-09,7.174729582e-05
4.641176471e-09,7.341484484e-05
4.641764706e-09,7.459238332e-05
4.642352941e-09,7.529478357e-05
4.642941176e-09,7.553989781e-05
4.643529412e-09,7.534821241e-05
4.644117647e-09,7.474249791e-05
4.644705882e-09,7.374745926e-05
4.645294118e-09,7.238939053e-05
4.645882353e-09,7.069583811e-05
4.646470588e-09,6.869527598e-05
4.647058824e-09,6.641679609e-05
4.647647059e-09,6.388981675e-05
4.648235294e-09,6.114381104e-05
4.648823529e-09,5.820805732e-05
4.649411765e-09,5.51114129e-05
4.65e-09,5.188211193e-05
4.650588235e-09,4.854758771e-05
4.651176471e-09,4.513431966e-05
4.651764706e-09,4.166770426e-05
4.652352941e-09,3.817194935e-05
4.652941176e-09,3.466999064e-05
4.653529412e-09,3.118342901e-05
4.654117647e-09,2.77324869e-05
4.654705882e-09,2.433598211e-05
4.655294118e-09,2.101131694e-05
4.655882353e-09,1.777448067e-05
4.656470588e-09,1.464006318e-05
4.657058824e-09,1.162127787e-05
4.657647059e-09,8.729991537e-06
4.658235294e-09,5.976759611e-06
4.658823529e-09,3.370864695e-06
4.659411765e-09,9.203569827e-07
4.66e-09,-1.367904957e-06
4.660588235e-09,-3.488214188e-06
4.661176471e-09,-5.435977158e-06
4.661764706e-09,-7.207677902e-06
4.662352941e-09,-8.800845149e-06
4.662941176e-09,-1.021402252e-05
4.663529412e-09,-1.14467418e-05
4.664117647e-09,-1.249949896e-05
4.664705882e-09,-1.337373254e-05
4.665294118e-09,-1.407180365e-05
4.665882353e-09,-1.459697682e-05
4.666470588e-09,-1.495340072e-05
4.667058824e-09,-1.514608779e-05
4.667647059e-09,-1.518089164e-05
4.668235294e-09,-1.506448115e-05
4.668823529e-09,-1.480431025e-05
4.669411765e-09,-1.440858221e-05
4.67e-09,-1.388620778e-05
4.670588235e-09,-1.32467561e-05
4.671176471e-09,-1.250039798e-05
4.671764706e-09,-1.165784096e-05
4.672352941e-09,-1.073025588e-05
4.672941176e-09,-9.729195047e-06
4.673529412e-09,-8.666502009e-06
4.674117647e-09,-7.554213454e-06
4.674705882e-09,-6.40445386e-06
4.675294118e-09,-5.229323718e-06
4.675882353e-09,-4.040782448e-06
4.676470588e-09,-2.850527235e-06
4.677058824e-09,-1.669869252e-06
4.677647059e-09,-5.09608843e-07
4.678235294e-09,6.200886275e-07
4.678823529e-09,1.709814477e-06
4.679411765e-09,2.751034113e-06
4.68e-09,3.736198304e-06
4.680588235e-09,4.658846482e-06
4.681176471e-09,5.51370031e-06
4.681764706e-09,6.296745845e-06
4.682352941e-09,7.005302753e-06
4.682941176e-09,7.638079195e-06
4.683529412e-09,8.195211195e-06
4.684117647e-09,8.678285516e-06
4.684705882e-09,9.090345297e-06
4.685294118e-09,9.435877977e-06
4.685882353e-09,9.720785256e-06
4.686470588e-09,9.952335162e-06
4.687058824e-09,1.013909651e-05
4.687647059e-09,1.029085634e-05
4.688235294e-09,1.041852117e-05
4.688823529e-09,1.053400314e-05
4.689411765e-09,1.065009231e-05
4.69e-09,1.078031667e-05
4.690588235e-09,1.093879144e-05
4.691176471e-09,1.114005965e-05
4.691764706e-09,1.13989257e-05
4.692352941e-09,1.173028419e-05
4.692941176e-09,1.214894585e-05
4.693529412e-09,1.266946289e-05
4.694117647e-09,1.330595569e-05
4.694705882e-09,1.407194299e-05
4.695294118e-09,1.498017745e-05
4.695882353e-09,1.604248861e-05
4.696470588e-09,1.726963483e-05
4.697058824e-09,1.867116598e-05
4.697647059e-09,2.025529819e-05
4.698235294e-09,2.202880207e-05
4.698823529e-09,2.399690539e-05
4.699411765e-09,2.616321118e-05
4.7e-09,2.852963189e-05
4.700588235e-09,3.109634019e-05
4.701176471e-09,3.386173663e-05
4.701764706e-09,3.682243435e-05
4.702352941e-09,3.997326078e-05
4.702941176e-09,4.330727602e-05
4.703529412e-09,4.681580762e-05
4.704117647e-09,5.048850115e-05
4.704705882e-09,5.431338599e-05
4.705294118e-09,5.827695543e-05
4.705882353e-09,6.236426036e-05
4.706470588e-09,6.655901552e-05
4.707058824e-09,7.084371723e-05
4.707647059e-09,7.519977172e-05
4.708235294e-09,7.960763268e-05
4.708823529e-09,8.404694703e-05
4.709411765e-09,8.84967078e-05
4.71e-09,9.293541269e-05
4.710588235e-09,9.73412274e-05
4.711176471e-09,0.0001016921523
4.711764706e-09,0.0001059661913
4.712352941e-09,0.000110141522
4.712941176e-09,0.0001141966656
4.713529412e-09,0.0001181106552
4.714117647e-09,0.0001218632025
4.714705882e-09,0.0001254348597
4.715294118e-09,0.0001288071783
4.715882353e-09,0.0001319628603
4.716470588e-09,0.0001348859044
4.717058824e-09,0.0001375617425
4.717647059e-09,0.0001399773689
4.718235294e-09,0.0001421214581
4.718823529e-09,0.0001439844724
4.719411765e-09,0.0001455587578
4.72e-09,0.0001468386266
4.720588235e-09,0.0001478204267
4.721176471e-09,0.0001485025968
4.721764706e-09,0.0001488857059
4.722352941e-09,0.000148972478
4.722941176e-09,0.0001487677998
4.723529412e-09,0.0001482787128
4.724117647e-09,0.0001475143876
4.724705882e-09,0.0001464860817
4.725294118e-09,0.0001452070805
4.725882353e-09,0.0001436926204
4.726470588e-09,0.0001419597963
4.727058824e-09,0.0001400274521
4.727647059e-09,0.0001379160552
4.728235294e-09,0.0001356475569
4.728823529e-09,0.0001332452373
4.729411765e-09,0.0001307335382
4.73e-09,0.0001281378827
4.730588235e-09,0.0001254844849
4.731176471e-09,0.00012280015
4.731764706e-09,0.0001201120661
4.732352941e-09,0.0001174475901
4.732941176e-09,0.0001148340291
4.733529412e-09,0.0001122984191
4.734117647e-09,0.0001098673021
4.734705882e-09,0.0001075665052
4.735294118e-09,0.0001054209219
4.735882353e-09,0.0001034542987
4.736470588e-09,0.0001016890272
4.737058824e-09,0.0001001459464
4.737647059e-09,9.884415392e-05
4.738235294e-09,9.780082949e-05
4.738823529e-09,9.703107244e-05
4.739411765e-09,9.654775384e-05
4.74e-09,9.636138517e-05
4.740588235e-09,9.648000473e-05
4.741176471e-09,9.690908283e-05
4.741764706e-09,9.765144661e-05
4.742352941e-09,9.870722545e-05
4.742941176e-09,0.0001000738174
4.743529412e-09,0.0001017458769
4.744117647e-09,0.0001037153251
4.744705882e-09,0.0001059713807
4.745294118e-09,0.0001085006136
4.745882353e-09,0.0001112870197
4.746470588e-09,0.0001143121164
4.747058824e-09,0.0001175550591
4.747647059e-09,0.0001209927768
4.748235294e-09,0.0001246001267
4.748823529e-09,0.000128350066
4.749411765e-09,0.0001322138412
4.75e-09,0.000136161191
4.750588235e-09,0.0001401605639
4.751176471e-09,0.0001441793472
4.751764706e-09,0.000148184107
4.752352941e-09,0.0001521408356
4.752941176e-09,0.0001560152071
4.753529412e-09,0.0001597728361
4.754117647e-09,0.0001633795405
4.754705882e-09,0.0001668016039
4.755294118e-09,0.0001700060372
4.755882353e-09,0.0001729608363
4.756470588e-09,0.0001756352339
4.757058824e-09,0.0001779999442
4.757647059e-09,0.0001800273962
4.758235294e-09,0.0001816919565
4.758823529e-09,0.0001829701365
4.759411765e-09,0.0001838407846
4.76e-09,0.0001842852597
4.760588235e-09,0.0001842875849
4.761176471e-09,0.0001838345806
4.761764706e-09,0.0001829159735
4.762352941e-09,0.0001815244821
4.762941176e-09,0.0001796558771
4.763529412e-09,0.0001773090143
4.764117647e-09,0.0001744858419
4.764705882e-09,0.0001711913794
4.765294118e-09,0.0001674336695
4.765882353e-09,0.0001632237022
4.766470588e-09,0.0001585753117
4.767058824e-09,0.0001535050468
4.767647059e-09,0.0001480320168
4.768235294e-09,0.0001421777116
4.768823529e-09,0.0001359658003
4.769411765e-09,0.0001294219091
4.77e-09,0.0001225733802
4.770588235e-09,0.0001154490144
4.771176471e-09,0.0001080788006
4.771764706e-09,0.0001004936345
4.772352941e-09,9.272502946e-05
4.772941176e-09,8.480482307e-05
4.773529412e-09,7.676488259e-05
4.774117647e-09,6.863681258e-05
4.774705882e-09,6.045166822e-05
4.775294118e-09,5.223967768e-05
4.775882353e-09,4.402997686e-05
4.776470588e-09,3.585035975e-05
4.777058824e-09,2.772704749e-05
4.777647059e-09,1.968447895e-05
4.778235294e-09,1.174512552e-05
4.778823529e-09,3.929332334e-06
4.779411765e-09,-3.744811946e-06
4.78e-09,-1.126157521e-05
4.780588235e-09,-1.860765064e-05
4.781176471e-09,-2.577219312e-05
4.781764706e-09,-3.274682322e-05
4.782352941e-09,-3.95255984e-05
4.782941176e-09,-4.610495236e-05
4.783529412e-09,-5.24836032e-05
4.784117647e-09,-5.866243195e-05
4.784705882e-09,-6.46443333e-05
4.785294118e-09,-7.043404067e-05
4.785882353e-09,-7.603792841e-05
4.786470588e-09,-8.146379395e-05
4.787058824e-09,-8.672062327e-05
4.787647059e-09,-9.181834316e-05
4.788235294e-09,-9.676756401e-05
4.788823529e-09,-0.000101579317
4.789411765e-09,-0.0001062647896
4.79e-09,-0.0001108350635
4.790588235e-09,-0.000115300859
4.791176471e-09,-0.000119672289
4.791764706e-09,-0.0001239586279
4.792352941e-09,-0.0001281680966
4.792941176e-09,-0.0001323076693
4.793529412e-09,-0.0001363829031
4.794117647e-09,-0.0001403977945
4.794705882e-09,-0.0001443546627
4.795294118e-09,-0.0001482540649
4.795882353e-09,-0.0001520947411
4.796470588e-09,-0.0001558735919
4.797058824e-09,-0.0001595856881
4.797647059e-09,-0.0001632243128
4.798235294e-09,-0.0001667810343
4.798823529e-09,-0.0001702458097
4.799411765e-09,-0.0001736071168
4.8e-09,-0.0001768521119
4.800588235e-09,-0.0001799668124
4.801176471e-09,-0.0001829362992
4.801764706e-09,-0.0001857449383
4.802352941e-09,-0.0001883766158
4.802941176e-09,-0.0001908149834
4.803529412e-09,-0.0001930437124
4.804117647e-09,-0.0001950467484
4.804705882e-09,-0.0001968085673
4.805294118e-09,-0.000198314425
4.805882353e-09,-0.0001995505992
4.806470588e-09,-0.0002005046191
4.807058824e-09,-0.0002011654787
4.807647059e-09,-0.0002015238321
4.808235294e-09,-0.0002015721666
4.808823529e-09,-0.0002013049518
4.809411765e-09,-0.0002007187621
4.81e-09,-0.0001998123717
4.810588235e-09,-0.0001985868195
4.811176471e-09,-0.0001970454445
4.811764706e-09,-0.0001951938901
4.812352941e-09,-0.0001930400788
4.812941176e-09,-0.0001905941557
4.813529412e-09,-0.0001878684049
4.814117647e-09,-0.0001848771363
4.814705882e-09,-0.0001816365488
4.815294118e-09,-0.0001781645686
4.815882353e-09,-0.000174480667
4.816470588e-09,-0.0001706056595
4.817058824e-09,-0.0001665614906
4.817647059e-09,-0.0001623710052
4.818235294e-09,-0.0001580577121
4.818823529e-09,-0.0001536455417
4.819411765e-09,-0.0001491586017
4.82e-09,-0.0001446209347
4.820588235e-09,-0.0001400562794
4.821176471e-09,-0.0001354878407
4.821764706e-09,-0.0001309380701
4.822352941e-09,-0.0001264284601
4.822941176e-09,-0.0001219793546
4.823529412e-09,-0.000117609778
4.824117647e-09,-0.0001133372845
4.824705882e-09,-0.0001091778296
4.825294118e-09,-0.0001051456651
4.825882353e-09,-0.0001012532583
4.826470588e-09,-9.75112354e-05
4.827058824e-09,-9.392835094e-05
4.827647059e-09,-9.051148086e-05
4.828235294e-09,-8.72656405e-05
4.828823529e-09,-8.419402551e-05
4.829411765e-09,-8.129807503e-05
4.83e-09,-7.857755528e-05
4.830588235e-09,-7.603066216e-05
4.831176471e-09,-7.365414043e-05
4.831764706e-09,-7.144341776e-05
4.832352941e-09,-6.939275079e-05
4.832941176e-09,-6.749538119e-05
4.833529412e-09,-6.57436988e-05
4.834117647e-09,-6.412940944e-05
4.834705882e-09,-6.264370475e-05
4.835294118e-09,-6.12774314e-05
4.835882353e-09,-6.002125731e-05
4.836470588e-09,-5.886583232e-05
4.837058824e-09,-5.780194119e-05
4.837647059e-09,-5.682064676e-05
4.838235294e-09,-5.59134214e-05
4.838823529e-09,-5.507226506e-05
4.839411765e-09,-5.428980854e-05
4.84e-09,-5.355940074e-05
4.840588235e-09,-5.287517898e-05
4.841176471e-09,-5.223212188e-05
4.841764706e-09,-5.162608429e-05
4.842352941e-09,-5.105381426e-05
4.842941176e-09,-5.051295235e-05
4.843529412e-09,-5.00020136e-05
4.844117647e-09,-4.952035309e-05
4.844705882e-09,-4.906811584e-05
4.845294118e-09,-4.864617246e-05
4.845882353e-09,-4.82560419e-05
4.846470588e-09,-4.789980279e-05
4.847058824e-09,-4.75799953e-05
4.847647059e-09,-4.729951519e-05
4.848235294e-09,-4.706150216e-05
4.848823529e-09,-4.68692245e-05
4.849411765e-09,-4.672596205e-05
4.85e-09,-4.663488962e-05
4.850588235e-09,-4.659896288e-05
4.851176471e-09,-4.662080863e-05
4.851764706e-09,-4.670262152e-05
4.852352941e-09,-4.684606884e-05
4.852941176e-09,-4.705220511e-05
4.853529412e-09,-4.732139786e-05
4.854117647e-09,-4.765326603e-05
4.854705882e-09,-4.804663189e-05
4.855294118e-09,-4.849948745e-05
4.855882353e-09,-4.900897603e-05
4.856470588e-09,-4.957138918e-05
4.857058824e-09,-5.018217924e-05
4.857647059e-09,-5.083598742e-05
4.858235294e-09,-5.152668689e-05
4.858823529e-09,-5.224744041e-05
4.859411765e-09,-5.299077155e-05
4.86e-09,-5.37486485e-05
4.860588235e-09,-5.451257911e-05
4.861176471e-09,-5.527371577e-05
4.861764706e-09,-5.602296848e-05
4.862352941e-09,-5.675112426e-05
4.862941176e-09,-5.744897116e-05
4.863529412e-09,-5.810742476e-05
4.864117647e-09,-5.871765531e-05
4.864705882e-09,-5.927121319e-05
4.865294118e-09,-5.976015101e-05
4.865882353e-09,-6.01771401e-05
4.866470588e-09,-6.051557953e-05
4.867058824e-09,-6.076969592e-05
4.867647059e-09,-6.093463231e-05
4.868235294e-09,-6.10065246e-05
4.868823529e-09,-6.098256414e-05
4.869411765e-09,-6.08610455e-05
4.87e-09,-6.064139842e-05
4.870588235e-09,-6.032420335e-05
4.871176471e-09,-5.991119013e-05
4.871764706e-09,-5.940521975e-05
4.872352941e-09,-5.881024933e-05
4.872941176e-09,-5.813128068e-05
4.873529412e-09,-5.737429321e-05
4.874117647e-09,-5.654616202e-05
4.874705882e-09,-5.565456242e-05
4.875294118e-09,-5.470786234e-05
4.875882353e-09,-5.371500403e-05
4.876470588e-09,-5.268537713e-05
4.877058824e-09,-5.162868478e-05
4.877647059e-09,-5.055480497e-05
4.878235294e-09,-4.947364936e-05
4.878823529e-09,-4.839502152e-05
4.879411765e-09,-4.732847707e-05
4.88e-09,-4.628318782e-05
4.880588235e-09,-4.5267812e-05
4.881176471e-09,-4.429037281e-05
4.881764706e-09,-4.335814702e-05
4.882352941e-09,-4.247756555e-05
4.882941176e-09,-4.165412762e-05
4.883529412e-09,-4.089232974e-05
4.884117647e-09,-4.019561077e-05
4.884705882e-09,-3.956631395e-05
4.885294118e-09,-3.900566639e-05
4.885882353e-09,-3.851377651e-05
4.886470588e-09,-3.808964934e-05
4.887058824e-09,-3.773121939e-05
4.887647059e-09,-3.743540074e-05
4.888235294e-09,-3.719815321e-05
4.888823529e-09,-3.701456381e-05
4.889411765e-09,-3.687894189e-05
4.89e-09,-3.678492655e-05
4.890588235e-09,-3.672560441e-05
4.891176471e-09,-3.669363588e-05
4.891764706e-09,-3.668138776e-05
4.892352941e-09,-3.668106997e-05
4.892941176e-09,-3.668487412e-05
4.893529412e-09,-3.668511169e-05
4.894117647e-09,-3.667434928e-05
4.894705882e-09,-3.664553903e-05
4.895294118e-09,-3.65921416e-05
4.895882353e-09,-3.650824004e-05
4.896470588e-09,-3.638864229e-05
4.897058824e-09,-3.622897083e-05
4.897647059e-09,-3.602573785e-05
4.898235294e-09,-3.577640464e-05
4.898823529e-09,-3.547942424e-05
4.899411765e-09,-3.513426649e-05
4.9e-09,-3.474142521e-05
4.900588235e-09,-3.430240708e-05
4.901176471e-09,-3.381970258e-05
4.901764706e-09,-3.329673931e-05
4.902352941e-09,-3.273781834e-05
4.902941176e-09,-3.214803473e-05
4.903529412e-09,-3.153318332e-05
4.904117647e-09,-3.089965138e-05
4.904705882e-09,-3.025429974e-05
4.905294118e-09,-2.960433435e-05
4.905882353e-09,-2.89571703e-05
4.906470588e-09,-2.832029047e-05
4.907058824e-09,-2.770110109e-05
4.907647059e-09,-2.710678646e-05
4.908235294e-09,-2.654416536e-05
4.908823529e-09,-2.601955125e-05
4.909411765e-09,-2.553861866e-05
4.91e-09,-2.510627797e-05
4.910588235e-09,-2.472656063e-05
4.911176471e-09,-2.440251666e-05
4.911764706e-09,-2.413612636e-05
4.912352941e-09,-2.392822755e-05
4.912941176e-09,-2.377845982e-05
4.913529412e-09,-2.368522681e-05
4.914117647e-09,-2.364567728e-05
4.914705882e-09,-2.36557056e-05
4.915294118e-09,-2.370997181e-05
4.915882353e-09,-2.380194141e-05
4.916470588e-09,-2.392394435e-05
4.917058824e-09,-2.406725287e-05
4.917647059e-09,-2.422217727e-05
4.918235294e-09,-2.437817842e-05
4.918823529e-09,-2.452399595e-05
4.919411765e-09,-2.464779033e-05
4.92e-09,-2.473729718e-05
4.920588235e-09,-2.477999205e-05
4.921176471e-09,-2.47632634e-05
4.921764706e-09,-2.467459177e-05
4.922352941e-09,-2.450173278e-05
4.922941176e-09,-2.423290178e-05
4.923529412e-09,-2.385695762e-05
4.924117647e-09,-2.336358336e-05
4.924705882e-09,-2.274346148e-05
4.925294118e-09,-2.198844144e-05
4.925882353e-09,-2.109169725e-05
4.926470588e-09,-2.004787324e-05
4.927058824e-09,-1.885321576e-05
4.927647059e-09,-1.750568941e-05
4.928235294e-09,-1.600507586e-05
4.928823529e-09,-1.435305414e-05
4.929411765e-09,-1.255326099e-05
4.93e-09,-1.06113305e-05
4.930588235e-09,-8.534912126e-06
4.931176471e-09,-6.333666724e-06
4.931764706e-09,-4.019240308e-06
4.932352941e-09,-1.605215513e-06
4.932941176e-09,8.92958957e-07
4.933529412e-09,3.458060428e-06
4.934117647e-09,6.071205169e-06
4.934705882e-09,8.711981166e-06
4.935294118e-09,1.13585996e-05
4.935882353e-09,1.398806364e-05
4.936470588e-09,1.657635302e-05
4.937058824e-09,1.909862261e-05
4.937647059e-09,2.152941321e-05
4.938235294e-09,2.384287238e-05
4.938823529e-09,2.601298339e-05
4.939411765e-09,2.801379986e-05
4.94e-09,2.981968399e-05
4.940588235e-09,3.140554592e-05
4.941176471e-09,3.274708197e-05
4.941764706e-09,3.382100934e-05
4.942352941e-09,3.460529508e-05
4.942941176e-09,3.507937694e-05
4.943529412e-09,3.522437399e-05
4.944117647e-09,3.502328498e-05
4.944705882e-09,3.446117238e-05
4.945294118e-09,3.352533036e-05
4.945882353e-09,3.2205435e-05
4.946470588e-09,3.049367529e-05
4.947058824e-09,2.838486356e-05
4.947647059e-09,2.587652435e-05
4.948235294e-09,2.296896071e-05
4.948823529e-09,1.966529741e-05
4.949411765e-09,1.59715005e-05
4.95e-09,1.189637315e-05
4.950588235e-09,7.45152771e-06
4.951176471e-09,2.651334271e-06
4.951764706e-09,-2.487153701e-06
4.952352941e-09,-7.94429605e-06
4.952941176e-09,-1.369798395e-05
4.953529412e-09,-1.972377813e-05
4.954117647e-09,-2.599506603e-05
4.954705882e-09,-3.248323639e-05
4.955294118e-09,-3.915786962e-05
4.955882353e-09,-4.598694219e-05
4.956470588e-09,-5.293704321e-05
4.957058824e-09,-5.997360116e-05
4.957647059e-09,-6.706111874e-05
4.958235294e-09,-7.416341383e-05
4.958823529e-09,-8.124386429e-05
4.959411765e-09,-8.826565469e-05
4.96e-09,-9.519202268e-05
4.960588235e-09,-0.0001019865031
4.961176471e-09,-0.0001086131678
4.961764706e-09,-0.0001150368593
4.962352941e-09,-0.0001212234162
4.962941176e-09,-0.0001271398891
4.963529412e-09,-0.0001327547458
4.964117647e-09,-0.0001380380626
4.964705882e-09,-0.0001429617029
4.965294118e-09,-0.0001474994805
4.965882353e-09,-0.0001516273065
4.966470588e-09,-0.0001553233202
4.967058824e-09,-0.0001585680021
4.967647059e-09,-0.0001613442702
4.968235294e-09,-0.0001636375572
4.968823529e-09,-0.0001654358703
4.969411765e-09,-0.0001667298336
4.97e-09,-0.0001675127113
4.970588235e-09,-0.000167780415
4.971176471e-09,-0.0001675314932
4.971764706e-09,-0.0001667671046
4.972352941e-09,-0.0001654909759
4.972941176e-09,-0.0001637093444
4.973529412e-09,-0.0001614308868
4.974117647e-09,-0.0001586666345
4.974705882e-09,-0.0001554298766
4.975294118e-09,-0.0001517360521
4.975882353e-09,-0.0001476026315
4.976470588e-09,-0.0001430489887
4.977058824e-09,-0.0001380962655
4.977647059e-09,-0.0001327672283
4.978235294e-09,-0.0001270861186
4.978823529e-09,-0.0001210784984
4.979411765e-09,-0.0001147710918
4.98e-09,-0.000108191622
4.980588235e-09,-0.0001013686476
4.981176471e-09,-9.433139591e-05
4.981764706e-09,-8.710959684e-05
4.982352941e-09,-7.973331606e-05
4.982941176e-09,-6.936949697e-05
4.983529412e-09,-6.180442514e-05
4.984117647e-09,-5.417594579e-05
4.984705882e-09,-4.651383728e-05
4.985294118e-09,-3.884739514e-05
4.985882353e-09,-3.12052859e-05
4.986470588e-09,-2.361540616e-05
4.987058824e-09,-1.610474721e-05
4.987647059e-09,-8.699266282e-06
4.988235294e-09,-1.423764893e-06
4.988823529e-09,5.698225001e-06
4.989411765e-09,1.264454639e-05
4.99e-09,1.939451356e-05
4.990588235e-09,2.592899891e-05
4.991176471e-09,3.22305096e-05
4.991764706e-09,3.828325366e-05
4.992352941e-09,4.407319512e-05
4.992941176e-09,4.958809773e-05
4.993529412e-09,5.481755706e-05
4.994117647e-09,5.975302063e-05
4.994705882e-09,6.438779605e-05
4.995294118e-09,6.871704693e-05
4.995882353e-09,7.273777663e-05
4.996470588e-09,7.644880004e-05
4.997058824e-09,7.985070338e-05
4.997647059e-09,8.294579247e-05
4.998235294e-09,8.573802981e-05
4.998823529e-09,8.823296086e-05
4.999411765e-09,9.043763032e-05
5e-09,9.236048885e-05
5.000588235e-09,9.40112912e-05
5.001176471e-09,9.54009865e-05
5.001764706e-09,8.795149268e-05
5.002352941e-09,8.894373473e-05
5.002941176e-09,8.971487484e-05
5.003529412e-09,9.027949124e-05
5.004117647e-09,9.065266048e-05
5.004705882e-09,9.084983361e-05
5.005294118e-09,9.088671059e-05
5.005882353e-09,9.077911456e-05
5.006470588e-09,9.054286727e-05
5.007058824e-09,9.01936673e-05
5.007647059e-09,8.974697201e-05
5.008235294e-09,8.921788481e-05
5.008823529e-09,8.862104858e-05
5.009411765e-09,8.797054632e-05
5.01e-09,8.727981005e-05
5.010588235e-09,8.656153847e-05
5.011176471e-09,8.582762428e-05
5.011764706e-09,8.50890915e-05
5.012352941e-09,8.435604323e-05
5.012941176e-09,8.363762009e-05
5.013529412e-09,8.294196938e-05
5.014117647e-09,8.227622506e-05
5.014705882e-09,8.164649818e-05
5.015294118e-09,8.105787773e-05
5.015882353e-09,8.051444127e-05
5.016470588e-09,8.001927495e-05
5.017058824e-09,7.957450234e-05
5.017647059e-09,7.918132129e-05
5.018235294e-09,7.884004811e-05
5.018823529e-09,7.855016823e-05
5.019411765e-09,7.831039248e-05
5.02e-09,7.811871808e-05
5.020588235e-09,0.0001066061135
5.021176471e-09,0.0001062094759
5.021764706e-09,0.0001058472511
5.022352941e-09,0.0001055150438
5.022941176e-09,0.0001052083052
5.023529412e-09,0.0001049223691
5.024117647e-09,0.0001046524916
5.024705882e-09,0.0001043938948
5.025294118e-09,0.00010414181
5.025882353e-09,0.0001038915225
5.026470588e-09,0.0001036384136
5.027058824e-09,0.000103378002
5.027647059e-09,0.000103105982
5.028235294e-09,0.0001028182582
5.028823529e-09,0.0001025109776
5.029411765e-09,0.0001021805565
5.03e-09,0.0001018237051
5.030588235e-09,0.000101437446
5.031176471e-09,0.0001010191308
5.031764706e-09,0.000100566451
5.032352941e-09,0.0001000774461
5.032941176e-09,9.955050768e-05
5.033529412e-09,9.898438049e-05
5.034117647e-09,9.837816028e-05
5.034705882e-09,9.773128901e-05
5.035294118e-09,9.704354765e-05
5.035882353e-09,9.631504695e-05
5.036470588e-09,9.554621642e-05
5.037058824e-09,9.47377919e-05
5.037647059e-09,9.389080198e-05
5.038235294e-09,9.300655347e-05
5.038823529e-09,9.208661631e-05
