t,pulse
0,-1.303660534e-07
5.882352941e-13,-2.607651745e-07
1.176470588e-12,-3.912042264e-07
1.764705882e-12,-5.216898596e-07
2.352941176e-12,-6.522189447e-07
2.941176471e-12,-7.827879659e-07
3.529411765e-12,-9.133838614e-07
4.117647059e-12,-1.043993841e-06
4.705882353e-12,-1.1745966e-06
5.294117647e-12,-1.305172498e-06
5.882352941e-12,-1.435695051e-06
6.470588235e-12,-1.566141334e-06
7.058823529e-12,-1.696483611e-06
7.647058824e-12,-1.826699801e-06
8.235294118e-12,-1.956765056e-06
8.823529412e-12,-2.086662126e-06
9.411764706e-12,-2.216372713e-06
1e-11,-2.345887569e-06
1.058823529e-11,-2.475197499e-06
1.117647059e-11,-2.604303075e-06
1.176470588e-11,-2.733205211e-06
1.235294118e-11,-2.861914448e-06
1.294117647e-11,-2.990441091e-06
1.352941176e-11,-3.118804103e-06
1.411764706e-11,-3.247020858e-06
1.470588235e-11,-3.375115749e-06
1.529411765e-11,-3.503109691e-06
1.588235294e-11,-3.631028583e-06
1.647058824e-11,-3.758892741e-06
1.705882353e-11,-3.886725389e-06
1.764705882e-11,-4.014542197e-06
1.823529412e-11,-4.142359984e-06
1.882352941e-11,-4.139820459e-06
1.941176471e-11,-4.137264374e-06
2e-11,-4.134682805e-06
2.058823529e-11,-4.132066703e-06
2.117647059e-11,-4.129407055e-06
2.176470588e-11,-4.126695423e-06
2.235294118e-11,-4.123924095e-06
2.294117647e-11,-4.121086577e-06
2.352941176e-11,-4.118177668e-06
2.411764706e-11,-4.115193856e-06
2.470588235e-11,-4.112133262e-06
2.529411765e-11,-4.108995898e-06
2.588235294e-11,-4.105783467e-06
2.647058824e-11,-4.10249947e-06
2.705882353e-11,-4.099148859e-06
2.764705882e-11,-4.095738024e-06
2.823529412e-11,-4.092274336e-06
2.882352941e-11,-4.088766051e-06
2.941176471e-11,-4.085221804e-06
3e-11,-4.081650488e-06
3.058823529e-11,-4.078060766e-06
3.117647059e-11,-4.074461e-06
3.176470588e-11,-4.070858827e-06
3.235294118e-11,-4.06726119e-06
3.294117647e-11,-4.063674034e-06
3.352941176e-11,-4.060102464e-06
3.411764706e-11,-4.056550574e-06
3.470588235e-11,-4.053021735e-06
3.529411765e-11,-4.049518546e-06
3.588235294e-11,-4.046043217e-06
3.647058824e-11,-4.0425976e-06
3.705882353e-11,-4.039183618e-06
3.764705882e-11,-4.035803309e-06
3.823529412e-11,-4.032459239e-06
3.882352941e-11,-4.029154486e-06
3.941176471e-11,-4.025892967e-06
4e-11,-4.022679313e-06
4.058823529e-11,-4.019519056e-06
4.117647059e-11,-4.01641835e-06
4.176470588e-11,-4.013384002e-06
4.235294118e-11,-4.010423035e-06
4.294117647e-11,-4.007542572e-06
4.352941176e-11,-4.004749272e-06
4.411764706e-11,-4.002049112e-06
4.470588235e-11,-3.999446755e-06
4.529411765e-11,-3.99694531e-06
4.588235294e-11,-3.994545715e-06
4.647058824e-11,-3.992246552e-06
4.705882353e-11,-3.990043544e-06
4.764705882e-11,-3.987929511e-06
4.823529412e-11,-3.985894045e-06
4.882352941e-11,-3.983923688e-06
4.941176471e-11,-3.982001829e-06
5e-11,-3.980109129e-06
5.058823529e-11,-3.978223662e-06
5.117647059e-11,-3.976321572e-06
5.176470588e-11,-3.974377426e-06
5.235294118e-11,-3.972365047e-06
5.294117647e-11,-3.970258012e-06
5.352941176e-11,-3.968030573e-06
5.411764706e-11,-3.965658195e-06
5.470588235e-11,-3.963118459e-06
5.529411765e-11,-3.960391525e-06
5.588235294e-11,-3.957460912e-06
5.647058824e-11,-3.954313775e-06
5.705882353e-11,-3.950941468e-06
5.764705882e-11,-3.94733956e-06
5.823529412e-11,-3.943508122e-06
5.882352941e-11,-3.939451445e-06
5.941176471e-11,-3.935178032e-06
6e-11,-3.930700038e-06
6.058823529e-11,-3.926032998e-06
6.117647059e-11,-3.921195046e-06
6.176470588e-11,-3.916206461e-06
6.235294118e-11,-3.911088757e-06
6.294117647e-11,-3.905864161e-06
6.352941176e-11,-3.900554688e-06
6.411764706e-11,-3.895181666e-06
6.470588235e-11,-3.889764919e-06
6.529411765e-11,-3.884322447e-06
6.588235294e-11,-3.878869805e-06
6.647058824e-11,-3.873420025e-06
6.705882353e-11,-3.867983253e-06
6.764705882e-11,-3.862566938e-06
6.823529412e-11,-3.857175741e-06
6.882352941e-11,-3.851811984e-06
6.941176471e-11,-3.846475787e-06
7e-11,-3.841165714e-06
7.058823529e-11,-3.835879065e-06
7.117647059e-11,-3.830612617e-06
7.176470588e-11,-3.825362968e-06
7.235294118e-11,-3.820127269e-06
7.294117647e-11,-3.814903491e-06
7.352941176e-11,-3.80969105e-06
7.411764706e-11,-3.804490906e-06
7.470588235e-11,-3.799305982e-06
7.529411765e-11,-3.794141039e-06
7.588235294e-11,-3.789002852e-06
7.647058824e-11,-3.78389983e-06
7.705882353e-11,-3.778841955e-06
7.764705882e-11,-3.773840183e-06
7.823529412e-11,-3.768906191e-06
7.882352941e-11,-3.764051636e-06
7.941176471e-11,-3.759287794e-06
8e-11,-3.754624776e-06
8.058823529e-11,-3.75007118e-06
8.117647059e-11,-3.745633365e-06
8.176470588e-11,-3.741315223e-06
8.235294118e-11,-3.737117624e-06
8.294117647e-11,-3.73303839e-06
8.352941176e-11,-3.729071976e-06
8.411764706e-11,-3.725209709e-06
8.470588235e-11,-3.721439729e-06
8.529411765e-11,-3.717747494e-06
8.588235294e-11,-3.714115969e-06
8.647058824e-11,-3.710526345e-06
8.705882353e-11,-3.706958417e-06
8.764705882e-11,-3.70339144e-06
8.823529412e-11,-3.699804587e-06
8.882352941e-11,-3.696177836e-06
8.941176471e-11,-3.692492406e-06
9e-11,-3.68873156e-06
9.058823529e-11,-3.6848809e-06
9.117647059e-11,-3.680929e-06
9.176470588e-11,-3.676867484e-06
9.235294118e-11,-3.672691412e-06
9.294117647e-11,-3.6683991e-06
9.352941176e-11,-3.663992248e-06
9.411764706e-11,-3.659475504e-06
9.470588235e-11,-3.65485635e-06
9.529411765e-11,-3.650144469e-06
9.588235294e-11,-3.645351455e-06
9.647058824e-11,-3.640490057e-06
9.705882353e-11,-3.635573823e-06
9.764705882e-11,-3.630616313e-06
9.823529412e-11,-3.625630776e-06
9.882352941e-11,-3.620629448e-06
9.941176471e-11,-3.615623348e-06
1e-10,-3.610621735e-06
1.005882353e-10,-3.605632101e-06
1.011764706e-10,-3.600659833e-06
1.017647059e-10,-3.595708426e-06
1.023529412e-10,-3.59077936e-06
1.029411765e-10,-3.585872514e-06
1.035294118e-10,-3.580986222e-06
1.041176471e-10,-3.57611784e-06
1.047058824e-10,-3.571263909e-06
1.052941176e-10,-3.566420789e-06
1.058823529e-10,-3.561584849e-06
1.064705882e-10,-3.556753073e-06
1.070588235e-10,-3.551923183e-06
1.076470588e-10,-3.547094143e-06
1.082352941e-10,-3.542266136e-06
1.088235294e-10,-3.537440904e-06
1.094117647e-10,-3.532621546e-06
1.1e-10,-3.527812661e-06
1.105882353e-10,-3.52301996e-06
1.111764706e-10,-3.51825024e-06
1.117647059e-10,-3.513510834e-06
1.123529412e-10,-3.508809464e-06
1.129411765e-10,-3.504153603e-06
1.135294118e-10,-3.499550277e-06
1.141176471e-10,-3.495005424e-06
1.147058824e-10,-3.490523728e-06
1.152941176e-10,-3.486108058e-06
1.158823529e-10,-3.48175942e-06
1.164705882e-10,-3.477476536e-06
1.170588235e-10,-3.473255967e-06
1.176470588e-10,-3.469091882e-06
1.182352941e-10,-3.464976369e-06
1.188235294e-10,-3.460899394e-06
1.194117647e-10,-3.45684929e-06
1.2e-10,-3.452812873e-06
1.205882353e-10,-3.448776059e-06
1.211764706e-10,-3.444724073e-06
1.217647059e-10,-3.440642126e-06
1.223529412e-10,-3.43651564e-06
1.229411765e-10,-3.432330902e-06
1.235294118e-10,-3.428075223e-06
1.241176471e-10,-3.423737499e-06
1.247058824e-10,-3.419308244e-06
1.252941176e-10,-3.414779997e-06
1.258823529e-10,-3.4101472e-06
1.264705882e-10,-3.40540643e-06
1.270588235e-10,-3.400556113e-06
1.276470588e-10,-3.395596605e-06
1.282352941e-10,-3.390529762e-06
1.288235294e-10,-3.38535892e-06
1.294117647e-10,-3.380088384e-06
1.3e-10,-3.374723361e-06
1.305882353e-10,-3.36926944e-06
1.311764706e-10,-3.363732554e-06
1.317647059e-10,-3.358118519e-06
1.323529412e-10,-3.352433083e-06
1.329411765e-10,-3.346681575e-06
1.335294118e-10,-3.340869082e-06
1.341176471e-10,-3.33500023e-06
1.347058824e-10,-3.329079497e-06
1.352941176e-10,-3.323111115e-06
1.358823529e-10,-3.317099494e-06
1.364705882e-10,-3.311049202e-06
1.370588235e-10,-3.304965444e-06
1.376470588e-10,-3.298854063e-06
1.382352941e-10,-3.292721996e-06
1.388235294e-10,-3.286577224e-06
1.394117647e-10,-3.280429139e-06
1.4e-10,-3.274288371e-06
1.405882353e-10,-3.268167011e-06
1.411764706e-10,-3.262078274e-06
1.417647059e-10,-3.256036547e-06
1.423529412e-10,-3.25005688e-06
1.429411765e-10,-3.24415487e-06
1.435294118e-10,-3.238346e-06
1.441176471e-10,-3.232645409e-06
1.447058824e-10,-3.227067149e-06
1.452941176e-10,-3.221623909e-06
1.458823529e-10,-3.216326272e-06
1.464705882e-10,-3.211182491e-06
1.470588235e-10,-3.206197848e-06
1.476470588e-10,-3.201374561e-06
1.482352941e-10,-3.196711328e-06
1.488235294e-10,-3.192203449e-06
1.494117647e-10,-3.187842601e-06
1.5e-10,-3.183617212e-06
1.505882353e-10,-3.179512488e-06
1.511764706e-10,-3.175511031e-06
1.517647059e-10,-3.171593083e-06
1.523529412e-10,-3.16773734e-06
1.529411765e-10,-3.163921345e-06
1.535294118e-10,-3.160122403e-06
1.541176471e-10,-3.156318027e-06
1.547058824e-10,-3.152486839e-06
1.552941176e-10,-3.148608956e-06
1.558823529e-10,-3.144666766e-06
1.564705882e-10,-3.140645148e-06
1.570588235e-10,-3.136532034e-06
1.576470588e-10,-3.132318374e-06
1.582352941e-10,-3.127998437e-06
1.588235294e-10,-3.123569494e-06
1.594117647e-10,-3.119031836e-06
1.6e-10,-3.114388197e-06
1.605882353e-10,-3.10964354e-06
1.611764706e-10,-3.10480428e-06
1.617647059e-10,-3.099877925e-06
1.623529412e-10,-3.094872207e-06
1.629411765e-10,-3.089794693e-06
1.635294118e-10,-3.084651947e-06
1.641176471e-10,-3.079449233e-06
1.647058824e-10,-3.07418983e-06
1.652941176e-10,-3.068874937e-06
1.658823529e-10,-3.063503228e-06
1.664705882e-10,-3.058071038e-06
1.670588235e-10,-3.052572202e-06
1.676470588e-10,-3.04699854e-06
1.682352941e-10,-3.041339985e-06
1.688235294e-10,-3.035585325e-06
1.694117647e-10,-3.029722553e-06
1.7e-10,-3.023739791e-06
1.705882353e-10,-3.017625754e-06
1.711764706e-10,-3.011370729e-06
1.717647059e-10,-3.004967025e-06
1.723529412e-10,-2.998409863e-06
1.729411765e-10,-2.991697688e-06
1.735294118e-10,-2.984832842e-06
1.741176471e-10,-2.977821608e-06
1.747058824e-10,-2.970674593e-06
1.752941176e-10,-2.96340643e-06
1.758823529e-10,-2.956035815e-06
1.764705882e-10,-2.948584872e-06
1.770588235e-10,-2.941078851e-06
1.776470588e-10,-2.933545202e-06
1.782352941e-10,-2.92601302e-06
1.788235294e-10,-2.918511917e-06
1.794117647e-10,-2.911071338e-06
1.8e-10,-2.903719374e-06
1.805882353e-10,-2.896482088e-06
1.811764706e-10,-2.889382418e-06
1.817647059e-10,-2.882439666e-06
1.823529412e-10,-2.875668622e-06
1.829411765e-10,-2.869079338e-06
1.835294118e-10,-2.862676575e-06
1.841176471e-10,-2.856459932e-06
1.847058824e-10,-2.850423669e-06
1.852941176e-10,-2.844557206e-06
1.858823529e-10,-2.838845303e-06
1.864705882e-10,-2.833268893e-06
1.870588235e-10,-2.82780554e-06
1.876470588e-10,-2.822430509e-06
1.882352941e-10,-2.817117393e-06
1.888235294e-10,-2.811839284e-06
1.894117647e-10,-2.806569428e-06
1.9e-10,-2.801282352e-06
1.905882353e-10,-2.795954415e-06
1.911764706e-10,-2.790564756e-06
1.917647059e-10,-2.785095621e-06
1.923529412e-10,-2.779533049e-06
1.929411765e-10,-2.773866893e-06
1.935294118e-10,-2.768091198e-06
1.941176471e-10,-2.762203906e-06
1.947058824e-10,-2.756206927e-06
1.952941176e-10,-2.750105563e-06
1.958823529e-10,-2.743908338e-06
1.964705882e-10,-2.737626219e-06
1.970588235e-10,-2.731272296e-06
1.976470588e-10,-2.724860912e-06
1.982352941e-10,-2.718407312e-06
1.988235294e-10,-2.711926791e-06
1.994117647e-10,-2.705434414e-06
2e-10,-2.698944298e-06
2.005882353e-10,-2.692469481e-06
2.011764706e-10,-2.686021397e-06
2.017647059e-10,-2.679609954e-06
2.023529412e-10,-2.673243218e-06
2.029411765e-10,-2.666927704e-06
2.035294118e-10,-2.660668247e-06
2.041176471e-10,-2.654468464e-06
2.047058824e-10,-2.648330758e-06
2.052941176e-10,-2.642256877e-06
2.058823529e-10,-2.636247968e-06
2.064705882e-10,-2.630305146e-06
2.070588235e-10,-2.624429508e-06
2.076470588e-10,-2.618622633e-06
2.082352941e-10,-2.612886489e-06
2.088235294e-10,-2.607223789e-06
2.094117647e-10,-2.601637747e-06
2.1e-10,-2.596132277e-06
2.105882353e-10,-2.590711579e-06
2.111764706e-10,-2.585380189e-06
2.117647059e-10,-2.580142436e-06
2.123529412e-10,-2.575002386e-06
2.129411765e-10,-2.569963228e-06
2.135294118e-10,-2.565027188e-06
2.141176471e-10,-2.560194926e-06
2.147058824e-10,-2.5554655e-06
2.152941176e-10,-2.55083585e-06
2.158823529e-10,-2.546300887e-06
2.164705882e-10,-2.541853132e-06
2.170588235e-10,-2.537482981e-06
2.176470588e-10,-2.533178522e-06
2.182352941e-10,-2.528925996e-06
2.188235294e-10,-2.524709796e-06
2.194117647e-10,-2.520513088e-06
2.2e-10,-2.516317957e-06
2.205882353e-10,-2.512106134e-06
2.211764706e-10,-2.507859212e-06
2.217647059e-10,-2.503559405e-06
2.223529412e-10,-2.49918975e-06
2.229411765e-10,-2.494734805e-06
2.235294118e-10,-2.49018076e-06
2.241176471e-10,-2.485516008e-06
2.247058824e-10,-2.480731086e-06
2.252941176e-10,-2.475819074e-06
2.258823529e-10,-2.470775349e-06
2.264705882e-10,-2.465597789e-06
2.270588235e-10,-2.460286342e-06
2.276470588e-10,-2.454843071e-06
2.282352941e-10,-2.449271584e-06
2.288235294e-10,-2.443576967e-06
2.294117647e-10,-2.437765156e-06
2.3e-10,-2.431842841e-06
2.305882353e-10,-2.425816852e-06
2.311764706e-10,-2.419694124e-06
2.317647059e-10,-2.413481174e-06
2.323529412e-10,-2.407184199e-06
2.329411765e-10,-2.400808696e-06
2.335294118e-10,-2.394359729e-06
2.341176471e-10,-2.387841722e-06
2.347058824e-10,-2.381258891e-06
2.352941176e-10,-2.374615184e-06
2.358823529e-10,-2.367914847e-06
2.364705882e-10,-2.361162456e-06
2.370588235e-10,-2.354363536e-06
2.376470588e-10,-2.347524608e-06
2.382352941e-10,-2.34065377e-06
2.388235294e-10,-2.333760666e-06
2.394117647e-10,-2.326856939e-06
2.4e-10,-2.319956036e-06
2.405882353e-10,-2.313073471e-06
2.411764706e-10,-2.306226408e-06
2.417647059e-10,-2.299433695e-06
2.423529412e-10,-2.292715224e-06
2.429411765e-10,-2.286091738e-06
2.435294118e-10,-2.279584003e-06
2.441176471e-10,-2.273212461e-06
2.447058824e-10,-2.266996276e-06
2.452941176e-10,-2.260952929e-06
2.458823529e-10,-2.255097262e-06
2.464705882e-10,-2.249441124e-06
2.470588235e-10,-2.243992529e-06
2.476470588e-10,-2.23875548e-06
2.482352941e-10,-2.233729347e-06
2.488235294e-10,-2.228908958e-06
2.494117647e-10,-2.224284285e-06
2.5e-10,-2.219840854e-06
2.505882353e-10,-2.215559759e-06
2.511764706e-10,-2.211418396e-06
2.517647059e-10,-2.207390781e-06
2.523529412e-10,-2.203448551e-06
2.529411765e-10,-2.199561504e-06
2.535294118e-10,-2.19569876e-06
2.541176471e-10,-2.191829403e-06
2.547058824e-10,-2.187923676e-06
2.552941176e-10,-2.183953574e-06
2.558823529e-10,-2.179893927e-06
2.564705882e-10,-2.175722819e-06
2.570588235e-10,-2.171422428e-06
2.576470588e-10,-2.166979157e-06
2.582352941e-10,-2.162384157e-06
2.588235294e-10,-2.157633105e-06
2.594117647e-10,-2.152726376e-06
2.6e-10,-2.14766847e-06
2.605882353e-10,-2.142467866e-06
2.611764706e-10,-2.137136162e-06
2.617647059e-10,-2.131687685e-06
2.623529412e-10,-2.126138455e-06
2.629411765e-10,-2.120505685e-06
2.635294118e-10,-2.114806699e-06
2.641176471e-10,-2.109058462e-06
2.647058824e-10,-2.103276598e-06
2.652941176e-10,-2.097475084e-06
2.658823529e-10,-2.091665483e-06
2.664705882e-10,-2.085856902e-06
2.670588235e-10,-2.080055518e-06
2.676470588e-10,-2.074264846e-06
2.682352941e-10,-2.068485577e-06
2.688235294e-10,-2.062716146e-06
2.694117647e-10,-2.05695284e-06
2.7e-10,-2.051190595e-06
2.705882353e-10,-2.04542328e-06
2.711764706e-10,-2.039644616e-06
2.717647059e-10,-2.033848509e-06
2.723529412e-10,-2.028029951e-06
2.729411765e-10,-2.022185272e-06
2.735294118e-10,-2.016312892e-06
2.741176471e-10,-2.010413373e-06
2.747058824e-10,-2.004489924e-06
2.752941176e-10,-1.998548173e-06
2.758823529e-10,-1.99259637e-06
2.764705882e-10,-1.986644857e-06
2.770588235e-10,-1.980705986e-06
2.776470588e-10,-1.974793313e-06
2.782352941e-10,-1.968921294e-06
2.788235294e-10,-1.963104307e-06
2.794117647e-10,-1.95735623e-06
2.8e-10,-1.951689413e-06
2.805882353e-10,-1.946114281e-06
2.811764706e-10,-1.9406384e-06
2.817647059e-10,-1.935266237e-06
2.823529412e-10,-1.929998445e-06
2.829411765e-10,-1.924831891e-06
2.835294118e-10,-1.919759252e-06
2.841176471e-10,-1.914769376e-06
2.847058824e-10,-1.909847217e-06
2.852941176e-10,-1.904974535e-06
2.858823529e-10,-1.900130145e-06
2.864705882e-10,-1.895290895e-06
2.870588235e-10,-1.890432146e-06
2.876470588e-10,-1.885528921e-06
2.882352941e-10,-1.880556486e-06
2.888235294e-10,-1.875491532e-06
2.894117647e-10,-1.870312711e-06
2.9e-10,-1.865001704e-06
2.905882353e-10,-1.859543571e-06
2.911764706e-10,-1.853927582e-06
2.917647059e-10,-1.848147277e-06
2.923529412e-10,-1.842200972e-06
2.929411765e-10,-1.836091472e-06
2.935294118e-10,-1.82982623e-06
2.941176471e-10,-1.823416718e-06
2.947058824e-10,-1.816878272e-06
2.952941176e-10,-1.810229188e-06
2.958823529e-10,-1.803490337e-06
2.964705882e-10,-1.7966841e-06
2.970588235e-10,-1.789833878e-06
2.976470588e-10,-1.782963002e-06
2.982352941e-10,-1.776094279e-06
2.988235294e-10,-1.769249005e-06
2.994117647e-10,-1.762446679e-06
3e-10,-1.75570423e-06
3.005882353e-10,-1.749035994e-06
3.011764706e-10,-1.742453213e-06
3.017647059e-10,-1.735964315e-06
3.023529412e-10,-1.729574707e-06
3.029411765e-10,-1.723287335e-06
3.035294118e-10,-1.717102725e-06
3.041176471e-10,-1.711019752e-06
3.047058824e-10,-1.705035849e-06
3.052941176e-10,-1.699147875e-06
3.058823529e-10,-1.693352366e-06
3.064705882e-10,-1.687646391e-06
3.070588235e-10,-1.682027726e-06
3.076470588e-10,-1.676495576e-06
3.082352941e-10,-1.671050572e-06
3.088235294e-10,-1.665695283e-06
3.094117647e-10,-1.660433966e-06
3.1e-10,-1.655272829e-06
3.105882353e-10,-1.650219529e-06
3.111764706e-10,-1.645283192e-06
3.117647059e-10,-1.640473701e-06
3.123529412e-10,-1.635801536e-06
3.129411765e-10,-1.631276927e-06
3.135294118e-10,-1.626909617e-06
3.141176471e-10,-1.622707981e-06
3.147058824e-10,-1.618678829e-06
3.152941176e-10,-1.614826604e-06
3.158823529e-10,-1.611153319e-06
3.164705882e-10,-1.607657937e-06
3.170588235e-10,-1.604336519e-06
3.176470588e-10,-1.601181841e-06
3.182352941e-10,-1.598183788e-06
3.188235294e-10,-1.595329225e-06
3.194117647e-10,-1.59260262e-06
3.2e-10,-1.58998613e-06
3.205882353e-10,-1.587460404e-06
3.211764706e-10,-1.585004801e-06
3.217647059e-10,-1.582598288e-06
3.223529412e-10,-1.580219694e-06
3.229411765e-10,-1.577848587e-06
3.235294118e-10,-1.575465469e-06
3.241176471e-10,-1.573052541e-06
3.247058824e-10,-1.570593744e-06
3.252941176e-10,-1.568075342e-06
3.258823529e-10,-1.56548576e-06
3.264705882e-10,-1.562815954e-06
3.270588235e-10,-1.560059031e-06
3.276470588e-10,-1.557210425e-06
3.282352941e-10,-1.554267336e-06
3.288235294e-10,-1.551228753e-06
3.294117647e-10,-1.54809479e-06
3.3e-10,-1.544866644e-06
3.305882353e-10,-1.541545904e-06
3.311764706e-10,-1.538134541e-06
3.317647059e-10,-1.534634286e-06
3.323529412e-10,-1.531046725e-06
3.329411765e-10,-1.527372815e-06
3.335294118e-10,-1.523613144e-06
3.341176471e-10,-1.519767618e-06
3.347058824e-10,-1.515835899e-06
3.352941176e-10,-1.511817259e-06
3.358823529e-10,-1.507711162e-06
3.364705882e-10,-1.503517235e-06
3.370588235e-10,-1.49923594e-06
3.376470588e-10,-1.494868573e-06
3.382352941e-10,-1.490417933e-06
3.388235294e-10,-1.485888267e-06
3.394117647e-10,-1.481285836e-06
3.4e-10,-1.476618717e-06
3.405882353e-10,-1.471897195e-06
3.411764706e-10,-1.467133365e-06
3.417647059e-10,-1.462341297e-06
3.423529412e-10,-1.457536425e-06
3.429411765e-10,-1.452735498e-06
3.435294118e-10,-1.44795577e-06
3.441176471e-10,-1.443214795e-06
3.447058824e-10,-1.438529498e-06
3.452941176e-10,-1.433915899e-06
3.458823529e-10,-1.429388168e-06
3.464705882e-10,-1.424958398e-06
3.470588235e-10,-1.420635762e-06
3.476470588e-10,-1.416426448e-06
3.482352941e-10,-1.412333024e-06
3.488235294e-10,-1.408354626e-06
3.494117647e-10,-1.404486609e-06
3.5e-10,-1.400721035e-06
3.505882353e-10,-1.397046632e-06
3.511764706e-10,-1.393449575e-06
3.517647059e-10,-1.389913723e-06
3.523529412e-10,-1.386421633e-06
3.529411765e-10,-1.382954974e-06
3.535294118e-10,-1.379495672e-06
3.541176471e-10,-1.37602638e-06
3.547058824e-10,-1.3725316e-06
3.552941176e-10,-1.368998069e-06
3.558823529e-10,-1.365415724e-06
3.564705882e-10,-1.361777855e-06
3.570588235e-10,-1.358081799e-06
3.576470588e-10,-1.354328762e-06
3.582352941e-10,-1.350524164e-06
3.588235294e-10,-1.34667709e-06
3.594117647e-10,-1.342800274e-06
3.6e-10,-1.338909203e-06
3.605882353e-10,-1.335021789e-06
3.611764706e-10,-1.331157221e-06
3.617647059e-10,-1.327335437e-06
3.623529412e-10,-1.323575855e-06
3.629411765e-10,-1.319896807e-06
3.635294118e-10,-1.316314311e-06
3.641176471e-10,-1.312841627e-06
3.647058824e-10,-1.309488235e-06
3.652941176e-10,-1.306259663e-06
3.658823529e-10,-1.303156792e-06
3.664705882e-10,-1.300176067e-06
3.670588235e-10,-1.297309197e-06
3.676470588e-10,-1.29454378e-06
3.682352941e-10,-1.291863405e-06
3.688235294e-10,-1.289248654e-06
3.694117647e-10,-1.28667753e-06
3.7e-10,-1.284126732e-06
3.705882353e-10,-1.281572278e-06
3.711764706e-10,-1.278990892e-06
3.717647059e-10,-1.276360655e-06
3.723529412e-10,-1.273662322e-06
3.729411765e-10,-1.270879821e-06
3.735294118e-10,-1.268001334e-06
3.741176471e-10,-1.265019484e-06
3.747058824e-10,-1.261932048e-06
3.752941176e-10,-1.258741739e-06
3.758823529e-10,-1.255456474e-06
3.764705882e-10,-1.252088717e-06
3.770588235e-10,-1.248655321e-06
3.776470588e-10,-1.245176474e-06
3.782352941e-10,-1.2416752e-06
3.788235294e-10,-1.238176019e-06
3.794117647e-10,-1.234704253e-06
3.8e-10,-1.231284573e-06
3.805882353e-10,-1.227940284e-06
3.811764706e-10,-1.224691945e-06
3.817647059e-10,-1.221556814e-06
3.823529412e-10,-1.218547719e-06
3.829411765e-10,-1.21567282e-06
3.835294118e-10,-1.212934853e-06
3.841176471e-10,-1.210331311e-06
3.847058824e-10,-1.207854128e-06
3.852941176e-10,-1.205490309e-06
3.858823529e-10,-1.203222031e-06
3.864705882e-10,-1.201027677e-06
3.870588235e-10,-1.198882278e-06
3.876470588e-10,-1.19675882e-06
3.882352941e-10,-1.194628895e-06
3.888235294e-10,-1.192464117e-06
3.894117647e-10,-1.190236806e-06
3.9e-10,-1.187921346e-06
3.905882353e-10,-1.185494718e-06
3.911764706e-10,-1.182937645e-06
3.917647059e-10,-1.180234835e-06
3.923529412e-10,-1.177375791e-06
3.929411765e-10,-1.174354683e-06
3.935294118e-10,-1.171170766e-06
3.941176471e-10,-1.167827859e-06
3.947058824e-10,-1.164334397e-06
3.952941176e-10,-1.160702565e-06
3.958823529e-10,-1.15694806e-06
3.964705882e-10,-1.153088998e-06
3.970588235e-10,-1.149145504e-06
3.976470588e-10,-1.145138539e-06
3.982352941e-10,-1.14108948e-06
3.988235294e-10,-1.137018999e-06
3.994117647e-10,-1.132946783e-06
4e-10,-1.128890601e-06
4.005882353e-10,-1.124866264e-06
4.011764706e-10,-1.12088697e-06
4.017647059e-10,-1.116963555e-06
4.023529412e-10,-1.113104145e-06
4.029411765e-10,-1.109314698e-06
4.035294118e-10,-1.10559892e-06
4.041176471e-10,-1.101959039e-06
4.047058824e-10,-1.098395896e-06
4.052941176e-10,-1.094909849e-06
4.058823529e-10,-1.091500921e-06
4.064705882e-10,-1.0881697e-06
4.070588235e-10,-1.084917429e-06
4.076470588e-10,-1.081746774e-06
4.082352941e-10,-1.078661746e-06
4.088235294e-10,-1.075668261e-06
4.094117647e-10,-1.072773811e-06
4.1e-10,-1.069987772e-06
4.105882353e-10,-1.06732082e-06
4.111764706e-10,-1.064784997e-06
4.117647059e-10,-1.062392903e-06
4.123529412e-10,-1.060157586e-06
4.129411765e-10,-1.058091604e-06
4.135294118e-10,-1.056206831e-06
4.141176471e-10,-1.054513503e-06
4.147058824e-10,-1.053020063e-06
4.152941176e-10,-1.051732307e-06
4.158823529e-10,-1.050653377e-06
4.164705882e-10,-1.049783102e-06
4.170588235e-10,-1.049118228e-06
4.176470588e-10,-1.04865201e-06
4.182352941e-10,-1.048374707e-06
4.188235294e-10,-1.048273438e-06
4.194117647e-10,-1.04833293e-06
4.2e-10,-1.048535588e-06
4.205882353e-10,-1.048862426e-06
4.211764706e-10,-1.049293272e-06
4.217647059e-10,-1.04980778e-06
4.223529412e-10,-1.050385652e-06
4.229411765e-10,-1.051007625e-06
4.235294118e-10,-1.051655595e-06
4.241176471e-10,-1.052313467e-06
4.247058824e-10,-1.052967096e-06
4.252941176e-10,-1.053604924e-06
4.258823529e-10,-1.054217685e-06
4.264705882e-10,-1.054798797e-06
4.270588235e-10,-1.055343833e-06
4.276470588e-10,-1.055850688e-06
4.282352941e-10,-1.05631886e-06
4.288235294e-10,-1.056749465e-06
4.294117647e-10,-1.057144407e-06
4.3e-10,-1.057506341e-06
4.305882353e-10,-1.057837846e-06
4.311764706e-10,-1.058141434e-06
4.317647059e-10,-1.058418829e-06
4.323529412e-10,-1.058671127e-06
4.329411765e-10,-1.05889825e-06
4.335294118e-10,-1.059099317e-06
4.341176471e-10,-1.059272314e-06
4.347058824e-10,-1.059414681e-06
4.352941176e-10,-1.05952319e-06
4.358823529e-10,-1.059594701e-06
4.364705882e-10,-1.059626183e-06
4.370588235e-10,-1.059615566e-06
4.376470588e-10,-1.059561789e-06
4.382352941e-10,-1.059465637e-06
4.388235294e-10,-1.059329711e-06
4.394117647e-10,-1.059159128e-06
4.4e-10,-1.058961296e-06
4.405882353e-10,-1.05874639e-06
4.411764706e-10,-1.058526861e-06
4.417647059e-10,-1.05831763e-06
4.423529412e-10,-1.058135306e-06
4.429411765e-10,-1.057998101e-06
4.435294118e-10,-1.057924799e-06
4.441176471e-10,-1.057934456e-06
4.447058824e-10,-1.058045204e-06
4.452941176e-10,-1.058273854e-06
4.458823529e-10,-1.058634667e-06
4.464705882e-10,-1.059139006e-06
4.470588235e-10,-1.059794226e-06
4.476470588e-10,-1.060603516e-06
4.482352941e-10,-1.06156505e-06
4.488235294e-10,-1.062672146e-06
4.494117647e-10,-1.063912776e-06
4.5e-10,-1.065270109e-06
4.505882353e-10,-1.066722429e-06
4.511764706e-10,-1.068244069e-06
4.517647059e-10,-1.069805695e-06
4.523529412e-10,-1.07137558e-06
4.529411765e-10,-1.072920156e-06
4.535294118e-10,-1.074405491e-06
4.541176471e-10,-1.07579797e-06
4.547058824e-10,-1.077065806e-06
4.552941176e-10,-1.078179671e-06
4.558823529e-10,-1.079114065e-06
4.564705882e-10,-1.079847724e-06
4.570588235e-10,-1.080364693e-06
4.576470588e-10,-1.080654368e-06
4.582352941e-10,-1.080712175e-06
4.588235294e-10,-1.080539167e-06
4.594117647e-10,-1.080142267e-06
4.6e-10,-1.079533429e-06
4.605882353e-10,-1.078729481e-06
4.611764706e-10,-1.07775093e-06
4.617647059e-10,-1.076621511e-06
4.623529412e-10,-1.075366783e-06
4.629411765e-10,-1.074013543e-06
4.635294118e-10,-1.07258839e-06
4.641176471e-10,-1.07111719e-06
4.647058824e-10,-1.069623786e-06
4.652941176e-10,-1.06812969e-06
4.658823529e-10,-1.066653088e-06
4.664705882e-10,-1.065208894e-06
4.670588235e-10,-1.063808135e-06
4.676470588e-10,-1.062458423e-06
4.682352941e-10,-1.061163757e-06
4.688235294e-10,-1.059925379e-06
4.694117647e-10,-1.058741928e-06
4.7e-10,-1.057610597e-06
4.705882353e-10,-1.056527503e-06
4.711764706e-10,-1.055488986e-06
4.717647059e-10,-1.054492032e-06
4.723529412e-10,-1.053535522e-06
4.729411765e-10,-1.052620527e-06
4.735294118e-10,-1.051751331e-06
4.741176471e-10,-1.050935428e-06
4.747058824e-10,-1.050184195e-06
4.752941176e-10,-1.049512479e-06
4.758823529e-10,-1.048938841e-06
4.764705882e-10,-1.048484711e-06
4.770588235e-10,-1.048174217e-06
4.776470588e-10,-1.048032953e-06
4.782352941e-10,-1.048087488e-06
4.788235294e-10,-1.048363877e-06
4.794117647e-10,-1.048887001e-06
4.8e-10,-1.049679004e-06
4.805882353e-10,-1.050758663e-06
4.811764706e-10,-1.052139945e-06
4.817647059e-10,-1.053831601e-06
4.823529412e-10,-1.055836036e-06
4.829411765e-10,-1.058149282e-06
4.835294118e-10,-1.060760316e-06
4.841176471e-10,-1.063651514e-06
4.847058824e-10,-1.066798468e-06
4.852941176e-10,-1.070170946e-06
4.858823529e-10,-1.07373318e-06
4.864705882e-10,-1.077445253e-06
4.870588235e-10,-1.081263756e-06
4.876470588e-10,-1.085143463e-06
4.882352941e-10,-1.089038179e-06
4.888235294e-10,-1.092902509e-06
4.894117647e-10,-1.0966927e-06
4.9e-10,-1.100368298e-06
4.905882353e-10,-1.103892775e-06
4.911764706e-10,-1.1072349e-06
4.917647059e-10,-1.110368988e-06
4.923529412e-10,-1.113275849e-06
4.929411765e-10,-1.115942572e-06
4.935294118e-10,-1.118362994e-06
4.941176471e-10,-1.120537006e-06
4.947058824e-10,-1.122470569e-06
4.952941176e-10,-1.124174617e-06
4.958823529e-10,-1.125664722e-06
4.964705882e-10,-1.126959725e-06
4.970588235e-10,-1.128081215e-06
4.976470588e-10,-1.129052064e-06
4.982352941e-10,-1.1298959e-06
4.988235294e-10,-1.130635729e-06
4.994117647e-10,-1.131293582e-06
5e-10,-1.131889372e-06
5.005882353e-10,-1.132440847e-06
5.011764706e-10,-1.132962788e-06
5.017647059e-10,-1.133467332e-06
5.023529412e-10,-1.133963543e-06
5.029411765e-10,-1.134458092e-06
5.035294118e-10,-1.134955162e-06
5.041176471e-10,-1.135457409e-06
5.047058824e-10,-1.135966085e-06
5.052941176e-10,-1.136482159e-06
5.058823529e-10,-1.137006511e-06
5.064705882e-10,-1.13754105e-06
5.070588235e-10,-1.138088827e-06
5.076470588e-10,-1.138655004e-06
5.082352941e-10,-1.139246752e-06
5.088235294e-10,-1.139873952e-06
5.094117647e-10,-1.140548795e-06
5.1e-10,-1.141286157e-06
5.105882353e-10,-1.142102879e-06
5.111764706e-10,-1.143017835e-06
5.117647059e-10,-1.144050925e-06
5.123529412e-10,-1.145222918e-06
5.129411765e-10,-1.146554263e-06
5.135294118e-10,-1.148064823e-06
5.141176471e-10,-1.149772649e-06
5.147058824e-10,-1.151693751e-06
5.152941176e-10,-1.153840976e-06
5.158823529e-10,-1.156223961e-06
5.164705882e-10,-1.158848242e-06
5.170588235e-10,-1.161715486e-06
5.176470588e-10,-1.164822919e-06
5.182352941e-10,-1.168163888e-06
5.188235294e-10,-1.171727618e-06
5.194117647e-10,-1.175500097e-06
5.2e-10,-1.179464121e-06
5.205882353e-10,-1.183600416e-06
5.211764706e-10,-1.18788788e-06
5.217647059e-10,-1.192304825e-06
5.223529412e-10,-1.196829273e-06
5.229411765e-10,-1.201440187e-06
5.235294118e-10,-1.206117673e-06
5.241176471e-10,-1.210844071e-06
5.247058824e-10,-1.215603949e-06
5.252941176e-10,-1.22038494e-06
5.258823529e-10,-1.225177461e-06
5.264705882e-10,-1.229975252e-06
5.270588235e-10,-1.234774791e-06
5.276470588e-10,-1.239575559e-06
5.282352941e-10,-1.244379189e-06
5.288235294e-10,-1.249189519e-06
5.294117647e-10,-1.254011581e-06
5.3e-10,-1.258851544e-06
5.305882353e-10,-1.263715663e-06
5.311764706e-10,-1.268610244e-06
5.317647059e-10,-1.273540671e-06
5.323529412e-10,-1.278511518e-06
5.329411765e-10,-1.283525754e-06
5.335294118e-10,-1.288585075e-06
5.341176471e-10,-1.293689357e-06
5.347058824e-10,-1.298837229e-06
5.352941176e-10,-1.30402577e-06
5.358823529e-10,-1.309251307e-06
5.364705882e-10,-1.31450929e-06
5.370588235e-10,-1.319795233e-06
5.376470588e-10,-1.325104671e-06
5.382352941e-10,-1.33043412e-06
5.388235294e-10,-1.335781e-06
5.394117647e-10,-1.341144489e-06
5.4e-10,-1.346525284e-06
5.405882353e-10,-1.351926248e-06
5.411764706e-10,-1.357351921e-06
5.417647059e-10,-1.362808902e-06
5.423529412e-10,-1.368305066e-06
5.429411765e-10,-1.373849679e-06
5.435294118e-10,-1.379452359e-06
5.441176471e-10,-1.385122973e-06
5.447058824e-10,-1.390870437e-06
5.452941176e-10,-1.396702511e-06
5.458823529e-10,-1.402624565e-06
5.464705882e-10,-1.408639429e-06
5.470588235e-10,-1.414746278e-06
5.476470588e-10,-1.42094068e-06
5.482352941e-10,-1.427213753e-06
5.488235294e-10,-1.433552533e-06
5.494117647e-10,-1.439939502e-06
5.5e-10,-1.446353346e-06
5.505882353e-10,-1.452768888e-06
5.511764706e-10,-1.459158241e-06
5.517647059e-10,-1.465491098e-06
5.523529412e-10,-1.471736202e-06
5.529411765e-10,-1.477861877e-06
5.535294118e-10,-1.483837672e-06
5.541176471e-10,-1.489634966e-06
5.547058824e-10,-1.495228588e-06
5.552941176e-10,-1.500597309e-06
5.558823529e-10,-1.505725246e-06
5.564705882e-10,-1.510602039e-06
5.570588235e-10,-1.515223881e-06
5.576470588e-10,-1.519593245e-06
5.582352941e-10,-1.523719424e-06
5.588235294e-10,-1.527617743e-06
5.594117647e-10,-1.531309583e-06
5.6e-10,-1.534821108e-06
5.605882353e-10,-1.53818284e-06
5.611764706e-10,-1.541428e-06
5.617647059e-10,-1.544591797e-06
5.623529412e-10,-1.547709564e-06
5.629411765e-10,-1.550815957e-06
5.635294118e-10,-1.553943125e-06
5.641176471e-10,-1.557120041e-06
5.647058824e-10,-1.56037092e-06
5.652941176e-10,-1.563714906e-06
5.658823529e-10,-1.567164921e-06
5.664705882e-10,-1.570727848e-06
5.670588235e-10,-1.574403931e-06
5.676470588e-10,-1.578187524e-06
5.682352941e-10,-1.582067041e-06
5.688235294e-10,-1.586026248e-06
5.694117647e-10,-1.590044687e-06
5.7e-10,-1.594099362e-06
5.705882353e-10,-1.598165477e-06
5.711764706e-10,-1.602218317e-06
5.717647059e-10,-1.606234068e-06
5.723529412e-10,-1.610191657e-06
5.729411765e-10,-1.614073403e-06
5.735294118e-10,-1.617866591e-06
5.741176471e-10,-1.621563738e-06
5.747058824e-10,-1.625163707e-06
5.752941176e-10,-1.628671444e-06
5.758823529e-10,-1.632098526e-06
5.764705882e-10,-1.635462313e-06
5.770588235e-10,-1.638785928e-06
5.776470588e-10,-1.64209687e-06
5.782352941e-10,-1.645426521e-06
5.788235294e-10,-1.648808371e-06
5.794117647e-10,-1.652277231e-06
5.8e-10,-1.655867282e-06
5.805882353e-10,-1.659611233e-06
5.811764706e-10,-1.663538435e-06
5.817647059e-10,-1.66767423e-06
5.823529412e-10,-1.672038367e-06
5.829411765e-10,-1.676644751e-06
5.835294118e-10,-1.681500332e-06
5.841176471e-10,-1.686605401e-06
5.847058824e-10,-1.691953051e-06
5.852941176e-10,-1.697530048e-06
5.858823529e-10,-1.703316861e-06
5.864705882e-10,-1.70928906e-06
5.870588235e-10,-1.715417794e-06
5.876470588e-10,-1.721671565e-06
5.882352941e-10,-1.728016975e-06
5.888235294e-10,-1.734420658e-06
5.894117647e-10,-1.740850067e-06
5.9e-10,-1.747275327e-06
5.905882353e-10,-1.753669824e-06
5.911764706e-10,-1.760011766e-06
5.917647059e-10,-1.766284381e-06
5.923529412e-10,-1.772477017e-06
5.929411765e-10,-1.77858484e-06
5.935294118e-10,-1.784609395e-06
5.941176471e-10,-1.790557768e-06
5.947058824e-10,-1.796442643e-06
5.952941176e-10,-1.802280988e-06
5.958823529e-10,-1.808093718e-06
5.964705882e-10,-1.813904064e-06
5.970588235e-10,-1.819737013e-06
5.976470588e-10,-1.825617559e-06
5.982352941e-10,-1.831570137e-06
5.988235294e-10,-1.837616971e-06
5.994117647e-10,-1.843777695e-06
6e-10,-1.850067988e-06
6.005882353e-10,-1.856499553e-06
6.011764706e-10,-1.863079154e-06
6.017647059e-10,-1.869809038e-06
6.023529412e-10,-1.876686422e-06
6.029411765e-10,-1.883704366e-06
6.035294118e-10,-1.890851662e-06
6.041176471e-10,-1.898114072e-06
6.047058824e-10,-1.90547451e-06
6.052941176e-10,-1.912914497e-06
6.058823529e-10,-1.920414469e-06
6.064705882e-10,-1.927955271e-06
6.070588235e-10,-1.935518408e-06
6.076470588e-10,-1.943087402e-06
6.082352941e-10,-1.950647825e-06
6.088235294e-10,-1.958188376e-06
6.094117647e-10,-1.965700593e-06
6.1e-10,-1.973179564e-06
6.105882353e-10,-1.980623281e-06
6.111764706e-10,-1.98803299e-06
6.117647059e-10,-1.995412215e-06
6.123529412e-10,-2.002766828e-06
6.129411765e-10,-2.010103835e-06
6.135294118e-10,-2.017431301e-06
6.141176471e-10,-2.024757049e-06
6.147058824e-10,-2.032088587e-06
6.152941176e-10,-2.039431879e-06
6.158823529e-10,-2.046791429e-06
6.164705882e-10,-2.054169266e-06
6.170588235e-10,-2.061565288e-06
6.176470588e-10,-2.068976559e-06
6.182352941e-10,-2.076397968e-06
6.188235294e-10,-2.083821849e-06
6.194117647e-10,-2.091238957e-06
6.2e-10,-2.098638352e-06
6.205882353e-10,-2.106008612e-06
6.211764706e-10,-2.113337876e-06
6.217647059e-10,-2.12061516e-06
6.223529412e-10,-2.127830423e-06
6.229411765e-10,-2.134975825e-06
6.235294118e-10,-2.142045676e-06
6.241176471e-10,-2.149037495e-06
6.247058824e-10,-2.155951707e-06
6.252941176e-10,-2.162792417e-06
6.258823529e-10,-2.169566781e-06
6.264705882e-10,-2.176285452e-06
6.270588235e-10,-2.18296163e-06
6.276470588e-10,-2.189611204e-06
6.282352941e-10,-2.196251545e-06
6.288235294e-10,-2.202901451e-06
6.294117647e-10,-2.209579797e-06
6.3e-10,-2.216305425e-06
6.305882353e-10,-2.223095802e-06
6.311764706e-10,-2.229967004e-06
6.317647059e-10,-2.236932547e-06
6.323529412e-10,-2.244003599e-06
6.329411765e-10,-2.251188089e-06
6.335294118e-10,-2.258491249e-06
6.341176471e-10,-2.26591506e-06
6.347058824e-10,-2.273459142e-06
6.352941176e-10,-2.281120527e-06
6.358823529e-10,-2.288894841e-06
6.364705882e-10,-2.296776316e-06
6.370588235e-10,-2.304759154e-06
6.376470588e-10,-2.312837634e-06
6.382352941e-10,-2.321007484e-06
6.388235294e-10,-2.329265928e-06
6.394117647e-10,-2.337612891e-06
6.4e-10,-2.346050809e-06
6.405882353e-10,-2.354585537e-06
6.411764706e-10,-2.36322579e-06
6.417647059e-10,-2.371983657e-06
6.423529412e-10,-2.380873629e-06
6.429411765e-10,-2.389912707e-06
6.435294118e-10,-2.399119036e-06
6.441176471e-10,-2.408511678e-06
6.447058824e-10,-2.418108978e-06
6.452941176e-10,-2.427928138e-06
6.458823529e-10,-2.437983478e-06
6.464705882e-10,-2.448286024e-06
6.470588235e-10,-2.45884187e-06
6.476470588e-10,-2.469651972e-06
6.482352941e-10,-2.480710822e-06
6.488235294e-10,-2.49200663e-06
6.494117647e-10,-2.503520458e-06
6.5e-10,-2.515226914e-06
6.505882353e-10,-2.527093818e-06
6.511764706e-10,-2.539083439e-06
6.517647059e-10,-2.551152674e-06
6.523529412e-10,-2.563254762e-06
6.529411765e-10,-2.575339859e-06
6.535294118e-10,-2.587357076e-06
6.541176471e-10,-2.59925526e-06
6.547058824e-10,-2.610985131e-06
6.552941176e-10,-2.622500042e-06
6.558823529e-10,-2.633757973e-06
6.564705882e-10,-2.644722033e-06
6.570588235e-10,-2.655362083e-06
6.576470588e-10,-2.665654793e-06
6.582352941e-10,-2.675584742e-06
6.588235294e-10,-2.685143896e-06
6.594117647e-10,-2.694332131e-06
6.6e-10,-2.70315612e-06
6.605882353e-10,-2.7116293e-06
6.611764706e-10,-2.719770273e-06
6.617647059e-10,-2.727602357e-06
6.623529412e-10,-2.735151665e-06
6.629411765e-10,-2.74244646e-06
6.635294118e-10,-2.749515151e-06
6.641176471e-10,-2.756385693e-06
6.647058824e-10,-2.76308375e-06
6.652941176e-10,-2.769632382e-06
6.658823529e-10,-2.776050582e-06
6.664705882e-10,-2.782353431e-06
6.670588235e-10,-2.788551156e-06
6.676470588e-10,-2.79464984e-06
6.682352941e-10,-2.800651044e-06
6.688235294e-10,-2.80655305e-06
6.694117647e-10,-2.812350976e-06
6.7e-10,-2.818038441e-06
6.705882353e-10,-2.823607993e-06
6.711764706e-10,-2.829052996e-06
6.717647059e-10,-2.834368145e-06
6.723529412e-10,-2.839551312e-06
6.729411765e-10,-2.8446039e-06
6.735294118e-10,-2.849532405e-06
6.741176471e-10,-2.854348374e-06
6.747058824e-10,-2.859069488e-06
6.752941176e-10,-2.863718964e-06
6.758823529e-10,-2.868326051e-06
6.764705882e-10,-2.872924827e-06
6.770588235e-10,-2.877554102e-06
6.776470588e-10,-2.882255666e-06
6.782352941e-10,-2.88707372e-06
6.788235294e-10,-2.892052742e-06
6.794117647e-10,-2.897236645e-06
6.8e-10,-2.902666504e-06
6.805882353e-10,-2.908379713e-06
6.811764706e-10,-2.91440784e-06
6.817647059e-10,-2.920776057e-06
6.823529412e-10,-2.927501384e-06
6.829411765e-10,-2.934592623e-06
6.835294118e-10,-2.942049183e-06
6.841176471e-10,-2.94986167e-06
6.847058824e-10,-2.958011384e-06
6.852941176e-10,-2.9664716e-06
6.858823529e-10,-2.975207722e-06
6.864705882e-10,-2.984179164e-06
6.870588235e-10,-2.993340028e-06
6.876470588e-10,-3.002641398e-06
6.882352941e-10,-3.012032313e-06
6.888235294e-10,-3.021462221e-06
6.894117647e-10,-3.030881966e-06
6.9e-10,-3.040246125e-06
6.905882353e-10,-3.049513731e-06
6.911764706e-10,-3.058650236e-06
6.917647059e-10,-3.067627746e-06
6.923529412e-10,-3.076426422e-06
6.929411765e-10,-3.085034095e-06
6.935294118e-10,-3.093447016e-06
6.941176471e-10,-3.10166883e-06
6.947058824e-10,-3.109710707e-06
6.952941176e-10,-3.117589759e-06
6.958823529e-10,-3.1253287e-06
6.964705882e-10,-3.132953881e-06
6.970588235e-10,-3.140494695e-06
6.976470588e-10,-3.147981478e-06
6.982352941e-10,-3.155444912e-06
6.988235294e-10,-3.16291404e-06
6.994117647e-10,-3.170415911e-06
7e-10,-3.177973931e-06
7.005882353e-10,-3.185607931e-06
7.011764706e-10,-3.193332998e-06
7.017647059e-10,-3.201160064e-06
7.023529412e-10,-3.209095259e-06
7.029411765e-10,-3.217141009e-06
7.035294118e-10,-3.225295853e-06
7.041176471e-10,-3.233555938e-06
7.047058824e-10,-3.241915149e-06
7.052941176e-10,-3.250366819e-06
7.058823529e-10,-3.258903955e-06
7.064705882e-10,-3.267520941e-06
7.070588235e-10,-3.276213639e-06
7.076470588e-10,-3.284980869e-06
7.082352941e-10,-3.293824185e-06
7.088235294e-10,-3.302748963e-06
7.094117647e-10,-3.311763735e-06
7.1e-10,-3.320880796e-06
7.105882353e-10,-3.330115055e-06
7.111764706e-10,-3.339484186e-06
7.117647059e-10,-3.349007057e-06
7.123529412e-10,-3.358703536e-06
7.129411765e-10,-3.368592645e-06
7.135294118e-10,-3.378692205e-06
7.141176471e-10,-3.389016931e-06
7.147058824e-10,-3.399578129e-06
7.152941176e-10,-3.410381953e-06
7.158823529e-10,-3.421429369e-06
7.164705882e-10,-3.432714779e-06
7.170588235e-10,-3.444226412e-06
7.176470588e-10,-3.455945438e-06
7.182352941e-10,-3.467846885e-06
7.188235294e-10,-3.479899278e-06
7.194117647e-10,-3.492066075e-06
7.2e-10,-3.504305772e-06
7.205882353e-10,-3.516573756e-06
7.211764706e-10,-3.528822734e-06
7.217647059e-10,-3.541004823e-06
7.223529412e-10,-3.553072114e-06
7.229411765e-10,-3.564978774e-06
7.235294118e-10,-3.576681523e-06
7.241176471e-10,-3.588141546e-06
7.247058824e-10,-3.599324679e-06
7.252941176e-10,-3.610202962e-06
7.258823529e-10,-3.620754393e-06
7.264705882e-10,-3.630964023e-06
7.270588235e-10,-3.640823233e-06
7.276470588e-10,-3.650330353e-06
7.282352941e-10,-3.659489495e-06
7.288235294e-10,-3.668310781e-06
7.294117647e-10,-3.676808839e-06
7.3e-10,-3.685002793e-06
7.305882353e-10,-3.692914588e-06
7.311764706e-10,-3.700568916e-06
7.317647059e-10,-3.707991564e-06
7.323529412e-10,-3.715209451e-06
7.329411765e-10,-3.722249158e-06
7.335294118e-10,-3.729137216e-06
7.341176471e-10,-3.735898926e-06
7.347058824e-10,-3.74255897e-06
7.352941176e-10,-3.749140548e-06
7.358823529e-10,-3.755666298e-06
7.364705882e-10,-3.762157706e-06
7.370588235e-10,-3.768636245e-06
7.376470588e-10,-3.775122937e-06
7.382352941e-10,-3.781639572e-06
7.388235294e-10,-3.788208264e-06
7.394117647e-10,-3.794852579e-06
7.4e-10,-3.801596929e-06
7.405882353e-10,-3.808467465e-06
7.411764706e-10,-3.815491175e-06
7.417647059e-10,-3.822696452e-06
7.423529412e-10,-3.830111836e-06
7.429411765e-10,-3.837766239e-06
7.435294118e-10,-3.84568736e-06
7.441176471e-10,-3.853901636e-06
7.447058824e-10,-3.862432436e-06
7.452941176e-10,-3.87129989e-06
7.458823529e-10,-3.880519042e-06
7.464705882e-10,-3.890099747e-06
7.470588235e-10,-3.900045e-06
7.476470588e-10,-3.910351107e-06
7.482352941e-10,-3.921006392e-06
7.488235294e-10,-3.931991822e-06
7.494117647e-10,-3.943280228e-06
7.5e-10,-3.954837504e-06
7.505882353e-10,-3.966622401e-06
7.511764706e-10,-3.978588297e-06
7.517647059e-10,-3.990683525e-06
7.523529412e-10,-4.002853614e-06
7.529411765e-10,-4.015041998e-06
7.535294118e-10,-4.027192533e-06
7.541176471e-10,-4.039250352e-06
7.547058824e-10,-4.051164398e-06
7.552941176e-10,-4.06288815e-06
7.558823529e-10,-4.074381891e-06
7.564705882e-10,-4.085613035e-06
7.570588235e-10,-4.096557884e-06
7.576470588e-10,-4.107201343e-06
7.582352941e-10,-4.117537997e-06
7.588235294e-10,-4.127571103e-06
7.594117647e-10,-4.137312937e-06
7.6e-10,-4.146783067e-06
7.605882353e-10,-4.15600805e-06
7.611764706e-10,-4.165019124e-06
7.617647059e-10,-4.173851447e-06
7.623529412e-10,-4.182541453e-06
7.629411765e-10,-4.191125907e-06
7.635294118e-10,-4.199639245e-06
7.641176471e-10,-4.208112759e-06
7.647058824e-10,-4.216572228e-06
7.652941176e-10,-4.225037547e-06
7.658823529e-10,-4.233520911e-06
7.664705882e-10,-4.242027111e-06
7.670588235e-10,-4.250552451e-06
7.676470588e-10,-4.259085812e-06
7.682352941e-10,-4.267608341e-06
7.688235294e-10,-4.276095259e-06
7.694117647e-10,-4.284516218e-06
7.7e-10,-4.29283769e-06
7.705882353e-10,-4.301023764e-06
7.711764706e-10,-4.309038841e-06
7.717647059e-10,-4.316848572e-06
7.723529412e-10,-4.324422519e-06
7.729411765e-10,-4.331734894e-06
7.735294118e-10,-4.338766863e-06
7.741176471e-10,-4.345506776e-06
7.747058824e-10,-4.351951847e-06
7.752941176e-10,-4.358107655e-06
7.758823529e-10,-4.363989042e-06
7.764705882e-10,-4.369618804e-06
7.770588235e-10,-4.375027795e-06
7.776470588e-10,-4.380252852e-06
7.782352941e-10,-4.385336243e-06
7.788235294e-10,-4.390323037e-06
7.794117647e-10,-4.395260131e-06
7.8e-10,-4.400193374e-06
7.805882353e-10,-4.405166509e-06
7.811764706e-10,-4.410218393e-06
7.817647059e-10,-4.415382214e-06
7.823529412e-10,-4.420683136e-06
7.829411765e-10,-4.426138101e-06
7.835294118e-10,-4.431754164e-06
7.841176471e-10,-4.437529078e-06
7.847058824e-10,-4.443450468e-06
7.852941176e-10,-4.449497264e-06
7.858823529e-10,-4.455639702e-06
7.864705882e-10,-4.461841529e-06
7.870588235e-10,-4.468060677e-06
7.876470588e-10,-4.474252022e-06
7.882352941e-10,-4.480368454e-06
7.888235294e-10,-4.486363885e-06
7.894117647e-10,-4.49219437e-06
7.9e-10,-4.497821006e-06
7.905882353e-10,-4.503210759e-06
7.911764706e-10,-4.508338923e-06
7.917647059e-10,-4.513189356e-06
7.923529412e-10,-4.517756247e-06
7.929411765e-10,-4.522043577e-06
7.935294118e-10,-4.526066064e-06
7.941176471e-10,-4.529847795e-06
7.947058824e-10,-4.533422372e-06
7.952941176e-10,-4.536830805e-06
7.958823529e-10,-4.540121015e-06
7.964705882e-10,-4.5433452e-06
7.970588235e-10,-4.546558966e-06
7.976470588e-10,-4.549818461e-06
7.982352941e-10,-4.553179448e-06
7.988235294e-10,-4.556694539e-06
7.994117647e-10,-4.560412526e-06
8e-10,-4.564376008e-06
8.005882353e-10,-4.568621233e-06
8.011764706e-10,-4.573176331e-06
8.017647059e-10,-4.578061825e-06
8.023529412e-10,-4.583289552e-06
8.029411765e-10,-4.58886387e-06
8.035294118e-10,-4.594781235e-06
8.041176471e-10,-4.601031997e-06
8.047058824e-10,-4.607600474e-06
8.052941176e-10,-4.61446714e-06
8.058823529e-10,-4.621608954e-06
8.064705882e-10,-4.629001676e-06
8.070588235e-10,-4.636620181e-06
8.076470588e-10,-4.644440633e-06
8.082352941e-10,-4.652440533e-06
8.088235294e-10,-4.660600526e-06
8.094117647e-10,-4.668904e-06
8.1e-10,-4.677338396e-06
8.105882353e-10,-4.68589427e-06
8.111764706e-10,-4.694566078e-06
8.117647059e-10,-4.703350741e-06
8.123529412e-10,-4.71224799e-06
8.129411765e-10,-4.721258565e-06
8.135294118e-10,-4.730384294e-06
8.141176471e-10,-4.739626133e-06
8.147058824e-10,-4.748984211e-06
8.152941176e-10,-4.758455941e-06
8.158823529e-10,-4.768036252e-06
8.164705882e-10,-4.777715989e-06
8.170588235e-10,-4.787482518e-06
8.176470588e-10,-4.79731855e-06
8.182352941e-10,-4.807203226e-06
8.188235294e-10,-4.817111416e-06
8.194117647e-10,-4.827015276e-06
8.2e-10,-4.83688397e-06
8.205882353e-10,-4.846685597e-06
8.211764706e-10,-4.856387187e-06
8.217647059e-10,-4.865956816e-06
8.223529412e-10,-4.87536367e-06
8.229411765e-10,-4.88458012e-06
8.235294118e-10,-4.893581633e-06
8.241176471e-10,-4.902348597e-06
8.247058824e-10,-4.910865878e-06
8.252941176e-10,-4.919124226e-06
8.258823529e-10,-4.927119363e-06
8.264705882e-10,-4.934852897e-06
8.270588235e-10,-4.942330903e-06
8.276470588e-10,-4.949564375e-06
8.282352941e-10,-4.95656739e-06
8.288235294e-10,-4.963357208e-06
8.294117647e-10,-4.969952185e-06
8.3e-10,-4.976371735e-06
8.305882353e-10,-4.982634203e-06
8.311764706e-10,-4.988756913e-06
8.317647059e-10,-4.994754243e-06
8.323529412e-10,-5.000637972e-06
8.329411765e-10,-5.006415739e-06
8.335294118e-10,-5.012091853e-06
8.341176471e-10,-5.017666242e-06
8.347058824e-10,-5.023135784e-06
8.352941176e-10,-5.028493757e-06
8.358823529e-10,-5.033731634e-06
8.364705882e-10,-5.038838929e-06
8.370588235e-10,-5.043805312e-06
8.376470588e-10,-5.048620655e-06
8.382352941e-10,-5.053277234e-06
8.388235294e-10,-5.057769739e-06
8.394117647e-10,-5.062097309e-06
8.4e-10,-5.066263246e-06
8.405882353e-10,-5.070276668e-06
8.411764706e-10,-5.074151724e-06
8.417647059e-10,-5.077908699e-06
8.423529412e-10,-5.081572638e-06
8.429411765e-10,-5.08517384e-06
8.435294118e-10,-5.088745904e-06
8.441176471e-10,-5.092325697e-06
8.447058824e-10,-5.095950941e-06
8.452941176e-10,-5.099659838e-06
8.458823529e-10,-5.103488439e-06
8.464705882e-10,-5.107470189e-06
8.470588235e-10,-5.111633359e-06
8.476470588e-10,-5.116000813e-06
8.482352941e-10,-5.120587793e-06
8.488235294e-10,-5.125402174e-06
8.494117647e-10,-5.130442833e-06
8.5e-10,-5.135700588e-06
8.505882353e-10,-5.141157283e-06
8.511764706e-10,-5.146787468e-06
8.517647059e-10,-5.152558202e-06
8.523529412e-10,-5.15843141e-06
8.529411765e-10,-5.164364259e-06
8.535294118e-10,-5.170311987e-06
8.541176471e-10,-5.176228606e-06
8.547058824e-10,-5.182069901e-06
8.552941176e-10,-5.187794135e-06
8.558823529e-10,-5.193364886e-06
8.564705882e-10,-5.19875141e-06
8.570588235e-10,-5.203931004e-06
8.576470588e-10,-5.208888746e-06
8.582352941e-10,-5.213619143e-06
8.588235294e-10,-5.218125084e-06
8.594117647e-10,-5.222418661e-06
8.6e-10,-5.226519299e-06
8.605882353e-10,-5.230453807e-06
8.611764706e-10,-5.234253805e-06
8.617647059e-10,-5.237955192e-06
8.623529412e-10,-5.241595131e-06
8.629411765e-10,-5.245211244e-06
8.635294118e-10,-5.248838492e-06
8.641176471e-10,-5.252508464e-06
8.647058824e-10,-5.256246524e-06
8.652941176e-10,-5.260071544e-06
8.658823529e-10,-5.263993651e-06
8.664705882e-10,-5.268014677e-06
8.670588235e-10,-5.272126719e-06
8.676470588e-10,-5.276313468e-06
8.682352941e-10,-5.280549644e-06
8.688235294e-10,-5.284803186e-06
8.694117647e-10,-5.289035474e-06
8.7e-10,-5.293204205e-06
8.705882353e-10,-5.29726415e-06
8.711764706e-10,-5.301170418e-06
8.717647059e-10,-5.30487939e-06
8.723529412e-10,-5.308351985e-06
8.729411765e-10,-5.311554388e-06
8.735294118e-10,-5.314460916e-06
8.741176471e-10,-5.317054177e-06
8.747058824e-10,-5.319327219e-06
8.752941176e-10,-5.321282852e-06
8.758823529e-10,-5.322934877e-06
8.764705882e-10,-5.324306458e-06
8.770588235e-10,-5.325430409e-06
8.776470588e-10,-5.326346657e-06
8.782352941e-10,-5.327101742e-06
8.788235294e-10,-5.327745595e-06
8.794117647e-10,-5.328330529e-06
8.8e-10,-5.32890769e-06
8.805882353e-10,-5.329525934e-06
8.811764706e-10,-5.33022836e-06
8.817647059e-10,-5.33105148e-06
8.823529412e-10,-5.332022248e-06
8.829411765e-10,-5.33315789e-06
8.835294118e-10,-5.334463738e-06
8.841176471e-10,-5.335933985e-06
8.847058824e-10,-5.337550489e-06
8.852941176e-10,-5.339284544e-06
8.858823529e-10,-5.341096665e-06
8.864705882e-10,-5.342939274e-06
8.870588235e-10,-5.344757294e-06
8.876470588e-10,-5.34649151e-06
8.882352941e-10,-5.348079644e-06
8.888235294e-10,-5.349460023e-06
8.894117647e-10,-5.350572739e-06
8.9e-10,-5.351363207e-06
8.905882353e-10,-5.351782995e-06
8.911764706e-10,-5.351792876e-06
8.917647059e-10,-5.351362986e-06
8.923529412e-10,-5.350475072e-06
8.929411765e-10,-5.349121755e-06
8.935294118e-10,-5.347307828e-06
8.941176471e-10,-5.345048565e-06
8.947058824e-10,-5.342370102e-06
8.952941176e-10,-5.339306896e-06
8.958823529e-10,-5.335901386e-06
8.964705882e-10,-5.332200868e-06
8.970588235e-10,-5.328256755e-06
8.976470588e-10,-5.324121223e-06
8.982352941e-10,-5.319846451e-06
8.988235294e-10,-5.315481434e-06
8.994117647e-10,-5.311071581e-06
9e-10,-5.30665603e-06
9.005882353e-10,-5.3022679e-06
9.011764706e-10,-5.297932356e-06
9.017647059e-10,-5.293667671e-06
9.023529412e-10,-5.289484122e-06
9.029411765e-10,-5.285385878e-06
9.035294118e-10,-5.281370646e-06
9.041176471e-10,-5.277432217e-06
9.047058824e-10,-5.273560651e-06
9.052941176e-10,-5.269745204e-06
9.058823529e-10,-5.265974713e-06
9.064705882e-10,-5.262240567e-06
9.070588235e-10,-5.258536929e-06
9.076470588e-10,-5.254863393e-06
9.082352941e-10,-5.251224725e-06
9.088235294e-10,-5.247632919e-06
9.094117647e-10,-5.244106228e-06
9.1e-10,-5.240670457e-06
9.105882353e-10,-5.237357192e-06
9.111764706e-10,-5.234204317e-06
9.117647059e-10,-5.231253515e-06
9.123529412e-10,-5.22855015e-06
9.129411765e-10,-5.226140238e-06
9.135294118e-10,-5.224069965e-06
9.141176471e-10,-5.222382445e-06
9.147058824e-10,-5.221117199e-06
9.152941176e-10,-5.220307054e-06
9.158823529e-10,-5.219977935e-06
9.164705882e-10,-5.220146214e-06
9.170588235e-10,-5.220819108e-06
9.176470588e-10,-5.221992719e-06
9.182352941e-10,-5.223653198e-06
9.188235294e-10,-5.22577559e-06
9.194117647e-10,-5.228325799e-06
9.2e-10,-5.23126018e-06
9.205882353e-10,-5.234528195e-06
9.211764706e-10,-5.238072579e-06
9.217647059e-10,-5.241832443e-06
9.223529412e-10,-5.245743729e-06
9.229411765e-10,-5.24974246e-06
9.235294118e-10,-5.253765157e-06
9.241176471e-10,-5.257751912e-06
9.247058824e-10,-5.261646469e-06
9.252941176e-10,-5.26539884e-06
9.258823529e-10,-5.268964835e-06
9.264705882e-10,-5.272308046e-06
9.270588235e-10,-5.275398712e-06
9.276470588e-10,-5.278215047e-06
9.282352941e-10,-5.280741457e-06
9.288235294e-10,-5.282969303e-06
9.294117647e-10,-5.284894633e-06
9.3e-10,-5.286518573e-06
9.305882353e-10,-5.287844816e-06
9.311764706e-10,-5.28887991e-06
9.317647059e-10,-5.289630767e-06
9.323529412e-10,-5.290105128e-06
9.329411765e-10,-5.290309341e-06
9.335294118e-10,-5.290249207e-06
9.341176471e-10,-5.289928208e-06
9.347058824e-10,-5.289348848e-06
9.352941176e-10,-5.288511384e-06
9.358823529e-10,-5.287415658e-06
9.364705882e-10,-5.286060259e-06
9.370588235e-10,-5.284444714e-06
9.376470588e-10,-5.282568905e-06
9.382352941e-10,-5.280435402e-06
9.388235294e-10,-5.278048874e-06
9.394117647e-10,-5.275418304e-06
9.4e-10,-5.272556137e-06
9.405882353e-10,-5.269480117e-06
9.411764706e-10,-5.266211958e-06
9.417647059e-10,-5.262778638e-06
9.423529412e-10,-5.259210464e-06
9.429411765e-10,-5.255541768e-06
9.435294118e-10,-5.251808383e-06
9.441176471e-10,-5.248047816e-06
9.447058824e-10,-5.244296289e-06
9.452941176e-10,-5.240588605e-06
9.458823529e-10,-5.236955007e-06
9.464705882e-10,-5.23342104e-06
9.470588235e-10,-5.230004563e-06
9.476470588e-10,-5.226715944e-06
9.482352941e-10,-5.223555549e-06
9.488235294e-10,-5.220514575e-06
9.494117647e-10,-5.217573281e-06
9.5e-10,-5.214702657e-06
9.505882353e-10,-5.211863539e-06
9.511764706e-10,-5.209009172e-06
9.517647059e-10,-5.206085177e-06
9.523529412e-10,-5.203032903e-06
9.529411765e-10,-5.199790053e-06
9.535294118e-10,-5.196294556e-06
9.541176471e-10,-5.192485519e-06
9.547058824e-10,-5.188307239e-06
9.552941176e-10,-5.183710062e-06
9.558823529e-10,-5.178654106e-06
9.564705882e-10,-5.1731096e-06
9.570588235e-10,-5.16705992e-06
9.576470588e-10,-5.160501053e-06
9.582352941e-10,-5.153443645e-06
9.588235294e-10,-5.145911389e-06
9.594117647e-10,-5.137941949e-06
9.6e-10,-5.129584236e-06
9.605882353e-10,-5.12089829e-06
9.611764706e-10,-5.111951604e-06
9.617647059e-10,-5.102818226e-06
9.623529412e-10,-5.093574472e-06
9.629411765e-10,-5.084297646e-06
9.635294118e-10,-5.075061611e-06
9.641176471e-10,-5.065935611e-06
9.647058824e-10,-5.056980181e-06
9.652941176e-10,-5.048246557e-06
9.658823529e-10,-5.03977336e-06
9.664705882e-10,-5.031586971e-06
9.670588235e-10,-5.0236993e-06
9.676470588e-10,-5.016109327e-06
9.682352941e-10,-5.008802072e-06
9.688235294e-10,-5.001751311e-06
9.694117647e-10,-4.994919627e-06
9.7e-10,-4.988262108e-06
9.705882353e-10,-4.981727167e-06
9.711764706e-10,-4.975260825e-06
9.717647059e-10,-4.96880787e-06
9.723529412e-10,-4.962316216e-06
9.729411765e-10,-4.955737886e-06
9.735294118e-10,-4.949032944e-06
9.741176471e-10,-4.942169805e-06
9.747058824e-10,-4.935128311e-06
9.752941176e-10,-4.927898996e-06
9.758823529e-10,-4.920485033e-06
9.764705882e-10,-4.912900278e-06
9.770588235e-10,-4.905170007e-06
9.776470588e-10,-4.897327798e-06
9.782352941e-10,-4.889415215e-06
9.788235294e-10,-4.881477779e-06
9.794117647e-10,-4.873563964e-06
9.8e-10,-4.865720697e-06
9.805882353e-10,-4.857992142e-06
9.811764706e-10,-4.850415263e-06
9.817647059e-10,-4.843018939e-06
9.823529412e-10,-4.8358201e-06
9.829411765e-10,-4.828823671e-06
9.835294118e-10,-4.822019699e-06
9.841176471e-10,-4.815384463e-06
9.847058824e-10,-4.808878852e-06
9.852941176e-10,-4.802450772e-06
9.858823529e-10,-4.796034799e-06
9.864705882e-10,-4.789555791e-06
9.870588235e-10,-4.782929608e-06
9.876470588e-10,-4.776067627e-06
9.882352941e-10,-4.768878127e-06
9.888235294e-10,-4.761271234e-06
9.894117647e-10,-4.753160465e-06
9.9e-10,-4.744467551e-06
9.905882353e-10,-4.735123588e-06
9.911764706e-10,-4.72507323e-06
9.917647059e-10,-4.71427496e-06
9.923529412e-10,-4.70270425e-06
9.929411765e-10,-4.690352637e-06
9.935294118e-10,-4.677229616e-06
9.941176471e-10,-4.663360422e-06
9.947058824e-10,-4.648786662e-06
9.952941176e-10,-4.633562905e-06
9.958823529e-10,-4.617756287e-06
9.964705882e-10,-4.601442229e-06
9.970588235e-10,-4.584703402e-06
9.976470588e-10,-4.567625039e-06
9.982352941e-10,-4.550293759e-06
9.988235294e-10,-4.532792974e-06
9.994117647e-10,-4.515202084e-06
1e-09,-4.497592454e-06
1.000588235e-09,-4.480027386e-06
1.001176471e-09,-4.462559021e-06
1.001764706e-09,-4.445229345e-06
1.002352941e-09,-4.428068174e-06
1.002941176e-09,-4.411095258e-06
1.003529412e-09,-4.394319294e-06
1.004117647e-09,-4.377740978e-06
1.004705882e-09,-4.361352813e-06
1.005294118e-09,-4.345142785e-06
1.005882353e-09,-4.329094588e-06
1.006470588e-09,-4.313191501e-06
1.007058824e-09,-4.297416578e-06
1.007647059e-09,-4.2817563e-06
1.008235294e-09,-4.26620031e-06
1.008823529e-09,-4.250744452e-06
1.009411765e-09,-4.235389752e-06
1.01e-09,-4.220144618e-06
1.010588235e-09,-4.205022908e-06
1.011176471e-09,-4.190045235e-06
1.011764706e-09,-4.175236184e-06
1.012352941e-09,-4.160624852e-06
1.012941176e-09,-4.146241423e-06
1.013529412e-09,-4.132117254e-06
1.014117647e-09,-4.118281152e-06
1.014705882e-09,-4.104759388e-06
1.015294118e-09,-4.091572094e-06
1.015882353e-09,-4.078733608e-06
1.016470588e-09,-4.066249367e-06
1.017058824e-09,-4.054116921e-06
1.017647059e-09,-4.042323602e-06
1.018235294e-09,-4.030848412e-06
1.018823529e-09,-4.019660586e-06
1.019411765e-09,-4.008722378e-06
1.02e-09,-3.997988453e-06
1.020588235e-09,-3.987409422e-06
1.021176471e-09,-3.976931832e-06
1.021764706e-09,-3.966502141e-06
1.022352941e-09,-3.956066953e-06
1.022941176e-09,-3.945577041e-06
1.023529412e-09,-3.934987415e-06
1.024117647e-09,-3.924261e-06
1.024705882e-09,-3.913368151e-06
1.025294118e-09,-3.902289654e-06
1.025882353e-09,-3.891015416e-06
1.026470588e-09,-3.87954659e-06
1.027058824e-09,-3.86789333e-06
1.027647059e-09,-3.856076008e-06
1.028235294e-09,-3.84412211e-06
1.028823529e-09,-3.832066693e-06
1.029411765e-09,-3.819948657e-06
1.03e-09,-3.807810746e-06
1.030588235e-09,-3.795695541e-06
1.031176471e-09,-3.7836454e-06
1.031764706e-09,-3.771698569e-06
1.032352941e-09,-3.75988945e-06
1.032941176e-09,-3.748245204e-06
1.033529412e-09,-3.736786669e-06
1.034117647e-09,-3.725525705e-06
1.034705882e-09,-3.714466955e-06
1.035294118e-09,-3.703606037e-06
1.035882353e-09,-3.692932145e-06
1.036470588e-09,-3.682427016e-06
1.037058824e-09,-3.672068215e-06
1.037647059e-09,-3.661828627e-06
1.038235294e-09,-3.651680117e-06
1.038823529e-09,-3.641593202e-06
1.039411765e-09,-3.631540707e-06
1.04e-09,-3.621497215e-06
1.040588235e-09,-3.611442349e-06
1.041176471e-09,-3.601359653e-06
1.041764706e-09,-3.5912392e-06
1.042352941e-09,-3.581075684e-06
1.042941176e-09,-3.570870203e-06
1.043529412e-09,-3.560627507e-06
1.044117647e-09,-3.550356991e-06
1.044705882e-09,-3.540069227e-06
1.045294118e-09,-3.529776387e-06
1.045882353e-09,-3.519488354e-06
1.046470588e-09,-3.509212927e-06
1.047058824e-09,-3.498951916e-06
1.047647059e-09,-3.488701554e-06
1.048235294e-09,-3.478449001e-06
1.048823529e-09,-3.468173383e-06
1.049411765e-09,-3.457843059e-06
1.05e-09,-3.447417593e-06
1.050588235e-09,-3.436846019e-06
1.051176471e-09,-3.426069864e-06
1.051764706e-09,-3.415022445e-06
1.052352941e-09,-3.403632868e-06
1.052941176e-09,-3.391826172e-06
1.053529412e-09,-3.379528026e-06
1.054117647e-09,-3.366665341e-06
1.054705882e-09,-3.353171239e-06
1.055294118e-09,-3.338985643e-06
1.055882353e-09,-3.324059984e-06
1.056470588e-09,-3.308357265e-06
1.057058824e-09,-3.29185601e-06
1.057647059e-09,-3.274549337e-06
1.058235294e-09,-3.256447776e-06
1.058823529e-09,-3.237577073e-06
1.059411765e-09,-3.217979678e-06
1.06e-09,-3.197711218e-06
1.060588235e-09,-3.176840724e-06
1.061176471e-09,-3.15544594e-06
1.061764706e-09,-3.133612596e-06
1.062352941e-09,-3.111428952e-06
1.062941176e-09,-3.088984602e-06
1.063529412e-09,-3.066364821e-06
1.064117647e-09,-3.043649489e-06
1.064705882e-09,-3.020907854e-06
1.065294118e-09,-2.998198171e-06
1.065882353e-09,-2.975563432e-06
1.066470588e-09,-2.953032211e-06
1.067058824e-09,-2.930615744e-06
1.067647059e-09,-2.908310253e-06
1.068235294e-09,-2.886095532e-06
1.068823529e-09,-2.863938767e-06
1.069411765e-09,-2.841794489e-06
1.07e-09,-2.819609635e-06
1.070588235e-09,-2.797324494e-06
1.071176471e-09,-2.774878502e-06
1.071764706e-09,-2.752211611e-06
1.072352941e-09,-2.729270186e-06
1.072941176e-09,-2.706008115e-06
1.073529412e-09,-2.682392145e-06
1.074117647e-09,-2.658402102e-06
1.074705882e-09,-2.634035075e-06
1.075294118e-09,-2.609304259e-06
1.075882353e-09,-2.584241616e-06
1.076470588e-09,-2.558895082e-06
1.077058824e-09,-2.5333296e-06
1.077647059e-09,-2.507622732e-06
1.078235294e-09,-2.481864255e-06
1.078823529e-09,-2.456150507e-06
1.079411765e-09,-2.430582995e-06
1.08e-09,-2.40526204e-06
1.080588235e-09,-2.380285036e-06
1.081176471e-09,-2.355740087e-06
1.081764706e-09,-2.331704633e-06
1.082352941e-09,-2.308239775e-06
1.082941176e-09,-2.28538993e-06
1.083529412e-09,-2.263178423e-06
1.084117647e-09,-2.241608655e-06
1.084705882e-09,-2.220661323e-06
1.085294118e-09,-2.20029731e-06
1.085882353e-09,-2.180456614e-06
1.086470588e-09,-2.161062874e-06
1.087058824e-09,-2.142023767e-06
1.087647059e-09,-2.123236806e-06
1.088235294e-09,-2.104590715e-06
1.088823529e-09,-2.085971905e-06
1.089411765e-09,-2.067266163e-06
1.09e-09,-2.048365112e-06
1.090588235e-09,-2.0291675e-06
1.091176471e-09,-2.009584955e-06
1.091764706e-09,-1.989542251e-06
1.092352941e-09,-1.968981812e-06
1.092941176e-09,-1.947862518e-06
1.093529412e-09,-1.926162647e-06
1.094117647e-09,-1.903877063e-06
1.094705882e-09,-1.881018579e-06
1.095294118e-09,-1.85761365e-06
1.095882353e-09,-1.83370244e-06
1.096470588e-09,-1.809333418e-06
1.097058824e-09,-1.784562625e-06
1.097647059e-09,-1.759447772e-06
1.098235294e-09,-1.734047353e-06
1.098823529e-09,-1.708414894e-06
1.099411765e-09,-1.682598582e-06
1.1e-09,-1.656636282e-06
1.100588235e-09,-1.630556216e-06
1.101176471e-09,-1.604373211e-06
1.101764706e-09,-1.57809076e-06
1.102352941e-09,-1.551698704e-06
1.102941176e-09,-1.525176742e-06
1.103529412e-09,-1.498493469e-06
1.104117647e-09,-1.471611126e-06
1.104705882e-09,-1.444485645e-06
1.105294118e-09,-1.417072191e-06
1.105882353e-09,-1.389325684e-06
1.106470588e-09,-1.361206538e-06
1.107058824e-09,-1.332681033e-06
1.107647059e-09,-1.303726623e-06
1.108235294e-09,-1.27433157e-06
1.108823529e-09,-1.244499284e-06
1.109411765e-09,-1.214246765e-06
1.11e-09,-1.183607634e-06
1.110588235e-09,-1.152629166e-06
1.111176471e-09,-1.121373915e-06
1.111764706e-09,-1.089915392e-06
1.112352941e-09,-1.058338467e-06
1.112941176e-09,-1.026733984e-06
1.113529412e-09,-9.95198366e-07
1.114117647e-09,-9.638276652e-07
1.114705882e-09,-9.327169263e-07
1.115294118e-09,-9.019542764e-07
1.115882353e-09,-8.716206508e-07
1.116470588e-09,-8.417845016e-07
1.117058824e-09,-8.125024152e-07
1.117647059e-09,-7.838148921e-07
1.118235294e-09,-7.557482114e-07
1.118823529e-09,-7.28311521e-07
1.119411765e-09,-7.015000635e-07
1.12e-09,-6.752935631e-07
1.120588235e-09,-6.496606699e-07
1.121176471e-09,-6.245583822e-07
1.121764706e-09,-5.999373435e-07
1.122352941e-09,-5.757418466e-07
1.122941176e-09,-5.519154691e-07
1.123529412e-09,-5.284011086e-07
1.124117647e-09,-5.051463967e-07
1.124705882e-09,-4.821032258e-07
1.125294118e-09,-4.59232449e-07
1.125882353e-09,-4.365024758e-07
1.126470588e-09,-4.138929267e-07
1.127058824e-09,-3.913920746e-07
1.127647059e-09,-3.689993482e-07
1.128235294e-09,-3.467216337e-07
1.128823529e-09,-3.245747605e-07
1.129411765e-09,-3.025789101e-07
1.13e-09,-2.807594269e-07
1.130588235e-09,-2.591417543e-07
1.131176471e-09,-2.377520485e-07
1.131764706e-09,-2.166121478e-07
1.132352941e-09,-1.957404999e-07
1.132941176e-09,-1.7514765e-07
1.133529412e-09,-1.548379166e-07
1.134117647e-09,-1.348057616e-07
1.134705882e-09,-1.150384847e-07
1.135294118e-09,-9.551363864e-08
1.135882353e-09,-7.620278956e-08
1.136470588e-09,-5.706990639e-08
1.137058824e-09,-3.807600208e-08
1.137647059e-09,-1.917820535e-08
1.138235294e-09,-3.349013211e-10
1.138823529e-09,1.849496551e-08
1.139411765e-09,3.734674889e-08
1.14e-09,5.625108409e-08
1.140588235e-09,7.522925272e-08
1.141176471e-09,9.429492575e-08
1.141764706e-09,1.134504471e-07
1.142352941e-09,1.326896635e-07
1.142941176e-09,1.519953496e-07
1.143529412e-09,1.713432304e-07
1.144117647e-09,1.907005299e-07
1.144705882e-09,2.100310398e-07
1.145294118e-09,2.292945254e-07
1.145882353e-09,2.484524664e-07
1.146470588e-09,2.674678521e-07
1.147058824e-09,2.863110594e-07
1.147647059e-09,3.049594583e-07
1.148235294e-09,3.234028358e-07
1.148823529e-09,3.41642238e-07
1.149411765e-09,3.596944114e-07
1.15e-09,3.775894298e-07
1.150588235e-09,3.953738011e-07
1.151176471e-09,4.131066465e-07
1.151764706e-09,4.308613755e-07
1.152352941e-09,4.487204617e-07
1.152941176e-09,4.667758746e-07
1.153529412e-09,4.851227771e-07
1.154117647e-09,5.038591622e-07
1.154705882e-09,5.230790247e-07
1.155294118e-09,5.42871834e-07
1.155882353e-09,5.633158597e-07
1.156470588e-09,5.844781768e-07
1.157058824e-09,6.06408823e-07
1.157647059e-09,6.291419636e-07
1.158235294e-09,6.526914244e-07
1.158823529e-09,6.770534475e-07
1.159411765e-09,7.022038973e-07
1.16e-09,7.281027532e-07
1.160588235e-09,7.54692972e-07
1.161176471e-09,7.819065363e-07
1.161764706e-09,8.096646352e-07
1.162352941e-09,8.378847861e-07
1.162941176e-09,8.664817252e-07
1.163529412e-09,8.953748989e-07
1.164117647e-09,9.244892963e-07
1.164705882e-09,9.537625137e-07
1.165294118e-09,9.831447405e-07
1.165882353e-09,1.012604657e-06
1.166470588e-09,1.042127915e-06
1.167058824e-09,1.071721333e-06
1.167647059e-09,1.101409471e-06
1.168235294e-09,1.131236888e-06
1.168823529e-09,1.16126277e-06
1.169411765e-09,1.191561374e-06
1.17e-09,1.222215019e-06
1.170588235e-09,1.253313205e-06
1.171176471e-09,1.284944596e-06
1.171764706e-09,1.317195564e-06
1.172352941e-09,1.350142e-06
1.172941176e-09,1.383848172e-06
1.173529412e-09,1.418359266e-06
1.174117647e-09,1.453701414e-06
1.174705882e-09,1.489875752e-06
1.175294118e-09,1.526860298e-06
1.175882353e-09,1.564606051e-06
1.176470588e-09,1.603041081e-06
1.177058824e-09,1.642068835e-06
1.177647059e-09,1.681574409e-06
1.178235294e-09,1.72142482e-06
1.178823529e-09,1.761477033e-06
1.179411765e-09,1.801579603e-06
1.18e-09,1.841581697e-06
1.180588235e-09,1.881335242e-06
1.181176471e-09,1.920703997e-06
1.181764706e-09,1.959565224e-06
1.182352941e-09,1.997817842e-06
1.182941176e-09,2.035382708e-06
1.183529412e-09,2.072209031e-06
1.184117647e-09,2.108272576e-06
1.184705882e-09,2.143579827e-06
1.185294118e-09,2.17816379e-06
1.185882353e-09,2.212085776e-06
1.186470588e-09,2.245428902e-06
1.187058824e-09,2.278297799e-06
1.187647059e-09,2.310810307e-06
1.188235294e-09,2.343095788e-06
1.188823529e-09,2.375285824e-06
1.189411765e-09,2.407512066e-06
1.19e-09,2.439896923e-06
1.190588235e-09,2.472551948e-06
1.191176471e-09,2.505569511e-06
1.191764706e-09,2.539022627e-06
1.192352941e-09,2.572958406e-06
1.192941176e-09,2.607399981e-06
1.193529412e-09,2.6423422e-06
1.194117647e-09,2.677755928e-06
1.194705882e-09,2.713586045e-06
1.195294118e-09,2.749757963e-06
1.195882353e-09,2.786177576e-06
1.196470588e-09,2.822739455e-06
1.197058824e-09,2.859328044e-06
1.197647059e-09,2.895826691e-06
1.198235294e-09,2.932119178e-06
1.198823529e-09,2.968098629e-06
1.199411765e-09,3.003668398e-06
1.2e-09,3.038749939e-06
1.200588235e-09,3.073282226e-06
1.201176471e-09,3.107227873e-06
1.201764706e-09,3.14057054e-06
1.202352941e-09,3.173318941e-06
1.202941176e-09,3.205502066e-06
1.203529412e-09,3.237171118e-06
1.204117647e-09,3.268392788e-06
1.204705882e-09,3.299249538e-06
1.205294118e-09,3.329831526e-06
1.205882353e-09,3.360235968e-06
1.206470588e-09,3.390558526e-06
1.207058824e-09,3.420892635e-06
1.207647059e-09,3.451321262e-06
1.208235294e-09,3.481917065e-06
1.208823529e-09,3.512735327e-06
1.209411765e-09,3.543815649e-06
1.21e-09,3.575176611e-06
1.210588235e-09,3.606819384e-06
1.211176471e-09,3.63872433e-06
1.211764706e-09,3.670856552e-06
1.212352941e-09,3.703164253e-06
1.212941176e-09,3.735585862e-06
1.213529412e-09,3.768049636e-06
1.214117647e-09,3.800481719e-06
1.214705882e-09,3.832806222e-06
1.215294118e-09,3.864953398e-06
1.215882353e-09,3.896859368e-06
1.216470588e-09,3.928473582e-06
1.217058824e-09,3.959757431e-06
1.217647059e-09,3.990690333e-06
1.218235294e-09,4.021266703e-06
1.218823529e-09,4.051500271e-06
1.219411765e-09,4.081419208e-06
1.22e-09,4.111068663e-06
1.220588235e-09,4.140504189e-06
1.221176471e-09,4.169792845e-06
1.221764706e-09,4.199005402e-06
1.222352941e-09,4.228216627e-06
1.222941176e-09,4.257497003e-06
1.223529412e-09,4.286912965e-06
1.224117647e-09,4.316518933e-06
1.224705882e-09,4.346358303e-06
1.225294118e-09,4.37645652e-06
1.225882353e-09,4.406823455e-06
1.226470588e-09,4.437448044e-06
1.227058824e-09,4.468302408e-06
1.227647059e-09,4.499338258e-06
1.228235294e-09,4.530492781e-06
1.228823529e-09,4.561686652e-06
1.229411765e-09,4.592831371e-06
1.23e-09,4.623828401e-06
1.230588235e-09,4.654577357e-06
1.231176471e-09,4.684975581e-06
1.231764706e-09,4.714926431e-06
1.232352941e-09,4.744338515e-06
1.232941176e-09,4.773133321e-06
1.233529412e-09,4.801243428e-06
1.234117647e-09,4.828618869e-06
1.234705882e-09,4.855223833e-06
1.235294118e-09,4.881041438e-06
1.235882353e-09,4.906068755e-06
1.236470588e-09,4.930320003e-06
1.237058824e-09,4.953820066e-06
1.237647059e-09,4.976606452e-06
1.238235294e-09,4.998721794e-06
1.238823529e-09,5.020215168e-06
1.239411765e-09,5.04113427e-06
1.24e-09,5.061526827e-06
1.240588235e-09,5.081433194e-06
1.241176471e-09,5.100888586e-06
1.241764706e-09,5.119916739e-06
1.242352941e-09,5.138533502e-06
1.242941176e-09,5.156741979e-06
1.243529412e-09,5.174537735e-06
1.244117647e-09,5.191905502e-06
1.244705882e-09,5.2088259e-06
1.245294118e-09,5.225273434e-06
1.245882353e-09,5.241224307e-06
1.246470588e-09,5.256655122e-06
1.247058824e-09,5.271551097e-06
1.247647059e-09,5.285904715e-06
1.248235294e-09,5.299723532e-06
1.248823529e-09,5.313027976e-06
1.249411765e-09,5.325857993e-06
1.25e-09,5.338269329e-06
1.250588235e-09,5.350338478e-06
1.251176471e-09,5.362157062e-06
1.251764706e-09,5.373834873e-06
1.252352941e-09,5.385492349e-06
1.252941176e-09,5.397261899e-06
1.253529412e-09,5.409278858e-06
1.254117647e-09,5.42168167e-06
1.254705882e-09,5.434602039e-06
1.255294118e-09,5.448164816e-06
1.255882353e-09,5.462478279e-06
1.256470588e-09,5.47763469e-06
1.257058824e-09,5.493701659e-06
1.257647059e-09,5.510724274e-06
1.258235294e-09,5.528718346e-06
1.258823529e-09,5.547674758e-06
1.259411765e-09,5.567555062e-06
1.26e-09,5.588298311e-06
1.260588235e-09,5.609819034e-06
1.261176471e-09,5.632016349e-06
1.261764706e-09,5.65477389e-06
1.262352941e-09,5.677970556e-06
1.262941176e-09,5.701481551e-06
1.263529412e-09,5.725189787e-06
1.264117647e-09,5.748986953e-06
1.264705882e-09,5.772784416e-06
1.265294118e-09,5.796513162e-06
1.265882353e-09,5.8201331e-06
1.266470588e-09,5.843630877e-06
1.267058824e-09,5.867026736e-06
1.267647059e-09,5.89036956e-06
1.268235294e-09,5.913740871e-06
1.268823529e-09,5.937246931e-06
1.269411765e-09,5.961019986e-06
1.27e-09,5.985207807e-06
1.270588235e-09,6.009972786e-06
1.271176471e-09,6.035479765e-06
1.271764706e-09,6.061894039e-06
1.272352941e-09,6.089368648e-06
1.272941176e-09,6.118042568e-06
1.273529412e-09,6.148028781e-06
1.274117647e-09,6.179413939e-06
1.274705882e-09,6.212248413e-06
1.275294118e-09,6.246548489e-06
1.275882353e-09,6.282289258e-06
1.276470588e-09,6.31940997e-06
1.277058824e-09,6.357810132e-06
1.277647059e-09,6.397358087e-06
1.278235294e-09,6.43789011e-06
1.278823529e-09,6.479221709e-06
1.279411765e-09,6.521148942e-06
1.28e-09,6.563461455e-06
1.280588235e-09,6.605944833e-06
1.281176471e-09,6.648394058e-06
1.281764706e-09,6.690615503e-06
1.282352941e-09,6.732439416e-06
1.282941176e-09,6.773720223e-06
1.283529412e-09,6.8143468e-06
1.284117647e-09,6.854240041e-06
1.284705882e-09,6.893360109e-06
1.285294118e-09,6.931700697e-06
1.285882353e-09,6.96929299e-06
1.286470588e-09,7.006196663e-06
1.287058824e-09,7.042500894e-06
1.287647059e-09,7.078312724e-06
1.288235294e-09,7.113756012e-06
1.288823529e-09,7.148958273e-06
1.289411765e-09,7.184048841e-06
1.29e-09,7.219145575e-06
1.290588235e-09,7.25435367e-06
1.291176471e-09,7.289753624e-06
1.291764706e-09,7.32540202e-06
1.292352941e-09,7.361321925e-06
1.292941176e-09,7.397506598e-06
1.293529412e-09,7.433913036e-06
1.294117647e-09,7.470469029e-06
1.294705882e-09,7.507069963e-06
1.295294118e-09,7.543589037e-06
1.295882353e-09,7.579876829e-06
1.296470588e-09,7.61577388e-06
1.297058824e-09,7.651112006e-06
1.297647059e-09,7.685728038e-06
1.298235294e-09,7.719465506e-06
1.298823529e-09,7.752188107e-06
1.299411765e-09,7.783780317e-06
1.3e-09,7.81415919e-06
1.300588235e-09,7.843272652e-06
1.301176471e-09,7.871108551e-06
1.301764706e-09,7.897689782e-06
1.302352941e-09,7.923080031e-06
1.302941176e-09,7.947375454e-06
1.303529412e-09,7.970707168e-06
1.304117647e-09,7.993229846e-06
1.304705882e-09,8.015121599e-06
1.305294118e-09,8.036570406e-06
1.305882353e-09,8.057772524e-06
1.306470588e-09,8.07891806e-06
1.307058824e-09,8.100189319e-06
1.307647059e-09,8.121746959e-06
1.308235294e-09,8.143729705e-06
1.308823529e-09,8.166242416e-06
1.309411765e-09,8.189358326e-06
1.31e-09,8.213109988e-06
1.310588235e-09,8.237494744e-06
1.311176471e-09,8.262468963e-06
1.311764706e-09,8.287956862e-06
1.312352941e-09,8.313847833e-06
1.312941176e-09,8.340008123e-06
1.313529412e-09,8.366280502e-06
1.314117647e-09,8.392497794e-06
1.314705882e-09,8.418483699e-06
1.315294118e-09,8.444066886e-06
1.315882353e-09,8.469081582e-06
1.316470588e-09,8.493380857e-06
1.317058824e-09,8.516835687e-06
1.317647059e-09,8.539346245e-06
1.318235294e-09,8.560838455e-06
1.318823529e-09,8.58127253e-06
1.319411765e-09,8.600636512e-06
1.32e-09,8.618951851e-06
1.320588235e-09,8.63626401e-06
1.321176471e-09,8.652645452e-06
1.321764706e-09,8.66818394e-06
1.322352941e-09,8.682983785e-06
1.322941176e-09,8.69715289e-06
1.323529412e-09,8.710803441e-06
1.324117647e-09,8.724038933e-06
1.324705882e-09,8.736955561e-06
1.325294118e-09,8.749630439e-06
1.325882353e-09,8.762124775e-06
1.326470588e-09,8.774474199e-06
1.327058824e-09,8.786694434e-06
1.327647059e-09,8.798774198e-06
1.328235294e-09,8.810683561e-06
1.328823529e-09,8.822369344e-06
1.329411765e-09,8.833765811e-06
1.33e-09,8.84479196e-06
1.330588235e-09,8.855363743e-06
1.331176471e-09,8.865392257e-06
1.331764706e-09,8.874796382e-06
1.332352941e-09,8.883500702e-06
1.332941176e-09,8.891447385e-06
1.333529412e-09,8.898592723e-06
1.334117647e-09,8.904917253e-06
1.334705882e-09,8.910420089e-06
1.335294118e-09,8.915126683e-06
1.335882353e-09,8.919080568e-06
1.336470588e-09,8.922348653e-06
1.337058824e-09,8.925010553e-06
1.337647059e-09,8.927161841e-06
1.338235294e-09,8.928901635e-06
1.338823529e-09,8.930334684e-06
1.339411765e-09,8.931558245e-06
1.34e-09,8.93266415e-06
1.340588235e-09,8.933726162e-06
1.341176471e-09,8.934803198e-06
1.341764706e-09,8.935928269e-06
1.342352941e-09,8.93711382e-06
1.342941176e-09,8.938343033e-06
1.343529412e-09,8.939577834e-06
1.344117647e-09,8.940752841e-06
1.344705882e-09,8.941786055e-06
1.345294118e-09,8.942575182e-06
1.345882353e-09,8.943010456e-06
1.346470588e-09,8.942972557e-06
1.347058824e-09,8.942346576e-06
1.347647059e-09,8.941020362e-06
1.348235294e-09,8.938898394e-06
1.348823529e-09,8.935899268e-06
1.349411765e-09,8.931968212e-06
1.35e-09,8.927072566e-06
1.350588235e-09,8.92121194e-06
1.351176471e-09,8.914410899e-06
1.351764706e-09,8.906726233e-06
1.352352941e-09,8.898236617e-06
1.352941176e-09,8.889047058e-06
1.353529412e-09,8.879275896e-06
1.354117647e-09,8.869057108e-06
1.354705882e-09,8.858525578e-06
1.355294118e-09,8.847818416e-06
1.355882353e-09,8.837059819e-06
1.356470588e-09,8.826362822e-06
1.357058824e-09,8.815815204e-06
1.357647059e-09,8.805483082e-06
1.358235294e-09,8.795399152e-06
1.358823529e-09,8.785569232e-06
1.359411765e-09,8.775963697e-06
1.36e-09,8.766527537e-06
1.360588235e-09,8.757175227e-06
1.361176471e-09,8.747804176e-06
1.361764706e-09,8.738292569e-06
1.362352941e-09,8.728515405e-06
1.362941176e-09,8.718344203e-06
1.363529412e-09,8.707664264e-06
1.364117647e-09,8.696374673e-06
1.364705882e-09,8.684405116e-06
1.365294118e-09,8.671714444e-06
1.365882353e-09,8.658305364e-06
1.366470588e-09,8.64422001e-06
1.367058824e-09,8.629551152e-06
1.367647059e-09,8.614433694e-06
1.368235294e-09,8.599051653e-06
1.368823529e-09,8.583625223e-06
1.369411765e-09,8.568413551e-06
1.37e-09,8.553697816e-06
1.370588235e-09,8.53978065e-06
1.371176471e-09,8.526966435e-06
1.371764706e-09,8.515558907e-06
1.372352941e-09,8.505840445e-06
1.372941176e-09,8.498069814e-06
1.373529412e-09,8.49246249e-06
1.374117647e-09,8.48919056e-06
1.374705882e-09,8.488366019e-06
1.375294118e-09,8.490044551e-06
1.375882353e-09,8.494213239e-06
1.376470588e-09,8.500799339e-06
1.377058824e-09,8.509663086e-06
1.377647059e-09,8.520611701e-06
1.378235294e-09,8.533397078e-06
1.378823529e-09,8.547734346e-06
1.379411765e-09,8.563303318e-06
1.38e-09,8.579770114e-06
1.380588235e-09,8.596790542e-06
1.381176471e-09,8.614032705e-06
1.381764706e-09,8.631180112e-06
1.382352941e-09,8.647952995e-06
1.382941176e-09,8.664108921e-06
1.383529412e-09,8.679460778e-06
1.384117647e-09,8.693873075e-06
1.384705882e-09,8.707275127e-06
1.385294118e-09,8.719651986e-06
1.385882353e-09,8.731052217e-06
1.386470588e-09,8.741573355e-06
1.387058824e-09,8.751364655e-06
1.387647059e-09,8.760607938e-06
1.388235294e-09,8.769516632e-06
1.388823529e-09,8.778313705e-06
1.389411765e-09,8.787229e-06
1.39e-09,8.796476478e-06
1.390588235e-09,8.806252188e-06
1.391176471e-09,8.816713159e-06
1.391764706e-09,8.827978242e-06
1.392352941e-09,8.840110681e-06
1.392941176e-09,8.853123553e-06
1.393529412e-09,8.866967359e-06
1.394117647e-09,8.881540955e-06
1.394705882e-09,8.896684555e-06
1.395294118e-09,8.912196043e-06
1.395882353e-09,8.927828766e-06
1.396470588e-09,8.943312127e-06
1.397058824e-09,8.95835264e-06
1.397647059e-09,8.97265691e-06
1.398235294e-09,8.985933798e-06
1.398823529e-09,8.997917468e-06
1.399411765e-09,9.008368272e-06
1.4e-09,9.01709354e-06
1.400588235e-09,9.023945024e-06
1.401176471e-09,9.028835532e-06
1.401764706e-09,9.031731395e-06
1.402352941e-09,9.032663838e-06
1.402941176e-09,9.031715848e-06
1.403529412e-09,9.029028176e-06
1.404117647e-09,9.024781018e-06
1.404705882e-09,9.019195568e-06
1.405294118e-09,9.012511879e-06
1.405882353e-09,9.004987745e-06
1.406470588e-09,8.99687482e-06
1.407058824e-09,8.988417113e-06
1.407647059e-09,8.97982777e-06
1.408235294e-09,8.971289565e-06
1.408823529e-09,8.962934605e-06
1.409411765e-09,8.954848843e-06
1.41e-09,8.947056404e-06
1.410588235e-09,8.939529415e-06
1.411176471e-09,8.932177763e-06
1.411764706e-09,8.924864547e-06
1.412352941e-09,8.917401045e-06
1.412941176e-09,8.909567051e-06
1.413529412e-09,8.901109827e-06
1.414117647e-09,8.891767682e-06
1.414705882e-09,8.881270924e-06
1.415294118e-09,8.869366437e-06
1.415882353e-09,8.855818248e-06
1.416470588e-09,8.840430697e-06
1.417058824e-09,8.823046292e-06
1.417647059e-09,8.803565342e-06
1.418235294e-09,8.78193927e-06
1.418823529e-09,8.758185271e-06
1.419411765e-09,8.732374089e-06
1.42e-09,8.704639222e-06
1.420588235e-09,8.675159203e-06
1.421176471e-09,8.644161908e-06
1.421764706e-09,8.611902399e-06
1.422352941e-09,8.578663836e-06
1.422941176e-09,8.544732751e-06
1.423529412e-09,8.510398705e-06
1.424117647e-09,8.475929321e-06
1.424705882e-09,8.44157107e-06
1.425294118e-09,8.407526386e-06
1.425882353e-09,8.373957749e-06
1.426470588e-09,8.34096878e-06
1.427058824e-09,8.308613156e-06
1.427647059e-09,8.276880774e-06
1.428235294e-09,8.245712117e-06
1.428823529e-09,8.214989589e-06
1.429411765e-09,8.184556911e-06
1.43e-09,8.154214716e-06
1.430588235e-09,8.123743614e-06
1.431176471e-09,8.092902308e-06
1.431764706e-09,8.061452309e-06
1.432352941e-09,8.02915635e-06
1.432941176e-09,7.995802449e-06
1.433529412e-09,7.961200364e-06
1.434117647e-09,7.925202892e-06
1.434705882e-09,7.887698507e-06
1.435294118e-09,7.848628382e-06
1.435882353e-09,7.807974103e-06
1.436470588e-09,7.765769805e-06
1.437058824e-09,7.722084841e-06
1.437647059e-09,7.677031416e-06
1.438235294e-09,7.630743099e-06
1.438823529e-09,7.583379264e-06
1.439411765e-09,7.535101135e-06
1.44e-09,7.486075016e-06
1.440588235e-09,7.436448028e-06
1.441176471e-09,7.386352365e-06
1.441764706e-09,7.335882916e-06
1.442352941e-09,7.285104592e-06
1.442941176e-09,7.234033601e-06
1.443529412e-09,7.182649279e-06
1.444117647e-09,7.130880027e-06
1.444705882e-09,7.078620155e-06
1.445294118e-09,7.025720487e-06
1.445882353e-09,6.972009723e-06
1.446470588e-09,6.917288718e-06
1.447058824e-09,6.861354931e-06
1.447647059e-09,6.803998575e-06
1.448235294e-09,6.74502808e-06
1.448823529e-09,6.684265862e-06
1.449411765e-09,6.621572498e-06
1.45e-09,6.556839888e-06
1.450588235e-09,6.490012079e-06
1.451176471e-09,6.421074054e-06
1.451764706e-09,6.350067847e-06
1.452352941e-09,6.277076043e-06
1.452941176e-09,6.202232788e-06
1.453529412e-09,6.125702162e-06
1.454117647e-09,6.047684789e-06
1.454705882e-09,5.968392289e-06
1.455294118e-09,5.888051175e-06
1.455882353e-09,5.806875446e-06
1.456470588e-09,5.725070104e-06
1.457058824e-09,5.642804405e-06
1.457647059e-09,5.560217541e-06
1.458235294e-09,5.477394989e-06
1.458823529e-09,5.394378596e-06
1.459411765e-09,5.311147917e-06
1.46e-09,5.227636147e-06
1.460588235e-09,5.143717355e-06
1.461176471e-09,5.059228606e-06
1.461764706e-09,4.973962804e-06
1.462352941e-09,4.887696098e-06
1.462941176e-09,4.800184865e-06
1.463529412e-09,4.711196387e-06
1.464117647e-09,4.620507548e-06
1.464705882e-09,4.527936038e-06
1.465294118e-09,4.433337814e-06
1.465882353e-09,4.336635859e-06
1.466470588e-09,4.237813515e-06
1.467058824e-09,4.136938174e-06
1.467647059e-09,4.03414823e-06
1.468235294e-09,3.929669947e-06
1.468823529e-09,3.8237969e-06
1.469411765e-09,3.716899533e-06
1.47e-09,3.609397311e-06
1.470588235e-09,3.501761928e-06
1.471176471e-09,3.394483787e-06
1.471764706e-09,3.288071089e-06
1.472352941e-09,3.183013405e-06
1.472941176e-09,3.079779804e-06
1.473529412e-09,2.978782923e-06
1.474117647e-09,2.880379639e-06
1.474705882e-09,2.784839057e-06
1.475294118e-09,2.692348928e-06
1.475882353e-09,2.602990343e-06
1.476470588e-09,2.51675214e-06
1.477058824e-09,2.43351392e-06
1.477647059e-09,2.353069299e-06
1.478235294e-09,2.275117296e-06
1.478823529e-09,2.199293687e-06
1.479411765e-09,2.125169223e-06
1.48e-09,2.052286821e-06
1.480588235e-09,1.980163708e-06
1.481176471e-09,1.908331053e-06
1.481764706e-09,1.836336285e-06
1.482352941e-09,1.76378124e-06
1.482941176e-09,1.690320747e-06
1.483529412e-09,1.615695581e-06
1.484117647e-09,1.539723972e-06
1.484705882e-09,1.46232658e-06
1.485294118e-09,1.383508822e-06
1.485882353e-09,1.303376547e-06
1.486470588e-09,1.222108746e-06
1.487058824e-09,1.13996439e-06
1.487647059e-09,1.057246859e-06
1.488235294e-09,9.743041482e-07
1.488823529e-09,8.914879538e-07
1.489411765e-09,8.091508048e-07
1.49e-09,7.276038255e-07
1.490588235e-09,6.471150776e-07
1.491176471e-09,5.678703583e-07
1.491764706e-09,4.899769805e-07
1.492352941e-09,4.134314883e-07
1.492941176e-09,3.381322349e-07
1.493529412e-09,2.638566731e-07
1.494117647e-09,1.902845622e-07
1.494705882e-09,1.169857302e-07
1.495294118e-09,4.345382218e-08
1.495882353e-09,-3.089655283e-08
1.496470588e-09,-1.066875734e-07
1.497058824e-09,-1.845745969e-07
1.497647059e-09,-2.651990787e-07
1.498235294e-09,-3.491827612e-07
1.498823529e-09,-4.370804113e-07
1.499411765e-09,-5.29376644e-07
1.5e-09,-6.264432669e-07
1.500588235e-09,-7.285432651e-07
1.501176471e-09,-8.35796791e-07
1.501764706e-09,-9.481956753e-07
1.502352941e-09,-1.065580581e-06
1.502941176e-09,-1.187667594e-06
1.503529412e-09,-1.314037036e-06
1.504117647e-09,-1.444171549e-06
1.504705882e-09,-1.577454906e-06
1.505294118e-09,-1.713218931e-06
1.505882353e-09,-1.850748752e-06
1.506470588e-09,-1.989334269e-06
1.507058824e-09,-2.128277038e-06
1.507647059e-09,-2.266941147e-06
1.508235294e-09,-2.40475649e-06
1.508823529e-09,-2.541264008e-06
1.509411765e-09,-2.676110691e-06
1.51e-09,-2.809085121e-06
1.510588235e-09,-2.940100971e-06
1.511176471e-09,-3.06922059e-06
1.511764706e-09,-3.196625786e-06
1.512352941e-09,-3.32262941e-06
1.512941176e-09,-3.447634514e-06
1.513529412e-09,-3.572136115e-06
1.514117647e-09,-3.696671932e-06
1.514705882e-09,-3.821818386e-06
1.515294118e-09,-3.948137625e-06
1.515882353e-09,-4.076172944e-06
1.516470588e-09,-4.20639748e-06
1.517058824e-09,-4.339214386e-06
1.517647059e-09,-4.474912234e-06
1.518235294e-09,-4.613674454e-06
1.518823529e-09,-4.755545187e-06
1.519411765e-09,-4.900450816e-06
1.52e-09,-5.048178023e-06
1.520588235e-09,-5.198407998e-06
1.521176471e-09,-5.350706111e-06
1.521764706e-09,-5.504567058e-06
1.522352941e-09,-5.659413297e-06
1.522941176e-09,-5.814647351e-06
1.523529412e-09,-5.969654456e-06
1.524117647e-09,-6.123856904e-06
1.524705882e-09,-6.276715488e-06
1.525294118e-09,-6.42778041e-06
1.525882353e-09,-6.576686252e-06
1.526470588e-09,-6.723194672e-06
1.527058824e-09,-6.867178793e-06
1.527647059e-09,-7.008654494e-06
1.528235294e-09,-7.14775208e-06
1.528823529e-09,-7.284735188e-06
1.529411765e-09,-7.419959985e-06
1.53e-09,-7.553883139e-06
1.530588235e-09,-7.687011128e-06
1.531176471e-09,-7.819900903e-06
1.531764706e-09,-7.953103766e-06
1.532352941e-09,-8.08716383e-06
1.532941176e-09,-8.222561954e-06
1.533529412e-09,-8.359717614e-06
1.534117647e-09,-8.498938367e-06
1.534705882e-09,-8.64043019e-06
1.535294118e-09,-8.784256848e-06
1.535882353e-09,-8.930362207e-06
1.536470588e-09,-9.078541954e-06
1.537058824e-09,-9.22847915e-06
1.537647059e-09,-9.379728298e-06
1.538235294e-09,-9.531762905e-06
1.538823529e-09,-9.683969436e-06
1.539411765e-09,-9.835703343e-06
1.54e-09,-9.986288452e-06
1.540588235e-09,-1.013507628e-05
1.541176471e-09,-1.028144525e-05
1.541764706e-09,-1.042485747e-05
1.542352941e-09,-1.056485206e-05
1.542941176e-09,-1.070109414e-05
1.543529412e-09,-1.083335758e-05
1.544117647e-09,-1.09615624e-05
1.544705882e-09,-1.108574427e-05
1.545294118e-09,-1.120607891e-05
1.545882353e-09,-1.132283812e-05
1.546470588e-09,-1.143640231e-05
1.547058824e-09,-1.15472056e-05
1.547647059e-09,-1.165574007e-05
1.548235294e-09,-1.176249447e-05
1.548823529e-09,-1.186795557e-05
1.549411765e-09,-1.197254641e-05
1.55e-09,-1.207663089e-05
1.550588235e-09,-1.218045749e-05
1.551176471e-09,-1.228417286e-05
1.551764706e-09,-1.238777597e-05
1.552352941e-09,-1.249114466e-05
1.552941176e-09,-1.25940033e-05
1.553529412e-09,-1.269596383e-05
1.554117647e-09,-1.279650709e-05
1.554705882e-09,-1.28950373e-05
1.555294118e-09,-1.299087443e-05
1.555882353e-09,-1.308331821e-05
1.556470588e-09,-1.317164663e-05
1.557058824e-09,-1.325518371e-05
1.557647059e-09,-1.333329776e-05
1.558235294e-09,-1.340546621e-05
1.558823529e-09,-1.347126698e-05
1.559411765e-09,-1.35304343e-05
1.56e-09,-1.358283761e-05
1.560588235e-09,-1.36285238e-05
1.561176471e-09,-1.366768048e-05
1.561764706e-09,-1.370066271e-05
1.562352941e-09,-1.372794024e-05
1.562941176e-09,-1.375011009e-05
1.563529412e-09,-1.376783049e-05
1.564117647e-09,-1.37818234e-05
1.564705882e-09,-1.37928007e-05
1.565294118e-09,-1.380146305e-05
1.565882353e-09,-1.38084254e-05
1.566470588e-09,-1.381421967e-05
1.567058824e-09,-1.381922695e-05
1.567647059e-09,-1.382369112e-05
1.568235294e-09,-1.382766401e-05
1.568823529e-09,-1.383103521e-05
1.569411765e-09,-1.383349402e-05
1.57e-09,-1.383457778e-05
1.570588235e-09,-1.383365132e-05
1.571176471e-09,-1.382997252e-05
1.571764706e-09,-1.382268639e-05
1.572352941e-09,-1.381090339e-05
1.572941176e-09,-1.379370212e-05
1.573529412e-09,-1.377021325e-05
1.574117647e-09,-1.373962281e-05
1.574705882e-09,-1.370125334e-05
1.575294118e-09,-1.365455921e-05
1.575882353e-09,-1.359919686e-05
1.576470588e-09,-1.353500477e-05
1.577058824e-09,-1.346205654e-05
1.577647059e-09,-1.33806208e-05
1.578235294e-09,-1.329119404e-05
1.578823529e-09,-1.319443935e-05
1.579411765e-09,-1.309119997e-05
1.58e-09,-1.298241973e-05
1.580588235e-09,-1.286914219e-05
1.581176471e-09,-1.275241921e-05
1.581764706e-09,-1.263330366e-05
1.582352941e-09,-1.25127552e-05
1.582941176e-09,-1.239163609e-05
1.583529412e-09,-1.227062409e-05
1.584117647e-09,-1.215022089e-05
1.584705882e-09,-1.203068079e-05
1.585294118e-09,-1.191203948e-05
1.585882353e-09,-1.179406437e-05
1.586470588e-09,-1.167630768e-05
1.587058824e-09,-1.155808038e-05
1.587647059e-09,-1.14385291e-05
1.588235294e-09,-1.131663094e-05
1.588823529e-09,-1.119128921e-05
1.589411765e-09,-1.106134199e-05
1.59e-09,-1.092566794e-05
1.590588235e-09,-1.07831985e-05
1.591176471e-09,-1.063302276e-05
1.591764706e-09,-1.047439179e-05
1.592352941e-09,-1.030681133e-05
1.592941176e-09,-1.013002788e-05
1.593529412e-09,-9.94409992e-06
1.594117647e-09,-9.749358075e-06
1.594705882e-09,-9.546449574e-06
1.595294118e-09,-9.33626957e-06
1.595882353e-09,-9.11997841e-06
1.596470588e-09,-8.898906479e-06
1.597058824e-09,-8.674549346e-06
1.597647059e-09,-8.448453579e-06
1.598235294e-09,-8.222199403e-06
1.598823529e-09,-7.997278856e-06
1.599411765e-09,-7.775078558e-06
1.6e-09,-7.556763421e-06
1.600588235e-09,-7.343272791e-06
1.601176471e-09,-7.135222321e-06
1.601764706e-09,-6.932924867e-06
1.602352941e-09,-6.736320052e-06
1.602941176e-09,-6.545027154e-06
1.603529412e-09,-6.35830685e-06
1.604117647e-09,-6.17514759e-06
1.604705882e-09,-5.994257881e-06
1.605294118e-09,-5.814181404e-06
1.605882353e-09,-5.633312098e-06
1.606470588e-09,-5.450027678e-06
1.607058824e-09,-5.262714957e-06
1.607647059e-09,-5.069907573e-06
1.608235294e-09,-4.870306365e-06
1.608823529e-09,-4.662905899e-06
1.609411765e-09,-4.446994932e-06
1.61e-09,-4.222258018e-06
1.610588235e-09,-3.988744236e-06
1.611176471e-09,-3.746934604e-06
1.611764706e-09,-3.497672813e-06
1.612352941e-09,-3.242195616e-06
1.612941176e-09,-2.982026315e-06
1.613529412e-09,-2.718972539e-06
1.614117647e-09,-2.454990373e-06
1.614705882e-09,-2.192160595e-06
1.615294118e-09,-1.932537171e-06
1.615882353e-09,-1.678117742e-06
1.616470588e-09,-1.430693516e-06
1.617058824e-09,-1.191831488e-06
1.617647059e-09,-9.627427109e-07
1.618235294e-09,-7.442918893e-07
1.618823529e-09,-5.368973821e-07
1.619411765e-09,-3.405785148e-07
1.62e-09,-1.54893899e-07
1.620588235e-09,2.097118593e-08
1.621176471e-09,1.882304541e-07
1.621764706e-09,3.483762381e-07
1.622352941e-09,5.031810203e-07
1.622941176e-09,6.545605043e-07
1.623529412e-09,8.045716896e-07
1.624117647e-09,9.552837151e-07
1.624705882e-09,1.108799893e-06
1.625294118e-09,1.267166082e-06
1.625882353e-09,1.432448156e-06
1.626470588e-09,1.606710412e-06
1.627058824e-09,1.792181549e-06
1.627647059e-09,1.991336349e-06
1.628235294e-09,2.207183544e-06
1.628823529e-09,2.443484366e-06
1.629411765e-09,2.705196671e-06
1.63e-09,2.998866248e-06
1.630588235e-09,3.333265834e-06
1.631176471e-09,3.720001955e-06
1.631764706e-09,4.174397564e-06
1.632352941e-09,4.716371033e-06
1.632941176e-09,5.371629126e-06
1.633529412e-09,6.172897048e-06
1.634117647e-09,7.161515052e-06
1.634705882e-09,8.389129083e-06
1.635294118e-09,9.919818447e-06
1.635882353e-09,1.183239336e-05
1.636470588e-09,1.42232194e-05
1.637058824e-09,1.720930663e-05
1.637647059e-09,2.093203321e-05
1.638235294e-09,2.556124379e-05
1.638823529e-09,3.130010177e-05
1.639411765e-09,3.839043338e-05
1.64e-09,4.7118946e-05
1.640588235e-09,5.782404892e-05
1.641176471e-09,7.090365378e-05
1.641764706e-09,8.682366321e-05
1.642352941e-09,0.0001061275093
1.642941176e-09,0.0001294464187
1.643529412e-09,0.0001575107387
1.644117647e-09,0.0001911619567
1.644705882e-09,0.0002313657064
1.645294118e-09,0.0002792253389
1.645882353e-09,0.0003359962981
1.646470588e-09,0.0004031008123
1.647058824e-09,0.0004821430825
1.647647059e-09,0.0005749244032
1.648235294e-09,0.0006834583325
1.648823529e-09,0.0008099852715
1.649411765e-09,0.0009569865062
1.65e-09,0.001127196999
1.650588235e-09,0.001323616932
1.651176471e-09,0.001549521224
1.651764706e-09,0.001808466987
1.652352941e-09,0.002104298109
1.652941176e-09,0.002441146904
1.653529412e-09,0.002823432016
1.654117647e-09,0.003255852521
1.654705882e-09,0.003743377444
1.655294118e-09,0.004291230688
1.655882353e-09,0.004904870652
1.656470588e-09,0.005589964619
1.657058824e-09,0.00635235731
1.657647059e-09,0.007198033807
1.658235294e-09,0.008133076378
1.658823529e-09,0.009163615598
1.659411765e-09,0.01029577546
1.66e-09,0.01153561305
1.660588235e-09,0.0128890528
1.661176471e-09,0.01436181591
1.661764706e-09,0.01595934534
1.662352941e-09,0.01768672723
1.662941176e-09,0.01954860913
1.663529412e-09,0.02154911641
1.664117647e-09,0.02369176721
1.664705882e-09,0.02597938766
1.665294118e-09,0.0284140278
1.665882353e-09,0.03099688004
1.666470588e-09,0.0337282009
1.667058824e-09,0.03660723773
1.667647059e-09,0.03963216135
1.668235294e-09,0.04280000627
1.668823529e-09,0.04610661938
1.669411765e-09,0.04954661871
1.67e-09,0.05311336306
1.670588235e-09,0.05679893394
1.671176471e-09,0.06059413025
1.671764706e-09,0.0644884772
1.672352941e-09,0.06847024923
1.672941176e-09,0.07252650836
1.673529412e-09,0.07664315736
1.674117647e-09,0.08080500849
1.674705882e-09,0.08499586715
1.675294118e-09,0.0891986305
1.675882353e-09,0.09339539995
1.676470588e-09,0.09756760728
1.677058824e-09,0.1016961527
1.677647059e-09,0.1057615539
1.678235294e-09,0.1097441052
1.678823529e-09,0.1136240431
1.679411765e-09,0.1173817196
1.68e-09,0.1209977777
1.680588235e-09,0.1244533303
1.681176471e-09,0.1277301377
1.681764706e-09,0.1308107828
1.682352941e-09,0.1336788419
1.682941176e-09,0.1363190475
1.683529412e-09,0.1387174426
1.684117647e-09,0.1408615227
1.684705882e-09,0.1427403652
1.685294118e-09,0.1443447427
1.685882353e-09,0.1456672193
1.686470588e-09,0.1467022295
1.687058824e-09,0.1474461358
1.687647059e-09,0.1478972666
1.688235294e-09,0.1480559334
1.688823529e-09,0.1479244248
1.689411765e-09,0.1475069804
1.69e-09,0.1468097423
1.690588235e-09,0.1458406863
1.691176471e-09,0.144609533
1.691764706e-09,0.1431276398
1.692352941e-09,0.1414078763
1.692941176e-09,0.1394644837
1.693529412e-09,0.13731292
1.694117647e-09,0.134969695
1.694705882e-09,0.132452194
1.695294118e-09,0.129778497
1.695882353e-09,0.126967191
1.696470588e-09,0.1240371826
1.697058824e-09,0.1210075098
1.697647059e-09,0.1178971571
1.698235294e-09,0.1147248769
1.698823529e-09,0.1115090178
1.699411765e-09,0.1082673634
1.7e-09,0.1050169822
1.700588235e-09,0.101774092
1.701176471e-09,0.09855393902
1.701764706e-09,0.0953706924
1.702352941e-09,0.09223735736
1.702941176e-09,0.08916570491
1.703529412e-09,0.08616622049
1.704117647e-09,0.08324807028
1.704705882e-09,0.08041908599
1.705294118e-09,0.07768576663
1.705882353e-09,0.07505329742
1.706470588e-09,0.07252558396
1.707058824e-09,0.07010530132
1.707647059e-09,0.0677939557
1.708235294e-09,0.06559195808
1.708823529e-09,0.06349870719
1.709411765e-09,0.06151268092
1.71e-09,0.05963153359
1.710588235e-09,0.05785219786
1.711176471e-09,0.0561709888
1.711764706e-09,0.05458370906
1.712352941e-09,0.05308575263
1.712941176e-09,0.05167220644
1.713529412e-09,0.05033794739
1.714117647e-09,0.04907773449
1.714705882e-09,0.04788629396
1.715294118e-09,0.0467583973
1.715882353e-09,0.0456889306
1.716470588e-09,0.04467295546
1.717058824e-09,0.04370576025
1.717647059e-09,0.04278290243
1.718235294e-09,0.04190024097
1.718823529e-09,0.04105396019
1.719411765e-09,0.0402405842
1.72e-09,0.03945698358
1.720588235e-09,0.03870037388
1.721176471e-09,0.03796830776
1.721764706e-09,0.03725866051
1.722352941e-09,0.03656961099
1.722941176e-09,0.03589961777
1.723529412e-09,0.03524739258
1.724117647e-09,0.03461187092
1.724705882e-09,0.03399218184
1.725294118e-09,0.03338761667
1.725882353e-09,0.03279759875
1.726470588e-09,0.03222165351
1.727058824e-09,0.03165938105
1.727647059e-09,0.03111043032
1.728235294e-09,0.03057447673
1.728823529e-09,0.03005120218
1.729411765e-09,0.02954027918
1.73e-09,0.02904135767
1.730588235e-09,0.02855405605
1.731176471e-09,0.02807795501
1.731764706e-09,0.0276125952
1.732352941e-09,0.02715747731
1.732941176e-09,0.02671206557
1.733529412e-09,0.02627579293
1.734117647e-09,0.0258480688
1.734705882e-09,0.02542828785
1.735294118e-09,0.02501584043
1.735882353e-09,0.02461012313
1.736470588e-09,0.02421055022
1.737058824e-09,0.02381656428
1.737647059e-09,0.02342764712
1.738235294e-09,0.02304332908
1.738823529e-09,0.02266319803
1.739411765e-09,0.02228690635
1.74e-09,0.0219141771
1.740588235e-09,0.02154480797
1.741176471e-09,0.02117867429
1.741764706e-09,0.02081572964
1.742352941e-09,0.02045600566
1.742941176e-09,0.02009960954
1.743529412e-09,0.01974672096
1.744117647e-09,0.019397587
1.744705882e-09,0.01905251676
1.745294118e-09,0.01871187439
1.745882353e-09,0.01837607221
1.746470588e-09,0.0180455626
1.747058824e-09,0.01772083046
1.747647059e-09,0.01740238467
1.748235294e-09,0.01709075059
1.748823529e-09,0.01678646182
1.749411765e-09,0.0164900532
1.75e-09,0.01620205334
1.750588235e-09,0.01592297848
1.751176471e-09,0.015653326
1.751764706e-09,0.01539356927
1.752352941e-09,0.01514415209
1.752941176e-09,0.01490548456
1.753529412e-09,0.0146779383
1.754117647e-09,0.01446184304
1.754705882e-09,0.01425748241
1.755294118e-09,0.01406509101
1.755882353e-09,0.01388485054
1.756470588e-09,0.01371688704
1.757058824e-09,0.01356126716
1.757647059e-09,0.01341799549
1.758235294e-09,0.01328701083
1.758823529e-09,0.01316818368
1.759411765e-09,0.0130613126
1.76e-09,0.01296612201
1.760588235e-09,0.01288225894
1.761176471e-09,0.01280929154
1.761764706e-09,0.01274670668
1.762352941e-09,0.01269390954
1.762941176e-09,0.01265022272
1.763529412e-09,0.01261488749
1.764117647e-09,0.01258706488
1.764705882e-09,0.0125658392
1.765294118e-09,0.01255022156
1.765882353e-09,0.01253915612
1.766470588e-09,0.01253152637
1.767058824e-09,0.01252616428
1.767647059e-09,0.01252185947
1.768235294e-09,0.01251737118
1.768823529e-09,0.01251144011
1.769411765e-09,0.01250280287
1.77e-09,0.01249020591
1.770588235e-09,0.01247242172
1.771176471e-09,0.01244826407
1.771764706e-09,0.01241660503
1.772352941e-09,0.01237639036
1.772941176e-09,0.01232665611
1.773529412e-09,0.012266543
1.774117647e-09,0.01219531141
1.774705882e-09,0.01211235332
1.775294118e-09,0.01201720441
1.775882353e-09,0.01190955252
1.776470588e-09,0.01178924571
1.777058824e-09,0.01165629617
1.777647059e-09,0.01151088352
1.778235294e-09,0.01135335351
1.778823529e-09,0.01118421607
1.779411765e-09,0.01100413855
1.78e-09,0.0108139385
1.780588235e-09,0.01061457176
1.781176471e-09,0.01040712024
1.781764706e-09,0.01019277559
1.782352941e-09,0.009972822882
1.782941176e-09,0.009748620777
1.783529412e-09,0.009521582467
1.784117647e-09,0.009293153605
1.784705882e-09,0.009064791978
1.785294118e-09,0.008837944799
1.785882353e-09,0.008614028653
1.786470588e-09,0.008394407776
1.787058824e-09,0.008180375843
1.787647059e-09,0.007973136744
1.788235294e-09,0.007773789634
1.788823529e-09,0.007583313495
1.789411765e-09,0.007402556592
1.79e-09,0.007232225771
1.790588235e-09,0.00707288109
1.791176471e-09,0.006924930398
1.791764706e-09,0.006788629475
1.792352941e-09,0.006664081996
1.792941176e-09,0.006551245047
1.793529412e-09,0.006449934137
1.794117647e-09,0.00635983355
1.794705882e-09,0.006280505659
1.795294118e-09,0.006211405193
1.795882353e-09,0.006151891796
1.796470588e-09,0.006101247041
1.797058824e-09,0.006058688936
1.797647059e-09,0.006023390345
1.798235294e-09,0.005994494079
1.798823529e-09,0.005971131351
1.799411765e-09,0.005952436084
1.8e-09,0.005937562121
1.800588235e-09,0.005925695548
1.801176471e-09,0.005916069545
1.801764706e-09,0.005907973752
1.802352941e-09,0.005900765943
1.802941176e-09,0.00589387775
1.803529412e-09,0.005886822658
1.804117647e-09,0.00587919776
1.804705882e-09,0.005870687915
1.805294118e-09,0.005861063536
1.805882353e-09,0.0058501811
1.806470588e-09,0.005837977281
1.807058824e-09,0.005824466287
1.807647059e-09,0.005809730931
1.808235294e-09,0.005793917491
1.808823529e-09,0.005777224488
1.809411765e-09,0.005759895926
1.81e-09,0.005742208655
1.810588235e-09,0.0057244649
1.811176471e-09,0.005706979114
1.811764706e-09,0.005690070682
1.812352941e-09,0.005674051097
1.812941176e-09,0.005659217646
1.813529412e-09,0.005645841614
1.814117647e-09,0.00563416359
1.814705882e-09,0.005624383241
1.815294118e-09,0.005616656695
1.815882353e-09,0.005611088214
1.816470588e-09,0.005607729915
1.817058824e-09,0.005606575474
1.817647059e-09,0.005607562247
1.818235294e-09,0.00561056696
1.818823529e-09,0.005615410124
1.819411765e-09,0.005621853513
1.82e-09,0.00562960665
1.820588235e-09,0.005638325773
1.821176471e-09,0.005647622085
1.821764706e-09,0.005657061853
1.822352941e-09,0.005666176096
1.822941176e-09,0.005674461446
1.823529412e-09,0.005681390957
1.824117647e-09,0.005686415392
1.824705882e-09,0.00568897487
1.825294118e-09,0.005688500294
1.825882353e-09,0.005684425618
1.826470588e-09,0.005676189175
1.827058824e-09,0.005663246405
1.827647059e-09,0.005645070892
1.828235294e-09,0.005621167433
1.828823529e-09,0.005591072611
1.829411765e-09,0.005554368106
1.83e-09,0.005510680629
1.830588235e-09,0.005459695347
1.831176471e-09,0.005401154969
1.831764706e-09,0.005334873119
1.832352941e-09,0.005260732294
1.832941176e-09,0.005178696957
1.833529412e-09,0.005088810002
1.834117647e-09,0.004991205261
1.834705882e-09,0.004886102047
1.835294118e-09,0.004773816708
1.835882353e-09,0.004654754747
1.836470588e-09,0.004529421036
1.837058824e-09,0.004398408996
1.837647059e-09,0.004262409101
1.838235294e-09,0.004122194646
1.838823529e-09,0.003978628246
1.839411765e-09,0.003832643823
1.84e-09,0.003685250977
1.840588235e-09,0.00353751297
1.841176471e-09,0.003390549072
1.841764706e-09,0.003245508561
1.842352941e-09,0.003103571411
1.842941176e-09,0.00296591859
1.843529412e-09,0.00283373177
1.844117647e-09,0.002708160481
1.844705882e-09,0.002590321839
1.845294118e-09,0.002481265368
1.845882353e-09,0.002381974017
1.846470588e-09,0.002293327666
1.847058824e-09,0.002216106927
1.847647059e-09,0.002150956455
1.848235294e-09,0.002098393145
1.848823529e-09,0.00205877037
1.849411765e-09,0.002032292193
1.85e-09,0.002018979507
1.850588235e-09,0.002018691771
1.851176471e-09,0.002031095732
1.851764706e-09,0.002055695962
1.852352941e-09,0.002091806425
1.852941176e-09,0.00213859076
1.853529412e-09,0.002195036405
1.854117647e-09,0.00226000519
1.854705882e-09,0.002332209105
1.855294118e-09,0.002410271355
1.855882353e-09,0.002492702197
1.856470588e-09,0.002577970244
1.857058824e-09,0.002664476115
1.857647059e-09,0.002750633537
1.858235294e-09,0.002834837889
1.858823529e-09,0.002915556583
1.859411765e-09,0.002991288983
1.86e-09,0.003060665708
1.860588235e-09,0.003122395871
1.861176471e-09,0.003175375408
1.861764706e-09,0.003218617051
1.862352941e-09,0.003251368651
1.862941176e-09,0.003273020712
1.863529412e-09,0.003283236985
1.864117647e-09,0.003281833624
1.864705882e-09,0.003268926243
1.865294118e-09,0.003244773556
1.865882353e-09,0.00320994782
1.866470588e-09,0.003165133804
1.867058824e-09,0.003111333542
1.867647059e-09,0.003049607927
1.868235294e-09,0.002981332753
1.868823529e-09,0.002907863957
1.869411765e-09,0.002830871722
1.87e-09,0.002751898776
1.870588235e-09,0.002672816638
1.871176471e-09,0.002595223882
1.871764706e-09,0.002521102306
1.872352941e-09,0.002451954709
1.872941176e-09,0.002389813632
1.873529412e-09,0.002335905096
1.874117647e-09,0.002292361716
1.874705882e-09,0.002259868894
1.875294118e-09,0.002241147281
1.875882353e-09,0.00223564346
1.876470588e-09,0.002250778834
1.877058824e-09,0.002260805569
1.877647059e-09,0.002258489954
1.878235294e-09,0.002287265567
1.878823529e-09,0.002340460899
1.879411765e-09,0.002408724885
1.88e-09,0.002492455313
1.880588235e-09,0.002589057572
1.881176471e-09,0.002698022479
1.881764706e-09,0.002817422484
1.882352941e-09,0.002946171975
1.882941176e-09,0.003082390516
1.883529412e-09,0.003224621948
1.884117647e-09,0.003370949468
1.884705882e-09,0.003519702298
1.885294118e-09,0.00366897166
1.885882353e-09,0.00381700798
1.886470588e-09,0.003961996217
1.887058824e-09,0.004102228473
1.887647059e-09,0.004236080274
1.888235294e-09,0.004361986651
1.888823529e-09,0.004478607292
1.889411765e-09,0.004584594574
1.89e-09,0.004678975899
1.890588235e-09,0.004760656872
1.891176471e-09,0.004829106657
1.891764706e-09,0.004883458221
1.892352941e-09,0.004923701809
1.892941176e-09,0.004949041134
1.893529412e-09,0.004960134001
1.894117647e-09,0.004955647561
1.894705882e-09,0.004937482157
1.895294118e-09,0.004899534743
1.895882353e-09,0.004868784934
1.896470588e-09,0.0048536031
1.897058824e-09,0.004811567511
1.897647059e-09,0.00475021025
1.898235294e-09,0.004679591891
1.898823529e-09,0.004599830007
1.899411765e-09,0.004513872628
1.9e-09,0.004422360218
1.900588235e-09,0.00432719632
1.901176471e-09,0.004229207388
1.901764706e-09,0.004129884487
1.902352941e-09,0.004030059691
1.902941176e-09,0.003930938781
1.903529412e-09,0.003833257457
1.904117647e-09,0.003737962984
1.904705882e-09,0.00364563522
1.905294118e-09,0.003556969675
1.905882353e-09,0.003472360498
1.906470588e-09,0.003392261084
1.907058824e-09,0.003316873418
1.907647059e-09,0.003246428242
1.908235294e-09,0.003180947806
1.908823529e-09,0.003120470385
1.909411765e-09,0.003064865425
1.91e-09,0.003014017717
1.910588235e-09,0.002967680733
1.911176471e-09,0.002925630236
1.911764706e-09,0.002887545752
1.912352941e-09,0.002853140036
1.912941176e-09,0.002822061342
1.913529412e-09,0.002794003109
1.914117647e-09,0.002768621569
1.914705882e-09,0.002745628763
1.915294118e-09,0.002724721418
1.915882353e-09,0.002705659648
1.916470588e-09,0.002688204117
1.917058824e-09,0.002672182341
1.917647059e-09,0.002657432021
1.918235294e-09,0.002643856631
1.918823529e-09,0.002631373499
1.919411765e-09,0.002619960242
1.92e-09,0.002609606718
1.920588235e-09,0.002600353805
1.921176471e-09,0.00259224877
1.921764706e-09,0.002585377826
1.922352941e-09,0.002579824757
1.922941176e-09,0.002575698605
1.923529412e-09,0.002573095594
1.924117647e-09,0.002572123186
1.924705882e-09,0.002572865433
1.925294118e-09,0.002575404505
1.925882353e-09,0.00257978961
1.926470588e-09,0.002586056911
1.927058824e-09,0.002594202129
1.927647059e-09,0.002604199567
1.928235294e-09,0.002615978403
1.928823529e-09,0.002629441355
1.929411765e-09,0.002644444559
1.93e-09,0.002660816198
1.930588235e-09,0.00267833976
1.931176471e-09,0.002696772769
1.931764706e-09,0.002715833104
1.932352941e-09,0.002735217814
1.932941176e-09,0.002754592103
1.933529412e-09,0.00277360809
1.934117647e-09,0.002791895983
1.934705882e-09,0.002809082564
1.935294118e-09,0.002824784056
1.935882353e-09,0.002838624046
1.936470588e-09,0.002850227535
1.937058824e-09,0.002859237998
1.937647059e-09,0.002865312128
1.938235294e-09,0.002868135731
1.938823529e-09,0.00286741871
1.939411765e-09,0.002862909522
1.94e-09,0.002854390009
1.940588235e-09,0.002841688184
1.941176471e-09,0.002824672577
1.941764706e-09,0.002803263188
1.942352941e-09,0.00277742509
1.942941176e-09,0.002747177447
1.943529412e-09,0.002712586209
1.944117647e-09,0.002673771169
1.944705882e-09,0.002630897672
1.945294118e-09,0.002584181761
1.945882353e-09,0.002533880918
1.946470588e-09,0.002480297429
1.947058824e-09,0.002423768264
1.947647059e-09,0.002364666869
1.948235294e-09,0.002303392373
1.948823529e-09,0.002240370095
1.949411765e-09,0.002176040329
1.95e-09,0.00211085792
1.950588235e-09,0.002045280939
1.951176471e-09,0.001979769715
1.951764706e-09,0.001914775759
1.952352941e-09,0.001850740655
1.952941176e-09,0.001788085601
1.953529412e-09,0.001727210565
1.954117647e-09,0.001668484792
1.954705882e-09,0.001612246597
1.955294118e-09,0.001558795141
1.955882353e-09,0.001508391174
1.956470588e-09,0.00146125032
1.957058824e-09,0.001417544985
1.957647059e-09,0.001377399305
1.958235294e-09,0.001340892339
1.958823529e-09,0.001308054708
1.959411765e-09,0.001278873094
1.96e-09,0.001253288491
1.960588235e-09,0.001231201903
1.961176471e-09,0.001212474025
1.961764706e-09,0.00119693193
1.962352941e-09,0.001184369917
1.962941176e-09,0.001174556882
1.963529412e-09,0.001167237991
1.964117647e-09,0.001162142404
1.964705882e-09,0.001158985374
1.965294118e-09,0.001157475957
1.965882353e-09,0.001157319164
1.966470588e-09,0.001158223283
1.967058824e-09,0.001159901734
1.967647059e-09,0.00116207969
1.968235294e-09,0.00116449533
1.968823529e-09,0.001166905518
1.969411765e-09,0.001169086234
1.97e-09,0.001170837154
1.970588235e-09,0.001171981138
1.971176471e-09,0.001172367646
1.971764706e-09,0.001171871261
1.972352941e-09,0.001170393979
1.972941176e-09,0.001167862829
1.973529412e-09,0.001164231156
1.974117647e-09,0.001159475491
1.974705882e-09,0.001153596
1.975294118e-09,0.001146612808
1.975882353e-09,0.001138565847
1.976470588e-09,0.001129510856
1.977058824e-09,0.001119518874
1.977647059e-09,0.001108672144
1.978235294e-09,0.001097063494
1.978823529e-09,0.001084792358
1.979411765e-09,0.001071964239
1.98e-09,0.001058687031
1.980588235e-09,0.00104507072
1.981176471e-09,0.001031224128
1.981764706e-09,0.001017254962
1.982352941e-09,0.001003267039
1.982941176e-09,0.0009893607237
1.983529412e-09,0.0009756306599
1.984117647e-09,0.0009621665816
1.984705882e-09,0.0009490515062
1.985294118e-09,0.0009363628737
1.985882353e-09,0.0009241711258
1.986470588e-09,0.0009125410867
1.987058824e-09,0.0009015308306
1.987647059e-09,0.0008911932029
1.988235294e-09,0.0008815748679
1.988823529e-09,0.000872717868
1.989411765e-09,0.0008646587474
1.99e-09,0.0008574300566
1.990588235e-09,0.0008510594654
1.991176471e-09,0.0008455711397
1.991764706e-09,0.0008409847809
1.992352941e-09,0.0008373168294
1.992941176e-09,0.0008345793962
1.993529412e-09,0.000832781278
1.994117647e-09,0.0008319267764
1.994705882e-09,0.0008320165386
1.995294118e-09,0.0008330462881
1.995882353e-09,0.0008350075313
1.996470588e-09,0.0008378862466
1.997058824e-09,0.0008416635163
1.997647059e-09,0.000846314239
1.998235294e-09,0.0008518077581
1.998823529e-09,0.0008581066706
1.999411765e-09,0.0008651675288
2e-09,0.000872939817
2.000588235e-09,0.0008813667987
2.001176471e-09,0.0008903847248
2.001764706e-09,0.0008999238846
2.002352941e-09,0.0009099080932
2.002941176e-09,0.0009202559842
2.003529412e-09,0.0009308808001
2.004117647e-09,0.0009416919393
2.004705882e-09,0.0009525950454
2.005294118e-09,0.000963493791
2.005882353e-09,0.0009742902313
2.006470588e-09,0.0009848867778
2.007058824e-09,0.0009951867511
2.007647059e-09,0.001005096468
2.008235294e-09,0.001014525902
2.008823529e-09,0.001023390784
2.009411765e-09,0.001031613265
2.01e-09,0.001039123906
2.010588235e-09,0.001045862218
2.011176471e-09,0.001051778435
2.011764706e-09,0.001056833801
2.012352941e-09,0.001061002005
2.012941176e-09,0.001064269114
2.013529412e-09,0.001066634573
2.014117647e-09,0.001068110697
2.014705882e-09,0.001068723172
2.015294118e-09,0.001068510061
2.015882353e-09,0.001067521771
2.016470588e-09,0.001065819577
2.017058824e-09,0.001063475077
2.017647059e-09,0.00106056827
2.018235294e-09,0.001057186573
2.018823529e-09,0.001053422539
2.019411765e-09,0.001049372552
2.02e-09,0.001045134325
2.020588235e-09,0.001040805409
2.021176471e-09,0.001036480631
2.021764706e-09,0.001032250611
2.022352941e-09,0.001028199304
2.022941176e-09,0.001024402696
2.023529412e-09,0.001020926649
2.024117647e-09,0.001017825938
2.024705882e-09,0.001015142549
2.025294118e-09,0.001012905211
2.025882353e-09,0.001011128267
2.026470588e-09,0.001009811803
2.027058824e-09,0.001008941163
2.027647059e-09,0.001008487727
2.028235294e-09,0.001008409085
2.028823529e-09,0.001008650449
2.029411765e-09,0.001009145451
2.03e-09,0.00100981811
2.030588235e-09,0.001010584154
2.031176471e-09,0.00101135342
2.031764706e-09,0.001012031554
2.032352941e-09,0.001012522671
2.032941176e-09,0.00101273125
2.033529412e-09,0.001012564869
2.034117647e-09,0.001011936085
2.034705882e-09,0.001010765043
2.035294118e-09,0.00100898115
2.035882353e-09,0.001006525354
2.036470588e-09,0.001003351434
2.037058824e-09,0.000999427792
2.037647059e-09,0.0009947382012
2.038235294e-09,0.0009892829865
2.038823529e-09,0.0009830791366
2.039411765e-09,0.0009761607955
2.04e-09,0.0009685786886
2.040588235e-09,0.0009603999085
2.041176471e-09,0.0009517066635
2.041764706e-09,0.000942595394
2.042352941e-09,0.0009331749052
2.042941176e-09,0.0009235649022
2.043529412e-09,0.0009138936167
2.044117647e-09,0.0009042958908
2.044705882e-09,0.0008949104454
2.045294118e-09,0.0008858776754
2.045882353e-09,0.0008773367332
2.046470588e-09,0.0008694232173
2.047058824e-09,0.0008622662585
2.047647059e-09,0.0008559862909
2.048235294e-09,0.0008506923278
2.048823529e-09,0.0008464799993
2.049411765e-09,0.0008434291936
2.05e-09,0.0008416025274
2.050588235e-09,0.000841043507
2.051176471e-09,0.0008417755705
2.051764706e-09,0.00084380089
2.052352941e-09,0.0008471000902
2.052941176e-09,0.0008516317743
2.053529412e-09,0.0008573329805
2.054117647e-09,0.0008641194699
2.054705882e-09,0.0008718869348
2.055294118e-09,0.00088051204
2.055882353e-09,0.0008898543475
2.056470588e-09,0.0008997580505
2.057058824e-09,0.0009100545327
2.057647059e-09,0.0009205646863
2.058235294e-09,0.0009311019738
2.058823529e-09,0.0009414751793
2.059411765e-09,0.0009514918014
2.06e-09,0.0009609610468
2.060588235e-09,0.0009696973507
2.061176471e-09,0.0009775233967
2.061764706e-09,0.0009842735391
2.062352941e-09,0.0009897966191
2.062941176e-09,0.0009939590576
2.063529412e-09,0.0009966472391
2.064117647e-09,0.0009977700542
2.064705882e-09,0.000997260641
2.065294118e-09,0.0009950781839
2.065882353e-09,0.0009912088389
2.066470588e-09,0.0009856666399
2.067058824e-09,0.0009784934859
2.067647059e-09,0.0009697590646
2.068235294e-09,0.0009595598464
2.068823529e-09,0.0009480180051
2.069411765e-09,0.0009352794362
2.07e-09,0.0009215117319
2.070588235e-09,0.0009069013193
2.071176471e-09,0.0008916506216
2.071764706e-09,0.0008759744847
2.072352941e-09,0.0008600967279
2.072941176e-09,0.0008442460902
2.073529412e-09,0.0008286524285
2.074117647e-09,0.0008135424628
2.074705882e-09,0.0007991359175
2.075294118e-09,0.00078564137
2.075882353e-09,0.0007732526436
2.076470588e-09,0.0007621450657
2.077058824e-09,0.0007524724096
2.077647059e-09,0.0007443638443
2.078235294e-09,0.0007379216845
2.078823529e-09,0.0007332192653
2.079411765e-09,0.0007302997022
2.08e-09,0.0007291748533
2.080588235e-09,0.0007298252123
2.081176471e-09,0.0007322000391
2.081764706e-09,0.0007362184187
2.082352941e-09,0.0007417705482
2.082941176e-09,0.0007487199038
2.083529412e-09,0.000756905578
2.084117647e-09,0.0007661454081
2.084705882e-09,0.0007762391758
2.085294118e-09,0.0007869724714
2.085882353e-09,0.0007981204991
2.086470588e-09,0.0008094523929
2.087058824e-09,0.0008207353227
2.087647059e-09,0.0008317389428
2.088235294e-09,0.0008422394707
2.088823529e-09,0.0008520239379
2.089411765e-09,0.0008608939178
2.09e-09,0.0008686692666
2.090588235e-09,0.0008751912048
2.091176471e-09,0.000880325277
2.091764706e-09,0.0008839635452
2.092352941e-09,0.0008860265597
2.092941176e-09,0.0008864644927
2.093529412e-09,0.000885257991
2.094117647e-09,0.0008824181635
2.094705882e-09,0.0008779862731
2.095294118e-09,0.0008720325822
2.095882353e-09,0.0008646549316
2.096470588e-09,0.0008559765353
2.097058824e-09,0.0008461435804
2.097647059e-09,0.0008353221423
2.098235294e-09,0.0008236950132
2.098823529e-09,0.0008114579753
2.099411765e-09,0.0007988161212
2.1e-09,0.0007859797698
2.100588235e-09,0.0007731605774
2.101176471e-09,0.0007605674043
2.101764706e-09,0.000748402528
2.102352941e-09,0.0007368577686
2.102941176e-09,0.0007261111019
2.103529412e-09,0.0007163233275
2.104117647e-09,0.0007076353453
2.104705882e-09,0.0007001656031
2.105294118e-09,0.0006940082443
2.105882353e-09,0.0006892315076
2.106470588e-09,0.0006858768823
2.107058824e-09,0.0006839585563
2.107647059e-09,0.0006834636331
2.108235294e-09,0.0006843526399
2.108823529e-09,0.0006865607761
2.109411765e-09,0.0006899994106
2.11e-09,0.0006945582488
2.110588235e-09,0.0007001076695
2.111176471e-09,0.0007065016287
2.111764706e-09,0.0007135806224
2.112352941e-09,0.0007211750874
2.112941176e-09,0.000729108731
2.113529412e-09,0.0007372021553
2.114117647e-09,0.0007452762708
2.114705882e-09,0.0007531558577
2.115294118e-09,0.0007606727798
2.115882353e-09,0.0007676692091
2.116470588e-09,0.0007740003811
2.117058824e-09,0.000779537243
2.117647059e-09,0.0007841685357
2.118235294e-09,0.000787802681
2.118823529e-09,0.000790369038
2.119411765e-09,0.0007918189129
2.12e-09,0.0007921259113
2.120588235e-09,0.0007912860314
2.121176471e-09,0.0007893171117
2.121764706e-09,0.0007862580456
2.122352941e-09,0.0007821674009
2.122941176e-09,0.000777121866
2.123529412e-09,0.0007712141825
2.124117647e-09,0.0007645509944
2.124705882e-09,0.0007572502876
2.125294118e-09,0.0007494388536
2.125882353e-09,0.0007412494636
2.126470588e-09,0.0007328181812
2.127058824e-09,0.0007242815078
2.127647059e-09,0.0007157737806
2.128235294e-09,0.0007074245163
2.128823529e-09,0.0006993561084
2.129411765e-09,0.0006916815679
2.13e-09,0.0006845026963
2.130588235e-09,0.0006779083749
2.131176471e-09,0.0006719733397
2.131764706e-09,0.0006667571151
2.132352941e-09,0.0006623034568
2.132941176e-09,0.0006586399659
2.133529412e-09,0.0006557782045
2.134117647e-09,0.0006537139665
2.134705882e-09,0.0006524280147
2.135294118e-09,0.0006518869304
2.135882353e-09,0.0006520443724
2.136470588e-09,0.0006528423872
2.137058824e-09,0.000654213054
2.137647059e-09,0.0006560801075
2.138235294e-09,0.0006583608142
2.138823529e-09,0.000660967746
2.139411765e-09,0.0006638107267
2.14e-09,0.0006667985984
2.140588235e-09,0.0006698410836
2.141176471e-09,0.0006728504017
2.141764706e-09,0.000675742915
2.142352941e-09,0.0006784404756
2.142941176e-09,0.0006808717537
2.143529412e-09,0.0006829732301
2.144117647e-09,0.0006846901377
2.144705882e-09,0.0006859770506
2.145294118e-09,0.0006867984091
2.145882353e-09,0.0006871286914
2.146470588e-09,0.0006869525266
2.147058824e-09,0.0006862644696
2.147647059e-09,0.0006850687366
2.148235294e-09,0.0006833786323
2.148823529e-09,0.000681215968
2.149411765e-09,0.0006786102101
2.15e-09,0.0006755976587
2.150588235e-09,0.0006722204008
2.151176471e-09,0.0006685253361
2.151764706e-09,0.0006645630254
2.152352941e-09,0.0006603866534
2.152941176e-09,0.0006560508601
2.153529412e-09,0.0006516107268
2.154117647e-09,0.0006471206723
2.154705882e-09,0.0006426335387
2.155294118e-09,0.0006381996215
2.155882353e-09,0.0006338659176
2.156470588e-09,0.000629675344
2.157058824e-09,0.0006256661932
2.157647059e-09,0.0006218715773
2.158235294e-09,0.0006183191174
2.158823529e-09,0.0006150306306
2.159411765e-09,0.0006120220622
2.16e-09,0.000609303414
2.160588235e-09,0.000606878909
2.161176471e-09,0.0006047471432
2.161764706e-09,0.000602901456
2.162352941e-09,0.0006013302714
2.162941176e-09,0.000600017635
2.163529412e-09,0.0005989436988
2.164117647e-09,0.0005980853744
2.164705882e-09,0.0005974169081
2.165294118e-09,0.0005969105947
2.165882353e-09,0.0005965373859
2.166470588e-09,0.0005962676075
2.167058824e-09,0.0005960715447
2.167647059e-09,0.0005959201095
2.168235294e-09,0.0005957853524
2.168823529e-09,0.0005956410331
2.169411765e-09,0.0005954630182
2.17e-09,0.0005952297201
2.170588235e-09,0.0005949223513
2.171176471e-09,0.0005945252107
2.171764706e-09,0.0005940257802
2.172352941e-09,0.0005934148512
2.172941176e-09,0.0005926864647
2.173529412e-09,0.0005918378856
2.174117647e-09,0.0005908694008
2.174705882e-09,0.0005897841627
2.175294118e-09,0.0005885878718
2.175882353e-09,0.0005872885199
2.176470588e-09,0.0005858959932
2.177058824e-09,0.0005844217525
2.177647059e-09,0.0005828783964
2.178235294e-09,0.0005812793193
2.178823529e-09,0.0005796382742
2.179411765e-09,0.0005779690481
2.18e-09,0.0005762850599
2.180588235e-09,0.000574599087
2.181176471e-09,0.0005729229289
2.181764706e-09,0.0005712672095
2.182352941e-09,0.0005696411269
2.182941176e-09,0.0005680523476
2.183529412e-09,0.0005665068524
2.184117647e-09,0.0005650089276
2.184705882e-09,0.0005635611077
2.185294118e-09,0.0005621642588
2.185882353e-09,0.0005608176088
2.186470588e-09,0.00055951891
2.187058824e-09,0.0005582645411
2.187647059e-09,0.0005570497304
2.188235294e-09,0.0005558687079
2.188823529e-09,0.0005547149665
2.189411765e-09,0.0005535814412
2.19e-09,0.000552460785
2.190588235e-09,0.000551345552
2.191176471e-09,0.0005502284645
2.191764706e-09,0.0005491025795
2.192352941e-09,0.0005479615278
2.192941176e-09,0.0005467996451
2.193529412e-09,0.0005456121681
2.194117647e-09,0.000544395317
2.194705882e-09,0.0005431464368
2.195294118e-09,0.0005418640229
2.195882353e-09,0.0005405478017
2.196470588e-09,0.0005391986954
2.197058824e-09,0.0005378188402
2.197647059e-09,0.0005364114911
2.198235294e-09,0.0005349809813
2.198823529e-09,0.000533532572
2.199411765e-09,0.0005320723599
2.2e-09,0.0005306070815
2.200588235e-09,0.00052914398
2.201176471e-09,0.0005276905761
2.201764706e-09,0.0005262545093
2.202352941e-09,0.0005248432916
2.202941176e-09,0.0005234641391
2.203529412e-09,0.0005221237272
2.204117647e-09,0.0005208280326
2.204705882e-09,0.0005195821082
2.205294118e-09,0.0005183899552
2.205882353e-09,0.0005172543384
2.206470588e-09,0.0005161767063
2.207058824e-09,0.0005151570645
2.207647059e-09,0.00051419396
2.208235294e-09,0.0005132844267
2.208823529e-09,0.0005124240457
2.209411765e-09,0.0005116069707
2.21e-09,0.0005108260688
2.210588235e-09,0.0005100730269
2.211176471e-09,0.0005093385699
2.211764706e-09,0.0005086126401
2.212352941e-09,0.00050788468
2.212941176e-09,0.0005071438679
2.213529412e-09,0.0005063794452
2.214117647e-09,0.0005055809824
2.214705882e-09,0.0005047387212
2.215294118e-09,0.0005038438407
2.215882353e-09,0.0005028887806
2.216470588e-09,0.0005018674717
2.217058824e-09,0.0005007756048
2.217647059e-09,0.0004996107902
2.218235294e-09,0.0004983727399
2.218823529e-09,0.0004970633254
2.219411765e-09,0.0004956866454
2.22e-09,0.0004942489604
2.220588235e-09,0.000492758629
2.221176471e-09,0.0004912259096
2.221764706e-09,0.0004896627613
2.222352941e-09,0.0004880825165
2.222941176e-09,0.0004864995589
2.223529412e-09,0.0004849288847
2.224117647e-09,0.0004833856844
2.224705882e-09,0.0004818848262
2.225294118e-09,0.0004804403806
2.225882353e-09,0.0004790650699
2.226470588e-09,0.0004777697846
2.227058824e-09,0.0004765630514
2.227647059e-09,0.0004754505947
2.228235294e-09,0.0004744348766
2.228823529e-09,0.000473514756
2.229411765e-09,0.0004726851519
2.23e-09,0.000471936846
2.230588235e-09,0.0004712563097
2.231176471e-09,0.0004706256858
2.231764706e-09,0.0004700228063
2.232352941e-09,0.0004694213722
2.232941176e-09,0.0004687911724
2.233529412e-09,0.0004680984627
2.234117647e-09,0.0004673063779
2.234705882e-09,0.0004663754921
2.235294118e-09,0.0004652643977
2.235882353e-09,0.0004639304122
2.236470588e-09,0.0004623302823
2.237058824e-09,0.0004604209886
2.237647059e-09,0.00045816052
2.238235294e-09,0.0004555087185
2.238823529e-09,0.0004524280626
2.239411765e-09,0.00044888449
2.24e-09,0.0004448481272
2.240588235e-09,0.0004402940286
2.241176471e-09,0.000435202795
2.241764706e-09,0.0004295611734
2.242352941e-09,0.0004233625149
2.242941176e-09,0.0004166071927
2.243529412e-09,0.0004093028621
2.244117647e-09,0.0004014646672
2.244705882e-09,0.0003931152819
2.245294118e-09,0.0003842848925
2.245882353e-09,0.0003750110147
2.246470588e-09,0.0003653382547
2.247058824e-09,0.0003553179136
2.247647059e-09,0.0003450075464
2.248235294e-09,0.0003344703782
2.248823529e-09,0.0003237746931
2.249411765e-09,0.0003129931
2.25e-09,0.0003022017927
2.250588235e-09,0.0002914797106
2.251176471e-09,0.0002809077185
2.251764706e-09,0.0002705677133
2.252352941e-09,0.0002605417733
2.252941176e-09,0.0002509112623
2.253529412e-09,0.0002417559991
2.254117647e-09,0.0002331534063
2.254705882e-09,0.0002251777472
2.255294118e-09,0.0002178993607
2.255882353e-09,0.000211384004
2.256470588e-09,0.0002056922095
2.257058824e-09,0.0002008787613
2.257647059e-09,0.0001969921984
2.258235294e-09,0.000194074444
2.258823529e-09,0.0001921604677
2.259411765e-09,0.0001912780755
2.26e-09,0.0001914477322
2.260588235e-09,0.0001926825083
2.261176471e-09,0.000194988054
2.261764706e-09,0.0001983626895
2.262352941e-09,0.0002027975123
2.262941176e-09,0.0002082766085
2.263529412e-09,0.0002147772689
2.264117647e-09,0.0002222702942
2.264705882e-09,0.0002307202895
2.265294118e-09,0.0002400860334
2.265882353e-09,0.0002503208214
2.266470588e-09,0.0002613728683
2.267058824e-09,0.0002731856719
2.267647059e-09,0.0002856984228
2.268235294e-09,0.0002988463655
2.268823529e-09,0.000312561196
2.269411765e-09,0.0003267714035
2.27e-09,0.0003414026452
2.270588235e-09,0.000356378062
2.271176471e-09,0.0003716186283
2.271764706e-09,0.0003870434455
2.272352941e-09,0.0004025700729
2.272941176e-09,0.0004181148116
2.273529412e-09,0.0004335930325
2.274117647e-09,0.0004489194677
2.274705882e-09,0.000464008557
2.275294118e-09,0.0004787747694
2.275882353e-09,0.0004931329899
2.276470588e-09,0.0005069988922
2.277058824e-09,0.000520289387
2.277647059e-09,0.0005329230633
2.278235294e-09,0.0005448207098
2.278823529e-09,0.0005559058345
2.279411765e-09,0.0005661052623
2.28e-09,0.0005753497287
2.280588235e-09,0.0005835745439
2.281176471e-09,0.0005907202427
2.281764706e-09,0.0005967332906
2.282352941e-09,0.0006015667577
2.282941176e-09,0.0006051810283
2.283529412e-09,0.0006075444536
2.284117647e-09,0.0006086340139
2.284705882e-09,0.0006084358957
2.285294118e-09,0.0006069460478
2.285882353e-09,0.0006041706224
2.286470588e-09,0.0006001263652
2.287058824e-09,0.0005948408604
2.287647059e-09,0.0005883526974
2.288235294e-09,0.0005807114681
2.288823529e-09,0.0005719776629
2.289411765e-09,0.0005622223809
2.29e-09,0.0005515269251
2.290588235e-09,0.000539982204
2.291176471e-09,0.0005276880163
2.291764706e-09,0.0005147521455
2.292352941e-09,0.0005012893479
2.292941176e-09,0.0004874201668
2.293529412e-09,0.0004732696615
2.294117647e-09,0.0004589659912
2.294705882e-09,0.0004446389477
2.295294118e-09,0.0004304183813
2.295882353e-09,0.0004164326179
2.296470588e-09,0.0004028068175
2.297058824e-09,0.0003896613719
2.297647059e-09,0.0003771102971
2.298235294e-09,0.0003652597159
2.298823529e-09,0.0003542063894
2.299411765e-09,0.0003440363904
2.3e-09,0.000334823875
2.300588235e-09,0.0003266300446
2.301176471e-09,0.0003195022495
2.301764706e-09,0.0003134733218
2.302352941e-09,0.0003085610842
2.302941176e-09,0.0003047681159
2.303529412e-09,0.0003020817159
2.304117647e-09,0.0003004741381
2.304705882e-09,0.0002999030299
2.305294118e-09,0.0003003121428
2.305882353e-09,0.0003016322381
2.306470588e-09,0.0003037822477
2.307058824e-09,0.0003066706066
2.307647059e-09,0.000310196809
2.308235294e-09,0.0003142530979
2.308823529e-09,0.0003187263334
2.309411765e-09,0.0003234999434
2.31e-09,0.0003284559961
2.310588235e-09,0.0003334772954
2.311176471e-09,0.0003384495324
2.311764706e-09,0.000343263393
2.312352941e-09,0.0003478166523
2.312941176e-09,0.0003520161557
2.313529412e-09,0.0003557797172
2.314117647e-09,0.0003590378366
2.314705882e-09,0.0003617352685
2.315294118e-09,0.0003638323494
2.315882353e-09,0.0003653061193
2.316470588e-09,0.0003661511506
2.317058824e-09,0.0003663801285
2.317647059e-09,0.0003660241023
2.318235294e-09,0.00036513246
2.318823529e-09,0.0003637725566
2.319411765e-09,0.000362029057
2.32e-09,0.000360002935
2.320588235e-09,0.0003578101985
2.321176471e-09,0.0003555802945
2.321764706e-09,0.0003534542736
2.322352941e-09,0.0003515826781
2.322941176e-09,0.0003501232424
2.323529412e-09,0.0003492383796
2.324117647e-09,0.0003490925507
2.324705882e-09,0.0003498494974
2.325294118e-09,0.0003516694401
2.325882353e-09,0.0003547062282
2.326470588e-09,0.0003591045456
2.327058824e-09,0.0003649971604
2.327647059e-09,0.0003725023227
2.328235294e-09,0.0003817212965
2.328823529e-09,0.0003927361259
2.329411765e-09,0.0004056076177
2.33e-09,0.0004203736332
2.330588235e-09,0.0004370476639
2.331176471e-09,0.0004556177737
2.331764706e-09,0.0004760458717
2.332352941e-09,0.0004982673887
2.332941176e-09,0.0005221913069
2.333529412e-09,0.0005477006042
2.334117647e-09,0.0005746530509
2.334705882e-09,0.0006028824046
2.335294118e-09,0.000632199931
2.335882353e-09,0.0006623962829
2.336470588e-09,0.0006932436542
2.337058824e-09,0.00072449823
2.337647059e-09,0.0007559028413
2.338235294e-09,0.0007871898367
2.338823529e-09,0.0008180840735
2.339411765e-09,0.0008483060359
2.34e-09,0.0008775749794
2.340588235e-09,0.0009056121077
2.341176471e-09,0.0009321436815
2.341764706e-09,0.000956904068
2.342352941e-09,0.0009796386345
2.342941176e-09,0.001000106499
2.343529412e-09,0.00101808305
2.344117647e-09,0.001033362254
2.344705882e-09,0.001045758675
2.345294118e-09,0.001055109231
2.345882353e-09,0.001061274626
2.346470588e-09,0.001064140493
2.347058824e-09,0.001063618195
2.347647059e-09,0.001059645332
2.348235294e-09,0.001052185913
2.348823529e-09,0.001041230258
2.349411765e-09,0.001026794584
2.35e-09,0.001008920354
2.350588235e-09,0.0009876733671
2.351176471e-09,0.0009631426512
2.351764706e-09,0.0009354391552
2.352352941e-09,0.0009046943075
2.352941176e-09,0.0008710584303
2.353529412e-09,0.0008346990888
2.354117647e-09,0.0007957993573
2.354705882e-09,0.0007545560822
2.355294118e-09,0.0007111781197
2.355882353e-09,0.0006658846246
2.356470588e-09,0.0006189033638
2.357058824e-09,0.0005704691216
2.357647059e-09,0.0005208221661
2.358235294e-09,0.0004702068352
2.358823529e-09,0.0004188702028
2.359411765e-09,0.0003670608772
2.36e-09,0.0003150278825
2.360588235e-09,0.0002630196679
2.361176471e-09,0.0002112831889
2.361764706e-09,0.0001600630974
2.362352941e-09,0.0001096009797
2.362941176e-09,6.01346738e-05
2.363529412e-09,1.189760191e-05
2.364117647e-09,-3.488185343e-05
2.364705882e-09,-7.998099471e-05
2.365294118e-09,-0.0001231834484
2.365882353e-09,-0.00016427986
2.366470588e-09,-0.0002030686158
2.367058824e-09,-0.0002393566483
2.367647059e-09,-0.0002729602921
2.368235294e-09,-0.0003037062397
2.368823529e-09,-0.0003314325573
2.369411765e-09,-0.0003559898017
2.37e-09,-0.0003772421898
2.370588235e-09,-0.0003950688541
2.371176471e-09,-0.0004093651245
2.371764706e-09,-0.0004200438633
2.372352941e-09,-0.0004270367845
2.372941176e-09,-0.0004302957763
2.373529412e-09,-0.0004297941523
2.374117647e-09,-0.0004255278444
2.374705882e-09,-0.0004175164583
2.375294118e-09,-0.0004058042027
2.375882353e-09,-0.0003904606124
2.376470588e-09,-0.0003715810765
2.377058824e-09,-0.0003492870956
2.377647059e-09,-0.000323726283
2.378235294e-09,-0.0002950720411
2.378823529e-09,-0.0002635229351
2.379411765e-09,-0.0002293017063
2.38e-09,-0.0001926539575
2.380588235e-09,-0.0001538464653
2.381176471e-09,-0.0001131651651
2.381764706e-09,-7.09127793e-05
2.382352941e-09,-2.740614692e-05
2.382941176e-09,1.702675963e-05
2.383529412e-09,6.205005707e-05
2.384117647e-09,0.0001073234146
2.384705882e-09,0.0001525056719
2.385294118e-09,0.0001972586014
2.385882353e-09,0.0002412507189
2.386470588e-09,0.0002841611242
2.387058824e-09,0.0003256832709
2.387647059e-09,0.000365528641
2.388235294e-09,0.0004034302247
2.388823529e-09,0.0004391457815
2.389411765e-09,0.0004724607863
2.39e-09,0.0005031910437
2.390588235e-09,0.0005311848822
2.391176471e-09,0.0005563249233
2.391764706e-09,0.0005785293505
2.392352941e-09,0.0005977526865
2.392941176e-09,0.0006139860224
2.393529412e-09,0.0006272567236
2.394117647e-09,0.000637627575
2.394705882e-09,0.0006451954098
2.395294118e-09,0.0006500892031
2.395882353e-09,0.0006524676947
2.396470588e-09,0.0006525165397
2.397058824e-09,0.0006504450688
2.397647059e-09,0.0006464826728
2.398235294e-09,0.0006408749085
2.398823529e-09,0.000633879351
2.399411765e-09,0.0006257613005
2.4e-09,0.0006167893764
2.400588235e-09,0.000607231111
2.401176471e-09,0.0005973485788
2.401764706e-09,0.0005873941721
2.402352941e-09,0.0005776065572
2.402941176e-09,0.0005682069141
2.403529412e-09,0.0005593954877
2.404117647e-09,0.0005513485419
2.404705882e-09,0.0005442157317
2.405294118e-09,0.0005381179696
2.405882353e-09,0.0005331457868
2.406470588e-09,0.0005293582466
2.407058824e-09,0.0005267823916
2.407647059e-09,0.0005254132657
2.408235294e-09,0.0005252144702
2.408823529e-09,0.0005261192773
2.409411765e-09,0.0005280322424
2.41e-09,0.0005308313195
2.410588235e-09,0.0005343704046
2.411176471e-09,0.0005384822965
2.411764706e-09,0.0005429819861
2.412352941e-09,0.000547670252
2.412941176e-09,0.0005523374633
2.413529412e-09,0.0005567675599
2.414117647e-09,0.0005607421074
2.414705882e-09,0.000564044392
2.415294118e-09,0.0005664634534
2.415882353e-09,0.0005677980227
2.416470588e-09,0.0005678602673
2.417058824e-09,0.0005664793164
2.417647059e-09,0.0005635044771
2.418235294e-09,0.000558808125
2.418823529e-09,0.0005522881917
2.419411765e-09,0.0005438702456
2.42e-09,0.0005335091026
2.420588235e-09,0.0005211899796
2.421176471e-09,0.0005069291421
2.421764706e-09,0.0004907740752
2.422352941e-09,0.000472803146
2.422941176e-09,0.0004531248021
2.423529412e-09,0.0004318762904
2.424117647e-09,0.0004092219542
2.424705882e-09,0.0003853511083
2.425294118e-09,0.0003604755614
2.425882353e-09,0.0003348267965
2.426470588e-09,0.0003086528891
2.427058824e-09,0.0002822151805
2.427647059e-09,0.0002557847923
2.428235294e-09,0.0002296390052
2.428823529e-09,0.0002040575883
2.429411765e-09,0.0001793191031
2.43e-09,0.0001556972677
2.430588235e-09,0.000133457403
2.431176471e-09,0.0001128530395
2.431764706e-09,9.412270105e-05
2.432352941e-09,7.748693864e-05
2.432941176e-09,6.314561925e-05
2.433529412e-09,5.127553368e-05
2.434117647e-09,4.202831904e-05
2.434705882e-09,3.552874728e-05
2.435294118e-09,3.187336477e-05
2.435882353e-09,3.112952228e-05
2.436470588e-09,3.333476886e-05
2.437058824e-09,3.849663748e-05
2.437647059e-09,4.659278507e-05
2.438235294e-09,5.757150419e-05
2.438823529e-09,7.135255954e-05
2.439411765e-09,8.782835743e-05
2.44e-09,0.0001068653938
2.440588235e-09,0.0001283059818
2.441176471e-09,0.0001519701995
2.441764706e-09,0.0001776580532
2.442352941e-09,0.0002051517939
2.442941176e-09,0.0002342183809
2.443529412e-09,0.0002646120284
2.444117647e-09,0.0002960768283
2.444705882e-09,0.0003283493879
2.445294118e-09,0.0003611614769
2.445882353e-09,0.0003942426239
2.446470588e-09,0.0004273226635
2.447058824e-09,0.0004601341765
2.447647059e-09,0.000492414829
2.448235294e-09,0.0005239095602
2.448823529e-09,0.000554372629
2.449411765e-09,0.000583569476
2.45e-09,0.0006112784167
2.450588235e-09,0.0006372921301
2.451176471e-09,0.000661418963
2.451764706e-09,0.0006834840212
2.452352941e-09,0.0007033300743
2.452941176e-09,0.0007208182502
2.453529412e-09,0.0007358285516
2.454117647e-09,0.0007482601743
2.454705882e-09,0.0007580316658
2.455294118e-09,0.0007650809061
2.455882353e-09,0.000769364953
2.456470588e-09,0.0007708597371
2.457058824e-09,0.0007695596482
2.457647059e-09,0.000765477003
2.458235294e-09,0.0007586414337
2.458823529e-09,0.0007490991886
2.459411765e-09,0.0007369123843
2.46e-09,0.0007221581968
2.460588235e-09,0.0007049280328
2.461176471e-09,0.0006853266643
2.461764706e-09,0.0006634713643
2.462352941e-09,0.000639491026
2.462941176e-09,0.0006135252983
2.463529412e-09,0.0005857237165
2.464117647e-09,0.0005562448584
2.464705882e-09,0.0005252554993
2.465294118e-09,0.0004929297944
2.465882353e-09,0.0004594484578
2.466470588e-09,0.0004249979622
2.467058824e-09,0.0003897697281
2.467647059e-09,0.0003539593227
2.468235294e-09,0.0003177656355
2.468823529e-09,0.0002813900498
2.469411765e-09,0.0002450355773
2.47e-09,0.0002089059738
2.470588235e-09,0.0001732048044
2.471176471e-09,0.0001381344785
2.471764706e-09,0.0001038952247
2.472352941e-09,7.068402787e-05
2.472941176e-09,3.869350361e-05
2.473529412e-09,8.110735691e-06
2.474117647e-09,-2.088394453e-05
2.474705882e-09,-4.811820567e-05
2.475294118e-09,-7.342900692e-05
2.475882353e-09,-9.666389594e-05
2.476470588e-09,-0.000117682325
2.477058824e-09,-0.0001363569451
2.477647059e-09,-0.0001525748847
2.478235294e-09,-0.0001662389689
2.478823529e-09,-0.0001772688825
2.479411765e-09,-0.0001856022309
2.48e-09,-0.0001911955007
2.480588235e-09,-0.0001940248732
2.481176471e-09,-0.0001940868932
2.481764706e-09,-0.0001913989491
2.482352941e-09,-0.0001859995685
2.482941176e-09,-0.0001779484889
2.483529412e-09,-0.0001673265143
2.484117647e-09,-0.0001542351218
2.484705882e-09,-0.0001387958365
2.485294118e-09,-0.0001211493466
2.485882353e-09,-0.0001014543851
2.486470588e-09,-7.988635891e-05
2.487058824e-09,-5.663576015e-05
2.487647059e-09,-3.190635135e-05
2.488235294e-09,-5.913166406e-06
2.488823529e-09,2.111967152e-05
2.489411765e-09,4.89612647e-05
2.49e-09,7.737638004e-05
2.490588235e-09,0.0001061279557
2.491176471e-09,0.0001349796615
2.491764706e-09,0.0001636984517
2.492352941e-09,0.000192057094
2.492941176e-09,0.000219836612
2.493529412e-09,0.0002468286242
2.494117647e-09,0.0002728375196
2.494705882e-09,0.0002976824557
2.495294118e-09,0.000321199124
2.495882353e-09,0.0003432412748
2.496470588e-09,0.0003636819533
2.497058824e-09,0.0003824144492
2.497647059e-09,0.000399352921
2.498235294e-09,0.0004144327062
2.498823529e-09,0.0004276102935
2.499411765e-09,0.0004388629771
2.5e-09,0.0004481881814
2.500588235e-09,0.0004556024913
2.501176471e-09,0.000461140384
2.501764706e-09,0.0004648527105
2.502352941e-09,0.0004668049351
2.502941176e-09,0.000467075187
2.503529412e-09,0.0004657521424
2.504117647e-09,0.0004629327987
2.504705882e-09,0.0004587201635
2.505294118e-09,0.0004532209237
2.505882353e-09,0.00044654312
2.506470588e-09,0.0004387938926
2.507058824e-09,0.0004300773208
2.507647059e-09,0.000420492419
2.508235294e-09,0.0004101313084
2.508823529e-09,0.0003990776178
2.509411765e-09,0.0003874051262
2.51e-09,0.0003751766908
2.510588235e-09,0.0003624434613
2.511176471e-09,0.0003492444138
2.511764706e-09,0.0003356061925
2.512352941e-09,0.0003215432787
2.512941176e-09,0.0003070584634
2.513529412e-09,0.0002921436298
2.514117647e-09,0.0002767808084
2.514705882e-09,0.000260943501
2.515294118e-09,0.0002445982232
2.515882353e-09,0.0002277062521
2.516470588e-09,0.0002102255209
2.517058824e-09,0.0001921126389
2.517647059e-09,0.000173324973
2.518235294e-09,0.0001538227662
2.518823529e-09,0.0001335712254
2.519411765e-09,0.0001125425554
2.52e-09,9.071787244e-05
2.520588235e-09,6.808897736e-05
2.521176471e-09,4.465992792e-05
2.521764706e-09,2.044839594e-05
2.522352941e-09,-4.513241282e-06
2.522941176e-09,-3.0177081e-05
2.523529412e-09,-5.647918558e-05
2.524117647e-09,-8.333937779e-05
2.524705882e-09,-0.0001106613673
2.525294118e-09,-0.0001383331904
2.525882353e-09,-0.0001662279756
2.526470588e-09,-0.0001942050051
2.527058824e-09,-0.0002221110734
2.527647059e-09,-0.0002497820989
2.528235294e-09,-0.0002770449818
2.528823529e-09,-0.0003037196537
2.529411765e-09,-0.000329621303
2.53e-09,-0.0003545627164
2.530588235e-09,-0.0003783567146
2.531176471e-09,-0.0004008186189
2.531764706e-09,-0.0004217687256
2.532352941e-09,-0.0004410347249
2.532941176e-09,-0.0004584540415
2.533529412e-09,-0.0004738760401
2.534117647e-09,-0.0004871640743
2.534705882e-09,-0.0004981973302
2.535294118e-09,-0.0005068724517
2.535882353e-09,-0.0005131049051
2.536470588e-09,-0.0005168300808
2.537058824e-09,-0.0005180041004
2.537647059e-09,-0.000516604337
2.538235294e-09,-0.0005126296259
2.538823529e-09,-0.0005061001885
2.539411765e-09,-0.0004970572531
2.54e-09,-0.0004855624073
2.540588235e-09,-0.0004716966755
2.541176471e-09,-0.0004555593634
2.541764706e-09,-0.0004372666726
2.542352941e-09,-0.000416950132
2.542941176e-09,-0.0003947548563
2.543529412e-09,-0.0003708376812
2.544117647e-09,-0.0003453651895
2.544705882e-09,-0.0003185116793
2.545294118e-09,-0.0002904570892
2.545882353e-09,-0.0002613849301
2.546470588e-09,-0.0002314802379
2.547058824e-09,-0.0002009275933
2.547647059e-09,-0.0001699092191
2.548235294e-09,-0.0001386031968
2.548823529e-09,-0.0001071818072
2.549411765e-09,-7.581003118e-05
2.55e-09,-4.464420883e-05
2.550588235e-09,-1.383088657e-05
2.551176471e-09,1.649415628e-05
2.551764706e-09,4.620667903e-05
2.552352941e-09,7.519456428e-05
2.552941176e-09,0.0001033581998
2.553529412e-09,0.0001306106786
2.554117647e-09,0.0001568778081
2.554705882e-09,0.000182097953
2.555294118e-09,0.0002062217089
2.555882353e-09,0.0002292114354
2.556470588e-09,0.0002510406478
2.557058824e-09,0.0002716933014
2.557647059e-09,0.0002911629672
2.558235294e-09,0.0003094519364
2.558823529e-09,0.0003265702533
2.559411765e-09,0.0003425347125
2.56e-09,0.0003573678223
2.560588235e-09,0.0003710967681
2.561176471e-09,0.0003837523756
2.561764706e-09,0.0003953681073
2.562352941e-09,0.00040597909
2.562941176e-09,0.0004156212029
2.563529412e-09,0.0004243302223
2.564117647e-09,0.000432141049
2.564705882e-09,0.0004390870124
2.565294118e-09,0.0004451992726
2.565882353e-09,0.0004505063118
2.566470588e-09,0.0004550335337
2.567058824e-09,0.0004588029569
2.567647059e-09,0.0004618330199
2.568235294e-09,0.0004641384799
2.568823529e-09,0.0004657304189
2.569411765e-09,0.0004666163375
2.57e-09,0.0004668003471
2.570588235e-09,0.0004662834389
2.571176471e-09,0.0004650638368
2.571764706e-09,0.0004631374123
2.572352941e-09,0.000460498166
2.572941176e-09,0.0004571387519
2.573529412e-09,0.00045305105
2.574117647e-09,0.0004482267601
2.574705882e-09,0.0004426580232
2.575294118e-09,0.0004363380434
2.575882353e-09,0.0004292617156
2.576470588e-09,0.0004214262332
2.577058824e-09,0.0004128316808
2.577647059e-09,0.0004034815883
2.578235294e-09,0.0003933834506
2.578823529e-09,0.0003825491919
2.579411765e-09,0.00037099558
2.58e-09,0.0003587445703
2.580588235e-09,0.0003458235884
2.581176471e-09,0.000332265731
2.581764706e-09,0.0003181098977
2.582352941e-09,0.0003034008346
2.582941176e-09,0.000288189104
2.583529412e-09,0.0002725309648
2.584117647e-09,0.000256488179
2.584705882e-09,0.0002401277312
2.585294118e-09,0.0002235214793
2.585882353e-09,0.0002067457245
2.586470588e-09,0.0001898807215
2.587058824e-09,0.000173010119
2.587647059e-09,0.0001562203521
2.588235294e-09,0.0001395999794
2.588823529e-09,0.0001232389875
2.589411765e-09,0.0001072280562
2.59e-09,9.165780872e-05
2.590588235e-09,7.661804048e-05
2.591176471e-09,6.219695156e-05
2.591764706e-09,4.848037629e-05
2.592352941e-09,3.555103432e-05
2.592941176e-09,2.348779738e-05
2.593529412e-09,1.236499444e-05
2.594117647e-09,2.251748863e-06
2.594705882e-09,-6.788631063e-06
2.595294118e-09,-1.469921588e-05
2.595882353e-09,-2.142995347e-05
2.596470588e-09,-2.693811165e-05
2.597058824e-09,-3.11886473e-05
2.597647059e-09,-3.415451328e-05
2.598235294e-09,-3.581688778e-05
2.598823529e-09,-3.616533941e-05
2.599411765e-09,-3.519791457e-05
2.6e-09,-3.292116257e-05
2.600588235e-09,-2.935008677e-05
2.601176471e-09,-2.450803877e-05
2.601764706e-09,-1.842654577e-05
2.602352941e-09,-1.114508894e-05
2.602941176e-09,-2.710824107e-06
2.603529412e-09,6.821736467e-06
2.604117647e-09,1.739108978e-05
2.604705882e-09,2.892913619e-05
2.605294118e-09,4.136161045e-05
2.605882353e-09,5.460853118e-05
2.606470588e-09,6.858467775e-05
2.607058824e-09,8.320007696e-05
2.607647059e-09,9.836050945e-05
2.608235294e-09,0.0001139680194
2.608823529e-09,0.0001299214385
2.609411765e-09,0.0001461169091
2.61e-09,0.0001624484191
2.610588235e-09,0.0001788083335
2.611176471e-09,0.000195087938
2.611764706e-09,0.0002111779789
2.612352941e-09,0.0002269692158
2.612941176e-09,0.000242352973
2.613529412e-09,0.0002572217046
2.614117647e-09,0.0002714695601
2.614705882e-09,0.0002849929649
2.615294118e-09,0.0002976912029
2.615882353e-09,0.0003094670132
2.616470588e-09,0.0003202271876
2.617058824e-09,0.0003298831804
2.617647059e-09,0.0003383517149
2.618235294e-09,0.0003455553966
2.618823529e-09,0.000351423316
2.619411765e-09,0.0003558916497
2.62e-09,0.00035890424
2.620588235e-09,0.0003604131613
2.621176471e-09,0.0003603792522
2.621764706e-09,0.0003587726186
2.622352941e-09,0.0003555730881
2.622941176e-09,0.0003507706196
2.623529412e-09,0.0003443656472
2.624117647e-09,0.0003363693639
2.624705882e-09,0.000326803924
2.625294118e-09,0.0003157025701
2.625882353e-09,0.0003031096658
2.626470588e-09,0.0002890806413
2.627058824e-09,0.000273681835
2.627647059e-09,0.0002569902405
2.628235294e-09,0.0002390931443
2.628823529e-09,0.0002200876676
2.629411765e-09,0.0002000801991
2.63e-09,0.0001791857362
2.630588235e-09,0.0001575271236
2.631176471e-09,0.0001352342105
2.631764706e-09,0.0001124429185
2.632352941e-09,8.929424244e-05
2.632941176e-09,6.593318171e-05
2.633529412e-09,4.25076235e-05
2.634117647e-09,1.916717906e-05
2.634705882e-09,-3.938003783e-06
2.635294118e-09,-2.665845061e-05
2.635882353e-09,-4.884656828e-05
2.636470588e-09,-7.035784921e-05
2.637058824e-09,-9.105204753e-05
2.637647059e-09,-0.0001107943261
2.638235294e-09,-0.0001294563505
2.638823529e-09,-0.000146917331
2.639411765e-09,-0.0001630649891
2.64e-09,-0.0001777964517
2.640588235e-09,-0.0001910190527
2.641176471e-09,-0.0002026510459
2.641764706e-09,-0.0002126222121
2.642352941e-09,-0.0002208743669
2.642941176e-09,-0.0002273617545
2.643529412e-09,-0.0002320513365
2.644117647e-09,-0.0002349229639
2.644705882e-09,-0.0002359694436
2.645294118e-09,-0.0002351964893
2.645882353e-09,-0.0002326225718
2.646470588e-09,-0.000228278659
2.647058824e-09,-0.0002222078636
2.647647059e-09,-0.00021446499
2.648235294e-09,-0.0002051159995
2.648823529e-09,-0.0001942373873
2.649411765e-09,-0.0001819154909
2.65e-09,-0.0001682457236
2.650588235e-09,-0.0001533317548
2.651176471e-09,-0.0001372846297
2.651764706e-09,-0.0001202218514
2.652352941e-09,-0.0001022664177
2.652941176e-09,-8.354583438e-05
2.653529412e-09,-6.419110069e-05
2.654117647e-09,-4.433568434e-05
2.654705882e-09,-2.411448381e-05
2.655294118e-09,-3.662795326e-06
2.655882353e-09,1.688471935e-05
2.656470588e-09,3.739504645e-05
2.657058824e-09,5.773781944e-05
2.657647059e-09,7.778628637e-05
2.658235294e-09,9.741825002e-05
2.658823529e-09,0.0001165169637
2.659411765e-09,0.0001349719873
2.66e-09,0.0001526799872
2.660588235e-09,0.0001695454847
2.661176471e-09,0.0001854815364
2.661764706e-09,0.0002004103527
2.662352941e-09,0.0002142638376
2.662941176e-09,0.0002269840554
2.663529412e-09,0.0002385236104
2.664117647e-09,0.000248845944
2.664705882e-09,0.0002579255364
2.665294118e-09,0.0002657480197
2.665882353e-09,0.0002723101881
2.666470588e-09,0.0002776199156
2.667058824e-09,0.0002816959683
2.667647059e-09,0.0002845677208
2.668235294e-09,0.000286274769
2.668823529e-09,0.0002868664486
2.669411765e-09,0.0002864012538
2.67e-09,0.0002849461697
2.670588235e-09,0.0002825759119
2.671176471e-09,0.0002793720919
2.671764706e-09,0.0002754223043
2.672352941e-09,0.000270819154
2.672941176e-09,0.0002656592246
2.673529412e-09,0.0002600420075
2.674117647e-09,0.0002540687944
2.674705882e-09,0.0002478415544
2.675294118e-09,0.0002414618012
2.675882353e-09,0.0002350294718
2.676470588e-09,0.0002286418223
2.677058824e-09,0.0002223923645
2.677647059e-09,0.0002163698477
2.678235294e-09,0.0002106573087
2.678823529e-09,0.0002053311935
2.679411765e-09,0.0002004605739
2.68e-09,0.0001961064583
2.680588235e-09,0.000192321218
2.681176471e-09,0.0001891481269
2.681764706e-09,0.0001866210316
2.682352941e-09,0.0001847641459
2.682941176e-09,0.0001835919833
2.683529412e-09,0.0001831094183
2.684117647e-09,0.0001833118845
2.684705882e-09,0.0001841856961
2.685294118e-09,0.0001857084977
2.685882353e-09,0.0001878498246
2.686470588e-09,0.0001905717731
2.687058824e-09,0.0001938297606
2.687647059e-09,0.0001975733722
2.688235294e-09,0.0002017472691
2.688823529e-09,0.0002062921538
2.689411765e-09,0.0002111457663
2.69e-09,0.0002162439036
2.690588235e-09,0.0002215214364
2.691176471e-09,0.0002269133163
2.691764706e-09,0.0002323555469
2.692352941e-09,0.0002377861129
2.692941176e-09,0.000243145843
2.693529412e-09,0.000248379204
2.694117647e-09,0.0002534350025
2.694705882e-09,0.0002582669961
2.695294118e-09,0.0002628343951
2.695882353e-09,0.0002671022584
2.696470588e-09,0.0002710417704
2.697058824e-09,0.0002746304062
2.697647059e-09,0.0002778519763
2.698235294e-09,0.0002806965626
2.698823529e-09,0.000283160341
2.699411765e-09,0.0002852453055
2.7e-09,0.0002869588941
2.700588235e-09,0.0002883135338
2.701176471e-09,0.0002893261084
2.701764706e-09,0.0002900173678
2.702352941e-09,0.0002904112855
2.702941176e-09,0.0002905343844
2.703529412e-09,0.0002904150375
2.704117647e-09,0.0002900827648
2.704705882e-09,0.0002895675325
2.705294118e-09,0.000288899075
2.705882353e-09,0.0002881062448
2.706470588e-09,0.0002872164094
2.707058824e-09,0.0002862548973
2.707647059e-09,0.0002852445113
2.708235294e-09,0.0002842051068
2.708823529e-09,0.000283153252
2.709411765e-09,0.0002821019645
2.71e-09,0.0002810605359
2.710588235e-09,0.0002800344383
2.711176471e-09,0.0002790253202
2.711764706e-09,0.0002780310818
2.712352941e-09,0.0002770460348
2.712941176e-09,0.0002760611339
2.713529412e-09,0.0002750642821
2.714117647e-09,0.0002740406948
2.714705882e-09,0.0002729733228
2.715294118e-09,0.0002718433169
2.715882353e-09,0.0002706305332
2.716470588e-09,0.0002693140603
2.717058824e-09,0.0002678727669
2.717647059e-09,0.0002662858504
2.718235294e-09,0.0002645333858
2.718823529e-09,0.0002625968541
2.719411765e-09,0.0002604596509
2.72e-09,0.0002581075569
2.720588235e-09,0.0002555291691
2.721176471e-09,0.0002527162788
2.721764706e-09,0.0002496641952
2.722352941e-09,0.0002463720032
2.722941176e-09,0.0002428427568
2.723529412e-09,0.0002390835978
2.724117647e-09,0.0002351058057
2.724705882e-09,0.000230924768
2.725294118e-09,0.0002265598819
2.725882353e-09,0.0002220343784
2.726470588e-09,0.000217375081
2.727058824e-09,0.000212612094
2.727647059e-09,0.0002077784344
2.728235294e-09,0.000202909604
2.728823529e-09,0.0001980431171
2.729411765e-09,0.0001932179841
2.73e-09,0.0001884741666
2.730588235e-09,0.000183852004
2.731176471e-09,0.0001793916309
2.731764706e-09,0.0001751323849
2.732352941e-09,0.0001711122227
2.732941176e-09,0.0001673671468
2.733529412e-09,0.0001639306584
2.734117647e-09,0.0001608332396
2.734705882e-09,0.0001581018783
2.735294118e-09,0.0001557596386
2.735882353e-09,0.0001538252894
2.736470588e-09,0.00015231299
2.737058824e-09,0.0001512320465
2.737647059e-09,0.0001505867333
2.738235294e-09,0.0001503761936
2.738823529e-09,0.0001505944093
2.739411765e-09,0.0001512302516
2.74e-09,0.0001522676029
2.740588235e-09,0.0001536855563
2.741176471e-09,0.0001554586813
2.741764706e-09,0.0001575573617
2.742352941e-09,0.0001599481902
2.742941176e-09,0.0001625944244
2.743529412e-09,0.0001654564866
2.744117647e-09,0.0001684925107
2.744705882e-09,0.0001716589178
2.745294118e-09,0.0001749110208
2.745882353e-09,0.0001782036406
2.746470588e-09,0.0001814917319
2.747058824e-09,0.0001847310024
2.747647059e-09,0.0001878785217
2.748235294e-09,0.0001908933048
2.748823529e-09,0.0001937368671
2.749411765e-09,0.0001963737359
2.75e-09,0.0001987719162
2.750588235e-09,0.0002009032986
2.751176471e-09,0.0002027440074
2.751764706e-09,0.0002042746774
2.752352941e-09,0.0002054806627
2.752941176e-09,0.0002063521657
2.753529412e-09,0.000206884292
2.754117647e-09,0.0002070770232
2.754705882e-09,0.000206935115
2.755294118e-09,0.0002064679156
2.755882353e-09,0.000205689114
2.756470588e-09,0.0002046164158
2.757058824e-09,0.0002032711595
2.757647059e-09,0.0002016778718
2.758235294e-09,0.0001998637782
2.758823529e-09,0.0001978582694
2.759411765e-09,0.0001956923405
2.76e-09,0.0001933980058
2.760588235e-09,0.0001910077068
2.761176471e-09,0.0001885537179
2.761764706e-09,0.0001860675659
2.762352941e-09,0.0001835794694
2.762941176e-09,0.0001811178131
2.763529412e-09,0.0001787086615
2.764117647e-09,0.0001763753275
2.764705882e-09,0.0001741379967
2.765294118e-09,0.0001720134222
2.765882353e-09,0.0001700146879
2.766470588e-09,0.0001681510523
2.767058824e-09,0.0001664278683
2.767647059e-09,0.0001648465874
2.768235294e-09,0.0001634048414
2.768823529e-09,0.0001620966063
2.769411765e-09,0.0001609124379
2.77e-09,0.0001598397815
2.770588235e-09,0.0001588633415
2.771176471e-09,0.0001579655116
2.771764706e-09,0.0001571268473
2.772352941e-09,0.0001563265804
2.772941176e-09,0.0001555431554
2.773529412e-09,0.0001547547857
2.774117647e-09,0.0001539400091
2.774705882e-09,0.0001530782393
2.775294118e-09,0.0001521502939
2.775882353e-09,0.0001511388956
2.776470588e-09,0.0001500291283
2.777058824e-09,0.0001488088465
2.777647059e-09,0.0001474690211
2.778235294e-09,0.0001460040224
2.778823529e-09,0.0001444118271
2.779411765e-09,0.0001426941512
2.78e-09,0.0001408565004
2.780588235e-09,0.0001389081418
2.781176471e-09,0.0001368619925
2.781764706e-09,0.000134734433
2.782352941e-09,0.0001325450421
2.782941176e-09,0.0001303162667
2.783529412e-09,0.0001280730246
2.784117647e-09,0.0001258422562
2.784705882e-09,0.0001236524271
2.785294118e-09,0.0001215329975
2.785882353e-09,0.0001195138635
2.786470588e-09,0.0001176247861
2.787058824e-09,0.0001158948147
2.787647059e-09,0.0001143517204
2.788235294e-09,0.0001130214458
2.788823529e-09,0.0001119275864
2.789411765e-09,0.0001110909089
2.79e-09,0.0001105289199
2.790588235e-09,0.000110255488
2.791176471e-09,0.0001102805323
2.791764706e-09,0.0001106097766
2.792352941e-09,0.0001112445796
2.792941176e-09,0.0001121818381
2.793529412e-09,0.0001134139711
2.794117647e-09,0.0001149289782
2.794705882e-09,0.0001167105774
2.795294118e-09,0.000118738413
2.795882353e-09,0.0001209883369
2.796470588e-09,0.0001234327501
2.797058824e-09,0.0001260410057
2.797647059e-09,0.0001287798594
2.798235294e-09,0.0001316139659
2.798823529e-09,0.0001345064053
2.799411765e-09,0.0001374192385
2.8e-09,0.0001403140738
2.800588235e-09,0.0001431526424
2.801176471e-09,0.0001458973669
2.801764706e-09,0.0001485119196
2.802352941e-09,0.0001509617551
2.802941176e-09,0.000153214615
2.803529412e-09,0.0001552409911
2.804117647e-09,0.0001570145457
2.804705882e-09,0.0001585124765
2.805294118e-09,0.0001597158276
2.805882353e-09,0.0001606097354
2.806470588e-09,0.0001611836137
2.807058824e-09,0.0001614312682
2.807647059e-09,0.0001613509471
2.808235294e-09,0.0001609453202
2.808823529e-09,0.0001602213967
2.809411765e-09,0.0001591903741
2.81e-09,0.0001578674313
2.810588235e-09,0.0001562714613
2.811176471e-09,0.0001544247563
2.811764706e-09,0.0001523526439
2.812352941e-09,0.0001500830867
2.812941176e-09,0.0001476462474
2.813529412e-09,0.0001450740302
2.814117647e-09,0.0001423996023
2.814705882e-09,0.0001396569071
2.815294118e-09,0.0001368801721
2.815882353e-09,0.0001341034225
2.816470588e-09,0.0001313600051
2.817058824e-09,0.0001286821313
2.817647059e-09,0.0001261004422
2.818235294e-09,0.0001236436065
2.818823529e-09,0.0001213379508
2.819411765e-09,0.0001192071315
2.82e-09,0.0001172718481
2.820588235e-09,0.0001155496055
2.821176471e-09,0.0001140545218
2.821764706e-09,0.0001127971901
2.822352941e-09,0.0001117845879
2.822941176e-09,0.000111020041
2.823529412e-09,0.0001105032354
2.824117647e-09,0.0001102302812
2.824705882e-09,0.000110193822
2.825294118e-09,0.0001103831917
2.825882353e-09,0.0001107846114
2.826470588e-09,0.0001113814281
2.827058824e-09,0.0001121543853
2.827647059e-09,0.0001130819286
2.828235294e-09,0.0001141405342
2.828823529e-09,0.0001153050632
2.829411765e-09,0.0001165491299
2.83e-09,0.0001178454857
2.830588235e-09,0.0001191664076
2.831176471e-09,0.0001204840922
2.831764706e-09,0.0001217710439
2.832352941e-09,0.0001230004595
2.832941176e-09,0.0001241465966
2.833529412e-09,0.0001251851297
2.834117647e-09,0.0001260934806
2.834705882e-09,0.000126851128
2.835294118e-09,0.0001274398835
2.835882353e-09,0.0001278441395
2.836470588e-09,0.0001280510766
2.837058824e-09,0.0001280508363
2.837647059e-09,0.0001278366497
2.838235294e-09,0.0001274049261
2.838823529e-09,0.0001267552944
2.839411765e-09,0.0001258906033
2.84e-09,0.0001248168726
2.840588235e-09,0.0001235432035
2.841176471e-09,0.0001220816422
2.841764706e-09,0.0001204470044
2.842352941e-09,0.0001186566577
2.842941176e-09,0.0001167302698
2.843529412e-09,0.0001146895203
2.844117647e-09,0.0001125577875
2.844705882e-09,0.0001103598057
2.845294118e-09,0.0001081213073
2.845882353e-09,0.000105868647
2.846470588e-09,0.0001036284198
2.847058824e-09,0.0001014270737
2.847647059e-09,9.929052833e-05
2.848235294e-09,9.724379933e-05
2.848823529e-09,9.531064074e-05
2.849411765e-09,9.3513205e-05
2.85e-09,9.187173168e-05
2.850588235e-09,9.040426422e-05
2.851176471e-09,8.91264048e-05
2.851764706e-09,8.805110554e-05
2.852352941e-09,8.718850489e-05
2.852941176e-09,8.654580593e-05
2.853529412e-09,8.612720411e-05
2.854117647e-09,8.593385935e-05
2.854705882e-09,8.596391846e-05
2.855294118e-09,8.62125812e-05
2.855882353e-09,8.667221414e-05
2.856470588e-09,8.733250418e-05
2.857058824e-09,8.818065424e-05
2.857647059e-09,8.920161175e-05
2.858235294e-09,9.037833095e-05
2.858823529e-09,9.169205877e-05
2.859411765e-09,9.312264436e-05
2.86e-09,9.464886123e-05
2.860588235e-09,9.624874169e-05
2.861176471e-09,9.789991245e-05
2.861764706e-09,9.957993082e-05
2.862352941e-09,0.0001012666107
2.862941176e-09,0.0001029383383
2.863529412e-09,0.0001045743672
2.864117647e-09,0.0001061550942
2.864705882e-09,0.0001076623051
2.865294118e-09,0.0001090793944
2.865882353e-09,0.0001103915494
2.866470588e-09,0.000111585902
2.867058824e-09,0.0001126516425
2.867647059e-09,0.0001135800989
2.868235294e-09,0.0001143647767
2.868823529e-09,0.0001150013658
2.869411765e-09,0.0001154877096
2.87e-09,0.0001158237435
2.870588235e-09,0.0001160114009
2.871176471e-09,0.0001160544932
2.871764706e-09,0.0001159585633
2.872352941e-09,0.0001157307199
2.872941176e-09,0.000115379453
2.873529412e-09,0.000114914437
2.874117647e-09,0.0001143463233
2.874705882e-09,0.0001136865289
2.875294118e-09,0.0001129470212
2.875882353e-09,0.0001121401074
2.876470588e-09,0.0001112782272
2.877058824e-09,0.0001103737569
2.877647059e-09,0.0001094388225
2.878235294e-09,0.0001084851306
2.878823529e-09,0.0001075238127
2.879411765e-09,0.0001065652912
2.88e-09,0.0001056191631
2.880588235e-09,0.000104694106
2.881176471e-09,0.0001037978049
2.881764706e-09,0.0001029369016
2.882352941e-09,0.000102116964
2.882941176e-09,0.0001013424784
2.883529412e-09,0.0001006168589
2.884117647e-09,9.994247817e-05
2.884705882e-09,9.93207121e-05
2.885294118e-09,9.875200252e-05
2.885882353e-09,9.823593006e-05
2.886470588e-09,9.777130059e-05
2.887058824e-09,9.735623759e-05
2.887647059e-09,9.69882834e-05
2.888235294e-09,9.666450191e-05
2.888823529e-09,9.638158532e-05
2.889411765e-09,9.613595802e-05
2.89e-09,9.592388024e-05
2.890588235e-09,9.574154484e-05
2.891176471e-09,9.558517027e-05
2.891764706e-09,9.545108343e-05
2.892352941e-09,9.533579603e-05
2.892941176e-09,9.523606851e-05
2.893529412e-09,9.51489658e-05
2.894117647e-09,9.507189939e-05
2.894705882e-09,9.500266053e-05
2.895294118e-09,9.493943967e-05
2.895882353e-09,9.488083722e-05
2.896470588e-09,9.482586133e-05
2.897058824e-09,9.477391826e-05
2.897647059e-09,9.472479118e-05
2.898235294e-09,9.467861336e-05
2.898823529e-09,9.463583202e-05
2.899411765e-09,9.459716862e-05
2.9e-09,9.456357222e-05
2.900588235e-09,9.453617174e-05
2.901176471e-09,9.451622361e-05
2.901764706e-09,9.450506071e-05
2.902352941e-09,9.45040389e-05
2.902941176e-09,9.451448693e-05
2.903529412e-09,9.453765596e-05
2.904117647e-09,9.457467409e-05
2.904705882e-09,9.4626502e-05
2.905294118e-09,9.469389501e-05
2.905882353e-09,9.477736732e-05
2.906470588e-09,9.487716345e-05
2.907058824e-09,9.499323269e-05
2.907647059e-09,9.512521126e-05
2.908235294e-09,9.527240776e-05
2.908823529e-09,9.543379666e-05
2.909411765e-09,9.560801524e-05
2.91e-09,9.579336847e-05
2.910588235e-09,9.598783746e-05
2.911176471e-09,9.618909569e-05
2.911764706e-09,9.639452861e-05
2.912352941e-09,9.660126093e-05
2.912941176e-09,9.680618685e-05
2.913529412e-09,9.70060078e-05
2.914117647e-09,9.719727261e-05
2.914705882e-09,9.737642468e-05
2.915294118e-09,9.753985097e-05
2.915882353e-09,9.768393716e-05
2.916470588e-09,9.780512371e-05
2.917058824e-09,9.789996697e-05
2.917647059e-09,9.796519985e-05
2.918235294e-09,9.799779593e-05
2.918823529e-09,9.799503154e-05
2.919411765e-09,9.795454916e-05
2.92e-09,9.787441673e-05
2.920588235e-09,9.775318599e-05
2.921176471e-09,9.758994416e-05
2.921764706e-09,9.73843623e-05
2.922352941e-09,9.713673427e-05
2.922941176e-09,9.684800991e-05
2.923529412e-09,9.651981637e-05
2.924117647e-09,9.615447131e-05
2.924705882e-09,9.575498227e-05
2.925294118e-09,9.532503611e-05
2.925882353e-09,9.48689733e-05
2.926470588e-09,9.43917513e-05
2.927058824e-09,9.389889243e-05
2.927647059e-09,9.339642097e-05
2.928235294e-09,9.289078543e-05
2.928823529e-09,9.238877133e-05
2.929411765e-09,9.189740117e-05
2.93e-09,9.142382739e-05
2.930588235e-09,9.097521555e-05
2.931176471e-09,9.055862413e-05
2.931764706e-09,9.018087862e-05
2.932352941e-09,8.984844658e-05
2.932941176e-09,8.95673118e-05
2.933529412e-09,8.934285426e-05
2.934117647e-09,8.917973412e-05
2.934705882e-09,8.90817865e-05
2.935294118e-09,8.905192506e-05
2.935882353e-09,8.909206088e-05
2.936470588e-09,8.92030342e-05
2.937058824e-09,8.938456515e-05
2.937647059e-09,8.96352205e-05
2.938235294e-09,8.995240169e-05
2.938823529e-09,9.033235066e-05
2.939411765e-09,9.077017794e-05
2.94e-09,9.125990867e-05
2.940588235e-09,9.17945503e-05
2.941176471e-09,9.23661768e-05
2.941764706e-09,9.296603233e-05
2.942352941e-09,9.358464868e-05
2.942941176e-09,9.42119785e-05
2.943529412e-09,9.483753828e-05
2.944117647e-09,9.54505626e-05
2.944705882e-09,9.604016295e-05
2.945294118e-09,9.659549278e-05
2.945882353e-09,9.710591154e-05
2.946470588e-09,9.756114941e-05
2.947058824e-09,9.795146565e-05
2.947647059e-09,9.826780214e-05
2.948235294e-09,9.850192549e-05
2.948823529e-09,9.864655952e-05
2.949411765e-09,9.869550189e-05
2.95e-09,9.864372717e-05
2.950588235e-09,9.848747067e-05
2.951176471e-09,9.822429581e-05
2.951764706e-09,9.785314009e-05
2.952352941e-09,9.737434294e-05
2.952941176e-09,9.678965121e-05
2.953529412e-09,9.610220624e-05
2.954117647e-09,9.531650887e-05
2.954705882e-09,9.443836688e-05
2.955294118e-09,9.347482187e-05
2.955882353e-09,9.243406061e-05
2.956470588e-09,9.132530835e-05
2.957058824e-09,9.015870962e-05
2.957647059e-09,8.894519422e-05
2.958235294e-09,8.769633458e-05
2.958823529e-09,8.642419236e-05
2.959411765e-09,8.514116052e-05
2.96e-09,8.385979919e-05
2.960588235e-09,8.259267154e-05
2.961176471e-09,8.135217805e-05
2.961764706e-09,8.01503954e-05
2.962352941e-09,7.899891825e-05
2.962941176e-09,7.790871009e-05
2.963529412e-09,7.68899612e-05
2.964117647e-09,7.59519597e-05
2.964705882e-09,7.510297336e-05
2.965294118e-09,7.435014784e-05
2.965882353e-09,7.369941876e-05
2.966470588e-09,7.315544264e-05
2.967058824e-09,7.272154371e-05
2.967647059e-09,7.239968125e-05
2.968235294e-09,7.219043383e-05
2.968823529e-09,7.209300445e-05
2.969411765e-09,7.210524264e-05
2.97e-09,7.222368689e-05
2.970588235e-09,7.244362274e-05
2.971176471e-09,7.275915964e-05
2.971764706e-09,7.316332127e-05
2.972352941e-09,7.364815196e-05
2.972941176e-09,7.420483349e-05
2.973529412e-09,7.482381459e-05
2.974117647e-09,7.549494705e-05
2.974705882e-09,7.620763048e-05
2.975294118e-09,7.69509595e-05
2.975882353e-09,7.771387531e-05
2.976470588e-09,7.848531528e-05
2.977058824e-09,7.925436253e-05
2.977647059e-09,8.001038942e-05
2.978235294e-09,8.074319687e-05
2.978823529e-09,8.14431437e-05
2.979411765e-09,8.210126827e-05
2.98e-09,8.27093969e-05
2.980588235e-09,8.326024169e-05
2.981176471e-09,8.374748267e-05
2.981764706e-09,8.416583725e-05
2.982352941e-09,8.451111251e-05
2.982941176e-09,8.478024363e-05
2.983529412e-09,8.497131446e-05
2.984117647e-09,8.5083564e-05
2.984705882e-09,8.511737537e-05
2.985294118e-09,8.507425124e-05
2.985882353e-09,8.495677278e-05
2.986470588e-09,8.476854657e-05
2.987058824e-09,8.451413672e-05
2.987647059e-09,8.419898699e-05
2.988235294e-09,8.382933055e-05
2.988823529e-09,8.341209212e-05
2.989411765e-09,8.295478057e-05
2.99e-09,8.246537689e-05
2.990588235e-09,8.19522154e-05
2.991176471e-09,8.142386358e-05
2.991764706e-09,8.088899832e-05
2.992352941e-09,8.035628377e-05
2.992941176e-09,7.983424886e-05
2.993529412e-09,7.933116951e-05
2.994117647e-09,7.885495347e-05
2.994705882e-09,7.841303271e-05
2.995294118e-09,7.801226126e-05
2.995882353e-09,7.765882313e-05
2.996470588e-09,7.735814802e-05
2.997058824e-09,7.711483936e-05
2.997647059e-09,7.693261187e-05
2.998235294e-09,7.681424321e-05
2.998823529e-09,7.676153634e-05
2.999411765e-09,7.677529695e-05
3e-09,7.685532234e-05
3.000588235e-09,7.700040546e-05
3.001176471e-09,7.720835049e-05
3.001764706e-09,7.747600299e-05
3.002352941e-09,7.779929083e-05
3.002941176e-09,7.817327852e-05
3.003529412e-09,7.859223079e-05
3.004117647e-09,7.904968775e-05
3.004705882e-09,7.953854716e-05
3.005294118e-09,8.005115603e-05
3.005882353e-09,8.05794067e-05
3.006470588e-09,8.111483949e-05
3.007058824e-09,8.164874711e-05
3.007647059e-09,8.217228273e-05
3.008235294e-09,8.267656689e-05
3.008823529e-09,8.315279535e-05
3.009411765e-09,8.359234295e-05
3.01e-09,8.398686588e-05
3.010588235e-09,8.432839762e-05
3.011176471e-09,8.460944114e-05
3.011764706e-09,8.482305283e-05
3.012352941e-09,8.496292114e-05
3.012941176e-09,8.502343561e-05
3.013529412e-09,8.499974957e-05
3.014117647e-09,8.488783255e-05
3.014705882e-09,8.468451581e-05
3.015294118e-09,8.438752745e-05
3.015882353e-09,8.399552062e-05
3.016470588e-09,8.350809146e-05
3.017058824e-09,8.292579053e-05
3.017647059e-09,8.225012442e-05
3.018235294e-09,8.148355139e-05
3.018823529e-09,8.062946771e-05
3.019411765e-09,7.969218857e-05
3.02e-09,7.86769203e-05
3.020588235e-09,7.758972753e-05
3.021176471e-09,7.643749213e-05
3.021764706e-09,7.522786741e-05
3.022352941e-09,7.396922429e-05
3.022941176e-09,7.267059299e-05
3.023529412e-09,7.134159681e-05
3.024117647e-09,6.999238155e-05
3.024705882e-09,6.863353721e-05
3.025294118e-09,6.727601546e-05
3.025882353e-09,6.593103976e-05
3.026470588e-09,6.461001169e-05
3.027058824e-09,6.332441052e-05
3.027647059e-09,6.208568991e-05
3.028235294e-09,6.090516889e-05
3.028823529e-09,5.979392141e-05
3.029411765e-09,5.876266186e-05
3.03e-09,5.782163121e-05
3.030588235e-09,5.698048139e-05
3.031176471e-09,5.624816287e-05
3.031764706e-09,5.563281351e-05
3.032352941e-09,5.514165351e-05
3.032941176e-09,5.4780885e-05
3.033529412e-09,5.455560113e-05
3.034117647e-09,5.446970309e-05
3.034705882e-09,5.452583007e-05
3.035294118e-09,5.472530038e-05
3.035882353e-09,5.506806849e-05
3.036470588e-09,5.555269592e-05
3.037058824e-09,5.617634042e-05
3.037647059e-09,5.693476082e-05
3.038235294e-09,5.782234157e-05
3.038823529e-09,5.883213369e-05
3.039411765e-09,5.995591544e-05
3.04e-09,6.118426899e-05
3.040588235e-09,6.250667558e-05
3.041176471e-09,6.391162481e-05
3.041764706e-09,6.538673986e-05
3.042352941e-09,6.691891381e-05
3.042941176e-09,6.849445816e-05
3.043529412e-09,7.009925828e-05
3.044117647e-09,7.171893655e-05
3.044705882e-09,7.333901746e-05
3.045294118e-09,7.494509542e-05
3.045882353e-09,7.652299922e-05
3.046470588e-09,7.8058954e-05
3.047058824e-09,7.953973485e-05
3.047647059e-09,8.095281296e-05
3.048235294e-09,8.228648886e-05
3.048823529e-09,8.353001404e-05
3.049411765e-09,8.467369607e-05
3.05e-09,8.570898885e-05
3.050588235e-09,8.662856403e-05
3.051176471e-09,8.742636568e-05
3.051764706e-09,8.809764496e-05
3.052352941e-09,8.863897776e-05
3.052941176e-09,8.90482624e-05
3.053529412e-09,8.932470137e-05
3.054117647e-09,8.946876474e-05
3.054705882e-09,8.948213966e-05
3.055294118e-09,8.936766426e-05
3.055882353e-09,8.912925078e-05
3.056470588e-09,8.877179659e-05
3.057058824e-09,8.830108831e-05
3.057647059e-09,8.772369766e-05
3.058235294e-09,8.704687462e-05
3.058823529e-09,8.62784364e-05
3.059411765e-09,8.542665769e-05
3.06e-09,8.450016068e-05
3.060588235e-09,8.350780984e-05
3.061176471e-09,8.245860994e-05
3.061764706e-09,8.136161171e-05
3.062352941e-09,8.022582317e-05
3.062941176e-09,7.906013078e-05
3.063529412e-09,7.787322784e-05
3.064117647e-09,7.667355368e-05
3.064705882e-09,7.546924074e-05
3.065294118e-09,7.426807253e-05
3.065882353e-09,7.307744903e-05
3.066470588e-09,7.190436215e-05
3.067058824e-09,7.075537747e-05
3.067647059e-09,6.963662436e-05
3.068235294e-09,6.855379058e-05
3.068823529e-09,6.75121232e-05
3.069411765e-09,6.651643173e-05
3.07e-09,6.557109529e-05
3.070588235e-09,6.468006976e-05
3.071176471e-09,6.384689663e-05
3.071764706e-09,6.307470982e-05
3.072352941e-09,6.236624239e-05
3.072941176e-09,6.172382952e-05
3.073529412e-09,6.114941017e-05
3.074117647e-09,6.06445241e-05
3.074705882e-09,6.021030713e-05
3.075294118e-09,5.984748159e-05
3.075882353e-09,5.955634538e-05
3.076470588e-09,5.933675705e-05
3.077058824e-09,5.918812065e-05
3.077647059e-09,5.910936812e-05
3.078235294e-09,5.909894331e-05
3.078823529e-09,5.915478584e-05
3.079411765e-09,5.927431881e-05
3.08e-09,5.945443886e-05
3.080588235e-09,5.969151277e-05
3.081176471e-09,5.998137881e-05
3.081764706e-09,6.031935707e-05
3.082352941e-09,6.070026672e-05
3.082941176e-09,6.111845418e-05
3.083529412e-09,6.156782976e-05
3.084117647e-09,6.20419162e-05
3.084705882e-09,6.253390633e-05
3.085294118e-09,6.303673259e-05
3.085882353e-09,6.354314516e-05
3.086470588e-09,6.404580064e-05
3.087058824e-09,6.45373576e-05
3.087647059e-09,6.501058027e-05
3.088235294e-09,6.545844604e-05
3.088823529e-09,6.58742577e-05
3.089411765e-09,6.62517555e-05
3.09e-09,6.658522959e-05
3.090588235e-09,6.68696277e-05
3.091176471e-09,6.710065853e-05
3.091764706e-09,6.727488545e-05
3.092352941e-09,6.738981114e-05
3.092941176e-09,6.744394814e-05
3.093529412e-09,6.743687589e-05
3.094117647e-09,6.736927992e-05
3.094705882e-09,6.724297424e-05
3.095294118e-09,6.706090307e-05
3.095882353e-09,6.682712397e-05
3.096470588e-09,6.65467689e-05
3.097058824e-09,6.622598634e-05
3.097647059e-09,6.587186185e-05
3.098235294e-09,6.549232094e-05
3.098823529e-09,6.509601253e-05
3.099411765e-09,6.469217762e-05
3.1e-09,6.429050241e-05
3.100588235e-09,6.39009609e-05
3.101176471e-09,6.353364699e-05
3.101764706e-09,6.319860162e-05
3.102352941e-09,6.290563515e-05
3.102941176e-09,6.266415111e-05
3.103529412e-09,6.24829714e-05
3.104117647e-09,6.237016914e-05
3.104705882e-09,6.233290919e-05
3.105294118e-09,6.237730226e-05
3.105882353e-09,6.250827229e-05
3.106470588e-09,6.272944245e-05
3.107058824e-09,6.304303908e-05
3.107647059e-09,6.344981807e-05
3.108235294e-09,6.39490124e-05
3.108823529e-09,6.453830455e-05
3.109411765e-09,6.521382169e-05
3.11e-09,6.597015659e-05
3.110588235e-09,6.68004113e-05
3.111176471e-09,6.769626576e-05
3.111764706e-09,6.86480676e-05
3.112352941e-09,6.964494461e-05
3.112941176e-09,7.067493545e-05
3.113529412e-09,7.172513939e-05
3.114117647e-09,7.278188032e-05
3.114705882e-09,7.383088507e-05
3.115294118e-09,7.485747117e-05
3.115882353e-09,7.584674371e-05
3.116470588e-09,7.678379607e-05
3.117058824e-09,7.765391429e-05
3.117647059e-09,7.844277969e-05
3.118235294e-09,7.913666949e-05
3.118823529e-09,7.972265026e-05
3.119411765e-09,8.018876403e-05
3.12e-09,8.05242021e-05
3.120588235e-09,8.071946685e-05
3.121176471e-09,8.076651672e-05
3.121764706e-09,8.065889508e-05
3.122352941e-09,8.039183868e-05
3.122941176e-09,7.996236684e-05
3.123529412e-09,7.936934749e-05
3.124117647e-09,7.861354173e-05
3.124705882e-09,7.769762361e-05
3.125294118e-09,7.66261774e-05
3.125882353e-09,7.540566941e-05
3.126470588e-09,7.404439743e-05
3.127058824e-09,7.255241527e-05
3.127647059e-09,7.09414361e-05
3.128235294e-09,6.922471265e-05
3.128823529e-09,6.741689843e-05
3.129411765e-09,6.553388869e-05
3.13e-09,6.359264572e-05
3.130588235e-09,6.161100776e-05
3.131176471e-09,5.960748643e-05
3.131764706e-09,5.760105255e-05
3.132352941e-09,5.56109155e-05
3.132941176e-09,5.365629634e-05
3.133529412e-09,5.175620007e-05
3.134117647e-09,4.992918748e-05
3.134705882e-09,4.819315203e-05
3.135294118e-09,4.65651022e-05
3.135882353e-09,4.506095494e-05
3.136470588e-09,4.369534022e-05
3.137058824e-09,4.24814222e-05
3.137647059e-09,4.143073699e-05
3.138235294e-09,4.055305173e-05
3.138823529e-09,3.985624477e-05
3.139411765e-09,3.934621105e-05
3.14e-09,3.902679188e-05
3.140588235e-09,3.889973267e-05
3.141176471e-09,3.896466684e-05
3.141764706e-09,3.921912886e-05
3.142352941e-09,3.965859394e-05
3.142941176e-09,4.027654633e-05
3.143529412e-09,4.106457297e-05
3.144117647e-09,4.201248371e-05
3.144705882e-09,4.310845397e-05
3.145294118e-09,4.433919034e-05
3.145882353e-09,4.569011415e-05
3.146470588e-09,4.714556297e-05
3.147058824e-09,4.868900454e-05
3.147647059e-09,5.030326229e-05
3.148235294e-09,5.197074677e-05
3.148823529e-09,5.367369191e-05
3.149411765e-09,5.539438984e-05
3.15e-09,5.71154235e-05
3.150588235e-09,5.881989064e-05
3.151176471e-09,6.049161837e-05
3.151764706e-09,6.211536256e-05
3.152352941e-09,6.367699128e-05
3.152941176e-09,6.516364714e-05
3.153529412e-09,6.656388843e-05
3.154117647e-09,6.786780452e-05
3.154705882e-09,6.906710634e-05
3.155294118e-09,7.0155188e-05
3.155882353e-09,7.112716154e-05
3.156470588e-09,7.197986188e-05
3.157058824e-09,7.271182459e-05
3.157647059e-09,7.332323501e-05
3.158235294e-09,7.381585205e-05
3.158823529e-09,7.419290626e-05
3.159411765e-09,7.445897645e-05
3.16e-09,7.461984524e-05
3.160588235e-09,7.468233863e-05
3.161176471e-09,7.46541507e-05
3.161764706e-09,7.454365903e-05
3.162352941e-09,7.435973232e-05
3.162941176e-09,7.411153626e-05
3.163529412e-09,7.380833916e-05
3.164117647e-09,7.345932341e-05
3.164705882e-09,7.307340405e-05
3.165294118e-09,7.265906045e-05
3.165882353e-09,7.222418163e-05
3.166470588e-09,7.177593076e-05
3.167058824e-09,7.132062876e-05
3.167647059e-09,7.086366144e-05
3.168235294e-09,7.040940943e-05
3.168823529e-09,6.996120418e-05
3.169411765e-09,6.952130822e-05
3.17e-09,6.909092203e-05
3.170588235e-09,6.867021433e-05
3.171176471e-09,6.825837732e-05
3.171764706e-09,6.785370258e-05
3.172352941e-09,6.7453678e-05
3.172941176e-09,6.705510085e-05
3.173529412e-09,6.665420645e-05
3.174117647e-09,6.624680681e-05
3.174705882e-09,6.582843836e-05
3.175294118e-09,6.539451282e-05
3.175882353e-09,6.494046989e-05
3.176470588e-09,6.446192607e-05
3.177058824e-09,6.395481823e-05
3.177647059e-09,6.341553675e-05
3.178235294e-09,6.284104709e-05
3.178823529e-09,6.222899535e-05
3.179411765e-09,6.15777974e-05
3.18e-09,6.088670782e-05
3.180588235e-09,6.015586947e-05
3.181176471e-09,5.93863405e-05
3.181764706e-09,5.858010092e-05
3.182352941e-09,5.774003651e-05
3.182941176e-09,5.686990316e-05
3.183529412e-09,5.597427044e-05
3.184117647e-09,5.505844833e-05
3.184705882e-09,5.412839681e-05
3.185294118e-09,5.319062306e-05
3.185882353e-09,5.225206637e-05
3.186470588e-09,5.131997612e-05
3.187058824e-09,5.040178333e-05
3.187647059e-09,4.950497114e-05
3.188235294e-09,4.863694504e-05
3.188823529e-09,4.780490779e-05
3.189411765e-09,4.701573985e-05
3.19e-09,4.627588986e-05
3.190588235e-09,4.559127532e-05
3.191176471e-09,4.496719761e-05
3.191764706e-09,4.440827075e-05
3.192352941e-09,4.391836717e-05
3.192941176e-09,4.350057929e-05
3.193529412e-09,4.315719922e-05
3.194117647e-09,4.288971446e-05
3.194705882e-09,4.269882131e-05
3.195294118e-09,4.258445291e-05
3.195882353e-09,4.254582289e-05
3.196470588e-09,4.258148091e-05
3.197058824e-09,4.268938055e-05
3.197647059e-09,4.28669552e-05
3.198235294e-09,4.311120208e-05
3.198823529e-09,4.341876984e-05
3.199411765e-09,4.378604957e-05
3.2e-09,4.420926469e-05
3.200588235e-09,4.468455964e-05
3.201176471e-09,4.520808298e-05
3.201764706e-09,4.577606507e-05
3.202352941e-09,4.638488636e-05
3.202941176e-09,4.703113694e-05
3.203529412e-09,4.771166375e-05
3.204117647e-09,4.842360687e-05
3.204705882e-09,4.916442179e-05
3.205294118e-09,4.993188982e-05
3.205882353e-09,5.072411407e-05
3.206470588e-09,5.153950389e-05
3.207058824e-09,5.237674602e-05
3.207647059e-09,5.323476549e-05
3.208235294e-09,5.41126756e-05
3.208823529e-09,5.500972025e-05
3.209411765e-09,5.592520838e-05
3.21e-09,5.685844427e-05
3.210588235e-09,5.780865372e-05
3.211176471e-09,5.877491e-05
3.211764706e-09,5.975605981e-05
3.212352941e-09,6.075065306e-05
3.212941176e-09,6.175687662e-05
3.213529412e-09,6.277249589e-05
3.214117647e-09,6.379480388e-05
3.214705882e-09,6.482058136e-05
3.215294118e-09,6.584606752e-05
3.215882353e-09,6.686694413e-05
3.216470588e-09,6.787833211e-05
3.217058824e-09,6.887480306e-05
3.217647059e-09,6.985040394e-05
3.218235294e-09,7.079869702e-05
3.218823529e-09,7.171281249e-05
3.219411765e-09,7.258551541e-05
3.22e-09,7.340928376e-05
3.220588235e-09,7.417639864e-05
3.221176471e-09,7.487904297e-05
3.221764706e-09,7.550940927e-05
3.222352941e-09,7.605981239e-05
3.222941176e-09,7.652280754e-05
3.223529412e-09,7.689130915e-05
3.224117647e-09,7.715871081e-05
3.224705882e-09,7.731900169e-05
3.225294118e-09,7.736687958e-05
3.225882353e-09,7.72978563e-05
3.226470588e-09,7.710835545e-05
3.227058824e-09,7.679579867e-05
3.227647059e-09,7.635868076e-05
3.228235294e-09,7.579662996e-05
3.228823529e-09,7.511045433e-05
3.229411765e-09,7.430217111e-05
3.23e-09,7.337502035e-05
3.230588235e-09,7.23334602e-05
3.231176471e-09,7.118314598e-05
3.231764706e-09,6.993089078e-05
3.232352941e-09,6.85846103e-05
3.232941176e-09,6.71532504e-05
3.233529412e-09,6.564670037e-05
3.234117647e-09,6.407569117e-05
3.234705882e-09,6.245168188e-05
3.235294118e-09,6.078673414e-05
3.235882353e-09,5.909337823e-05
3.236470588e-09,5.738447082e-05
3.237058824e-09,5.567304825e-05
3.237647059e-09,5.397217559e-05
3.238235294e-09,5.229479562e-05
3.238823529e-09,5.065357768e-05
3.239411765e-09,4.90607709e-05
3.24e-09,4.752806148e-05
3.240588235e-09,4.606643833e-05
3.241176471e-09,4.468606684e-05
3.241764706e-09,4.33961746e-05
3.242352941e-09,4.220494857e-05
3.242941176e-09,4.111944734e-05
3.243529412e-09,4.014552752e-05
3.244117647e-09,3.928778736e-05
3.244705882e-09,3.854952652e-05
3.245294118e-09,3.793272439e-05
3.245882353e-09,3.743803536e-05
3.246470588e-09,3.706480317e-05
3.247058824e-09,3.681109207e-05
3.247647059e-09,3.667373653e-05
3.248235294e-09,3.664840656e-05
3.248823529e-09,3.672968998e-05
3.249411765e-09,3.691118843e-05
3.25e-09,3.718562755e-05
3.250588235e-09,3.754497801e-05
3.251176471e-09,3.798058746e-05
3.251764706e-09,3.848331943e-05
3.252352941e-09,3.904369919e-05
3.252941176e-09,3.965206224e-05
3.253529412e-09,4.029870519e-05
3.254117647e-09,4.097403466e-05
3.254705882e-09,4.166871381e-05
3.255294118e-09,4.237380208e-05
3.255882353e-09,4.308088801e-05
3.256470588e-09,4.378221066e-05
3.257058824e-09,4.447076979e-05
3.257647059e-09,4.514042081e-05
3.258235294e-09,4.578595479e-05
3.258823529e-09,4.64031601e-05
3.259411765e-09,4.698886655e-05
3.26e-09,4.754096924e-05
3.260588235e-09,4.805843336e-05
3.261176471e-09,4.854127811e-05
3.261764706e-09,4.899054166e-05
3.262352941e-09,4.940822586e-05
3.262941176e-09,4.979722349e-05
3.263529412e-09,5.016122749e-05
3.264117647e-09,5.050462563e-05
3.264705882e-09,5.083238058e-05
3.265294118e-09,5.114989962e-05
3.265882353e-09,5.146289432e-05
3.266470588e-09,5.177723496e-05
3.267058824e-09,5.209880032e-05
3.267647059e-09,5.24333278e-05
3.268235294e-09,5.278626474e-05
3.268823529e-09,5.316262578e-05
3.269411765e-09,5.356685722e-05
3.27e-09,5.400271278e-05
3.270588235e-09,5.447314153e-05
3.271176471e-09,5.498019198e-05
3.271764706e-09,5.552493245e-05
3.272352941e-09,5.610739123e-05
3.272941176e-09,5.672651588e-05
3.273529412e-09,5.738015442e-05
3.274117647e-09,5.806505703e-05
3.274705882e-09,5.877690017e-05
3.275294118e-09,5.951033083e-05
3.275882353e-09,6.025903216e-05
3.276470588e-09,6.101580731e-05
3.277058824e-09,6.177268182e-05
3.277647059e-09,6.252102103e-05
3.278235294e-09,6.325166199e-05
3.278823529e-09,6.395505578e-05
3.279411765e-09,6.46214194e-05
3.28e-09,6.524089276e-05
3.280588235e-09,6.580369966e-05
3.281176471e-09,6.630030815e-05
3.281764706e-09,6.672158917e-05
3.282352941e-09,6.7058969e-05
3.282941176e-09,6.730457458e-05
3.283529412e-09,6.74513675e-05
3.284117647e-09,6.749326614e-05
3.284705882e-09,6.742525231e-05
3.285294118e-09,6.724346232e-05
3.285882353e-09,6.694525944e-05
3.286470588e-09,6.652928841e-05
3.287058824e-09,6.599550963e-05
3.287647059e-09,6.534521433e-05
3.288235294e-09,6.458101905e-05
3.288823529e-09,6.370684154e-05
3.289411765e-09,6.272785703e-05
3.29e-09,6.165043754e-05
3.290588235e-09,6.048207384e-05
3.291176471e-09,5.923128332e-05
3.291764706e-09,5.790750376e-05
3.292352941e-09,5.652097667e-05
3.292941176e-09,5.508262057e-05
3.293529412e-09,5.360389805e-05
3.294117647e-09,5.209667718e-05
3.294705882e-09,5.057309116e-05
3.295294118e-09,4.904539683e-05
3.295882353e-09,4.752583567e-05
3.296470588e-09,4.602649795e-05
3.297058824e-09,4.455919332e-05
3.297647059e-09,4.313532811e-05
3.298235294e-09,4.176579245e-05
3.298823529e-09,4.046085695e-05
3.299411765e-09,3.923008159e-05
3.3e-09,3.808223612e-05
3.300588235e-09,3.702523419e-05
3.301176471e-09,3.606607986e-05
3.301764706e-09,3.521082829e-05
3.302352941e-09,3.446455878e-05
3.302941176e-09,3.38313615e-05
3.303529412e-09,3.331433554e-05
3.304117647e-09,3.291559938e-05
3.304705882e-09,3.263631093e-05
3.305294118e-09,3.247669801e-05
3.305882353e-09,3.243609617e-05
3.306470588e-09,3.251299451e-05
3.307058824e-09,3.270508635e-05
3.307647059e-09,3.300932526e-05
3.308235294e-09,3.342198345e-05
3.308823529e-09,3.393871294e-05
3.309411765e-09,3.455460677e-05
3.31e-09,3.526426079e-05
3.310588235e-09,3.606183345e-05
3.311176471e-09,3.694110456e-05
3.311764706e-09,3.789553051e-05
3.312352941e-09,3.891829741e-05
3.312941176e-09,4.000236982e-05
3.313529412e-09,4.114053685e-05
3.314117647e-09,4.232545376e-05
3.314705882e-09,4.354968098e-05
3.315294118e-09,4.480571886e-05
3.315882353e-09,4.608604054e-05
3.316470588e-09,4.738312127e-05
3.317058824e-09,4.868946673e-05
3.317647059e-09,4.999763888e-05
3.318235294e-09,5.13002817e-05
3.318823529e-09,5.259014574e-05
3.319411765e-09,5.386011345e-05
3.32e-09,5.510322421e-05
3.320588235e-09,5.631270103e-05
3.321176471e-09,5.748197758e-05
3.321764706e-09,5.86047273e-05
3.322352941e-09,5.967489306e-05
3.322941176e-09,6.0686719e-05
3.323529412e-09,6.163478261e-05
3.324117647e-09,6.251402861e-05
3.324705882e-09,6.331980242e-05
3.325294118e-09,6.40478845e-05
3.325882353e-09,6.469452331e-05
3.326470588e-09,6.525646802e-05
3.327058824e-09,6.573099849e-05
3.327647059e-09,6.611595363e-05
3.328235294e-09,6.640975578e-05
3.328823529e-09,6.661143201e-05
3.329411765e-09,6.672063014e-05
3.33e-09,6.673763053e-05
3.330588235e-09,6.666335149e-05
3.331176471e-09,6.649934948e-05
3.331764706e-09,6.624781224e-05
3.332352941e-09,6.591154622e-05
3.332941176e-09,6.549395656e-05
3.333529412e-09,6.499902138e-05
3.334117647e-09,6.443125875e-05
3.334705882e-09,6.379568838e-05
3.335294118e-09,6.309778664e-05
3.335882353e-09,6.23434371e-05
3.336470588e-09,6.15388755e-05
3.337058824e-09,6.069063139e-05
3.337647059e-09,5.980546556e-05
3.338235294e-09,5.889030563e-05
3.338823529e-09,5.795217899e-05
3.339411765e-09,5.699814549e-05
3.34e-09,5.603522912e-05
3.340588235e-09,5.507035116e-05
3.341176471e-09,5.411026391e-05
3.341764706e-09,5.316148746e-05
3.342352941e-09,5.223024861e-05
3.342941176e-09,5.132242431e-05
3.343529412e-09,5.044348846e-05
3.344117647e-09,4.959846459e-05
3.344705882e-09,4.879188303e-05
3.345294118e-09,4.802774484e-05
3.345882353e-09,4.730949116e-05
3.346470588e-09,4.663998001e-05
3.347058824e-09,4.60214691e-05
3.347647059e-09,4.545560651e-05
3.348235294e-09,4.494342763e-05
3.348823529e-09,4.448536013e-05
3.349411765e-09,4.408123522e-05
3.35e-09,4.37303067e-05
3.350588235e-09,4.343127601e-05
3.351176471e-09,4.318232465e-05
3.351764706e-09,4.298115193e-05
3.352352941e-09,4.282501937e-05
3.352941176e-09,4.271079951e-05
3.353529412e-09,4.263503027e-05
3.354117647e-09,4.25939726e-05
3.354705882e-09,4.258367233e-05
3.355294118e-09,4.26000238e-05
3.355882353e-09,4.263883613e-05
3.356470588e-09,4.269589972e-05
3.357058824e-09,4.27670535e-05
3.357647059e-09,4.28482506e-05
3.358235294e-09,4.293562303e-05
3.358823529e-09,4.302554282e-05
3.359411765e-09,4.311468027e-05
3.36e-09,4.320005696e-05
3.360588235e-09,4.327909406e-05
3.361176471e-09,4.33496537e-05
3.361764706e-09,4.341007423e-05
3.362352941e-09,4.345919711e-05
3.362941176e-09,4.349638656e-05
3.363529412e-09,4.352153989e-05
3.364117647e-09,4.353508989e-05
3.364705882e-09,4.353799737e-05
3.365294118e-09,4.353173571e-05
3.365882353e-09,4.351826558e-05
3.366470588e-09,4.350000202e-05
3.367058824e-09,4.347977249e-05
3.367647059e-09,4.346076806e-05
3.368235294e-09,4.344648696e-05
3.368823529e-09,4.344067266e-05
3.369411765e-09,4.344724598e-05
3.37e-09,4.347023371e-05
3.370588235e-09,4.351369336e-05
3.371176471e-09,4.358163659e-05
3.371764706e-09,4.367795115e-05
3.372352941e-09,4.380632392e-05
3.372941176e-09,4.397016485e-05
3.373529412e-09,4.417253452e-05
3.374117647e-09,4.441607496e-05
3.374705882e-09,4.470294638e-05
3.375294118e-09,4.503476935e-05
3.375882353e-09,4.541257496e-05
3.376470588e-09,4.583676223e-05
3.377058824e-09,4.630706518e-05
3.377647059e-09,4.682252849e-05
3.378235294e-09,4.738149395e-05
3.378823529e-09,4.798159636e-05
3.379411765e-09,4.861977077e-05
3.38e-09,4.929226938e-05
3.380588235e-09,4.999468968e-05
3.381176471e-09,5.072201197e-05
3.381764706e-09,5.146864731e-05
3.382352941e-09,5.22284939e-05
3.382941176e-09,5.299500264e-05
3.383529412e-09,5.376124952e-05
3.384117647e-09,5.452001542e-05
3.384705882e-09,5.526387066e-05
3.385294118e-09,5.598526478e-05
3.385882353e-09,5.667661868e-05
3.386470588e-09,5.733041937e-05
3.387058824e-09,5.793931456e-05
3.387647059e-09,5.849620716e-05
3.388235294e-09,5.899434681e-05
3.388823529e-09,5.942741878e-05
3.389411765e-09,5.978962724e-05
3.39e-09,6.007577332e-05
3.390588235e-09,6.028132533e-05
3.391176471e-09,6.040248147e-05
3.391764706e-09,6.043622284e-05
3.392352941e-09,6.038035725e-05
3.392941176e-09,6.023355185e-05
3.393529412e-09,5.999535558e-05
3.394117647e-09,5.966620961e-05
3.394705882e-09,5.924744724e-05
3.395294118e-09,5.874128168e-05
3.395882353e-09,5.815078359e-05
3.396470588e-09,5.74798472e-05
3.397058824e-09,5.673314703e-05
3.397647059e-09,5.591608462e-05
3.398235294e-09,5.503472735e-05
3.398823529e-09,5.40957391e-05
3.399411765e-09,5.310630511e-05
3.4e-09,5.207405089e-05
3.400588235e-09,5.100695769e-05
3.401176471e-09,4.99132745e-05
3.401764706e-09,4.88014292e-05
3.402352941e-09,4.767993866e-05
3.402941176e-09,4.655732055e-05
3.403529412e-09,4.544200646e-05
3.404117647e-09,4.434225894e-05
3.404705882e-09,4.326609206e-05
3.405294118e-09,4.222119768e-05
3.405882353e-09,4.121487698e-05
3.406470588e-09,4.025397912e-05
3.407058824e-09,3.934484627e-05
3.407647059e-09,3.849326676e-05
3.408235294e-09,3.770443523e-05
3.408823529e-09,3.698292125e-05
3.409411765e-09,3.633264502e-05
3.41e-09,3.575686152e-05
3.410588235e-09,3.525815139e-05
3.411176471e-09,3.483841969e-05
3.411764706e-09,3.449890073e-05
3.412352941e-09,3.424016991e-05
3.412941176e-09,3.406216079e-05
3.413529412e-09,3.3964188e-05
3.414117647e-09,3.394497431e-05
3.414705882e-09,3.400268255e-05
3.415294118e-09,3.413495035e-05
3.415882353e-09,3.433892876e-05
3.416470588e-09,3.461132253e-05
3.417058824e-09,3.494843319e-05
3.417647059e-09,3.534620281e-05
3.418235294e-09,3.580025957e-05
3.418823529e-09,3.630596325e-05
3.419411765e-09,3.685845148e-05
3.42e-09,3.745268532e-05
3.420588235e-09,3.80834949e-05
3.421176471e-09,3.874562359e-05
3.421764706e-09,3.943377174e-05
3.422352941e-09,4.014263842e-05
3.422941176e-09,4.086696215e-05
3.423529412e-09,4.160155909e-05
3.424117647e-09,4.234135989e-05
3.424705882e-09,4.308144354e-05
3.425294118e-09,4.38170694e-05
3.425882353e-09,4.454370596e-05
3.426470588e-09,4.525705738e-05
3.427058824e-09,4.595308647e-05
3.427647059e-09,4.662803526e-05
3.428235294e-09,4.727844162e-05
3.428823529e-09,4.790115346e-05
3.429411765e-09,4.849333882e-05
3.43e-09,4.905249343e-05
3.430588235e-09,4.957644429e-05
3.431176471e-09,5.006335068e-05
3.431764706e-09,5.051170141e-05
3.432352941e-09,5.092030982e-05
3.432941176e-09,5.128830518e-05
3.433529412e-09,5.161512225e-05
3.434117647e-09,5.190048782e-05
3.434705882e-09,5.214440577e-05
3.435294118e-09,5.234713969e-05
3.435882353e-09,5.250919467e-05
3.436470588e-09,5.263129723e-05
3.437058824e-09,5.271437507e-05
3.437647059e-09,5.275953559e-05
3.438235294e-09,5.276804492e-05
3.438823529e-09,5.274130629e-05
3.439411765e-09,5.268083946e-05
3.44e-09,5.258826017e-05
3.440588235e-09,5.246526101e-05
3.441176471e-09,5.231359276e-05
3.441764706e-09,5.213504761e-05
3.442352941e-09,5.193144308e-05
3.442941176e-09,5.17046081e-05
3.443529412e-09,5.145636987e-05
3.444117647e-09,5.11885431e-05
3.444705882e-09,5.090292002e-05
3.445294118e-09,5.06012627e-05
3.445882353e-09,5.02852961e-05
3.446470588e-09,4.995670335e-05
3.447058824e-09,4.961712155e-05
3.447647059e-09,4.926813953e-05
3.448235294e-09,4.891129608e-05
3.448823529e-09,4.854807978e-05
3.449411765e-09,4.817992898e-05
3.45e-09,4.780823329e-05
3.450588235e-09,4.743433484e-05
3.451176471e-09,4.705953073e-05
3.451764706e-09,4.668507512e-05
3.452352941e-09,4.631218218e-05
3.452941176e-09,4.594202842e-05
3.453529412e-09,4.557575567e-05
3.454117647e-09,4.521447321e-05
3.454705882e-09,4.485926035e-05
3.455294118e-09,4.451116799e-05
3.455882353e-09,4.417122037e-05
3.456470588e-09,4.384041573e-05
3.457058824e-09,4.351972702e-05
3.457647059e-09,4.321010137e-05
3.458235294e-09,4.291245951e-05
3.458823529e-09,4.2627694e-05
3.459411765e-09,4.235666725e-05
3.46e-09,4.210020838e-05
3.460588235e-09,4.185911002e-05
3.461176471e-09,4.163412391e-05
3.461764706e-09,4.142595653e-05
3.462352941e-09,4.123526379e-05
3.462941176e-09,4.106264587e-05
3.463529412e-09,4.090864127e-05
3.464117647e-09,4.077372137e-05
3.464705882e-09,4.065828436e-05
3.465294118e-09,4.056265006e-05
3.465882353e-09,4.048705433e-05
3.466470588e-09,4.043164464e-05
3.467058824e-09,4.039647568e-05
3.467647059e-09,4.038150622e-05
3.468235294e-09,4.038659636e-05
3.468823529e-09,4.041150632e-05
3.469411765e-09,4.045589563e-05
3.47e-09,4.051932416e-05
3.470588235e-09,4.06012536e-05
3.471176471e-09,4.070105078e-05
3.471764706e-09,4.081799139e-05
3.472352941e-09,4.095126554e-05
3.472941176e-09,4.109998353e-05
3.473529412e-09,4.126318325e-05
3.474117647e-09,4.143983756e-05
3.474705882e-09,4.162886299e-05
3.475294118e-09,4.182912817e-05
3.475882353e-09,4.203946315e-05
3.476470588e-09,4.225866811e-05
3.477058824e-09,4.248552268e-05
3.477647059e-09,4.271879424e-05
3.478235294e-09,4.295724651e-05
3.478823529e-09,4.319964685e-05
3.479411765e-09,4.344477361e-05
3.48e-09,4.3691422e-05
3.480588235e-09,4.393840983e-05
3.481176471e-09,4.418458178e-05
3.481764706e-09,4.442881337e-05
3.482352941e-09,4.467001363e-05
3.482941176e-09,4.490712755e-05
3.483529412e-09,4.513913725e-05
3.484117647e-09,4.536506328e-05
3.484705882e-09,4.558396476e-05
3.485294118e-09,4.579493987e-05
3.485882353e-09,4.599712552e-05
3.486470588e-09,4.618969754e-05
3.487058824e-09,4.637187035e-05
3.487647059e-09,4.654289734e-05
3.488235294e-09,4.670207094e-05
3.488823529e-09,4.684872356e-05
3.489411765e-09,4.698222832e-05
3.49e-09,4.710200072e-05
3.490588235e-09,4.720750017e-05
3.491176471e-09,4.729823234e-05
3.491764706e-09,4.737375136e-05
3.492352941e-09,4.743366275e-05
3.492941176e-09,4.747762595e-05
3.493529412e-09,4.75053575e-05
3.494117647e-09,4.751663362e-05
3.494705882e-09,4.75112932e-05
3.495294118e-09,4.748923996e-05
3.495882353e-09,4.745044488e-05
3.496470588e-09,4.739494768e-05
3.497058824e-09,4.732285831e-05
3.497647059e-09,4.723435738e-05
3.498235294e-09,4.712969666e-05
3.498823529e-09,4.70091983e-05
3.499411765e-09,4.687325427e-05
3.5e-09,4.672232445e-05
3.500588235e-09,4.655693502e-05
3.501176471e-09,4.637767575e-05
3.501764706e-09,4.618519746e-05
3.502352941e-09,4.598020872e-05
3.502941176e-09,4.576347279e-05
3.503529412e-09,4.553580397e-05
3.504117647e-09,4.529806427e-05
3.504705882e-09,4.505115965e-05
3.505294118e-09,4.479603672e-05
3.505882353e-09,4.453367894e-05
3.506470588e-09,4.426510345e-05
3.507058824e-09,4.399135733e-05
3.507647059e-09,4.371351444e-05
3.508235294e-09,4.343267162e-05
3.508823529e-09,4.314994543e-05
3.509411765e-09,4.286646809e-05
3.51e-09,4.258338372e-05
3.510588235e-09,4.230184383e-05
3.511176471e-09,4.202300281e-05
3.511764706e-09,4.174801256e-05
3.512352941e-09,4.14780171e-05
3.512941176e-09,4.121414612e-05
3.513529412e-09,4.095750852e-05
3.514117647e-09,4.070918488e-05
3.514705882e-09,4.047022001e-05
3.515294118e-09,4.024161447e-05
3.515882353e-09,4.002431635e-05
3.516470588e-09,3.981921228e-05
3.517058824e-09,3.962711888e-05
3.517647059e-09,3.944877379e-05
3.518235294e-09,3.928482749e-05
3.518823529e-09,3.913583506e-05
3.519411765e-09,3.900224911e-05
3.52e-09,3.888441303e-05
3.520588235e-09,3.878255579e-05
3.521176471e-09,3.869678747e-05
3.521764706e-09,3.862709665e-05
3.522352941e-09,3.857334876e-05
3.522941176e-09,3.853528658e-05
3.523529412e-09,3.851253192e-05
3.524117647e-09,3.850458945e-05
3.524705882e-09,3.85108518e-05
3.525294118e-09,3.853060682e-05
3.525882353e-09,3.856304582e-05
3.526470588e-09,3.860727399e-05
3.527058824e-09,3.866232144e-05
3.527647059e-09,3.872715599e-05
3.528235294e-09,3.88006964e-05
3.528823529e-09,3.888182678e-05
3.529411765e-09,3.8969411e-05
3.53e-09,3.906230782e-05
3.530588235e-09,3.915938544e-05
3.531176471e-09,3.925953633e-05
3.531764706e-09,3.936169094e-05
3.532352941e-09,3.946483118e-05
3.532941176e-09,3.956800233e-05
3.533529412e-09,3.967032433e-05
3.534117647e-09,3.977100102e-05
3.534705882e-09,3.986932846e-05
3.535294118e-09,3.9964701e-05
3.535882353e-09,4.005661608e-05
3.536470588e-09,4.014467661e-05
3.537058824e-09,4.022859211e-05
3.537647059e-09,4.030817723e-05
3.538235294e-09,4.038334914e-05
3.538823529e-09,4.045412234e-05
3.539411765e-09,4.052060247e-05
3.54e-09,4.058297781e-05
3.540588235e-09,4.064150989e-05
3.541176471e-09,4.069652225e-05
3.541764706e-09,4.074838855e-05
3.542352941e-09,4.079751927e-05
3.542941176e-09,4.08443482e-05
3.543529412e-09,4.088931794e-05
3.544117647e-09,4.093286577e-05
3.544705882e-09,4.097540899e-05
3.545294118e-09,4.101733119e-05
3.545882353e-09,4.105896854e-05
3.546470588e-09,4.110059757e-05
3.547058824e-09,4.114242349e-05
3.547647059e-09,4.118457053e-05
3.548235294e-09,4.122707334e-05
3.548823529e-09,4.126987081e-05
3.549411765e-09,4.131280141e-05
3.55e-09,4.135560125e-05
3.550588235e-09,4.139790397e-05
3.551176471e-09,4.14392435e-05
3.551764706e-09,4.147905881e-05
3.552352941e-09,4.151670146e-05
3.552941176e-09,4.155144509e-05
3.553529412e-09,4.158249756e-05
3.554117647e-09,4.160901462e-05
3.554705882e-09,4.163011587e-05
3.555294118e-09,4.164490176e-05
3.555882353e-09,4.165247232e-05
3.556470588e-09,4.165194615e-05
3.557058824e-09,4.164248047e-05
3.557647059e-09,4.162329064e-05
3.558235294e-09,4.159366983e-05
3.558823529e-09,4.155300743e-05
3.559411765e-09,4.150080669e-05
3.56e-09,4.143670025e-05
3.560588235e-09,4.136046419e-05
3.561176471e-09,4.127202927e-05
3.561764706e-09,4.117148997e-05
3.562352941e-09,4.105911025e-05
3.562941176e-09,4.093532671e-05
3.563529412e-09,4.080074817e-05
3.564117647e-09,4.065615244e-05
3.564705882e-09,4.050247958e-05
3.565294118e-09,4.034082243e-05
3.565882353e-09,4.017241384e-05
3.566470588e-09,3.999861167e-05
3.567058824e-09,3.982088094e-05
3.567647059e-09,3.96407744e-05
3.568235294e-09,3.945991091e-05
3.568823529e-09,3.927995306e-05
3.569411765e-09,3.910258351e-05
3.57e-09,3.892948137e-05
3.570588235e-09,3.87622982e-05
3.571176471e-09,3.860263497e-05
3.571764706e-09,3.845201943e-05
3.572352941e-09,3.831188535e-05
3.572941176e-09,3.81835528e-05
3.573529412e-09,3.806821103e-05
3.574117647e-09,3.796690294e-05
3.574705882e-09,3.788051259e-05
3.575294118e-09,3.780975473e-05
3.575882353e-09,3.775516753e-05
3.576470588e-09,3.771710753e-05
3.577058824e-09,3.769574782e-05
3.577647059e-09,3.769107833e-05
3.578235294e-09,3.770290926e-05
3.578823529e-09,3.773087628e-05
3.579411765e-09,3.77744486e-05
3.58e-09,3.783293849e-05
3.580588235e-09,3.790551307e-05
3.581176471e-09,3.799120721e-05
3.581764706e-09,3.808893822e-05
3.582352941e-09,3.819752104e-05
3.582941176e-09,3.831568473e-05
3.583529412e-09,3.844208905e-05
3.584117647e-09,3.857534169e-05
3.584705882e-09,3.871401521e-05
3.585294118e-09,3.885666415e-05
3.585882353e-09,3.900184142e-05
3.586470588e-09,3.914811444e-05
3.587058824e-09,3.929408021e-05
3.587647059e-09,3.943837986e-05
3.588235294e-09,3.957971165e-05
3.588823529e-09,3.971684336e-05
3.589411765e-09,3.984862287e-05
3.59e-09,3.997398777e-05
3.590588235e-09,4.009197319e-05
3.591176471e-09,4.02017184e-05
3.591764706e-09,4.030247155e-05
3.592352941e-09,4.039359316e-05
3.592941176e-09,4.047455758e-05
3.593529412e-09,4.054495344e-05
3.594117647e-09,4.06044819e-05
3.594705882e-09,4.065295404e-05
3.595294118e-09,4.069028626e-05
3.595882353e-09,4.071649493e-05
3.596470588e-09,4.073168923e-05
3.597058824e-09,4.073606358e-05
3.597647059e-09,4.072988854e-05
3.598235294e-09,4.071350155e-05
3.598823529e-09,4.068729666e-05
3.599411765e-09,4.065171437e-05
3.6e-09,4.060723085e-05
3.600588235e-09,4.055434781e-05
3.601176471e-09,4.049358214e-05
3.601764706e-09,4.042545645e-05
3.602352941e-09,4.035048996e-05
3.602941176e-09,4.026919067e-05
3.603529412e-09,4.018204797e-05
3.604117647e-09,4.008952706e-05
3.604705882e-09,3.999206395e-05
3.605294118e-09,3.989006237e-05
3.605882353e-09,3.978389142e-05
3.606470588e-09,3.967388518e-05
3.607058824e-09,3.956034296e-05
3.607647059e-09,3.944353142e-05
3.608235294e-09,3.932368722e-05
3.608823529e-09,3.920102118e-05
3.609411765e-09,3.907572277e-05
3.61e-09,3.894796576e-05
3.610588235e-09,3.88179138e-05
3.611176471e-09,3.868572679e-05
3.611764706e-09,3.855156678e-05
3.612352941e-09,3.841560415e-05
3.612941176e-09,3.827802301e-05
3.613529412e-09,3.813902647e-05
3.614117647e-09,3.799884072e-05
3.614705882e-09,3.785771873e-05
3.615294118e-09,3.771594239e-05
3.615882353e-09,3.757382411e-05
3.616470588e-09,3.743170669e-05
3.617058824e-09,3.728996249e-05
3.617647059e-09,3.714899082e-05
3.618235294e-09,3.700921469e-05
3.618823529e-09,3.687107581e-05
3.619411765e-09,3.673502904e-05
3.62e-09,3.660153527e-05
3.620588235e-09,3.647105401e-05
3.621176471e-09,3.634403461e-05
3.621764706e-09,3.622090745e-05
3.622352941e-09,3.610207414e-05
3.622941176e-09,3.598789796e-05
3.623529412e-09,3.587869372e-05
3.624117647e-09,3.577471812e-05
3.624705882e-09,3.567615995e-05
3.625294118e-09,3.558313119e-05
3.625882353e-09,3.549565821e-05
3.626470588e-09,3.541367424e-05
3.627058824e-09,3.533701235e-05
3.627647059e-09,3.526539996e-05
3.628235294e-09,3.519845416e-05
3.628823529e-09,3.51356788e-05
3.629411765e-09,3.507646278e-05
3.63e-09,3.502008026e-05
3.630588235e-09,3.496569217e-05
3.631176471e-09,3.491235001e-05
3.631764706e-09,3.485900093e-05
3.632352941e-09,3.48044952e-05
3.632941176e-09,3.474759499e-05
3.633529412e-09,3.468698549e-05
3.634117647e-09,3.462128733e-05
3.634705882e-09,3.45490711e-05
3.635294118e-09,3.446887296e-05
3.635882353e-09,3.437921204e-05
3.636470588e-09,3.427860865e-05
3.637058824e-09,3.416560374e-05
3.637647059e-09,3.403877868e-05
3.638235294e-09,3.389677582e-05
3.638823529e-09,3.373831861e-05
3.639411765e-09,3.356223188e-05
3.64e-09,3.336746098e-05
3.640588235e-09,3.315309039e-05
3.641176471e-09,3.291836032e-05
3.641764706e-09,3.266268214e-05
3.642352941e-09,3.238565111e-05
3.642941176e-09,3.208705713e-05
3.643529412e-09,3.176689239e-05
3.644117647e-09,3.142535632e-05
3.644705882e-09,3.106285709e-05
3.645294118e-09,3.068001016e-05
3.645882353e-09,3.027763296e-05
3.646470588e-09,2.98567368e-05
3.647058824e-09,2.941851484e-05
3.647647059e-09,2.896432748e-05
3.648235294e-09,2.849568426e-05
3.648823529e-09,2.801422365e-05
3.649411765e-09,2.752168989e-05
3.65e-09,2.701990857e-05
3.650588235e-09,2.651076011e-05
3.651176471e-09,2.599615278e-05
3.651764706e-09,2.547799479e-05
3.652352941e-09,2.495816692e-05
3.652941176e-09,2.443849519e-05
3.653529412e-09,2.392072527e-05
3.654117647e-09,2.340649785e-05
3.654705882e-09,2.289732676e-05
3.655294118e-09,2.239457901e-05
3.655882353e-09,2.189945823e-05
3.656470588e-09,2.141299081e-05
3.657058824e-09,2.093601598e-05
3.657647059e-09,2.046917891e-05
3.658235294e-09,2.001292805e-05
3.658823529e-09,1.956751554e-05
3.659411765e-09,1.913300176e-05
3.66e-09,1.870926276e-05
3.660588235e-09,1.829600134e-05
3.661176471e-09,1.789276055e-05
3.661764706e-09,1.74989402e-05
3.662352941e-09,1.711381495e-05
3.662941176e-09,1.673655454e-05
3.663529412e-09,1.636624478e-05
3.664117647e-09,1.60019096e-05
3.664705882e-09,1.564253288e-05
3.665294118e-09,1.528708036e-05
3.665882353e-09,1.493452031e-05
3.666470588e-09,1.458384335e-05
3.667058824e-09,1.423408013e-05
3.667647059e-09,1.388431741e-05
3.668235294e-09,1.353371117e-05
3.668823529e-09,1.318149762e-05
3.669411765e-09,1.282700072e-05
3.67e-09,1.246963719e-05
3.670588235e-09,1.210891794e-05
3.671176471e-09,1.174444675e-05
3.671764706e-09,1.137591549e-05
3.672352941e-09,1.100309685e-05
3.672941176e-09,1.062583389e-05
3.673529412e-09,1.024402747e-05
3.674117647e-09,9.857621204e-06
3.674705882e-09,9.466585005e-06
3.675294118e-09,9.070896804e-06
3.675882353e-09,8.670523833e-06
3.676470588e-09,8.26540303e-06
3.677058824e-09,7.85542197e-06
3.677647059e-09,7.440399962e-06
3.678235294e-09,7.020070726e-06
3.678823529e-09,6.594066279e-06
3.679411765e-09,6.161903413e-06
3.68e-09,5.722972365e-06
3.680588235e-09,5.27652899e-06
3.681176471e-09,4.82168994e-06
3.681764706e-09,4.357432065e-06
3.682352941e-09,3.882595422e-06
3.682941176e-09,3.395890944e-06
3.683529412e-09,2.895912017e-06
3.684117647e-09,2.381150848e-06
3.684705882e-09,1.850018675e-06
3.685294118e-09,1.300870532e-06
3.685882353e-09,7.320334365e-07
3.686470588e-09,1.418384977e-07
3.687058824e-09,-4.713443426e-07
3.687647059e-09,-1.109068628e-06
3.688235294e-09,-1.772772212e-06
3.688823529e-09,-2.463736428e-06
3.689411765e-09,-3.183045165e-06
3.69e-09,-3.931543793e-06
3.690588235e-09,-4.709799579e-06
3.691176471e-09,-5.518063562e-06
3.691764706e-09,-6.356235534e-06
3.692352941e-09,-7.223832077e-06
3.692941176e-09,-8.119959243e-06
3.693529412e-09,-9.043289724e-06
3.694117647e-09,-9.992045952e-06
3.694705882e-09,-1.096398885e-05
3.695294118e-09,-1.195641347e-05
3.695882353e-09,-1.296615097e-05
3.696470588e-09,-1.398957804e-05
3.697058824e-09,-1.502263291e-05
3.697647059e-09,-1.606083872e-05
3.698235294e-09,-1.709933324e-05
3.698823529e-09,-1.813290544e-05
3.699411765e-09,-1.915603753e-05
3.7e-09,-2.016295282e-05
3.700588235e-09,-2.114766781e-05
3.701176471e-09,-2.210404851e-05
3.701764706e-09,-2.302586942e-05
3.702352941e-09,-2.390687489e-05
3.702941176e-09,-2.474084119e-05
3.703529412e-09,-2.552163906e-05
3.704117647e-09,-2.62432948e-05
3.704705882e-09,-2.690004994e-05
3.705294118e-09,-2.748641745e-05
3.705882353e-09,-2.799723456e-05
3.706470588e-09,-2.842771048e-05
3.707058824e-09,-2.877346899e-05
3.707647059e-09,-2.90305846e-05
3.708235294e-09,-2.919561227e-05
3.708823529e-09,-2.926560978e-05
3.709411765e-09,-2.923815294e-05
3.71e-09,-2.91113429e-05
3.710588235e-09,-2.888380622e-05
3.711176471e-09,-2.855468704e-05
3.711764706e-09,-2.812363248e-05
3.712352941e-09,-2.759077066e-05
3.712941176e-09,-2.695668297e-05
3.713529412e-09,-2.622237006e-05
3.714117647e-09,-2.538921344e-05
3.714705882e-09,-2.445893253e-05
3.715294118e-09,-2.343353893e-05
3.715882353e-09,-2.231528818e-05
3.716470588e-09,-2.110663081e-05
3.717058824e-09,-1.981016297e-05
3.717647059e-09,-1.842857864e-05
3.718235294e-09,-1.69646236e-05
3.718823529e-09,-1.542105322e-05
3.719411765e-09,-1.380059411e-05
3.72e-09,-1.210591171e-05
3.720588235e-09,-1.03395836e-05
3.721176471e-09,-8.504080481e-06
3.721764706e-09,-6.601754396e-06
3.722352941e-09,-4.634835797e-06
3.722941176e-09,-2.605438887e-06
3.723529412e-09,-5.155763142e-07
3.724117647e-09,1.632817568e-06
3.724705882e-09,3.837854258e-06
3.725294118e-09,6.097650649e-06
3.725882353e-09,8.41028039e-06
3.726470588e-09,1.077371865e-05
3.727058824e-09,1.318578052e-05
3.727647059e-09,1.564405516e-05
3.728235294e-09,1.814583619e-05
3.728823529e-09,2.068805089e-05
3.729411765e-09,2.326718906e-05
3.73e-09,2.587923433e-05
3.730588235e-09,2.851959909e-05
3.731176471e-09,3.118306584e-05
3.731764706e-09,3.386373641e-05
3.732352941e-09,3.655499171e-05
3.732941176e-09,3.924946346e-05
3.733529412e-09,4.193902029e-05
3.734117647e-09,4.46147695e-05
3.734705882e-09,4.726707642e-05
3.735294118e-09,4.988560212e-05
3.735882353e-09,5.245936112e-05
3.736470588e-09,5.497679882e-05
3.737058824e-09,5.742588979e-05
3.737647059e-09,5.979425597e-05
3.738235294e-09,6.206930472e-05
3.738823529e-09,6.423838514e-05
3.739411765e-09,6.628896164e-05
3.74e-09,6.820880214e-05
3.740588235e-09,6.998617919e-05
3.741176471e-09,7.161008025e-05
3.741764706e-09,7.30704248e-05
3.742352941e-09,7.435828371e-05
3.742941176e-09,7.54660979e-05
3.743529412e-09,7.638789116e-05
3.744117647e-09,7.711947378e-05
3.744705882e-09,7.765863163e-05
3.745294118e-09,7.800529716e-05
3.745882353e-09,7.816169718e-05
3.746470588e-09,7.813247396e-05
3.747058824e-09,7.792477509e-05
3.747647059e-09,7.754830921e-05
3.748235294e-09,7.701536379e-05
3.748823529e-09,7.634078308e-05
3.749411765e-09,7.554190356e-05
3.75e-09,7.463844624e-05
3.750588235e-09,7.365236445e-05
3.751176471e-09,7.260764815e-05
3.751764706e-09,7.153008484e-05
3.752352941e-09,7.044697972e-05
3.752941176e-09,6.938683692e-05
3.753529412e-09,6.837900609e-05
3.754117647e-09,6.745329767e-05
3.754705882e-09,6.663957281e-05
3.755294118e-09,6.596731262e-05
3.755882353e-09,6.546517404e-05
3.756470588e-09,6.516053821e-05
3.757058824e-09,6.507905945e-05
3.757647059e-09,6.524422161e-05
3.758235294e-09,6.56769104e-05
3.758823529e-09,6.639500857e-05
3.759411765e-09,6.741302259e-05
3.76e-09,6.874174752e-05
3.760588235e-09,7.038797798e-05
3.761176471e-09,7.235427101e-05
3.761764706e-09,7.463876768e-05
3.762352941e-09,7.723507786e-05
3.762941176e-09,8.013223313e-05
3.763529412e-09,8.331471045e-05
3.764117647e-09,8.676252951e-05
3.764705882e-09,9.0451424e-05
3.765294118e-09,9.435308728e-05
3.765882353e-09,9.843549021e-05
3.766470588e-09,0.000102663269
3.767058824e-09,0.0001069981783
3.767647059e-09,0.0001113996045
3.768235294e-09,0.0001158251328
3.768823529e-09,0.0001202311597
3.769411765e-09,0.000124573542
3.77e-09,0.0001288082745
3.770588235e-09,0.0001328921823
3.771176471e-09,0.0001367836207
3.771764706e-09,0.0001404431675
3.772352941e-09,0.0001438342985
3.772941176e-09,0.0001469240328
3.773529412e-09,0.0001496835373
3.774117647e-09,0.000152088678
3.774705882e-09,0.0001541205082
3.775294118e-09,0.0001557656829
3.775882353e-09,0.0001570167918
3.776470588e-09,0.0001578726011
3.777058824e-09,0.0001583381992
3.777647059e-09,0.0001584250408
3.778235294e-09,0.0001581508856
3.778823529e-09,0.0001575396308
3.779411765e-09,0.0001566210367
3.78e-09,0.0001554303471
3.780588235e-09,0.0001540078097
3.781176471e-09,0.0001523980999
3.781764706e-09,0.000150649657
3.782352941e-09,0.0001488139401
3.782941176e-09,0.0001469446164
3.783529412e-09,0.0001450966907
3.784117647e-09,0.0001433255916
3.784705882e-09,0.0001416862267
3.785294118e-09,0.0001402320233
3.785882353e-09,0.0001390139675
3.786470588e-09,0.0001380796599
3.787058824e-09,0.0001374724013
3.787647059e-09,0.0001372303251
3.788235294e-09,0.0001373855912
3.788823529e-09,0.0001379636549
3.789411765e-09,0.0001389826246
3.79e-09,0.0001404527197
3.790588235e-09,0.0001423758398
3.791176471e-09,0.0001447452537
3.791764706e-09,0.0001475454154
3.792352941e-09,0.0001507519122
3.792941176e-09,0.0001543315484
3.793529412e-09,0.0001582425653
3.794117647e-09,0.0001624349965
3.794705882e-09,0.0001668511563
3.795294118e-09,0.0001714262542
3.795882353e-09,0.00017608913
3.796470588e-09,0.000180763099
3.797058824e-09,0.0001853668982
3.797647059e-09,0.000189815718
3.798235294e-09,0.000194022309
3.798823529e-09,0.0001978981454
3.799411765e-09,0.0002013546317
3.8e-09,0.0002043043333
3.800588235e-09,0.000206662215
3.801176471e-09,0.00020834687
3.801764706e-09,0.0002092817203
3.802352941e-09,0.0002093961731
3.802941176e-09,0.0002086267143
3.803529412e-09,0.0002069179253
3.804117647e-09,0.0002042234072
3.804705882e-09,0.0002005065979
3.805294118e-09,0.0001957414722
3.805882353e-09,0.000189913112
3.806470588e-09,0.0001830181397
3.807058824e-09,0.0001750650068
3.807647059e-09,0.0001660741341
3.808235294e-09,0.0001560779
3.808823529e-09,0.0001451204761
3.809411765e-09,0.0001332575133
3.81e-09,0.0001205556803
3.810588235e-09,0.0001070920609
3.811176471e-09,9.295341842e-05
3.811764706e-09,7.823533576e-05
3.812352941e-09,6.304124296e-05
3.812941176e-09,4.748134462e-05
3.813529412e-09,3.167146168e-05
3.814117647e-09,1.573180207e-05
3.814705882e-09,-2.143229289e-07
3.815294118e-09,-1.604182065e-05
3.815882353e-09,-3.162515949e-05
3.816470588e-09,-4.683971518e-05
3.817058824e-09,-6.156310305e-05
3.817647059e-09,-7.567648004e-05
3.818235294e-09,-8.906579948e-05
3.818823529e-09,-0.0001016230038
3.819411765e-09,-0.0001132471402
3.82e-09,-0.0001238453859
3.820588235e-09,-0.0001333339722
3.821176471e-09,-0.0001416389953
3.821764706e-09,-0.0001486971064
3.822352941e-09,-0.0001544560745
3.822941176e-09,-0.0001588752156
3.823529412e-09,-0.0001619256866
3.824117647e-09,-0.0001635906415
3.824705882e-09,-0.0001638652517
3.825294118e-09,-0.0001627565922
3.825882353e-09,-0.0001602833983
3.826470588e-09,-0.0001564756986
3.827058824e-09,-0.0001513743326
3.827647059e-09,-0.0001450303609
3.828235294e-09,-0.0001375043786
3.828823529e-09,-0.0001288657433
3.829411765e-09,-0.0001191917301
3.83e-09,-0.0001085666249
3.830588235e-09,-9.708077147e-05
3.831176471e-09,-8.482958342e-05
3.831764706e-09,-7.191253617e-05
3.832352941e-09,-5.843215106e-05
3.832941176e-09,-4.449298515e-05
3.833529412e-09,-3.020063814e-05
3.834117647e-09,-1.566078876e-05
3.834705882e-09,-9.782703085e-07
3.835294118e-09,1.37438045e-05
3.835882353e-09,2.840486159e-05
3.836470588e-09,4.290761894e-05
3.837058824e-09,5.715877007e-05
3.837647059e-09,7.106959264e-05
3.838235294e-09,8.455647989e-05
3.838823529e-09,9.754139226e-05
3.839411765e-09,0.0001099522299
3.84e-09,0.0001217231258
3.840588235e-09,0.0001327946631
3.841176471e-09,0.0001431140178
3.841764706e-09,0.000152635033
3.842352941e-09,0.0001613182281
3.842941176e-09,0.0001691307495
3.843529412e-09,0.0001760462686
3.844117647e-09,0.0001820448335
3.844705882e-09,0.000187112682
3.845294118e-09,0.0001912420216
3.845882353e-09,0.0001944307845
3.846470588e-09,0.0001966823633
3.847058824e-09,0.0001980053341
3.847647059e-09,0.0001984131725
3.848235294e-09,0.0001979239681
3.848823529e-09,0.0001965601409
3.849411765e-09,0.0001943481652
3.85e-09,0.0001913183021
3.850588235e-09,0.0001875043437
3.851176471e-09,0.0001829433701
3.851764706e-09,0.0001776755198
3.852352941e-09,0.0001717437731
3.852941176e-09,0.0001651937467
3.853529412e-09,0.0001580734997
3.854117647e-09,0.0001504333463
3.854705882e-09,0.000142325674
3.855294118e-09,0.0001338047638
3.855882353e-09,0.0001249266087
3.856470588e-09,0.000115748727
3.857058824e-09,0.0001063299673
3.857647059e-09,9.673030117e-05
3.858235294e-09,8.701060149e-05
3.858823529e-09,7.723240196e-05
3.859411765e-09,6.745763765e-05
3.86e-09,5.774836341e-05
3.860588235e-09,4.816645036e-05
3.861176471e-09,3.877325948e-05
3.861764706e-09,2.962929382e-05
3.862352941e-09,2.079383014e-05
3.862941176e-09,1.232453313e-05
3.863529412e-09,4.277054726e-06
3.864117647e-09,-3.295376703e-06
3.864705882e-09,-1.034237321e-05
3.865294118e-09,-1.681680404e-05
3.865882353e-09,-2.267520694e-05
3.866470588e-09,-2.787818696e-05
3.867058824e-09,-3.239079661e-05
3.867647059e-09,-3.618288984e-05
3.868235294e-09,-3.922944353e-05
3.868823529e-09,-4.151083917e-05
3.869411765e-09,-4.301309876e-05
3.87e-09,-4.372806855e-05
3.870588235e-09,-4.36535457e-05
3.871176471e-09,-4.279334278e-05
3.871764706e-09,-4.115728697e-05
3.872352941e-09,-3.876115081e-05
3.872941176e-09,-3.562651336e-05
3.873529412e-09,-3.178055107e-05
3.874117647e-09,-2.725575947e-05
3.874705882e-09,-2.208960754e-05
3.875294118e-09,-1.632412852e-05
3.875882353e-09,-1.000545107e-05
3.876470588e-09,-3.183277355e-06
3.877058824e-09,4.089685943e-06
3.877647059e-09,1.175833523e-05
3.878235294e-09,1.976580817e-05
3.878823529e-09,2.805414257e-05
3.879411765e-09,3.656494659e-05
3.88e-09,4.524006972e-05
3.880588235e-09,5.402226444e-05
3.881176471e-09,6.285582794e-05
3.881764706e-09,7.168721411e-05
3.882352941e-09,8.046560568e-05
3.882941176e-09,8.914343792e-05
3.883529412e-09,9.767686493e-05
3.884117647e-09,0.0001060261618
3.884705882e-09,0.0001141560555
3.885294118e-09,0.0001220359804
3.885882353e-09,0.0001296402534
3.886470588e-09,0.0001369481669
3.887058824e-09,0.0001439439986
3.887647059e-09,0.000150616938
3.888235294e-09,0.0001569609318
3.888823529e-09,0.0001629744517
3.889411765e-09,0.0001686601873
3.89e-09,0.0001740246737
3.890588235e-09,0.0001790778558
3.891176471e-09,0.000183832602
3.891764706e-09,0.0001883041727
3.892352941e-09,0.0001925096552
3.892941176e-09,0.0001964673742
3.893529412e-09,0.000200196289
3.894117647e-09,0.0002037153875
3.894705882e-09,0.0002070430887
3.895294118e-09,0.0002101966625
3.895882353e-09,0.0002131916796
3.896470588e-09,0.0002160414983
3.897058824e-09,0.0002187567994
3.897647059e-09,0.0002213451761
3.898235294e-09,0.0002238107868
3.898823529e-09,0.0002261540761
3.899411765e-09,0.0002283715701
3.9e-09,0.0002304557478
3.900588235e-09,0.0002323949939
3.901176471e-09,0.0002341736308
3.901764706e-09,0.0002357720321
3.902352941e-09,0.0002371668147
3.902941176e-09,0.0002383311076
3.903529412e-09,0.0002392348918
3.904117647e-09,0.0002398454088
3.904705882e-09,0.0002401276283
3.905294118e-09,0.0002400447705
3.905882353e-09,0.0002395588737
3.906470588e-09,0.0002386313993
3.907058824e-09,0.0002372238636
3.907647059e-09,0.0002352984887
3.908235294e-09,0.0002328188616
3.908823529e-09,0.0002297505908
3.909411765e-09,0.0002260619521
3.91e-09,0.0002217245127
3.910588235e-09,0.0002167137248
3.911176471e-09,0.0002110094788
3.911764706e-09,0.0002045966096
3.912352941e-09,0.0001974653463
3.912941176e-09,0.0001896117001
3.913529412e-09,0.000181037784
3.914117647e-09,0.0001717520584
3.914705882e-09,0.0001617695012
3.915294118e-09,0.000151111696
3.915882353e-09,0.0001398068408
3.916470588e-09,0.0001278896729
3.917058824e-09,0.0001154013132
3.917647059e-09,0.00010238903
3.918235294e-09,8.890592522e-05
3.918823529e-09,7.501054788e-05
3.919411765e-09,6.07664375e-05
3.92e-09,4.624160443e-05
3.920588235e-09,3.150795284e-05
3.921176471e-09,1.664065315e-05
3.921764706e-09,1.71747195e-06
3.922352941e-09,-1.318193317e-05
3.922941176e-09,-2.797674488e-05
3.923529412e-09,-4.25857353e-05
3.924117647e-09,-5.692802379e-05
3.924705882e-09,-7.092383502e-05
3.925294118e-09,-8.449524794e-05
3.925882353e-09,-9.756692767e-05
3.926470588e-09,-0.0001100668313
3.927058824e-09,-0.0001219268806
3.927647059e-09,-0.0001330835925
3.928235294e-09,-0.0001434786631
3.928823529e-09,-0.0001530594958
3.929411765e-09,-0.0001617796705
3.93e-09,-0.0001695993479
3.930588235e-09,-0.0001764856044
3.931176471e-09,-0.0001824126962
3.931764706e-09,-0.0001873622481
3.932352941e-09,-0.0001913233671
3.932941176e-09,-0.0001942926798
3.933529412e-09,-0.0001962742935
3.934117647e-09,-0.0001972796833
3.934705882e-09,-0.0001973275055
3.935294118e-09,-0.0001964433422
3.935882353e-09,-0.0001946593787
3.936470588e-09,-0.00019201402
3.937058824e-09,-0.0001885514498
3.937647059e-09,-0.0001843211376
3.938235294e-09,-0.0001793773018
3.938823529e-09,-0.0001737783329
3.939411765e-09,-0.0001675861853
3.94e-09,-0.0001608657441
3.940588235e-09,-0.0001536841741
3.941176471e-09,-0.0001461102595
3.941764706e-09,-0.0001382137399
3.942352941e-09,-0.0001300646514
3.942941176e-09,-0.0001217326787
3.943529412e-09,-0.0001132865267
3.944117647e-09,-0.0001047933159
3.944705882e-09,-9.631800925e-05
3.945294118e-09,-8.792287529e-05
3.945882353e-09,-7.966699334e-05
3.946470588e-09,-7.160580381e-05
3.947058824e-09,-6.379070874e-05
3.947647059e-09,-5.626872468e-05
3.948235294e-09,-4.908219084e-05
3.948823529e-09,-4.226853367e-05
3.949411765e-09,-3.586008925e-05
3.95e-09,-2.988398319e-05
3.950588235e-09,-2.436206797e-05
3.951176471e-09,-1.931091609e-05
3.951764706e-09,-1.474186777e-05
3.952352941e-09,-1.066113017e-05
3.952941176e-09,-7.069925789e-06
3.953529412e-09,-3.964686182e-06
3.954117647e-09,-1.3372876e-06
3.954705882e-09,8.246760462e-07
3.955294118e-09,2.537586782e-06
3.955882353e-09,3.82146788e-06
3.956470588e-09,4.699625057e-06
3.957058824e-09,5.198268885e-06
3.957647059e-09,5.346122627e-06
3.958235294e-09,5.17402073e-06
3.958823529e-09,4.714501976e-06
3.959411765e-09,4.001402198e-06
3.96e-09,3.069450132e-06
3.960588235e-09,1.953870814e-06
3.961176471e-09,6.899995124e-07
3.961764706e-09,-6.870900195e-07
3.962352941e-09,-2.142940659e-06
3.962941176e-09,-3.644047303e-06
3.963529412e-09,-5.158170913e-06
3.964117647e-09,-6.654628845e-06
3.964705882e-09,-8.10456051e-06
3.965294118e-09,-9.481166674e-06
3.965882353e-09,-1.075992207e-05
3.966470588e-09,-1.191876022e-05
3.967058824e-09,-1.293823066e-05
3.967647059e-09,-1.380162803e-05
3.968235294e-09,-1.449509356e-05
3.968823529e-09,-1.500768892e-05
3.969411765e-09,-1.533144328e-05
3.97e-09,-1.546137379e-05
3.970588235e-09,-1.539548063e-05
3.971176471e-09,-1.513471714e-05
3.971764706e-09,-1.468293628e-05
3.972352941e-09,-1.404681402e-05
3.972941176e-09,-1.323575136e-05
3.973529412e-09,-1.22617554e-05
3.974117647e-09,-1.113930135e-05
3.974705882e-09,-9.885176189e-06
3.975294118e-09,-8.51830581e-06
3.975882353e-09,-7.059566514e-06
3.976470588e-09,-5.531582824e-06
3.977058824e-09,-3.958512604e-06
3.977647059e-09,-2.36582156e-06
3.978235294e-09,-7.800482195e-07
3.978823529e-09,7.714383957e-07
3.979411765e-09,2.260687211e-06
3.98e-09,3.659417336e-06
3.980588235e-09,4.939272825e-06
3.981176471e-09,6.072077551e-06
3.981764706e-09,7.030088896e-06
3.982352941e-09,7.786247815e-06
3.982941176e-09,8.314423977e-06
3.983529412e-09,8.589653591e-06
3.984117647e-09,8.588368676e-06
3.984705882e-09,8.288615511e-06
3.985294118e-09,7.670261155e-06
3.985882353e-09,6.71518595e-06
3.986470588e-09,5.407461125e-06
3.987058824e-09,3.733509657e-06
3.987647059e-09,1.682249771e-06
3.988235294e-09,-7.547804426e-07
3.988823529e-09,-3.583317601e-06
3.989411765e-09,-6.806287976e-06
3.99e-09,-1.042374277e-05
3.990588235e-09,-1.443281453e-05
3.991176471e-09,-1.882769441e-05
3.991764706e-09,-2.359963052e-05
3.992352941e-09,-2.873694703e-05
3.992941176e-09,-3.422508374e-05
3.993529412e-09,-4.004665553e-05
3.994117647e-09,-4.618153129e-05
3.994705882e-09,-5.260693128e-05
3.995294118e-09,-5.929754244e-05
3.995882353e-09,-6.622565046e-05
3.996470588e-09,-7.336128793e-05
3.997058824e-09,-8.067239726e-05
3.997647059e-09,-8.812500768e-05
3.998235294e-09,-9.568342485e-05
3.998823529e-09,-0.0001033104324
3.999411765e-09,-0.0001109675042
4e-09,-0.000118615026
4.000588235e-09,-0.0001262125258
4.001176471e-09,-0.0001337189118
4.001764706e-09,-0.0001410927168
4.002352941e-09,-0.0001482923477
4.002941176e-09,-0.0001552763398
4.003529412e-09,-0.0001620036144
4.004117647e-09,-0.0001684337382
4.004705882e-09,-0.000174527184
4.005294118e-09,-0.0001802455918
4.005882353e-09,-0.0001855520282
4.006470588e-09,-0.0001904112432
4.007058824e-09,-0.0001947899232
4.007647059e-09,-0.0001986569393
4.008235294e-09,-0.0002019835877
4.008823529e-09,-0.000204743822
4.009411765e-09,-0.0002069144765
4.01e-09,-0.0002084754751
4.010588235e-09,-0.0002094100293
4.011176471e-09,-0.0002097048178
4.011764706e-09,-0.0002093501505
4.012352941e-09,-0.0002083401111
4.012941176e-09,-0.0002066726796
4.013529412e-09,-0.0002043498296
4.014117647e-09,-0.0002013776011
4.014705882e-09,-0.0001977661452
4.015294118e-09,-0.0001935297404
4.015882353e-09,-0.0001886867777
4.016470588e-09,-0.0001832597141
4.017058824e-09,-0.0001772749933
4.017647059e-09,-0.0001707629324
4.018235294e-09,-0.0001637575746
4.018823529e-09,-0.0001562965081
4.019411765e-09,-0.0001484206504
4.02e-09,-0.0001401740002
4.020588235e-09,-0.0001316033568
4.021176471e-09,-0.0001227580091
4.021764706e-09,-0.0001136893964
4.022352941e-09,-0.0001044507432
4.022941176e-09,-9.509667037e-05
4.023529412e-09,-8.568278745e-05
4.024117647e-09,-7.626526762e-05
4.024705882e-09,-6.690041131e-05
4.025294118e-09,-5.76442012e-05
4.025882353e-09,-4.855185413e-05
4.026470588e-09,-3.967737379e-05
4.027058824e-09,-3.107310964e-05
4.027647059e-09,-2.278932625e-05
4.028235294e-09,-1.487378845e-05
4.028823529e-09,-7.371366396e-06
4.029411765e-09,-3.236657142e-07
4.03e-09,6.23131371e-06
4.030588235e-09,1.225948562e-05
4.031176471e-09,1.773094896e-05
4.031764706e-09,2.26202195e-05
4.032352941e-09,2.690641917e-05
4.032941176e-09,3.057342074e-05
4.033529412e-09,3.360994647e-05
4.034117647e-09,3.600961945e-05
4.034705882e-09,3.777096768e-05
4.035294118e-09,3.889738069e-05
4.035882353e-09,3.939701994e-05
4.036470588e-09,3.928268417e-05
4.037058824e-09,3.857163199e-05
4.037647059e-09,3.728536398e-05
4.038235294e-09,3.544936781e-05
4.038823529e-09,3.309282931e-05
4.039411765e-09,3.024831406e-05
4.04e-09,2.695142306e-05
4.040588235e-09,2.324042756e-05
4.041176471e-09,1.915588719e-05
4.041764706e-09,1.474025661e-05
4.042352941e-09,1.003748502e-05
4.042941176e-09,5.09261383e-06
4.043529412e-09,-4.862353155e-08
4.044117647e-09,-5.340194465e-06
4.044705882e-09,-1.073614917e-05
4.045294118e-09,-1.619098722e-05
4.045882353e-09,-2.166000566e-05
4.046470588e-09,-2.709962492e-05
4.047058824e-09,-3.246769036e-05
4.047647059e-09,-3.772374645e-05
4.048235294e-09,-4.282928241e-05
4.048823529e-09,-4.774794725e-05
4.049411765e-09,-5.244573398e-05
4.05e-09,-5.689113179e-05
4.050588235e-09,-6.105524705e-05
4.051176471e-09,-6.49118927e-05
4.051764706e-09,-6.843764765e-05
4.052352941e-09,-7.161188677e-05
4.052941176e-09,-7.44167835e-05
4.053529412e-09,-7.683728646e-05
4.054117647e-09,-7.886107268e-05
4.054705882e-09,-8.047847905e-05
4.055294118e-09,-8.168241515e-05
4.055882353e-09,-8.246825934e-05
4.056470588e-09,-8.283374128e-05
4.057058824e-09,-8.277881302e-05
4.057647059e-09,-8.230551165e-05
4.058235294e-09,-8.141781576e-05
4.058823529e-09,-8.01214984e-05
4.059411765e-09,-7.84239786e-05
4.06e-09,-7.633417389e-05
4.060588235e-09,-7.386235548e-05
4.061176471e-09,-7.10200083e-05
4.061764706e-09,-6.781969693e-05
4.062352941e-09,-6.42749394e-05
4.062941176e-09,-6.040008931e-05
4.063529412e-09,-5.62102278e-05
4.064117647e-09,-5.172106541e-05
4.064705882e-09,-4.694885487e-05
4.065294118e-09,-4.191031438e-05
4.065882353e-09,-3.662256202e-05
4.066470588e-09,-3.110306049e-05
4.067058824e-09,-2.536957236e-05
4.067647059e-09,-1.944012471e-05
4.068235294e-09,-1.333298308e-05
4.068823529e-09,-7.066633255e-06
4.069411765e-09,-6.597705961e-07
4.07e-09,5.868704736e-06
4.070588235e-09,1.249968716e-05
4.071176471e-09,1.921386136e-05
4.071764706e-09,2.599169495e-05
4.072352941e-09,3.281342979e-05
4.072941176e-09,3.965907265e-05
4.073529412e-09,4.650838692e-05
4.074117647e-09,5.334088594e-05
4.074705882e-09,6.013582957e-05
4.075294118e-09,6.687222446e-05
4.075882353e-09,7.352882952e-05
4.076470588e-09,8.008416688e-05
4.077058824e-09,8.651653954e-05
4.077647059e-09,9.280405599e-05
4.078235294e-09,9.892466264e-05
4.078823529e-09,0.000104856184
4.079411765e-09,0.0001105763715
4.08e-09,0.0001160629605
4.080588235e-09,0.0001212937357
4.081176471e-09,0.0001262466051
4.081764706e-09,0.0001308996818
4.082352941e-09,0.0001352313734
4.082941176e-09,0.0001392204792
4.083529412e-09,0.0001428462927
4.084117647e-09,0.0001460887115
4.084705882e-09,0.0001489283504
4.085294118e-09,0.0001513466601
4.085882353e-09,0.000153326048
4.086470588e-09,0.0001548500013
4.087058824e-09,0.0001559032103
4.087647059e-09,0.0001564716921
4.088235294e-09,0.000156542912
4.088823529e-09,0.0001561059022
4.089411765e-09,0.0001551513762
4.09e-09,0.0001536718377
4.090588235e-09,0.0001516616833
4.091176471e-09,0.0001491172968
4.091764706e-09,0.0001460371347
4.092352941e-09,0.000142421802
4.092941176e-09,0.0001382741165
4.093529412e-09,0.0001335991616
4.094117647e-09,0.0001284043261
4.094705882e-09,0.0001226993316
4.095294118e-09,0.0001164962444
4.095882353e-09,0.0001098094749
4.096470588e-09,0.0001026557615
4.097058824e-09,9.505413965e-05
4.097647059e-09,8.702589698e-05
4.098235294e-09,7.859451313e-05
4.098823529e-09,6.97855855e-05
4.099411765e-09,6.062674107e-05
4.1e-09,5.114753456e-05
4.100588235e-09,4.137933379e-05
4.101176471e-09,3.135519269e-05
4.101764706e-09,2.110971296e-05
4.102352941e-09,1.067889496e-05
4.102941176e-09,9.997905504e-08
4.103529412e-09,-1.058872194e-05
4.104117647e-09,-2.134799786e-05
4.104705882e-09,-3.213792319e-05
4.105294118e-09,-4.291804448e-05
4.105882353e-09,-5.364757241e-05
4.106470588e-09,-6.428557724e-05
4.107058824e-09,-7.479118669e-05
4.107647059e-09,-8.512378492e-05
4.108235294e-09,-9.5243212e-05
4.108823529e-09,-0.0001051099621
4.109411765e-09,-0.0001146853804
4.11e-09,-0.0001239318563
4.110588235e-09,-0.0001328130132
4.111176471e-09,-0.0001412938933
4.111764706e-09,-0.0001493411367
4.112352941e-09,-0.0001569231526
4.112941176e-09,-0.0001640102842
4.113529412e-09,-0.0001705749635
4.114117647e-09,-0.0001765918575
4.114705882e-09,-0.0001820380028
4.115294118e-09,-0.0001868929296
4.115882353e-09,-0.0001911387729
4.116470588e-09,-0.0001947603705
4.117058824e-09,-0.0001977453473
4.117647059e-09,-0.0002000841849
4.118235294e-09,-0.0002017702751
4.118823529e-09,-0.0002027999583
4.119411765e-09,-0.0002031725445
4.12e-09,-0.0002028903171
4.120588235e-09,-0.0002019585199
4.121176471e-09,-0.0002003853251
4.121764706e-09,-0.0001981817847
4.122352941e-09,-0.0001953617623
4.122941176e-09,-0.0001919418481
4.123529412e-09,-0.0001879412561
4.124117647e-09,-0.0001833817034
4.124705882e-09,-0.0001782872737
4.125294118e-09,-0.0001726842643
4.125882353e-09,-0.0001666010187
4.126470588e-09,-0.0001600677448
4.127058824e-09,-0.0001531163212
4.127647059e-09,-0.0001457800917
4.128235294e-09,-0.000138093651
4.128823529e-09,-0.0001300926216
4.129411765e-09,-0.0001218134255
4.13e-09,-0.0001132930512
4.130588235e-09,-0.0001045688188
4.131176471e-09,-9.567814438e-05
4.131764706e-09,-8.665830731e-05
4.132352941e-09,-7.754622011e-05
4.132941176e-09,-6.837820519e-05
4.133529412e-09,-5.918977898e-05
4.134117647e-09,-5.001544594e-05
4.134705882e-09,-4.088850392e-05
4.135294118e-09,-3.184086287e-05
4.135882353e-09,-2.290287783e-05
4.136470588e-09,-1.410319827e-05
4.137058824e-09,-5.468634117e-06
4.137647059e-09,2.975959789e-06
4.138235294e-09,1.120778081e-05
4.138823529e-09,1.920615599e-05
4.139411765e-09,2.695260019e-05
4.14e-09,3.443085426e-05
4.140588235e-09,4.16269038e-05
4.141176471e-09,4.852897845e-05
4.141764706e-09,5.512753269e-05
4.142352941e-09,6.141520835e-05
4.142941176e-09,6.738678027e-05
4.143529412e-09,7.303908566e-05
4.144117647e-09,7.837093883e-05
4.144705882e-09,8.338303227e-05
4.145294118e-09,8.807782578e-05
4.145882353e-09,9.245942495e-05
4.146470588e-09,9.653345086e-05
4.147058824e-09,0.0001003069023
4.147647059e-09,0.0001037880124
4.148235294e-09,0.0001069861016
4.148823529e-09,0.0001099114279
4.149411765e-09,0.0001125750366
4.15e-09,0.0001149886106
4.150588235e-09,0.0001171643242
4.151176471e-09,0.0001191146989
4.151764706e-09,0.0001208524661
4.152352941e-09,0.0001223904347
4.152941176e-09,0.0001237413671
4.153529412e-09,0.0001249178635
4.154117647e-09,0.0001259322548
4.154705882e-09,0.000126796506
4.155294118e-09,0.0001275221305
4.155882353e-09,0.0001281201145
4.156470588e-09,0.0001286008534
4.157058824e-09,0.0001289740996
4.157647059e-09,0.0001292489214
4.158235294e-09,0.0001294336736
4.158823529e-09,0.0001295359795
4.159411765e-09,0.0001295627234
4.16e-09,0.0001295200532
4.160588235e-09,0.0001294133942
4.161176471e-09,0.0001292474703
4.161764706e-09,0.0001290263353
4.162352941e-09,0.0001287534107
4.162941176e-09,0.0001284315316
4.163529412e-09,0.000128062997
4.164117647e-09,0.0001276496266
4.164705882e-09,0.0001271928204
4.165294118e-09,0.0001266936224
4.165882353e-09,0.0001261527848
4.166470588e-09,0.000125570835
4.167058824e-09,0.0001249481405
4.167647059e-09,0.0001242849746
4.168235294e-09,0.000123581579
4.168823529e-09,0.0001228382236
4.169411765e-09,0.0001220552628
4.17e-09,0.0001212331874
4.170588235e-09,0.0001203726705
4.171176471e-09,0.0001194746083
4.171764706e-09,0.0001185401539
4.172352941e-09,0.0001175707445
4.172941176e-09,0.0001165681207
4.173529412e-09,0.0001155343392
4.174117647e-09,0.0001144717771
4.174705882e-09,0.0001133831288
4.175294118e-09,0.0001122713952
4.175882353e-09,0.0001111398654
4.176470588e-09,0.0001099920918
4.177058824e-09,0.0001088318582
4.177647059e-09,0.0001076631416
4.178235294e-09,0.0001064900693
4.178823529e-09,0.0001053168704
4.179411765e-09,0.0001041478243
4.18e-09,0.0001029872058
4.180588235e-09,0.0001018392277
4.181176471e-09,0.0001007079837
4.181764706e-09,9.959738993e-05
4.182352941e-09,9.851112815e-05
4.182941176e-09,9.745259125e-05
4.183529412e-09,9.64248314e-05
4.184117647e-09,9.543051251e-05
4.184705882e-09,9.447186762e-05
4.185294118e-09,9.355066216e-05
4.185882353e-09,9.26681637e-05
4.186470588e-09,9.182511906e-05
4.187058824e-09,9.102173904e-05
4.187647059e-09,9.025769136e-05
4.188235294e-09,8.953210201e-05
4.188823529e-09,8.884356507e-05
4.189411765e-09,8.819016104e-05
4.19e-09,8.756948346e-05
4.190588235e-09,8.697867344e-05
4.191176471e-09,8.641446175e-05
4.191764706e-09,8.587321763e-05
4.192352941e-09,8.535100389e-05
4.192941176e-09,8.484363709e-05
4.193529412e-09,8.434675225e-05
4.194117647e-09,8.385587062e-05
4.194705882e-09,8.336646986e-05
4.195294118e-09,8.287405514e-05
4.195882353e-09,8.237423031e-05
4.196470588e-09,8.186276768e-05
4.197058824e-09,8.133567566e-05
4.197647059e-09,8.078926277e-05
4.198235294e-09,8.022019744e-05
4.198823529e-09,7.962556223e-05
4.199411765e-09,7.900290202e-05
4.2e-09,7.83502651e-05
4.200588235e-09,7.76662369e-05
4.201176471e-09,7.694996556e-05
4.201764706e-09,7.620117927e-05
4.202352941e-09,7.542019494e-05
4.202941176e-09,7.460791845e-05
4.203529412e-09,7.376583623e-05
4.204117647e-09,7.289599866e-05
4.204705882e-09,7.200099549e-05
4.205294118e-09,7.108392378e-05
4.205882353e-09,7.014834895e-05
4.206470588e-09,6.91982596e-05
4.207058824e-09,6.823801673e-05
4.207647059e-09,6.727229844e-05
4.208235294e-09,6.630604054e-05
4.208823529e-09,6.534437446e-05
4.209411765e-09,6.439256279e-05
4.21e-09,6.3455934e-05
4.210588235e-09,6.253981653e-05
4.211176471e-09,6.164947378e-05
4.211764706e-09,6.079004027e-05
4.212352941e-09,5.996646025e-05
4.212941176e-09,5.918342892e-05
4.213529412e-09,5.844533762e-05
4.214117647e-09,5.775622282e-05
4.214705882e-09,5.711972015e-05
4.215294118e-09,5.653902329e-05
4.215882353e-09,5.601684862e-05
4.216470588e-09,5.555540543e-05
4.217058824e-09,5.51563724e-05
4.217647059e-09,5.482087994e-05
4.218235294e-09,5.4549499e-05
4.218823529e-09,5.434223589e-05
4.219411765e-09,5.419853331e-05
4.22e-09,5.41172773e-05
4.220588235e-09,5.409681009e-05
4.221176471e-09,5.413494829e-05
4.221764706e-09,5.422900657e-05
4.222352941e-09,5.437582592e-05
4.222941176e-09,5.457180672e-05
4.223529412e-09,5.481294561e-05
4.224117647e-09,5.509487624e-05
4.224705882e-09,5.541291287e-05
4.225294118e-09,5.57620969e-05
4.225882353e-09,5.613724526e-05
4.226470588e-09,5.653300057e-05
4.227058824e-09,5.694388213e-05
4.227647059e-09,5.736433762e-05
4.228235294e-09,5.77887945e-05
4.228823529e-09,5.821171102e-05
4.229411765e-09,5.862762588e-05
4.23e-09,5.90312065e-05
4.230588235e-09,5.941729487e-05
4.231176471e-09,5.978095113e-05
4.231764706e-09,6.011749384e-05
4.232352941e-09,6.042253715e-05
4.232941176e-09,6.069202396e-05
4.233529412e-09,6.092225536e-05
4.234117647e-09,6.110991553e-05
4.234705882e-09,6.125209246e-05
4.235294118e-09,6.134629387e-05
4.235882353e-09,6.139045877e-05
4.236470588e-09,6.138296418e-05
4.237058824e-09,6.132262741e-05
4.237647059e-09,6.120870384e-05
4.238235294e-09,6.104088048e-05
4.238823529e-09,6.081926542e-05
4.239411765e-09,6.054437363e-05
4.24e-09,6.02171092e-05
4.240588235e-09,5.983874462e-05
4.241176471e-09,5.941089725e-05
4.241764706e-09,5.893550374e-05
4.242352941e-09,5.841479243e-05
4.242941176e-09,5.785125451e-05
4.243529412e-09,5.724761421e-05
4.244117647e-09,5.660679857e-05
4.244705882e-09,5.593190707e-05
4.245294118e-09,5.522618178e-05
4.245882353e-09,5.449297804e-05
4.246470588e-09,5.373573645e-05
4.247058824e-09,5.295795598e-05
4.247647059e-09,5.216316898e-05
4.248235294e-09,5.135491772e-05
4.248823529e-09,5.053673318e-05
4.249411765e-09,4.971211568e-05
4.25e-09,4.888451776e-05
4.250588235e-09,4.8057329e-05
4.251176471e-09,4.723386304e-05
4.251764706e-09,4.641734625e-05
4.252352941e-09,4.561090845e-05
4.252941176e-09,4.481757481e-05
4.253529412e-09,4.404025944e-05
4.254117647e-09,4.328175974e-05
4.254705882e-09,4.25447518e-05
4.255294118e-09,4.183178612e-05
4.255882353e-09,4.114528384e-05
4.256470588e-09,4.048753277e-05
4.257058824e-09,3.986068341e-05
4.257647059e-09,3.926674433e-05
4.258235294e-09,3.870757721e-05
4.258823529e-09,3.818489094e-05
4.259411765e-09,3.770023511e-05
4.26e-09,3.725499251e-05
4.260588235e-09,3.685037099e-05
4.261176471e-09,3.648739444e-05
4.261764706e-09,3.616689337e-05
4.262352941e-09,3.588949491e-05
4.262941176e-09,3.565561283e-05
4.263529412e-09,3.546543758e-05
4.264117647e-09,3.531892687e-05
4.264705882e-09,3.521579698e-05
4.265294118e-09,3.515551534e-05
4.265882353e-09,3.51372946e-05
4.266470588e-09,3.516008871e-05
4.267058824e-09,3.522259126e-05
4.267647059e-09,3.532323658e-05
4.268235294e-09,3.546020364e-05
4.268823529e-09,3.563142337e-05
4.269411765e-09,3.583458927e-05
4.27e-09,3.606717168e-05
4.270588235e-09,3.632643558e-05
4.271176471e-09,3.660946213e-05
4.271764706e-09,3.691317356e-05
4.272352941e-09,3.723436149e-05
4.272941176e-09,3.756971817e-05
4.273529412e-09,3.791587052e-05
4.274117647e-09,3.826941616e-05
4.274705882e-09,3.86269614e-05
4.275294118e-09,3.898516006e-05
4.275882353e-09,3.934075298e-05
4.276470588e-09,3.969060717e-05
4.277058824e-09,4.003175411e-05
4.277647059e-09,4.036142634e-05
4.278235294e-09,4.067709183e-05
4.278823529e-09,4.097648514e-05
4.279411765e-09,4.125763509e-05
4.28e-09,4.151888789e-05
4.280588235e-09,4.175892576e-05
4.281176471e-09,4.197678e-05
4.281764706e-09,4.217183869e-05
4.282352941e-09,4.234384837e-05
4.282941176e-09,4.249290986e-05
4.283529412e-09,4.261946797e-05
4.284117647e-09,4.272429544e-05
4.284705882e-09,4.28084711e-05
4.285294118e-09,4.287335284e-05
4.285882353e-09,4.292054549e-05
4.286470588e-09,4.29518647e-05
4.287058824e-09,4.29692968e-05
4.287647059e-09,4.297495599e-05
4.288235294e-09,4.297103916e-05
4.288823529e-09,4.295977956e-05
4.289411765e-09,4.294339974e-05
4.29e-09,4.292406522e-05
4.290588235e-09,4.290383904e-05
4.291176471e-09,4.288463875e-05
4.291764706e-09,4.286819602e-05
4.292352941e-09,4.285602008e-05
4.292941176e-09,4.284936524e-05
4.293529412e-09,4.284920353e-05
4.294117647e-09,4.285620241e-05
4.294705882e-09,4.287070846e-05
4.295294118e-09,4.289273686e-05
4.295882353e-09,4.292196711e-05
4.296470588e-09,4.295774484e-05
4.297058824e-09,4.299908983e-05
4.297647059e-09,4.304470974e-05
4.298235294e-09,4.30930196e-05
4.298823529e-09,4.314216637e-05
4.299411765e-09,4.319005836e-05
4.3e-09,4.323439863e-05
4.300588235e-09,4.327272213e-05
4.301176471e-09,4.330243557e-05
4.301764706e-09,4.33208596e-05
4.302352941e-09,4.332527228e-05
4.302941176e-09,4.331295351e-05
4.303529412e-09,4.328122922e-05
4.304117647e-09,4.322751511e-05
4.304705882e-09,4.314935876e-05
4.305294118e-09,4.304448001e-05
4.305882353e-09,4.291080854e-05
4.306470588e-09,4.274651855e-05
4.307058824e-09,4.255005968e-05
4.307647059e-09,4.232018421e-05
4.308235294e-09,4.205596979e-05
4.308823529e-09,4.175683792e-05
4.309411765e-09,4.142256756e-05
4.31e-09,4.105330413e-05
4.310588235e-09,4.06495637e-05
4.311176471e-09,4.021223249e-05
4.311764706e-09,3.97425617e-05
4.312352941e-09,3.924215802e-05
4.312941176e-09,3.871296977e-05
4.313529412e-09,3.815726924e-05
4.314117647e-09,3.757763121e-05
4.314705882e-09,3.697690833e-05
4.315294118e-09,3.635820339e-05
4.315882353e-09,3.57248391e-05
4.316470588e-09,3.508032566e-05
4.317058824e-09,3.442832656e-05
4.317647059e-09,3.377262298e-05
4.318235294e-09,3.311707727e-05
4.318823529e-09,3.246559577e-05
4.319411765e-09,3.182209154e-05
4.32e-09,3.119044721e-05
4.320588235e-09,3.057447842e-05
4.321176471e-09,2.997789807e-05
4.321764706e-09,2.940428198e-05
4.322352941e-09,2.885703578e-05
4.322941176e-09,2.833936394e-05
4.323529412e-09,2.785424057e-05
4.324117647e-09,2.740438274e-05
4.324705882e-09,2.699222625e-05
4.325294118e-09,2.661990416e-05
4.325882353e-09,2.628922814e-05
4.326470588e-09,2.600167308e-05
4.327058824e-09,2.575836461e-05
4.327647059e-09,2.55600702e-05
4.328235294e-09,2.540719338e-05
4.328823529e-09,2.529977159e-05
4.329411765e-09,2.523747731e-05
4.33e-09,2.521962281e-05
4.330588235e-09,2.52451682e-05
4.331176471e-09,2.531273291e-05
4.331764706e-09,2.542061043e-05
4.332352941e-09,2.556678627e-05
4.332941176e-09,2.574895881e-05
4.333529412e-09,2.596456312e-05
4.334117647e-09,2.621079724e-05
4.334705882e-09,2.6484651e-05
4.335294118e-09,2.678293671e-05
4.335882353e-09,2.71023218e-05
4.336470588e-09,2.743936278e-05
4.337058824e-09,2.779054033e-05
4.337647059e-09,2.815229501e-05
4.338235294e-09,2.852106333e-05
4.338823529e-09,2.889331357e-05
4.339411765e-09,2.926558123e-05
4.34e-09,2.963450324e-05
4.340588235e-09,2.9996851e-05
4.341176471e-09,3.034956145e-05
4.341764706e-09,3.068976604e-05
4.342352941e-09,3.1014817e-05
4.342941176e-09,3.132231084e-05
4.343529412e-09,3.16101085e-05
4.344117647e-09,3.187635213e-05
4.344705882e-09,3.21194781e-05
4.345294118e-09,3.233822628e-05
4.345882353e-09,3.253164523e-05
4.346470588e-09,3.26990936e-05
4.347058824e-09,3.284023739e-05
4.347647059e-09,3.295504354e-05
4.348235294e-09,3.304376955e-05
4.348823529e-09,3.310694985e-05
4.349411765e-09,3.314537865e-05
4.35e-09,3.316009007e-05
4.350588235e-09,3.315233551e-05
4.351176471e-09,3.312355888e-05
4.351764706e-09,3.307537007e-05
4.352352941e-09,3.30095171e-05
4.352941176e-09,3.292785735e-05
4.353529412e-09,3.283232851e-05
4.354117647e-09,3.272491951e-05
4.354705882e-09,3.26076421e-05
4.355294118e-09,3.248250325e-05
4.355882353e-09,3.235147917e-05
4.356470588e-09,3.221649082e-05
4.357058824e-09,3.207938179e-05
4.357647059e-09,3.194189829e-05
4.358235294e-09,3.180567204e-05
4.358823529e-09,3.167220568e-05
4.359411765e-09,3.154286138e-05
4.36e-09,3.141885222e-05
4.360588235e-09,3.130123677e-05
4.361176471e-09,3.119091649e-05
4.361764706e-09,3.108863625e-05
4.362352941e-09,3.099498739e-05
4.362941176e-09,3.091041361e-05
4.363529412e-09,3.083521906e-05
4.364117647e-09,3.076957881e-05
4.364705882e-09,3.071355105e-05
4.365294118e-09,3.066709112e-05
4.365882353e-09,3.063006675e-05
4.366470588e-09,3.060227452e-05
4.367058824e-09,3.058345699e-05
4.367647059e-09,3.057332045e-05
4.368235294e-09,3.057155284e-05
4.368823529e-09,3.057784173e-05
4.369411765e-09,3.059189193e-05
4.37e-09,3.061344278e-05
4.370588235e-09,3.064228455e-05
4.371176471e-09,3.067827414e-05
4.371764706e-09,3.072134965e-05
4.372352941e-09,3.077154378e-05
4.372941176e-09,3.082899585e-05
4.373529412e-09,3.089396253e-05
4.374117647e-09,3.096682685e-05
4.374705882e-09,3.104810575e-05
4.375294118e-09,3.113845579e-05
4.375882353e-09,3.123867733e-05
4.376470588e-09,3.134971661e-05
4.377058824e-09,3.147266631e-05
4.377647059e-09,3.160876396e-05
4.378235294e-09,3.175938871e-05
4.378823529e-09,3.192605593e-05
4.379411765e-09,3.21104102e-05
4.38e-09,3.231421613e-05
4.380588235e-09,3.253934754e-05
4.381176471e-09,3.27877746e-05
4.381764706e-09,3.306154945e-05
4.382352941e-09,3.336278981e-05
4.382941176e-09,3.36936613e-05
4.383529412e-09,3.405635797e-05
4.384117647e-09,3.445308175e-05
4.384705882e-09,3.488602044e-05
4.385294118e-09,3.535732492e-05
4.385882353e-09,3.586908534e-05
4.386470588e-09,3.642330694e-05
4.387058824e-09,3.702188531e-05
4.387647059e-09,3.766658179e-05
4.388235294e-09,3.835899892e-05
4.388823529e-09,3.910055652e-05
4.389411765e-09,3.989246843e-05
4.39e-09,4.073572056e-05
4.390588235e-09,4.163105013e-05
4.391176471e-09,4.257892683e-05
4.391764706e-09,4.357953576e-05
4.392352941e-09,4.46327629e-05
4.392941176e-09,4.573818278e-05
4.393529412e-09,4.689504919e-05
4.394117647e-09,4.810228853e-05
4.394705882e-09,4.935849651e-05
4.395294118e-09,5.066193777e-05
4.395882353e-09,5.201054899e-05
4.396470588e-09,5.340194514e-05
4.397058824e-09,5.48334291e-05
4.397647059e-09,5.630200442e-05
4.398235294e-09,5.780439127e-05
4.398823529e-09,5.933704523e-05
4.399411765e-09,6.089617899e-05
4.4e-09,6.247778643e-05
4.400588235e-09,6.407766905e-05
4.401176471e-09,6.569146429e-05
4.401764706e-09,6.731467559e-05
4.402352941e-09,6.894270349e-05
4.402941176e-09,7.057087798e-05
4.403529412e-09,7.219449101e-05
4.404117647e-09,7.380882949e-05
4.404705882e-09,7.54092078e-05
4.405294118e-09,7.699099989e-05
4.405882353e-09,7.854967034e-05
4.406470588e-09,8.008080422e-05
4.407058824e-09,8.15801353e-05
4.407647059e-09,8.304357247e-05
4.408235294e-09,8.446722403e-05
4.408823529e-09,8.584741977e-05
4.409411765e-09,8.718073044e-05
4.41e-09,8.846398488e-05
4.410588235e-09,8.969428429e-05
4.411176471e-09,9.0869014e-05
4.411764706e-09,9.198585244e-05
4.412352941e-09,9.304277764e-05
4.412941176e-09,9.403807105e-05
4.413529412e-09,9.497031913e-05
4.414117647e-09,9.58384125e-05
4.414705882e-09,9.66415432e-05
4.415294118e-09,9.737919987e-05
4.415882353e-09,9.805116145e-05
4.416470588e-09,9.865748925e-05
4.417058824e-09,9.919851785e-05
4.417647059e-09,9.967484496e-05
4.418235294e-09,0.0001000873205
4.418823529e-09,0.0001004370347
4.419411765e-09,0.0001007253066
4.42e-09,0.0001009536708
4.420588235e-09,0.0001011238657
4.421176471e-09,0.0001012378202
4.421764706e-09,0.000101297641
4.422352941e-09,0.0001013056003
4.422941176e-09,0.0001012641225
4.423529412e-09,0.000101175772
4.424117647e-09,0.0001010432402
4.424705882e-09,0.0001008693326
4.425294118e-09,0.0001006569562
4.425882353e-09,0.0001004091062
4.426470588e-09,0.0001001288525
4.427058824e-09,9.981932569e-05
4.427647059e-09,9.948370329e-05
4.428235294e-09,9.912519442e-05
4.428823529e-09,9.874702467e-05
4.429411765e-09,9.83524201e-05
4.43e-09,9.794459069e-05
4.430588235e-09,9.752671314e-05
4.431176471e-09,9.710191331e-05
4.431764706e-09,9.6673248e-05
4.432352941e-09,9.624368668e-05
4.432941176e-09,9.581609268e-05
4.433529412e-09,9.539320473e-05
4.434117647e-09,9.497761832e-05
4.434705882e-09,9.457176766e-05
4.435294118e-09,9.417790803e-05
4.435882353e-09,9.379809911e-05
4.436470588e-09,9.343418904e-05
4.437058824e-09,9.308780004e-05
4.437647059e-09,9.276031509e-05
4.438235294e-09,9.245286647e-05
4.438823529e-09,9.216632587e-05
4.439411765e-09,9.190129643e-05
4.44e-09,9.165810668e-05
4.440588235e-09,9.143680649e-05
4.441176471e-09,9.123716497e-05
4.441764706e-09,9.105867039e-05
4.442352941e-09,9.090053185e-05
4.442941176e-09,9.076168289e-05
4.443529412e-09,9.064078648e-05
4.444117647e-09,9.053624167e-05
4.444705882e-09,9.044619129e-05
4.445294118e-09,9.03685308e-05
4.445882353e-09,9.030091779e-05
4.446470588e-09,9.024078214e-05
4.447058824e-09,9.018533646e-05
4.447647059e-09,9.013158668e-05
4.448235294e-09,9.007634253e-05
4.448823529e-09,9.001622794e-05
4.449411765e-09,8.994769099e-05
4.45e-09,8.986701361e-05
4.450588235e-09,8.977032078e-05
4.451176471e-09,8.965358948e-05
4.451764706e-09,8.951265728e-05
4.452352941e-09,8.934323085e-05
4.452941176e-09,8.914089448e-05
4.453529412e-09,8.890111893e-05
4.454117647e-09,8.861927076e-05
4.454705882e-09,8.82906225e-05
4.455294118e-09,8.791036397e-05
4.455882353e-09,8.747361502e-05
4.456470588e-09,8.697543998e-05
4.457058824e-09,8.641086423e-05
4.457647059e-09,8.577489292e-05
4.458235294e-09,8.506253223e-05
4.458823529e-09,8.426881322e-05
4.459411765e-09,8.338881836e-05
4.46e-09,8.241771069e-05
4.460588235e-09,8.135076552e-05
4.461176471e-09,8.018340445e-05
4.461764706e-09,7.891123138e-05
4.462352941e-09,7.753007008e-05
4.462941176e-09,7.603600276e-05
4.463529412e-09,7.442540898e-05
4.464117647e-09,7.269500427e-05
4.464705882e-09,7.084187734e-05
4.465294118e-09,6.886352533e-05
4.465882353e-09,6.675788582e-05
4.466470588e-09,6.452336476e-05
4.467058824e-09,6.215885918e-05
4.467647059e-09,5.96637738e-05
4.468235294e-09,5.703803028e-05
4.468823529e-09,5.428206854e-05
4.469411765e-09,5.139683892e-05
4.47e-09,4.83837848e-05
4.470588235e-09,4.524481479e-05
4.471176471e-09,4.198226443e-05
4.471764706e-09,3.859884675e-05
4.472352941e-09,3.509759227e-05
4.472941176e-09,3.148177813e-05
4.473529412e-09,2.775484738e-05
4.474117647e-09,2.39203189e-05
4.474705882e-09,1.998168923e-05
4.475294118e-09,1.594232753e-05
4.475882353e-09,1.18053656e-05
4.476470588e-09,7.573584403e-06
4.477058824e-09,3.24929984e-06
4.477647059e-09,-1.165750332e-06
4.478235294e-09,-5.670515492e-06
4.478823529e-09,-1.026473458e-05
4.479411765e-09,-1.494902886e-05
4.48e-09,-1.972498234e-05
4.480588235e-09,-2.459520668e-05
4.481176471e-09,-2.956338804e-05
4.481764706e-09,-3.463431267e-05
4.482352941e-09,-3.981386927e-05
4.482941176e-09,-4.510902516e-05
4.483529412e-09,-5.052777481e-05
4.484117647e-09,-5.607905878e-05
4.484705882e-09,-6.177265206e-05
4.485294118e-09,-6.761902107e-05
4.485882353e-09,-7.362914922e-05
4.486470588e-09,-7.981433155e-05
4.487058824e-09,-8.618593957e-05
4.487647059e-09,-9.275515791e-05
4.488235294e-09,-9.953269558e-05
4.488823529e-09,-0.0001065284745
4.489411765e-09,-0.0001137512996
4.49e-09,-0.0001212085143
4.490588235e-09,-0.000128905647
4.491176471e-09,-0.0001368460535
4.491764706e-09,-0.0001450305625
4.492352941e-09,-0.0001534571284
4.492941176e-09,-0.0001621205013
4.493529412e-09,-0.0001710119179
4.494117647e-09,-0.0001801188222
4.494705882e-09,-0.0001894246234
4.495294118e-09,-0.0001989084951
4.495882353e-09,-0.0002085452259
4.496470588e-09,-0.0002183051243
4.497058824e-09,-0.0002281539854
4.497647059e-09,-0.0002380531227
4.498235294e-09,-0.0002479594706
4.498823529e-09,-0.0002578257586
4.499411765e-09,-0.0002676007605
4.5e-09,-0.0002772296195
4.500588235e-09,-0.000286654247
4.501176471e-09,-0.0002958137963
4.501764706e-09,-0.0003046452049
4.502352941e-09,-0.0003130838037
4.502941176e-09,-0.0003210639864
4.503529412e-09,-0.0003285199316
4.504117647e-09,-0.0003353863713
4.504705882e-09,-0.0003415993941
4.505294118e-09,-0.0003470972751
4.505882353e-09,-0.0003518213201
4.506470588e-09,-0.0003557167125
4.507058824e-09,-0.0003587333504
4.507647059e-09,-0.000360826661
4.508235294e-09,-0.0003619583803
4.508823529e-09,-0.0003620972827
4.509411765e-09,-0.0003612198508
4.51e-09,-0.0003593108705
4.510588235e-09,-0.0003563639421
4.511176471e-09,-0.0003523818945
4.511764706e-09,-0.0003473770952
4.512352941e-09,-0.0003413716458
4.512941176e-09,-0.000334397458
4.513529412e-09,-0.0003264962044
4.514117647e-09,-0.0003177191399
4.514705882e-09,-0.0003081267938
4.515294118e-09,-0.0002977885327
4.515882353e-09,-0.0002867819958
4.516470588e-09,-0.0002751924085
4.517058824e-09,-0.0002631117804
4.517647059e-09,-0.000250637996
4.518235294e-09,-0.0002378738085
4.518823529e-09,-0.0002249257498
4.519411765e-09,-0.0002119029685
4.52e-09,-0.0001989160124
4.520588235e-09,-0.0001860755718
4.521176471e-09,-0.0001734911991
4.521764706e-09,-0.0001612700243
4.522352941e-09,-0.0001495154829
4.522941176e-09,-0.0001383260761
4.523529412e-09,-0.0001277941789
4.524117647e-09,-0.0001180049163
4.524705882e-09,-0.000109035122
4.525294118e-09,-0.0001009523965
4.525882353e-09,-9.381427769e-05
4.526470588e-09,-8.766753788e-05
4.527058824e-09,-8.254761722e-05
4.527647059e-09,-7.847820223e-05
4.528235294e-09,-7.547095658e-05
4.528823529e-09,-7.352540813e-05
4.529411765e-09,-7.262899429e-05
4.53e-09,-7.27572653e-05
4.530588235e-09,-7.387424255e-05
4.531176471e-09,-7.593292668e-05
4.531764706e-09,-7.887594802e-05
4.532352941e-09,-8.263634962e-05
4.532941176e-09,-8.713849119e-05
4.533529412e-09,-9.229906044e-05
4.534117647e-09,-9.802817675e-05
4.534705882e-09,-0.0001042305706
4.535294118e-09,-0.0001108068215
4.535882353e-09,-0.0001176546359
4.536470588e-09,-0.0001246701465
4.537058824e-09,-0.0001317492141
4.537647059e-09,-0.0001387887133
4.538235294e-09,-0.0001456877835
4.538823529e-09,-0.0001523490288
4.539411765e-09,-0.0001586796484
4.54e-09,-0.0001645924849
4.540588235e-09,-0.0001700069746
4.541176471e-09,-0.00017484999
4.541764706e-09,-0.0001790565628
4.542352941e-09,-0.0001825704808
4.542941176e-09,-0.0001853447522
4.543529412e-09,-0.0001873419345
4.544117647e-09,-0.0001885343258
4.544705882e-09,-0.0001889040191
4.545294118e-09,-0.0001884428241
4.545882353e-09,-0.0001871520593
4.546470588e-09,-0.0001850422221
4.547058824e-09,-0.000182132546
4.547647059e-09,-0.000178450453
4.548235294e-09,-0.0001740309142
4.548823529e-09,-0.0001689157297
4.549411765e-09,-0.0001631527408
4.55e-09,-0.0001567949894
4.550588235e-09,-0.0001498998366
4.551176471e-09,-0.0001425280554
4.551764706e-09,-0.0001347429123
4.552352941e-09,-0.0001266092485
4.552941176e-09,-0.000118192576
4.553529412e-09,-0.0001095581993
4.554117647e-09,-0.0001007703739
4.554705882e-09,-9.1891511e-05
4.555294118e-09,-8.298143809e-05
4.555882353e-09,-7.409672152e-05
4.556470588e-09,-6.529005808e-05
4.557058824e-09,-5.660973951e-05
4.557647059e-09,-4.809919372e-05
4.558235294e-09,-3.979660435e-05
4.558823529e-09,-3.173460964e-05
4.559411765e-09,-2.394007997e-05
4.56e-09,-1.643397278e-05
4.560588235e-09,-9.231262076e-06
4.561176471e-09,-2.34093971e-06
4.561764706e-09,4.233916066e-06
4.562352941e-09,1.049600879e-05
4.562941176e-09,1.645363398e-05
4.563529412e-09,2.21204363e-05
4.564117647e-09,2.751511906e-05
4.564705882e-09,3.266111136e-05
4.565294118e-09,3.758619812e-05
4.565882353e-09,4.232211799e-05
4.566470588e-09,4.690413393e-05
4.567058824e-09,5.137058088e-05
4.567647059e-09,5.576239474e-05
4.568235294e-09,6.01226262e-05
4.568823529e-09,6.449594298e-05
4.569411765e-09,6.892812325e-05
4.57e-09,7.346554321e-05
4.570588235e-09,7.815466085e-05
4.571176471e-09,8.304149849e-05
4.571764706e-09,8.817112573e-05
4.572352941e-09,9.358714516e-05
4.572941176e-09,9.933118235e-05
4.573529412e-09,0.0001054423827
4.574117647e-09,0.0001119569165
4.574705882e-09,0.0001189074958
4.575294118e-09,0.0001263229044
4.575882353e-09,0.0001342275448
4.576470588e-09,0.0001426410053
4.577058824e-09,0.0001515776503
4.577647059e-09,0.0001610462387
4.578235294e-09,0.0001710495745
4.578823529e-09,0.0001815841929
4.579411765e-09,0.0001926400893
4.58e-09,0.000204200494
4.580588235e-09,0.0002162416984
4.581176471e-09,0.0002287329383
4.581764706e-09,0.0002416363385
4.582352941e-09,0.0002549069237
4.582941176e-09,0.0002684927001
4.583529412e-09,0.0002823348104
4.584117647e-09,0.0002963677676
4.584705882e-09,0.0003105197669
4.585294118e-09,0.0003247130791
4.585882353e-09,0.0003388645258
4.586470588e-09,0.0003528860348
4.587058824e-09,0.0003666852739
4.587647059e-09,0.0003801663613
4.588235294e-09,0.0003932306461
4.588823529e-09,0.0004057775554
4.589411765e-09,0.0004177054991
4.59e-09,0.000428912826
4.590588235e-09,0.0004392988209
4.591176471e-09,0.0004487647322
4.591764706e-09,0.00045721482
4.592352941e-09,0.000464557411
4.592941176e-09,0.0004707059494
4.593529412e-09,0.0004755800283
4.594117647e-09,0.0004791063909
4.594705882e-09,0.0004812198854
4.595294118e-09,0.0004818643634
4.595882353e-09,0.0004809935048
4.596470588e-09,0.0004785715616
4.597058824e-09,0.0004745740048
4.597647059e-09,0.0004689880668
4.598235294e-09,0.0004618131689
4.598823529e-09,0.0004530612251
4.599411765e-09,0.0004427568172
4.6e-09,0.0004309372361
4.600588235e-09,0.0004176523845
4.601176471e-09,0.000402964542
4.601764706e-09,0.000386947992
4.602352941e-09,0.0003696885126
4.602941176e-09,0.0003512827362
4.603529412e-09,0.000331837384
4.604117647e-09,0.0003114683832
4.604705882e-09,0.0002902998759
4.605294118e-09,0.0002684631309
4.605882353e-09,0.0002460953716
4.606470588e-09,0.000223338532
4.607058824e-09,0.000200337956
4.607647059e-09,0.0001772410562
4.608235294e-09,0.0001541959459
4.608823529e-09,0.0001313500628
4.609411765e-09,0.0001088487986
4.61e-09,8.683415256e-05
4.610588235e-09,6.544342259e-05
4.611176471e-09,4.48079515e-05
4.611764706e-09,2.505194083e-05
4.612352941e-09,6.291346775e-06
4.612941176e-09,-1.136712988e-05
4.613529412e-09,-2.782694863e-05
4.614117647e-09,-4.300251964e-05
4.614705882e-09,-5.681987137e-05
4.615294118e-09,-6.921718939e-05
4.615882353e-09,-8.014522146e-05
4.616470588e-09,-8.956754625e-05
4.617058824e-09,-9.746070431e-05
4.617647059e-09,-0.0001038141921
4.618235294e-09,-0.0001086303214
4.618823529e-09,-0.0001119239474
4.619411765e-09,-0.0001137220723
4.62e-09,-0.0001140633298
4.620588235e-09,-0.00011299736
4.621176471e-09,-0.0001105840835
4.621764706e-09,-0.0001068928851
4.622352941e-09,-0.0001020017195
4.622941176e-09,-9.599614937e-05
4.623529412e-09,-8.896833052e-05
4.624117647e-09,-8.101595508e-05
4.624705882e-09,-7.22411675e-05
4.625294118e-09,-6.274946556e-05
4.625882353e-09,-5.264859989e-05
4.626470588e-09,-4.20474844e-05
4.627058824e-09,-3.105513002e-05
4.627647059e-09,-1.977961303e-05
4.628235294e-09,-8.327089062e-06
4.628823529e-09,3.199137618e-06
4.629411765e-09,1.469948043e-05
4.63e-09,2.607886483e-05
4.630588235e-09,3.724744374e-05
4.631176471e-09,4.812122894e-05
4.631764706e-09,5.862263392e-05
4.632352941e-09,6.868092549e-05
4.632941176e-09,7.823258225e-05
4.633529412e-09,8.722155969e-05
4.634117647e-09,9.559946256e-05
4.634705882e-09,0.0001033256265
4.635294118e-09,0.0001103671121
4.635882353e-09,0.0001166986149
4.636470588e-09,0.0001223022974
4.637058824e-09,0.0001271675478
4.637647059e-09,0.0001312906726
4.638235294e-09,0.0001346745301
4.638823529e-09,0.0001373281125
4.639411765e-09,0.0001392660845
4.64e-09,0.0001405082868
4.640588235e-09,0.0001410792122
4.641176471e-09,0.0001410074638
4.641764706e-09,0.0001403252025
4.642352941e-09,0.0001390675913
4.642941176e-09,0.0001372722459
4.643529412e-09,0.0001349786959
4.644117647e-09,0.0001322278653
4.644705882e-09,0.0001290615776
4.645294118e-09,0.0001255220893
4.645882353e-09,0.0001216516586
4.646470588e-09,0.0001174921505
4.647058824e-09,0.0001130846831
4.647647059e-09,0.0001084693149
4.648235294e-09,0.0001036847769
4.648823529e-09,9.876824714e-05
4.649411765e-09,9.37551689e-05
4.65e-09,8.86791111e-05
4.650588235e-09,8.357166854e-05
4.651176471e-09,7.846240017e-05
4.651764706e-09,7.337880197e-05
4.652352941e-09,6.834631126e-05
4.652941176e-09,6.338833868e-05
4.653529412e-09,5.85263237e-05
4.654117647e-09,5.377980959e-05
4.654705882e-09,4.91665336e-05
4.655294118e-09,4.470252803e-05
4.655882353e-09,4.040222817e-05
4.656470588e-09,3.627858318e-05
4.657058824e-09,3.234316631e-05
4.657647059e-09,2.8606281e-05
4.658235294e-09,2.50770603e-05
4.658823529e-09,2.176355682e-05
4.659411765e-09,1.867282153e-05
4.66e-09,1.581096994e-05
4.660588235e-09,1.318323466e-05
4.661176471e-09,1.079400414e-05
4.661764706e-09,8.646847652e-06
4.662352941e-09,6.744527196e-06
4.662941176e-09,5.088997497e-06
4.663529412e-09,3.681395516e-06
4.664117647e-09,2.522021537e-06
4.664705882e-09,1.610313822e-06
4.665294118e-09,9.448194673e-07
4.665882353e-09,5.231638374e-07
4.666470588e-09,3.420214436e-07
4.667058824e-09,3.970907227e-07
4.667647059e-09,6.830755351e-07
4.668235294e-09,1.193675604e-06
4.668823529e-09,1.921588368e-06
4.669411765e-09,2.858523965e-06
4.67e-09,3.995235225e-06
4.670588235e-09,5.32156366e-06
4.671176471e-09,6.82650253e-06
4.671764706e-09,8.498277113e-06
4.672352941e-09,1.032444234e-05
4.672941176e-09,1.2291997e-05
4.673529412e-09,1.438751372e-05
4.674117647e-09,1.659728306e-05
4.674705882e-09,1.890747005e-05
4.675294118e-09,2.130428066e-05
4.675882353e-09,2.377413588e-05
4.676470588e-09,2.630385037e-05
4.677058824e-09,2.888081269e-05
4.677647059e-09,3.149316382e-05
4.678235294e-09,3.41299708e-05
4.678823529e-09,3.678139205e-05
4.679411765e-09,3.943883126e-05
4.68e-09,4.20950767e-05
4.680588235e-09,4.474442315e-05
4.681176471e-09,4.738277377e-05
4.681764706e-09,5.000771973e-05
4.682352941e-09,5.26185956e-05
4.682941176e-09,5.521650925e-05
4.683529412e-09,5.780434493e-05
4.684117647e-09,6.038673933e-05
4.684705882e-09,6.297003033e-05
4.685294118e-09,6.556217897e-05
4.685882353e-09,6.817266553e-05
4.686470588e-09,7.081236117e-05
4.687058824e-09,7.349337671e-05
4.687647059e-09,7.622889106e-05
4.688235294e-09,7.903296144e-05
4.688823529e-09,8.192031863e-05
4.689411765e-09,8.490614992e-05
4.69e-09,8.800587329e-05
4.690588235e-09,9.123490599e-05
4.691176471e-09,9.4608431e-05
4.691764706e-09,9.81411647e-05
4.692352941e-09,0.0001018471291
4.692941176e-09,0.0001057394319
4.693529412e-09,0.0001098300569
4.694117647e-09,0.0001141296686
4.694705882e-09,0.0001186474319
4.695294118e-09,0.0001233908506
4.695882353e-09,0.0001283656258
4.696470588e-09,0.0001335755357
4.697058824e-09,0.0001390223379
4.697647059e-09,0.0001447056957
4.698235294e-09,0.000150623128
4.698823529e-09,0.0001567699828
4.699411765e-09,0.0001631394355
4.7e-09,0.0001697225088
4.700588235e-09,0.000176508117
4.701176471e-09,0.0001834831295
4.701764706e-09,0.0001906324565
4.702352941e-09,0.0001979391514
4.702941176e-09,0.000205384532
4.703529412e-09,0.0002129483154
4.704117647e-09,0.0002206087684
4.704705882e-09,0.0002283428682
4.705294118e-09,0.0002361264745
4.705882353e-09,0.0002439345088
4.706470588e-09,0.000251741142
4.707058824e-09,0.0002595199852
4.707647059e-09,0.0002672442856
4.708235294e-09,0.0002748871236
4.708823529e-09,0.0002824216108
4.709411765e-09,0.0002898210872
4.71e-09,0.0002970593166
4.710588235e-09,0.0003041106794
4.711176471e-09,0.0003109503605
4.711764706e-09,0.0003175545328
4.712352941e-09,0.0003239005348
4.712941176e-09,0.0003299670405
4.713529412e-09,0.0003357342221
4.714117647e-09,0.0003411839043
4.714705882e-09,0.0003462997081
4.715294118e-09,0.0003510671854
4.715882353e-09,0.0003554739412
4.716470588e-09,0.0003595097446
4.717058824e-09,0.000363166626
4.717647059e-09,0.0003664389616
4.718235294e-09,0.0003693235417
4.718823529e-09,0.0003718196243
4.719411765e-09,0.0003739289726
4.72e-09,0.0003756558742
4.720588235e-09,0.0003770071437
4.721176471e-09,0.0003779921055
4.721764706e-09,0.000378622559
4.722352941e-09,0.0003789127231
4.722941176e-09,0.0003788791614
4.723529412e-09,0.0003785406882
4.724117647e-09,0.0003779182538
4.724705882e-09,0.0003770348111
4.725294118e-09,0.0003759151628
4.725882353e-09,0.0003745857904
4.726470588e-09,0.000373074666
4.727058824e-09,0.0003714110475
4.727647059e-09,0.0003696252588
4.728235294e-09,0.0003677484574
4.728823529e-09,0.0003658123889
4.729411765e-09,0.000363849133
4.73e-09,0.0003618908411
4.730588235e-09,0.0003599694686
4.731176471e-09,0.0003581165043
4.731764706e-09,0.0003563626982
4.732352941e-09,0.0003547377919
4.732941176e-09,0.0003532702528
4.733529412e-09,0.0003519870145
4.734117647e-09,0.0003509132267
4.734705882e-09,0.0003500720165
4.735294118e-09,0.0003494842626
4.735882353e-09,0.0003491683864
4.736470588e-09,0.0003491401591
4.737058824e-09,0.0003494125298
4.737647059e-09,0.0003499954735
4.738235294e-09,0.0003508958619
4.738823529e-09,0.0003521173574
4.739411765e-09,0.0003536603312
4.74e-09,0.0003555218072
4.740588235e-09,0.0003576954307
4.741176471e-09,0.0003601714622
4.741764706e-09,0.0003629367984
4.742352941e-09,0.0003659750167
4.742941176e-09,0.000369266446
4.743529412e-09,0.0003727882612
4.744117647e-09,0.0003765146013
4.744705882e-09,0.0003804167105
4.745294118e-09,0.0003844631005
4.745882353e-09,0.0003886197331
4.746470588e-09,0.0003928502229
4.747058824e-09,0.0003971160565
4.747647059e-09,0.0004013768293
4.748235294e-09,0.0004055904964
4.748823529e-09,0.0004097136376
4.749411765e-09,0.0004137017339
4.75e-09,0.0004175094543
4.750588235e-09,0.0004210909518
4.751176471e-09,0.0004244001652
4.751764706e-09,0.0004273911278
4.752352941e-09,0.0004300182782
4.752941176e-09,0.000432236774
4.753529412e-09,0.0004340028044
4.754117647e-09,0.0004352739016
4.754705882e-09,0.0004360092478
4.755294118e-09,0.0004361699767
4.755882353e-09,0.0004357194664
4.756470588e-09,0.0004346236228
4.757058824e-09,0.0004328511498
4.757647059e-09,0.0004303738061
4.758235294e-09,0.0004271666443
4.758823529e-09,0.000423208231
4.759411765e-09,0.0004184808463
4.76e-09,0.0004129706589
4.760588235e-09,0.0004066678759
4.761176471e-09,0.0003995668652
4.761764706e-09,0.0003916662473
4.762352941e-09,0.0003829689566
4.762941176e-09,0.0003734822689
4.763529412e-09,0.0003632177954
4.764117647e-09,0.00035219144
4.764705882e-09,0.0003404233221
4.765294118e-09,0.0003279376613
4.765882353e-09,0.0003147626269
4.766470588e-09,0.0003009301507
4.767058824e-09,0.0002864757046
4.767647059e-09,0.0002714380444
4.768235294e-09,0.0002558589219
4.768823529e-09,0.0002397827666
4.769411765e-09,0.0002232563404
4.77e-09,0.0002063283687
4.770588235e-09,0.0001890491504
4.771176471e-09,0.0001714701523
4.771764706e-09,0.0001536435903
4.772352941e-09,0.0001356220036
4.772941176e-09,0.0001174578263
4.773529412e-09,9.920296117e-05
4.774117647e-09,8.090835997e-05
4.774705882e-09,6.262361762e-05
4.775294118e-09,4.439658296e-05
4.775882353e-09,2.627299257e-05
4.776470588e-09,8.296131749e-06
4.777058824e-09,-9.493472616e-06
4.777647059e-09,-2.705832327e-05
4.778235294e-09,-4.436418418e-05
4.778823529e-09,-6.138026942e-05
4.779411765e-09,-7.807938663e-05
4.78e-09,-9.443803323e-05
4.780588235e-09,-0.0001104364439
4.781176471e-09,-0.0001260585888
4.781764706e-09,-0.0001412921229
4.782352941e-09,-0.0001561282869
4.782941176e-09,-0.0001705617613
4.783529412e-09,-0.0001845904761
4.784117647e-09,-0.0001982153799
4.784705882e-09,-0.0002114401698
4.785294118e-09,-0.0002242709889
4.785882353e-09,-0.000236716095
4.786470588e-09,-0.0002487855051
4.787058824e-09,-0.0002604906228
4.787647059e-09,-0.0002718438532
4.788235294e-09,-0.0002828582122
4.788823529e-09,-0.0002935469365
4.789411765e-09,-0.0003039230996
4.79e-09,-0.000313999241
4.790588235e-09,-0.0003237870142
4.791176471e-09,-0.0003332968587
4.791764706e-09,-0.0003425377017
4.792352941e-09,-0.0003515166942
4.792941176e-09,-0.0003602389858
4.793529412e-09,-0.0003687075412
4.794117647e-09,-0.000376923002
4.794705882e-09,-0.0003848835957
4.795294118e-09,-0.0003925850931
4.795882353e-09,-0.0004000208148
4.796470588e-09,-0.0004071816866
4.797058824e-09,-0.000414056343
4.797647059e-09,-0.0004206312766
4.798235294e-09,-0.0004268910308
4.798823529e-09,-0.0004328184335
4.799411765e-09,-0.0004383948661
4.8e-09,-0.0004436005657
4.800588235e-09,-0.0004484149532
4.801176471e-09,-0.0004528169835
4.801764706e-09,-0.0004567855111
4.802352941e-09,-0.000460299666
4.802941176e-09,-0.0004633392327
4.803529412e-09,-0.0004658850277
4.804117647e-09,-0.0004679192677
4.804705882e-09,-0.0004694259237
4.805294118e-09,-0.0004703910554
4.805882353e-09,-0.0004708031204
4.806470588e-09,-0.0004706532521
4.807058824e-09,-0.0004699355052
4.807647059e-09,-0.000468647061
4.808235294e-09,-0.0004667883925
4.808823529e-09,-0.0004643633853
4.809411765e-09,-0.0004613794131
4.81e-09,-0.0004578473661
4.810588235e-09,-0.0004537816329
4.811176471e-09,-0.0004492000357
4.811764706e-09,-0.0004441237202
4.812352941e-09,-0.0004385770015
4.812941176e-09,-0.0004325871694
4.813529412e-09,-0.000426184255
4.814117647e-09,-0.0004194007635
4.814705882e-09,-0.0004122713752
4.815294118e-09,-0.0004048326222
4.815882353e-09,-0.0003971225418
4.816470588e-09,-0.0003891803158
4.817058824e-09,-0.0003810458966
4.817647059e-09,-0.0003727596291
4.818235294e-09,-0.0003643618711
4.818823529e-09,-0.0003558926183
4.819411765e-09,-0.0003473911396
4.82e-09,-0.0003388956259
4.820588235e-09,-0.0003304428583
4.821176471e-09,-0.0003220678992
4.821764706e-09,-0.0003138038097
4.822352941e-09,-0.0003056813974
4.822941176e-09,-0.0002977289967
4.823529412e-09,-0.0002899722837
4.824117647e-09,-0.0002824341278
4.824705882e-09,-0.0002751344812
4.825294118e-09,-0.0002680903065
4.825882353e-09,-0.0002613155419
4.826470588e-09,-0.0002548211053
4.827058824e-09,-0.0002486149334
4.827647059e-09,-0.0002427020577
4.828235294e-09,-0.0002370847117
4.828823529e-09,-0.0002317624701
4.829411765e-09,-0.0002267324151
4.83e-09,-0.000221989328
4.830588235e-09,-0.0002175259014
4.831176471e-09,-0.0002133329699
4.831764706e-09,-0.0002093997546
4.832352941e-09,-0.0002057141176
4.832941176e-09,-0.0002022628231
4.833529412e-09,-0.0001990318009
4.834117647e-09,-0.0001960064086
4.834705882e-09,-0.0001931716885
4.835294118e-09,-0.0001905126164
4.835882353e-09,-0.0001880143383
4.836470588e-09,-0.0001856623924
4.837058824e-09,-0.0001834429133
4.837647059e-09,-0.0001813428162
4.838235294e-09,-0.0001793499591
4.838823529e-09,-0.0001774532807
4.839411765e-09,-0.0001756429135
4.84e-09,-0.0001739102707
4.840588235e-09,-0.0001722481057
4.841176471e-09,-0.0001706505459
4.841764706e-09,-0.0001691130988
4.842352941e-09,-0.0001676326326
4.842941176e-09,-0.0001662073318
4.843529412e-09,-0.0001648366289
4.844117647e-09,-0.0001635211145
4.844705882e-09,-0.0001622624271
4.845294118e-09,-0.0001610631251
4.845882353e-09,-0.0001599265436
4.846470588e-09,-0.0001588566389
4.847058824e-09,-0.0001578578221
4.847647059e-09,-0.0001569347876
4.848235294e-09,-0.0001560923358
4.848823529e-09,-0.0001553351962
4.849411765e-09,-0.0001546678527
4.85e-09,-0.000154094373
4.850588235e-09,-0.0001536182477
4.851176471e-09,-0.0001532422385
4.851764706e-09,-0.000152968241
4.852352941e-09,-0.0001527971623
4.852941176e-09,-0.0001527288173
4.853529412e-09,-0.0001527618435
4.854117647e-09,-0.0001528936378
4.854705882e-09,-0.0001531203151
4.855294118e-09,-0.0001534366903
4.855882353e-09,-0.0001538362835
4.856470588e-09,-0.0001543113491
4.857058824e-09,-0.0001548529287
4.857647059e-09,-0.0001554509257
4.858235294e-09,-0.000156094203
4.858823529e-09,-0.0001567706998
4.859411765e-09,-0.0001574675681
4.86e-09,-0.0001581713253
4.860588235e-09,-0.0001588680209
4.861176471e-09,-0.0001595434162
4.861764706e-09,-0.0001601831717
4.862352941e-09,-0.0001607730414
4.862941176e-09,-0.0001612990701
4.863529412e-09,-0.0001617477902
4.864117647e-09,-0.0001621064159
4.864705882e-09,-0.0001623630307
4.865294118e-09,-0.0001625067645
4.865882353e-09,-0.0001625279602
4.866470588e-09,-0.0001624183227
4.867058824e-09,-0.0001621710515
4.867647059e-09,-0.0001617809528
4.868235294e-09,-0.0001612445285
4.868823529e-09,-0.000160560042
4.869411765e-09,-0.0001597275586
4.87e-09,-0.0001587489589
4.870588235e-09,-0.0001576279258
4.871176471e-09,-0.0001563699051
4.871764706e-09,-0.0001549820383
4.872352941e-09,-0.0001534730703
4.872941176e-09,-0.0001518532326
4.873529412e-09,-0.0001501341027
4.874117647e-09,-0.0001483284433
4.874705882e-09,-0.0001464500222
4.875294118e-09,-0.0001445134163
4.875882353e-09,-0.0001425338028
4.876470588e-09,-0.0001405267401
4.877058824e-09,-0.000138507943
4.877647059e-09,-0.0001364930538
4.878235294e-09,-0.0001344974153
4.878823529e-09,-0.0001325358472
4.879411765e-09,-0.0001306224304
4.88e-09,-0.0001287703031
4.880588235e-09,-0.0001269914705
4.881176471e-09,-0.000125296633
4.881764706e-09,-0.0001236950338
4.882352941e-09,-0.0001221943303
4.882941176e-09,-0.0001208004893
4.883529412e-09,-0.0001195177097
4.884117647e-09,-0.0001183483718
4.884705882e-09,-0.0001172930163
4.885294118e-09,-0.0001163503515
4.885882353e-09,-0.0001155172889
4.886470588e-09,-0.0001147890076
4.887058824e-09,-0.0001141590447
4.887647059e-09,-0.0001136194113
4.888235294e-09,-0.0001131607325
4.888823529e-09,-0.0001127724068
4.889411765e-09,-0.0001124427856
4.89e-09,-0.0001121593664
4.890588235e-09,-0.0001119089987
4.891176471e-09,-0.0001116780983
4.891764706e-09,-0.0001114528665
4.892352941e-09,-0.0001112195106
4.892941176e-09,-0.0001109644621
4.893529412e-09,-0.0001106745888
4.894117647e-09,-0.0001103373978
4.894705882e-09,-0.0001099412259
4.895294118e-09,-0.0001094754133
4.895882353e-09,-0.0001089304604
4.896470588e-09,-0.0001082981622
4.897058824e-09,-0.0001075717205
4.897647059e-09,-0.000106745831
4.898235294e-09,-0.0001058167449
4.898823529e-09,-0.0001047823034
4.899411765e-09,-0.0001036419452
4.9e-09,-0.0001023966874
4.900588235e-09,-0.0001010490795
4.901176471e-09,-9.960313254e-05
4.901764706e-09,-9.806422422e-05
4.902352941e-09,-9.643898161e-05
4.902941176e-09,-9.473514433e-05
4.903529412e-09,-9.296141017e-05
4.904117647e-09,-9.112726601e-05
4.904705882e-09,-8.924280718e-05
4.905294118e-09,-8.731854824e-05
4.905882353e-09,-8.536522859e-05
4.906470588e-09,-8.339361619e-05
4.907058824e-09,-8.141431282e-05
4.907647059e-09,-7.943756398e-05
4.908235294e-09,-7.747307699e-05
4.908823529e-09,-7.552984993e-05
4.909411765e-09,-7.361601463e-05
4.91e-09,-7.173869613e-05
4.910588235e-09,-6.990389098e-05
4.911176471e-09,-6.811636643e-05
4.911764706e-09,-6.637958225e-05
4.912352941e-09,-6.469563628e-05
4.912941176e-09,-6.306523499e-05
4.913529412e-09,-6.148768923e-05
4.914117647e-09,-5.996093566e-05
4.914705882e-09,-5.848158335e-05
4.915294118e-09,-5.704498514e-05
4.915882353e-09,-5.564533259e-05
4.916470588e-09,-5.427577341e-05
4.917058824e-09,-5.292854941e-05
4.917647059e-09,-5.159515332e-05
4.918235294e-09,-5.026650198e-05
4.918823529e-09,-4.893312365e-05
4.919411765e-09,-4.758535658e-05
4.92e-09,-4.621355626e-05
4.920588235e-09,-4.48083081e-05
4.921176471e-09,-4.336064295e-05
4.921764706e-09,-4.186225194e-05
4.922352941e-09,-4.030569806e-05
4.922941176e-09,-3.86846211e-05
4.923529412e-09,-3.699393328e-05
4.924117647e-09,-3.523000273e-05
4.924705882e-09,-3.339082205e-05
4.925294118e-09,-3.147615971e-05
4.925882353e-09,-2.948769177e-05
4.926470588e-09,-2.742911216e-05
4.927058824e-09,-2.530621958e-05
4.927647059e-09,-2.312697958e-05
4.928235294e-09,-2.090156069e-05
4.928823529e-09,-1.864234354e-05
4.929411765e-09,-1.636390262e-05
4.93e-09,-1.408296006e-05
4.930588235e-09,-1.181831186e-05
4.931176471e-09,-9.590726564e-06
4.931764706e-09,-7.42281723e-06
4.932352941e-09,-5.338887583e-06
4.932941176e-09,-3.364753619e-06
4.933529412e-09,-1.527542076e-06
4.934117647e-09,1.445322988e-07
4.934705882e-09,1.622408852e-06
4.935294118e-09,2.876440093e-06
4.935882353e-09,3.876665456e-06
4.936470588e-09,4.593097002e-06
4.937058824e-09,4.996014441e-06
4.937647059e-09,5.056266451e-06
4.938235294e-09,4.745575475e-06
4.938823529e-09,4.03684278e-06
4.939411765e-09,2.904450886e-06
4.94e-09,1.324560083e-06
4.940588235e-09,-7.246038229e-07
4.941176471e-09,-3.262473729e-06
4.941764706e-09,-6.305880156e-06
4.942352941e-09,-9.868807843e-06
4.942941176e-09,-1.396217249e-05
4.943529412e-09,-1.859362031e-05
4.944117647e-09,-2.376735242e-05
4.944705882e-09,-2.948397644e-05
4.945294118e-09,-3.57403867e-05
4.945882353e-09,-4.252967491e-05
4.946470588e-09,-4.984107228e-05
4.947058824e-09,-5.765992408e-05
4.947647059e-09,-6.596769729e-05
4.948235294e-09,-7.474202145e-05
4.948823529e-09,-8.395676271e-05
4.949411765e-09,-9.358213069e-05
4.95e-09,-0.0001035848173
4.950588235e-09,-0.0001139281667
4.951176471e-09,-0.0001245723741
4.951764706e-09,-0.0001354747135
4.952352941e-09,-0.0001465897902
4.952941176e-09,-0.0001578698174
4.953529412e-09,-0.0001692649138
4.954117647e-09,-0.0001807234194
4.954705882e-09,-0.0001921922269
4.955294118e-09,-0.0002036171259
4.955882353e-09,-0.0002149431557
4.956470588e-09,-0.0002261149649
4.957058824e-09,-0.0002370771737
4.957647059e-09,-0.0002477747354
4.958235294e-09,-0.0002581532957
4.958823529e-09,-0.0002681595438
4.959411765e-09,-0.000277741555
4.96e-09,-0.0002868491204
4.960588235e-09,-0.0002954340621
4.961176471e-09,-0.0003034505297
4.961764706e-09,-0.0003108552784
4.962352941e-09,-0.0003176079246
4.962941176e-09,-0.0003236711781
4.963529412e-09,-0.0003290110494
4.964117647e-09,-0.0003335970316
4.964705882e-09,-0.0003374022546
4.965294118e-09,-0.0003404036127
4.965882353e-09,-0.0003425818637
4.966470588e-09,-0.0003439217012
4.967058824e-09,-0.0003444117991
4.967647059e-09,-0.0003440448289
4.968235294e-09,-0.0003428174514
4.968823529e-09,-0.0003407302834
4.969411765e-09,-0.0003377878397
4.97e-09,-0.0003339984526
4.970588235e-09,-0.0003293741709
4.971176471e-09,-0.0003239306376
4.971764706e-09,-0.0003176869514
4.972352941e-09,-0.0003106655097
4.972941176e-09,-0.0003028918388
4.973529412e-09,-0.0002943944096
4.974117647e-09,-0.0002852044425
4.974705882e-09,-0.0002753557029
4.975294118e-09,-0.0002648842881
4.975882353e-09,-0.000253828408
4.976470588e-09,-0.0002422281603
4.977058824e-09,-0.0002301253028
4.977647059e-09,-0.0002175630222
4.978235294e-09,-0.0002045857025
4.978823529e-09,-0.000191238693
4.979411765e-09,-0.0001775680771
4.98e-09,-0.000163620443
4.980588235e-09,-0.0001494426569
4.981176471e-09,-0.00013508164
4.981764706e-09,-0.0001205841489
4.982352941e-09,-0.000105996562
4.982941176e-09,-9.136467001e-05
4.983529412e-09,-7.673347344e-05
4.984117647e-09,-6.214698645e-05
4.984705882e-09,-4.764804791e-05
4.985294118e-09,-3.327814024e-05
4.985882353e-09,-1.907721684e-05
4.986470588e-09,-5.08353833e-06
4.987058824e-09,8.666481355e-06
4.987647059e-09,2.21384187e-05
4.988235294e-09,3.529997329e-05
4.988823529e-09,4.81210889e-05
4.989411765e-09,6.057406221e-05
4.99e-09,7.263363858e-05
4.990588235e-09,8.427709402e-05
4.991176471e-09,9.548430298e-05
4.991764706e-09,0.0001062377911
4.992352941e-09,0.0001165227727
4.992941176e-09,0.0001263271717
4.993529412e-09,0.0001356416272
4.994117647e-09,0.0001444594816
4.994705882e-09,0.0001527767518
4.995294118e-09,0.0001605920842
4.995882353e-09,0.0001679066926
4.996470588e-09,0.000174724279
4.997058824e-09,0.0001810509394
4.997647059e-09,0.0001868950526
4.998235294e-09,0.0001922671555
4.998823529e-09,0.0001971798038
4.999411765e-09,0.0002016474198
5e-09,0.0002056861288
5.000588235e-09,0.0002093135856
5.001176471e-09,0.0002125487914
5.001764706e-09,0.0002154119051
5.002352941e-09,0.0002179240477
5.002941176e-09,0.0002201071046
5.003529412e-09,0.0002219835259
5.004117647e-09,0.0002235761268
5.004705882e-09,0.0002249078904
5.005294118e-09,0.0002260017756
5.005882353e-09,0.0002268805297
5.006470588e-09,0.00022756651
5.007058824e-09,0.0002280815145
5.007647059e-09,0.0002284466238
5.008235294e-09,0.0002286820556
5.008823529e-09,0.000228807033
5.009411765e-09,0.000228839668
5.01e-09,0.0002287968599
5.010588235e-09,0.0002286942111
5.011176471e-09,0.0002285459592
5.011764706e-09,0.0002283649258
5.012352941e-09,0.0002281624835
5.012941176e-09,0.0002279485381
5.013529412e-09,0.0002277315286
5.014117647e-09,0.0002275184422
5.014705882e-09,0.0002273148439
5.015294118e-09,0.0002271249208
5.015882353e-09,0.0002269515388
5.016470588e-09,0.0002267963101
5.017058824e-09,0.0002266596719
5.017647059e-09,0.0002265409731
5.018235294e-09,0.0002264385679
5.018823529e-09,0.0002263499154
5.019411765e-09,0.0002262716834
5.02e-09,0.0002261998539
5.020588235e-09,0.0002261298303
5.021176471e-09,0.0002260565441
5.021764706e-09,0.0002259745598
5.022352941e-09,0.0002258781769
5.022941176e-09,0.0002257615279
5.023529412e-09,0.0002256186712
5.024117647e-09,0.0002254436787
5.024705882e-09,0.0002252307162
5.025294118e-09,0.000224974117
5.025882353e-09,0.0002246684491
5.026470588e-09,0.0002243085729
5.027058824e-09,0.0002238896932
5.027647059e-09,0.0002234074022
5.028235294e-09,0.0002228577155
5.028823529e-09,0.0002222371011
5.029411765e-09,0.0002215425008
5.03e-09,0.0002207713467
5.030588235e-09,0.0002199215699
5.031176471e-09,0.0002189916056
5.031764706e-09,0.0002179803926
5.032352941e-09,0.0002168873689
5.032941176e-09,0.0002157124637
5.033529412e-09,0.0002144560869
5.034117647e-09,0.0002131191156
5.034705882e-09,0.0002117028798
5.035294118e-09,0.0002102091452
5.035882353e-09,0.0002086400965
5.036470588e-09,0.0002069983196
5.037058824e-09,0.000205286783
5.037647059e-09,0.0002035088193
5.038235294e-09,0.0002016681073
5.038823529e-09,0.0001997686531
