freq,h_r,h_i
10000000,0.9665516714,-0.1115767587
20000000,0.9454900615,-0.2165535618
30000000,0.9139893673,-0.3179725586
40000000,0.8720241797,-0.4149899198
50000000,0.8200380668,-0.5065538884
60000000,0.7586581789,-0.5916550362
70000000,0.6886445126,-0.6693481083
80000000,0.6108697227,-0.7387764649
90000000,0.5262989643,-0.799190361
100000000,0.4359697873,-0.849958058
110000000,0.3409562621,-0.8905527877
120000000,0.2423973843,-0.9205980973
130000000,0.1414422331,-0.9398226141
140000000,0.03925392561,-0.9480744208
150000000,-0.06300143691,-0.9453201887
160000000,-0.1641645495,-0.9316438004
170000000,-0.2630930391,-0.9072450605
180000000,-0.3586713133,-0.8724377308
190000000,-0.4498207163,-0.8276479079
200000000,-0.5355100856,-0.7734109716
210000000,-0.6147668586,-0.710368648
220000000,-0.686688364,-0.6392637675
230000000,-0.7504532122,-0.5609343448
240000000,-0.8053329637,-0.4763057299
250000000,-0.8507029164,-0.3863805488
260000000,-0.8860520794,-0.2922272585
270000000,-0.9109914456,-0.19496644
280000000,-0.9252604353,-0.09575583784
290000000,-0.928731321,0.004225808764
300000000,-0.9214105924,0.1037954308
310000000,-0.903438256,0.2017828111
320000000,-0.8750841012,0.2970462808
330000000,-0.8367417203,0.3884887718
340000000,-0.7889206533,0.475071295
350000000,-0.732236564,0.5558251052
360000000,-0.6674007013,0.629861976
370000000,-0.595208163,0.6963822151
380000000,-0.5165264404,0.7546810639
390000000,-0.4322838792,0.8041535188
400000000,-0.3434583292,0.8442971406
410000000,-0.2510668821,0.8747145288
420000000,-0.1561554085,0.8951145826
430000000,-0.05978921421,0.9053133224
440000000,0.03695632796,0.9052343833
450000000,0.1330050334,0.8949093284
460000000,0.2272889412,0.8744778925
470000000,0.3187583692,0.8441872974
480000000,0.4063914676,0.8043918346
490000000,0.4892054845,0.7555509553
500000000,0.5662673651,0.6982267994
510000000,0.6367055282,0.6330798755
520000000,0.6997214543,0.5608635958
530000000,0.7546005315,0.4824164731
540000000,0.8007233067,0.3986528475
550000000,0.8375743957,0.3105518312
560000000,0.8647505349,0.2191444355
570000000,0.8819664546,0.1254992832
580000000,0.8890586596,0.03070821052
590000000,0.8859867422,-0.06412933059
600000000,0.8728323079,-0.1579213896
610000000,0.849795985,-0.2495977843
620000000,0.8171918679,-0.3381236516
630000000,0.7754411719,-0.4225112359
640000000,0.7250639901,-0.5018307473
650000000,0.6666705272,-0.5752186884
660000000,0.6009524953,-0.6418857009
670000000,0.5286734236,-0.70112195
680000000,0.4506600908,-0.7523021767
690000000,0.3677938334,-0.794889649
700000000,0.2810024739,-0.82843939
710000000,0.1912519627,-0.8526012694
720000000,0.09953870447,-0.8671228827
730000000,0.006881342659,-0.8718526629
740000000,-0.08568805458,-0.8667421434
750000000,-0.1771329404,-0.8518490196
760000000,-0.2664230157,-0.8273388824
770000000,-0.3525448232,-0.793486439
780000000,-0.4345142682,-0.7506757122
790000000,-0.5113893513,-0.6993982126
800000000,-0.5822833906,-0.6402494051
810000000,-0.6463787213,-0.5739232592
820000000,-0.7029389233,-0.5012037699
830000000,-0.7513210638,-0.4229550936
840000000,-0.7909860253,-0.3401086824
850000000,-0.8215057548,-0.2536494085
860000000,-0.8425694861,-0.1646003438
870000000,-0.8539862101,-0.07400668437
880000000,-0.8556846987,0.01707989149
890000000,-0.8477112074,0.1076162752
900000000,-0.8302244904,0.1965820197
910000000,-0.8034891053,0.282991145
920000000,-0.7678678348,0.3659028948
930000000,-0.7238129288,0.4444297249
940000000,-0.6718574512,0.517743653
950000000,-0.6126070163,0.5850814783
960000000,-0.546731901,0.6457477387
970000000,-0.4749603984,0.6991178113
980000000,-0.3980726838,0.7446398786
990000000,-0.3168957179,0.7818375485
1000000000,-0.2322988486,0.8103124677
1010000000,-0.145103457,0.8297653621
1020000000,-0.0563352587,0.8399275327
1030000000,0.03303496243,0.8406597581
1040000000,0.122015884,0.8319196435
1050000000,0.2096043323,0.8137672734
1060000000,0.2947957174,0.7863707116
1070000000,0.3765963223,0.7500096151
1080000000,0.4540376692,0.7050780066
1090000000,0.5261922452,0.6520838437
1100000000,0.5921899908,0.5916460227
1110000000,0.651234839,0.524487809
1120000000,0.7026206198,0.4514272259
1130000000,0.7457452754,0.3733636014
1140000000,0.7801216696,0.2912618473
1150000000,0.8053864544,0.2061345246
1160000000,0.8213040187,0.1190224786
1170000000,0.8277670221,0.03097562077
1180000000,0.8247931741,-0.05696529421
1190000000,0.8125189523,-0.1437859034
1200000000,0.7911899742,-0.2285120712
1210000000,0.7611503591,-0.3102216034
1220000000,0.7228307161,-0.3880526444
1230000000,0.6767362439,-0.4612090475
1240000000,0.6234358139,-0.5289629892
1250000000,0.5635516389,-0.5906559889
1260000000,0.497751361,-0.6456981063
1270000000,0.4267419965,-0.6935659717
1280000000,0.3512652013,-0.733802122
1290000000,0.2720948277,-0.7660130709
1300000000,0.1900351552,-0.7898705534
1310000000,0.1059198121,-0.8051122898
1320000000,0.02061106193,-0.8115462004
1330000000,-0.06500255059,-0.8090548905
1340000000,-0.1500088957,-0.7976026964
1350000000,-0.2334779042,-0.777242697
1360000000,-0.3144695357,-0.7481247457
1370000000,-0.3920442289,-0.7105026165
1380000000,-0.465276328,-0.664739429
1390000000,-0.5332702532,-0.6113112159
1400000000,-0.5951777126,-0.5508067536
1410000000,-0.6502167715,-0.4839235842
1420000000,-0.6976899628,-0.4114601425
1430000000,-0.7370012192,-0.3343030047
1440000000,-0.7676705321,-0.253411086
1450000000,-0.7893443586,-0.1697963336
1460000000,-0.8018020802,-0.08450247729
1470000000,-0.8049577938,0.00141655904
1480000000,-0.7988573052,0.08691785812
1490000000,-0.783670842,0.1709887095
1500000000,-0.7596823193,0.2526632112
1510000000,-0.7272768719,0.3310351218
1520000000,-0.6869260879,0.4052670416
1530000000,-0.6391740557,0.4745959892
1540000000,-0.5846237553,0.5383355076
1550000000,-0.5239254597,0.5958749632
1560000000,-0.4577670078,0.6466774424
1570000000,-0.3868668742,0.6902760732
1580000000,-0.3119691976,0.7262706132
1590000000,-0.2338414648,0.7543246299
1600000000,-0.1532735239,0.7741640412
1610000000,-0.07107748842,0.785577348
1620000000,0.01191195557,0.7884182886
1630000000,0.09483788584,0.7826102191
1640000000,0.1768234613,0.768152506
1650000000,0.2569756635,0.7451283766
1660000000,0.334392361,0.7137130766
1670000000,0.4081725268,0.6741816469
1680000000,0.4774292849,0.6269157041
1690000000,0.5413060516,0.5724070825
1700000000,0.598994785,0.5112586902
1710000000,0.6497552225,0.4441802645
1720000000,0.6929340139,0.3719801724
1730000000,0.7279825909,0.2955520021
1740000000,0.7544716033,0.2158576806
1750000000,0.7721016959,0.1339062172
1760000000,0.7807090603,0.0507314013
1770000000,0.7802659087,-0.03263128218
1780000000,0.7708755678,-0.115166961
1790000000,0.7527631475,-0.1959011675
1800000000,0.7262624916,-0.2739158478
1810000000,0.6918008417,-0.3483617323
1820000000,0.6498825828,-0.4184656322
1830000000,0.6010732325,-0.4835342857
1840000000,0.5459848302,-0.5429534189
1850000000,0.4852639195,-0.5961847793
1860000000,0.419582149,-0.6427608336
1870000000,0.3496301893,-0.6822786223
1880000000,0.276114673,-0.7143940029
1890000000,0.199757823,-0.7388166496
1900000000,0.1212989943,-0.7553076143
1910000000,0.04149783774,-0.7636785743
1920000000,-0.03886262486,-0.7637948624
1930000000,-0.1189733256,-0.7555804395
1940000000,-0.1979982005,-0.7390266611
1950000000,-0.2750765016,-0.7142019784
1960000000,-0.3493281193,-0.681263977
1970000000,-0.4198632124,-0.6404707968
1980000000,-0.4857965876,-0.5921913839
1990000000,-0.5462657154,-0.536913234
2000000000,-0.6004524931,-0.4752453416
2010000000,-0.6476067736,-0.4079162133
2020000000,-0.6870706262,-0.3357653252
2030000000,-0.7183011389,-0.2597283284
2040000000,-0.7408889603,-0.1808160553
2050000000,-0.7545723822,-0.1000891845
2060000000,-0.7592443069,-0.01862963053
2070000000,-0.7549518253,0.06248894216
2080000000,-0.7418888767,0.1422290158
2090000000,-0.7203824651,0.2196138571
2100000000,-0.6908738775,0.2937471967
2110000000,-0.6538968287,0.3638270407
2120000000,-0.6100545399,0.4291524444
2130000000,-0.5599973546,0.4891253091
2140000000,-0.5044029502,0.5432460608
2150000000,-0.443959757,0.591105501
2160000000,-0.3793547472,0.6323741944
2170000000,-0.3112656571,0.6667903343
2180000000,-0.2403577583,0.6941475843
2190000000,-0.1672840032,0.7142843849
2200000000,-0.0926893098,0.7270753649
2210000000,-0.01721651685,0.7324253241
2220000000,0.05848581416,0.7302675408
2230000000,0.133755384,0.7205648199
2240000000,0.207908572,0.7033152711
2250000000,0.2802353602,0.678560733
2260000000,0.3499963113,0.6463990885
2270000000,0.4164245171,0.6069981189
2280000000,0.4787317157,0.5606106394
2290000000,0.5361197759,0.5075893412
2300000000,0.5877977915,0.4483990423
2310000000,0.6330039351,0.383625097
2320000000,0.6710308375,0.3139766732
2330000000,0.7012536637,0.2402820271
2340000000,0.723157112,0.1634770456
2350000000,0.7363603698,0.0845849838
2360000000,0.7406365283,0.00469046204
2370000000,0.7359249682,-0.0750926534
2380000000,0.7223345998,-0.1536551817
2390000000,0.7001387329,-0.2299268853
2400000000,0.6697605424,-0.3029069919
2410000000,0.6317524929,-0.3716900402
2420000000,0.5867696108,-0.4354839151
2430000000,0.5355420728,-0.4936204338
2440000000,0.4788463885,-0.5455577384
2450000000,0.4174803142,-0.5908759244
2460000000,0.3522408651,-0.6292671092
2470000000,0.2839078834,-0.6605215489
2480000000,0.2132334864,-0.6845120762
2490000000,0.1409361282,-0.7011780763
2500000000,0.06770012687,-0.7105106413
2510000000,-0.005821160201,-0.7125402897
2520000000,-0.07899850178,-0.7073275682
2530000000,-0.1512191966,-0.6949576092
2540000000,-0.2218775872,-0.6755384418
2550000000,-0.290366816,-0.6492033494
2560000000,-0.3560717666,-0.6161166063
2570000000,-0.4183642127,-0.5764824833
2580000000,-0.4766017721,-0.5305569203
2590000000,-0.5301309196,-0.478659887
2600000000,-0.578294496,-0.4211884575
2610000000,-0.6204437848,-0.3586285612
2620000000,-0.655955833,-0.2915635192
2630000000,-0.6842537932,-0.2206789819
2640000000,-0.7048302253,-0.1467615291
2650000000,-0.717271499,-0.07069131986
2660000000,-0.7212801265,0.006572680903
2670000000,-0.7166944018,0.08401357651
2680000000,-0.7035024217,0.1605832847
2690000000,-0.6818484944,0.2352322422
2700000000,-0.6520320151,0.3069407738
2710000000,-0.6144982325,0.3747492132
2720000000,-0.5698213031,0.4377837454
2730000000,-0.5186826354,0.4952771356
2740000000,-0.4618445556,0.5465822499
2750000000,-0.4001241661,0.5911782245
2760000000,-0.3343669558,0.6286694865
2770000000,-0.2654245538,0.6587794085
2780000000,-0.1941358886,0.681338875
2790000000,-0.1213139603,0.696272407
2800000000,-0.04773757065,0.7035832239
2810000000,0.02585216548,0.7033388811
2820000000,0.09875086932,0.695658702
2830000000,0.1702876563,0.680703972
2840000000,0.2398184779,0.6586710502
2850000000,0.3067202582,0.6297888682
2860000000,0.3703839706,0.5943193557
2870000000,0.4302097872,0.5525609906
2880000000,0.4856045021,0.5048554724
2890000000,0.5359817109,0.4515958861
2900000000,0.580765799,0.3932356858
2910000000,0.6193998689,0.3302973956
2920000000,0.6513573813,0.2633798032
2930000000,0.6761576519,0.1931619769
2940000000,0.6933829149,0.1204036092
2950000000,0.702698326,0.0459398768
2960000000,0.7038701186,-0.0293287446
2970000000,0.6967828249,-0.1044528066
2980000000,0.6814522297,-0.1784544226
2990000000,0.6580334931,-0.2503522947
3000000000,0.626822196,-0.319188312
3010000000,0.5882490999,-0.3840543231
3020000000,0.5428683413,-0.444116812
3030000000,0.4913391894,-0.4986376393
3040000000,0.4344046577,-0.5469893733
3050000000,0.3728672254,-0.5886641875
3060000000,0.3075645582,-0.6232766102
3070000000,0.2393466538,-0.6505603602
3080000000,0.1690560711,-0.6703598251
3090000000,0.09751259788,-0.6826191244
3100000000,0.02550185404,-0.6873676595
3110000000,-0.04623079984,-0.684706665
3120000000,-0.116982557,-0.6747956067
3130000000,-0.1860919336,-0.6578405047
3140000000,-0.2529348878,-0.6340854448
3150000000,-0.3169192074,-0.6038064429
3160000000,-0.377478619,-0.5673088088
3170000000,-0.4340673337,-0.5249280396
3180000000,-0.4861556622,-0.4770322277
3190000000,-0.5332281654,-0.4240283173
3200000000,-0.5747842087,-0.3663682449
3210000000,-0.6103420128,-0.3045565197
3220000000,-0.6394458699,-0.2391572668
3230000000,-0.6616767272,-0.1707993555
3240000000,-0.6766656046,-0.1001789833
3250000000,-0.6841092173,-0.0280590637
3260000000,-0.6837865624,0.04473660418
3270000000,-0.6755752086,0.1173330512
3280000000,-0.6594658234,0.1888197451
3290000000,-0.6355730038,0.2582695749
3300000000,-0.6041419216,0.3247619584
3310000000,-0.5655488735,0.3874072813
3320000000,-0.5202955667,0.4453716194
3330000000,-0.4689976872,0.4978998098
3340000000,-0.4123678621,0.5443348319
3350000000,-0.3511949957,0.5841325125
3360000000,-0.2863207349,0.6168702152
3370000000,-0.2186157462,0.6422499863
3380000000,-0.1489572392,0.6600953285
3390000000,-0.07820883028,0.6703441637
3400000000,-0.007204371743,0.6730371525
3410000000,0.06326421167,0.6683046226
3420000000,0.1324544677,0.656351885
3430000000,0.1996771432,0.6374455211
3440000000,0.2642961285,0.6119011398
3450000000,0.3257261836,0.5800724736
3460000000,0.3834283324,0.5423441469
3470000000,0.4369049627,0.4991264467
3480000000,0.4856944068,0.4508532856
3490000000,0.5293670598,0.3979819828
3500000000,0.5675220722,0.3409958259
3510000000,0.5997867005,0.2804072631
3520000000,0.6258175215,0.2167622631
3530000000,0.6453045359,0.1506440983
3540000000,0.6579769908,0.08267718655
3550000000,0.6636119488,0.01352819607
3560000000,0.662044246,-0.05609413603
3570000000,0.6531776012,-0.1254425882
3580000000,0.6369955485,-0.1937382114
3590000000,0.6135719652,-0.26018003
3600000000,0.5830796118,-0.3239585208
3610000000,0.5457958869,-0.3842714231
3620000000,0.5021050548,-0.4403415098
3630000000,0.4524963958,-0.4914351957
3640000000,0.3975578432,-0.5368811275
3650000000,0.3379655597,-0.5760868676
3660000000,0.2744700539,-0.6085534595
3670000000,0.2078790973,-0.6338860652
3680000000,0.1390394633,-0.6518006758
3690000000,0.06881782264,-0.6621266127
3700000000,-0.001917670394,-0.6648049762
3710000000,-0.07231369463,-0.6598833147
3720000000,-0.1415465776,-0.6475077745
3730000000,-0.2088331316,-0.6279131537
3740000000,-0.2734393559,-0.6014118911
3750000000,-0.334685721,-0.5683832701
3760000000,-0.3919501575,-0.5292627729
3770000000,-0.4446690764,-0.4845330754
3780000000,-0.4923366912,-0.4347161635
3790000000,-0.5345039551,-0.3803673323
3800000000,-0.5707769325,-0.322070361
3810000000,-0.6008155387,-0.2604347054
3820000000,-0.624333542,-0.1960927644
3830000000,-0.6410984331,-0.1296988429
3840000000,-0.6509334537,-0.06192702497
3850000000,-0.6537201065,0.006530099029
3860000000,-0.6494015701,0.07496446132
3870000000,-0.6379869976,0.1426559165
3880000000,-0.6195555864,0.2088775483
3890000000,-0.5942609092,0.2729023007
3900000000,-0.5623342254,0.3340110176
3910000000,-0.5240865264,0.3915019856
3920000000,-0.4799092047,0.4447016542
3930000000,-0.4302725858,0.4929756726
3940000000,-0.375722167,0.5357406169
3950000000,-0.316873029,0.5724748898
3960000000,-0.2544018237,0.6027287816
3970000000,-0.1890364514,0.6261334177
3980000000,-0.1215452216,0.6424073575
3990000000,-0.05272443137,0.6513613709
4000000000,0.01661483724,0.6529009189
4010000000,0.08565930254,0.6470262858
4020000000,0.1536056055,0.6338306474
4030000000,0.2196721648,0.6134964251
4040000000,0.2831088326,0.586289969
4050000000,0.3432055657,0.5525556237
4060000000,0.3993005095,0.5127083264
4070000000,0.4507850065,0.4672265162
4080000000,0.4971091177,0.4166449269
4090000000,0.5377848231,0.36154708
4100000000,0.572389166,0.3025586708
4110000000,0.6005665331,0.2403404642
4120000000,0.622030224,0.1755822766
4130000000,0.6365645886,0.1089966105
4140000000,0.6440258398,0.04131239122
4150000000,0.6443437105,-0.02673115097
4160000000,0.637521969,-0.09439103098
4170000000,0.6236394964,-0.1609271008
4180000000,0.6028500429,-0.2256093268
4190000000,0.5753823169,-0.2877249577
4200000000,0.5415383532,-0.3465866576
4210000000,0.501691634,-0.4015397964
4220000000,0.4562840973,-0.451970717
4230000000,0.4058218333,-0.4973143547
4240000000,0.3508699713,-0.5370616902
4250000000,0.2920464767,-0.5707662968
4260000000,0.2300148338,-0.5980503881
4270000000,0.1654761638,-0.6186099282
4280000000,0.09916069654,-0.632218401
4290000000,0.0318185284,-0.6387296591
4300000000,-0.03578959146,-0.6380794911
4310000000,-0.1029012156,-0.6302860904
4320000000,-0.1687616204,-0.6154493954
4330000000,-0.2326326925,-0.593748851
4340000000,-0.2938010477,-0.5654414001
4350000000,-0.3515861225,-0.5308575442
4360000000,-0.4053477803,-0.4903970032
4370000000,-0.4544925341,-0.4445240713
4380000000,-0.4984802992,-0.3937620552
4390000000,-0.5368296392,-0.3386869332
4400000000,-0.5691229923,-0.2799216398
4410000000,-0.5950108687,-0.2181285797
4420000000,-0.6142155554,-0.1540026417
4430000000,-0.6265342168,-0.08826358623
4440000000,-0.6318409784,-0.02164808334
4450000000,-0.6300886631,0.0450983523
4460000000,-0.6213089827,0.1112298838
4470000000,-0.6056125486,0.1760087593
4480000000,-0.5831874284,0.2387135238
4490000000,-0.5542969656,0.2986476285
4500000000,-0.5192765871,0.3551470869
4510000000,-0.4785299707,0.4075882578
4520000000,-0.4325236525,0.455394856
4530000000,-0.3817817514,0.498044112
4540000000,-0.3268796004,0.5350726561
4550000000,-0.268436791,0.5660813946
4560000000,-0.2071099393,0.5907391252
4570000000,-0.1435853167,0.6087860084
4580000000,-0.0785710075,0.6200357883
4590000000,-0.01278930077,0.6243771774
4600000000,0.05303123715,0.6217746776
4610000000,0.1181631039,0.6122685098
4620000000,0.18188797,0.5959737742
4630000000,0.2435034827,0.5730793918
4640000000,0.3023309141,0.5438457856
4650000000,0.3577221559,0.5086022499
4660000000,0.4090663569,0.4677439052
4670000000,0.4557967381,0.4217276998
4680000000,0.497396768,0.3710675407
4690000000,0.5334060425,0.3163297365
4700000000,0.56342565,0.2581262843
4710000000,0.5871232375,0.1971089886
4720000000,0.6042368715,0.13396202
4730000000,0.6145787699,0.0693942038
4740000000,0.6180376641,0.004131184975
4750000000,0.6145805189,-0.06109339195
4760000000,0.6042529504,-0.1255462326
4770000000,0.5871790878,-0.1885033088
4780000000,0.5635596229,-0.2492582574
4790000000,0.5336699379,-0.3071308165
4800000000,0.4978558884,-0.3614748162
4810000000,0.4565302428,-0.4116854242
4820000000,0.4101669338,-0.4572061516
4830000000,0.359295873,-0.4975348567
4840000000,0.3044962007,-0.532229118
4850000000,0.2463897553,-0.5609110139
4860000000,0.1856339462,-0.5832709972
4870000000,0.1229142756,-0.5990708265
4880000000,0.0589368973,-0.6081463647
4890000000,-0.005579518411,-0.6104088362
4900000000,-0.06991129842,-0.6058459169
4910000000,-0.1333380147,-0.5945220134
4920000000,-0.195150417,-0.5765772501
4930000000,-0.2546585269,-0.5522264031
4940000000,-0.3111994083,-0.5217563794
4950000000,-0.3641450863,-0.4855229498
4960000000,-0.4129097991,-0.4439469025
4970000000,-0.45695706,-0.3975087278
4980000000,-0.4958057553,-0.3467431125
4990000000,-0.5290362685,-0.2922318784
5000000000,-0.5562948368,-0.2345971384
5010000000,-0.5772973846,-0.1744929989
5020000000,-0.5918323794,-0.1125977343
5030000000,-0.5997622356,-0.04960512062
5040000000,-0.6010240028,0.01378368751
5050000000,-0.5956284856,0.07686855287
5060000000,-0.5836591477,0.1389578377
5070000000,-0.5652695083,0.1993759733
5080000000,-0.540680199,0.2574696728
5090000000,-0.5101756904,0.3126144686
5100000000,-0.4741001919,0.3642197216
5110000000,-0.4328537553,0.4117335289
5120000000,-0.3868884329,0.4546473236
5130000000,-0.3367037861,0.4924995079
5140000000,-0.2828431037,0.5248795415
5150000000,-0.2258889401,0.5514314133
5160000000,-0.1664587129,0.5718575135
5170000000,-0.1052002695,0.5859220294
5180000000,-0.04278645904,0.5934549438
5190000000,0.02009054397,0.5943552101
5200000000,0.08272587001,0.5885946142
5210000000,0.1444091304,0.5762203523
5220000000,0.2044332223,0.5573572832
5230000000,0.2621031278,0.5322093858
5240000000,0.3167461591,0.5010591554
5250000000,0.3677217171,0.464266334
5260000000,0.4144324384,0.4222642894
5270000000,0.4563337403,0.3755545699
5280000000,0.4929433774,0.3246998916
5290000000,0.523849616,0.2703150754
5300000000,0.5487174304,0.2130569403
5310000000,0.5672932649,0.1536126386
5320000000,0.5794072385,0.09268837302
5330000000,0.5849734594,0.03099686541
5340000000,0.5839878287,-0.03075321436
5350000000,0.5765245456,-0.09186799507
5360000000,0.5627304123,-0.1516772905
5370000000,0.5428190172,-0.2095416441
5380000000,0.5170632608,-0.2648584248
5390000000,0.4857889182,-0.3170652105
5400000000,0.4493671992,-0.3656423609
5410000000,0.4082097281,-0.410114315
5420000000,0.3627626168,-0.450049551
5430000000,0.3135031852,-0.4850605983
5440000000,0.2609368263,-0.5148033803
5450000000,0.2055949595,-0.5389776871
5460000000,0.1480343168,-0.5573275347
5470000000,0.0888359332,-0.569642897
5480000000,0.02860435245,-0.5757628623
5490000000,-0.03203367015,-0.5755789928
5500000000,-0.09243131579,-0.5690409315
5510000000,-0.151925325,-0.5561614229
5520000000,-0.2098418683,-0.5370230437
5530000000,-0.2655037398,-0.5117834218
5540000000,-0.3182402571,-0.4806802556
5550000000,-0.3673987712,-0.4440342272
5560000000,-0.4123580347,-0.4022503686
5570000000,-0.4525423261,-0.355815223
5580000000,-0.4874357705,-0.3052917536
5590000000,-0.5165958836,-0.2513106368
5600000000,-0.5396648927,-0.1945584234
5610000000,-0.5563792015,-0.1357625317
5620000000,-0.5665747605,-0.07567520535
5630000000,-0.5701886785,-0.01505593815
5640000000,-0.5672572752,0.04534493553
5650000000,-0.5579102953,0.1048026755
5660000000,-0.542361942,0.1626312496
5670000000,-0.520900073,0.2181936625
5680000000,-0.4938734816,0.2709097175
5690000000,-0.4616794607,0.3202598213
5700000000,-0.4247514769,0.3657857581
5710000000,-0.3835487028,0.4070887892
5720000000,-0.3385465303,0.443826409
5730000000,-0.2902309505,0.4757063544
5740000000,-0.2390934341,0.5024817071
5750000000,-0.1856298386,0.523944842
5760000000,-0.1303405004,0.5399230367
5770000000,-0.07373155018,0.5502750954
5780000000,-0.01631928996,0.5548900155
5790000000,0.04136737767,0.5536875903
5800000000,0.0987825534,0.5466216339
5810000000,0.1553617345,0.5336851846
5820000000,0.2105199778,0.5149176762
5830000000,0.2636543995,0.4904137548
5840000000,0.3141478475,0.4603327475
5850000000,0.3613776623,0.424907887
5860000000,0.4047260409,0.3844549677
5870000000,0.4435956134,0.3393772478
5880000000,0.4774260708,0.2901682797
5890000000,0.5057130148,0.2374092523
5900000000,0.5280270461,0.1817615876
5910000000,0.5440309284,0.1239547503
5920000000,0.5534943974,0.06476837702
5930000000,0.5563035159,0.005011762017
5940000000,0.5524653946,-0.05449987294
5950000000,0.5421060639,-0.1129687011
5960000000,0.5254629459,-0.1696367606
5970000000,0.5028720132,-0.2238046861
5980000000,0.474751279,-0.2748468239
5990000000,0.4415814139,-0.3222206867
6000000000,0.4038869946,-0.365470877
6010000000,0.3622170925,-0.4042286732
6020000000,0.3171295565,-0.4382064181
6030000000,0.2691776751,-0.4671895454
6040000000,0.2189005558,-0.4910264207
6050000000,0.1668175218,-0.5096168462
6060000000,0.1134262267,-0.5229012349
6070000000,0.05920287742,-0.530851201
6080000000,0.00460716042,-0.5334611687
6090000000,-0.04991319169,-0.5307433176
6100000000,-0.1039151724,-0.522724528
6110000000,-0.1569536298,-0.5094466551
6120000000,-0.2085742213,-0.4909697757
6130000000,-0.2583084952,-0.4673778767
6140000000,-0.3056704499,-0.4387872027
6150000000,-0.3501555791,-0.4053566925
6160000000,-0.3912443542,-0.3672989836
6170000000,-0.4284089999,-0.324891845
6180000000,-0.4611242895,-0.2784884604
6190000000,-0.4888825657,-0.2285253783
6200000000,-0.5112122297,-0.1755258761
6210000000,-0.5276979402,-0.1200994457
6220000000,-0.538001756,-0.06293438993
6230000000,-0.5418830347,-0.004784652464
6240000000,-0.5392144342,0.05354915977
6250000000,-0.5299936207,0.1112434859
6260000000,-0.5143474029,0.1674782908
6270000000,-0.4925289593,0.2214644239
6280000000,-0.4649077669,0.2724688588
6290000000,-0.4319533174,0.3198361374
6300000000,-0.3942139755,0.3630043309
6310000000,-0.3522940041,0.4015140939
6320000000,-0.3068291467,0.4350112449
6330000000,-0.2584651981,0.4632432184
6340000000,-0.2078389782,0.4860500504
6350000000,-0.1555639382,0.5033526312
6360000000,-0.1022205104,0.515138364
6370000000,-0.04835132322,0.5214464747
6380000000,0.005539214887,0.5223546262
6390000000,0.05898203918,0.5179670873
6400000000,0.1115378679,0.508405786
6410000000,0.1627890653,0.4938041638
6420000000,0.2123321365,0.4743049011
6430000000,0.2597687399,0.4500601899
6440000000,0.3046989748,0.4212357291
6450000000,0.3467153765,0.3880172409
6460000000,0.3854006402,0.3506190331
6470000000,0.4203274209,0.309294731
6480000000,0.451062481,0.2643474176
6490000000,0.4771744793,0.2161408165
6500000000,0.4982460738,0.1651075624
6510000000,0.5138894153,0.1117546975
6520000000,0.5237642632,0.05666550083
6530000000,0.5275980861,0.0004948396729
6540000000,0.5252052317,-0.0560402022
6550000000,0.5165042472,-0.1121768541
6560000000,0.5015309653,-0.1671272806
6570000000,0.4804456101,-0.2201040685
6580000000,0.4535326548,-0.2703468302
6590000000,0.4211933944,-0.3171488785
6600000000,0.3839315874,-0.3598798081
6610000000,0.3423330545,-0.3980045697
6620000000,0.297042621,-0.431094376
6630000000,0.2487386321,-0.4588319388
6640000000,0.1981089834,-0.4810092612
6650000000,0.1458303223,-0.497519341
6660000000,0.09255096565,-0.5083440048
6670000000,0.03887941558,-0.5135387379
6680000000,-0.01462270204,-0.5132167382
6690000000,-0.067441692,-0.5075333177
6700000000,-0.1191094993,-0.4966724067
6710000000,-0.1691983361,-0.4808357634
6720000000,-0.2173126141,-0.4602351132
6730000000,-0.2630800071,-0.4350883486
6740000000,-0.306142975,-0.4056187304
6750000000,-0.3461504605,-0.3720574465
6760000000,-0.3827514771,-0.3346494215
6770000000,-0.4155913268,-0.2936614198
6780000000,-0.4443110485,-0.2493911757
6790000000,-0.4685498693,-0.2021779324
6800000000,-0.4879523951,-0.1524126197
6810000000,-0.5021787572,-0.100546107
6820000000,-0.5109195778,-0.0470952283
6830000000,-0.5139125173,0.007355720794
6840000000,-0.5109616707,0.06215782321
6850000000,-0.5019561392,0.1166077067
6860000000,-0.486887337,0.169962198
6870000000,-0.4658619847,0.2214590194
6880000000,-0.4391092582,0.2703423718
6890000000,-0.4069813158,0.3158894124
6900000000,-0.369945367,0.3574375263
6910000000,-0.3285691116,0.3944084247
6920000000,-0.2834987885,0.426327491
6930000000,-0.2354348019,0.4528355269
6940000000,-0.1851040853,0.4736940837
6950000000,-0.133234347,0.4887821399
6960000000,-0.08053080551,0.4980873723
6970000000,-0.02765753837,0.5016914564
6980000000,0.02477513274,0.4997529489
6990000000,0.07621784076,0.4924888091
7000000000,0.1261841267,0.4801567639
7010000000,0.1742471609,0.463039093
7020000000,0.2200341081,0.4414299048
7030000000,0.2632165046,0.4156255946
7040000000,0.3035009188,0.3859190899
7050000000,0.3406188289,0.352597387
7060000000,0.3743168678,0.3159430578
7070000000,0.4043493564,0.2762378399
7080000000,0.4304721055,0.2337690928
7090000000,0.4524392378,0.1888381591
7100000000,0.4700029511,0.1417694816
7110000000,0.4829167571,0.09291992107
7120000000,0.4909418539,0.04268740797
7130000000,0.4938570135,-0.008481044485
7140000000,0.4914715703,-0.06008535658
7150000000,0.4836403352,-0.1115715902
7160000000,0.4702805851,-0.1623349979
7170000000,0.4513881362,-0.2117286182
7180000000,0.427052328,-0.2590782623
7190000000,0.397467182,-0.3037001379
7200000000,0.3629376712,-0.3449240909
7210000000,0.3238796336,-0.382117967
7220000000,0.2808123969,-0.4147125402
7230000000,0.2343450397,-0.4422238279
7240000000,0.185156787,-0.4642705486
7250000000,0.1339722309,-0.4805867779
7260000000,0.08153654769,-0.4910258753
7270000000,0.02858937611,-0.4955586873
7280000000,-0.02415764299,-0.4942642441
7290000000,-0.07603985719,-0.4873164997
7300000000,-0.1264523193,-0.4749667839
7310000000,-0.1748580125,-0.4575257489
7320000000,-0.2207895803,-0.4353451228
7330000000,-0.2638473277,-0.4088017286
7340000000,-0.303693537,-0.378283765
7350000000,-0.3400439976,-0.3441810401
7360000000,-0.3726589606,-0.3068781399
7370000000,-0.4013331986,-0.2667521715
7380000000,-0.4258878296,-0.2241714516
7390000000,-0.4461626809,-0.179499609
7400000000,-0.4620110572,-0.1330990764
7410000000,-0.4732969185,-0.0853375788
7420000000,-0.4798941537,-0.03659445658
7430000000,-0.4816892373,0.01273228483
7440000000,-0.4785858234,0.06222115643
7450000000,-0.4705119027,0.1114220957
7460000000,-0.457429008,0.1598547797
7470000000,-0.4393425706,0.2070090563
7480000000,-0.4163130909,0.2523489696
7490000000,-0.3884665042,0.295320295
7500000000,-0.3560039035,0.3353608227
7510000000,-0.3192075264,0.3719150022
7520000000,-0.2784445287,0.4044495809
7530000000,-0.2341657671,0.4324713436
7540000000,-0.1868998563,0.4555449981
7550000000,-0.1372430703,0.4733088657
7560000000,-0.08584482504,0.4854883981
7570000000,-0.03339035784,0.4919054328
7580000000,0.01941837173,0.4924830985
7590000000,0.07188241911,0.4872453111
7600000000,0.1233236215,0.4763120647
7610000000,0.1731007205,0.459890311
7620000000,0.2206210444,0.4382626397
7630000000,0.2653501558,0.4117736272
7640000000,0.3068153248,0.3808159997
7650000000,0.3446072913,0.3458177999
7660000000,0.3783782272,0.307230641
7670000000,0.4078379535,0.265520443
7680000000,0.4327487452,0.2211603402
7690000000,0.452919507,0.1746263393
7700000000,0.4682009332,0.1263950319
7710000000,0.4784806578,0.07694300972
7720000000,0.4836808349,0.02674817684
7730000000,0.4837564075,-0.02370961428
7740000000,0.4786957376,-0.07394514086
7750000000,0.4685223927,-0.1234680204
7760000000,0.4532988745,-0.1717813651
7770000000,0.4331307326,-0.2183832625
7780000000,0.4081721298,-0.2627691149
7790000000,0.3786302448,-0.3044371253
7800000000,0.3447701204,-0.3428944898
7810000000,0.3069174121,-0.3776662162
7820000000,0.2654595105,-0.408305257
7830000000,0.2208445835,-0.4344032819
7840000000,0.1735772404,-0.4556021234
7850000000,0.1242123061,-0.4716039611
7860000000,0.07334558106,-0.4821809827
7870000000,0.02160207897,-0.4871825074
7880000000,-0.03037606826,-0.4865392989
7890000000,-0.08194350251,-0.4802657154
7900000000,-0.1324652426,-0.468458137
7910000000,-0.1813290471,-0.4512911442
7920000000,-0.2279560545,-0.4290110105
7930000000,-0.2718106386,-0.4019277422
7940000000,-0.3124063745,-0.3704058414
7950000000,-0.3493107238,-0.3348545702
7960000000,-0.3821471244,-0.2957190539
7970000000,-0.4105953814,-0.2534712748
7980000000,-0.4343908445,-0.2086028379
7990000000,-0.4533224214,-0.161618699
8000000000,-0.4672301891,-0.1130323598
8010000000,-0.476003164,-0.06336234638
8020000000,-0.4795774292,-0.01312891019
8030000000,-0.4779347107,0.0371471017
8040000000,-0.4711018838,0.08694685402
8050000000,-0.4591510794,0.1357546708
8060000000,-0.4422004381,0.1830606344
8070000000,-0.4204154396,0.2283630824
8080000000,-0.3940103407,0.2711726034
8090000000,-0.3632490558,0.3110164053
8100000000,-0.3284460491,0.3474440744
8110000000,-0.2899663205,0.3800340959
8120000000,-0.24822344,0.4084006887
8130000000,-0.2036770783,0.4322011851
8140000000,-0.1568283094,0.4511434172
8150000000,-0.1082138288,0.4649920908
8160000000,-0.05839837574,0.4735746699
8170000000,-0.00796631815,0.4767855007
8180000000,0.04248825621,0.4745888508
8190000000,0.09237095166,0.4670195475
8200000000,0.1410971175,0.4541824135
8210000000,0.1881014814,0.4362492051
8220000000,0.2328463104,0.4134548495
8230000000,0.274829091,0.3860917143
8240000000,0.3135884491,0.354503508
8250000000,0.3487093354,0.3190781835
8260000000,0.3798255458,0.2802414518
8270000000,0.4066226847,0.2384490909
8280000000,0.4288387305,0.1941813567
8290000000,0.446264506,0.1479365902
8300000000,0.4587432573,0.100225528
8310000000,0.4661702704,0.05156736619
8320000000,0.4684918683,0.002484450969
8330000000,0.4657049186,-0.04650111878
8340000000,0.4578558579,-0.09487102531
8350000000,0.4450402761,-0.1421149132
8360000000,0.4274024212,-0.187734018
8370000000,0.4051343382,-0.2312450877
8380000000,0.3784752304,-0.2721842768
8390000000,0.3477104127,-0.3101122871
8400000000,0.3131691389,-0.3446187875
8410000000,0.2752230913,-0.3753271231
8420000000,0.2342828699,-0.4018997057
8430000000,0.1907938467,-0.4240421581
8440000000,0.1452325041,-0.4415080388
8450000000,0.09810020901,-0.4541023939
8460000000,0.04991794836,-0.461684942
8470000000,0.001219022715,-0.464172107
8480000000,-0.04745646478,-0.4615383071
8490000000,-0.09556984534,-0.4538161939
8500000000,-0.1425890912,-0.4410958909
8510000000,-0.1879965406,-0.4235234532
8520000000,-0.2312935661,-0.4012985825
8530000000,-0.272007289,-0.3746712969
8540000000,-0.3096943767,-0.343938982
8550000000,-0.3439461713,-0.3094419164
8560000000,-0.3743916567,-0.271559882
8570000000,-0.4007009821,-0.2307076611
8580000000,-0.4225886345,-0.1873308343
8590000000,-0.4398153683,-0.1419014842
8600000000,-0.4521908236,-0.09491390596
8610000000,-0.4595751259,-0.04688008809
8620000000,-0.4618811791,0.001674950683
8630000000,-0.4590755574,0.05021823807
8640000000,-0.4511801124,0.09821377681
8650000000,-0.4382726878,0.1451281393
8660000000,-0.4204873351,0.1904363597
8670000000,-0.3980140382,0.2336280543
8680000000,-0.3710974333,0.2742137651
8690000000,-0.3400351993,0.3117314109
8700000000,-0.3051749269,0.3457521931
8710000000,-0.2669102843,0.375887263
8720000000,-0.2256763833,0.4017927637
8730000000,-0.1819443392,0.4231748509
8740000000,-0.1362147204,0.439793887
8750000000,-0.08901114525,0.4514674662
8760000000,-0.04087264294,0.4580723489
8770000000,0.007653434067,0.4595458006
8780000000,0.0560179318,0.4558851561
8790000000,0.1036782638,0.4471468768
8800000000,0.1501032412,0.4334448552
8810000000,0.1947802304,0.4149478663
8820000000,0.237219724,0.3918760161
8830000000,0.2769604948,0.3644978254
8840000000,0.3135735646,0.3331260705
8850000000,0.3466656793,0.2981140161
8860000000,0.3758827867,0.2598515247
8870000000,0.4009122532,0.2187612501
8880000000,0.4214860838,0.1752938976
8890000000,0.4373827276,0.1299252283
8900000000,0.4484292704,0.08315115216
8910000000,0.4545036604,0.03548359624
8920000000,0.4555361775,-0.01255463315
8930000000,0.4515110858,-0.06043378501
8940000000,0.4424677048,-0.107623361
8950000000,0.4285008517,-0.153598047
8960000000,0.4097612507,-0.1978423535
8970000000,0.3864543723,-0.2398585364
8980000000,0.3588390955,-0.2791716668
8990000000,0.3272252742,-0.3153362868
9000000000,0.2919702627,-0.3479426695
9010000000,0.2534743604,-0.3766220745
9020000000,0.2121768732,-0.401051581
9030000000,0.168548862,-0.420958726
9040000000,0.1230879427,-0.4361245847
9050000000,0.07631152436,-0.4463860471
9060000000,0.02874995455,-0.4516375036
9070000000,-0.0190602095,-0.4518311265
9080000000,-0.06658213857,-0.446976784
9090000000,-0.1132854925,-0.4371407377
9100000000,-0.1586518168,-0.4224440176
9110000000,-0.2021797119,-0.4030604484
9120000000,-0.2433902447,-0.3792137407
9130000000,-0.2818304355,-0.351175366
9140000000,-0.3170782835,-0.3192610652
9150000000,-0.3487462858,-0.283827783
9160000000,-0.3764850517,-0.2452707184
9170000000,-0.3999869893,-0.2040195853
9180000000,-0.4189898825,-0.160534758
9190000000,-0.4332799999,-0.1153032995
9200000000,-0.4426953271,-0.06883405486
9210000000,-0.4471285632,-0.02165268709
9220000000,-0.4465293299,0.02570441745
9230000000,-0.4409061954,0.07269599938
9240000000,-0.4303275158,0.1187834926
9250000000,-0.4149218278,0.1634375679
9260000000,-0.3948764722,0.2061461122
9270000000,-0.3704356967,0.2464212823
9280000000,-0.3418975647,0.2838068066
9290000000,-0.3096085153,0.3178847929
9300000000,-0.2739592351,0.3482808941
9310000000,-0.2353767103,0.3746700036
9320000000,-0.1943187579,0.3967790133
9330000000,-0.1512656783,0.4143896623
9340000000,-0.106713439,0.4273397342
9350000000,-0.06116656544,0.4355227254
9360000000,-0.01513135423,0.4388868561
9370000000,0.03088981167,0.4374332517
9380000000,0.07640388774,0.4312133022
9390000000,0.1209313684,0.4203257917
9400000000,0.1640099014,0.4049138937
9410000000,0.2051971175,0.3851620153
9420000000,0.2440735333,0.3612931435
9430000000,0.2802436871,0.3335663688
9440000000,0.3133386148,0.3022745477
9450000000,0.3430173559,0.2677428086
9460000000,0.3689691362,0.2303265746
9470000000,0.3909153061,0.1904104559
9480000000,0.4086126358,0.1484062687
9490000000,0.4218556991,0.1047517177
9500000000,0.4304807228,0.05990741003
9510000000,0.4343690032,0.01435419379
9520000000,0.4334506228,-0.03141073462
9530000000,0.427708107,-0.07687829849
9540000000,0.4171791261,-0.1215341043
9550000000,0.4019591431,-0.1648642009
9560000000,0.3822021725,-0.2063631275
9570000000,0.358121257,-0.2455413775
9580000000,0.3299868279,-0.281933929
9590000000,0.2981233728,-0.3151081946
9600000000,0.2629057085,-0.3446712631
9610000000,0.224753007,-0.3702770116
9620000000,0.1841212453,-0.3916318684
9630000000,0.1414964532,-0.4084985203
9640000000,0.09738582159,-0.4206991439
9650000000,0.05230996423,-0.4281167429
9660000000,0.006793854845,-0.4306947007
9670000000,-0.03863957991,-0.4284356908
9680000000,-0.08347715629,-0.4213991171
9690000000,-0.1272209862,-0.4096979888
9700000000,-0.1693940775,-0.3934951349
9710000000,-0.2095438024,-0.3729993606
9720000000,-0.2472460582,-0.3484613223
9730000000,-0.2821071893,-0.320170289
9740000000,-0.3137670149,-0.2884495145
9750000000,-0.3419001334,-0.2536540783
9760000000,-0.3662185261,-0.216166555
9770000000,-0.3864724116,-0.1763952071
9780000000,-0.4024529438,-0.1347700848
9790000000,-0.4139941016,-0.09174050772
9800000000,-0.4209742925,-0.04777102922
9810000000,-0.4233188951,-0.003338316568
9820000000,-0.4210018782,0.04107362963
9830000000,-0.4140475009,0.08497830076
9840000000,-0.4025311497,0.1278916962
9850000000,-0.3865797213,0.1693388643
9860000000,-0.3663712325,0.2088590894
9870000000,-0.3421330623,0.2460127569
9880000000,-0.3141397733,0.2803870569
9890000000,-0.2827094244,0.3116016792
9900000000,-0.2481992818,0.3393138328
9910000000,-0.2110008121,0.3632228077
9920000000,-0.171533993,0.3830729076
9930000000,-0.1302416155,0.3986559845
9940000000,-0.08758328494,0.4098129842
9950000000,-0.04402966462,0.4164343351
9960000000,-5.737595324e-05,0.4184596669
9970000000,0.04385621321,0.415877012
9980000000,0.08723697032,0.4087217238
9990000000,0.1296182618,0.3970750285
1e+10,0.1705440614,0.3810627594
1.001e+10,0.2095719285,0.3608535777
1.002e+10,0.2462768526,0.3366594294
1.003e+10,0.2802540385,0.308732857
1.004e+10,0.3111218286,0.2773674079
1.005e+10,0.3385263578,0.2428960128
1.006e+10,0.3621452325,0.2056904658
1.007e+10,0.3816929842,0.1661591442
1.008e+10,0.3969260498,0.1247445524
1.009e+10,0.4076480564,0.0819205052
1.01e+10,0.4137158331,0.03818578626
1.011e+10,0.4150439255,-0.005940832979
1.012e+10,0.4116089125,-0.0499284684
1.013e+10,0.4034521175,-0.0932433736
1.014e+10,0.3906813414,-0.1353580021
1.015e+10,0.3734694414,-0.1757612009
1.016e+10,0.3520522488,-0.2139683677
1.017e+10,0.3267234642,-0.2495309532
1.018e+10,0.2978276102,-0.2820447595
1.019e+10,0.2657524715,-0.3111564303
1.02e+10,0.2309193846,-0.3365684431
1.021e+10,0.1937733218,-0.3580416157
1.022e+10,0.1547736834,-0.3753956262
1.023e+10,0.1143845412,-0.3885074383
1.024e+10,0.07306707304,-0.3973081731
1.025e+10,0.03127294185,-0.4017785887
1.026e+10,-0.01056105926,-0.4019438821
1.027e+10,-0.05201574594,-0.3978682368
1.028e+10,-0.09269209928,-0.389649271
1.029e+10,-0.1322106974,-0.3774132282
1.03e+10,-0.1702114236,-0.3613113902
1.031e+10,-0.2063522921,-0.3415168672
1.032e+10,-0.2403071847,-0.3182232183
1.033e+10,-0.2717640164,-0.2916441787
1.034e+10,-0.3004239833,-0.2620144724
1.035e+10,-0.32600044,-0.2295918154
1.036e+10,-0.348220048,-0.1946595089
1.037e+10,-0.3668247471,-0.1575288995
1.038e+10,-0.3815750549,-0.1185429194
1.039e+10,-0.3922554993,-0.07807751136
1.04e+10,-0.3986813523,-0.03654308424
1.041e+10,-0.4007058746,0.005616376244
1.042e+10,-0.3982291427,0.04792621598
1.043e+10,-0.391206162,0.08988584578
1.044e+10,-0.3796546106,0.1309770885
1.045e+10,-0.3636611334,0.1706742492
1.046e+10,-0.3433849332,0.2084555681
1.047e+10,-0.3190591036,0.2438175127
1.048e+10,-0.2909878003,0.2762879755
1.049e+10,-0.2595407951,0.3054398834
1.05e+10,-0.2251443413,0.3309027147
1.051e+10,-0.1882697288,0.3523718736
1.052e+10,-0.1494197476,0.3696144706
1.053e+10,-0.1091148099,0.3824721817
1.054e+10,-0.06787917416,0.3908605418
1.055e+10,-0.02622791036,0.3947646388
1.056e+10,0.01534344833,0.3942330724
1.057e+10,0.05636698913,0.3893695215
1.058e+10,0.09640825813,0.3803237464
1.059e+10,0.1350690464,0.3672822224
1.06e+10,0.1719876137,0.35045992
1.061e+10,0.2068372081,0.3300926692
1.062e+10,0.2393237568,0.3064310251
1.063e+10,0.2691812838,0.2797368801
1.064e+10,0.2961685722,0.2502806132
1.065e+10,0.3200647806,0.2183404547
1.066e+10,0.3406667751,0.1842041748
1.067e+10,0.357786969,0.1481702904
1.068e+10,0.3712528251,0.1105515602
1.069e+10,0.3809075597,0.0716781158
1.07e+10,0.3866132681,0.03190061063
1.071e+10,0.3882547257,-0.008407566586
1.072e+10,0.385745485,-0.0488487623
1.073e+10,0.3790346219,-0.08900143435
1.074e+10,0.3681141348,-0.1284231196
1.075e+10,0.3530260405,-0.1666546541
1.076e+10,0.3338696752,-0.2032279315
1.077e+10,0.3108063646,-0.2376745466
1.078e+10,0.2840627559,-0.2695376601
1.079e+10,0.2539306781,-0.2983840932
1.08e+10,0.2207646906,-0.3238169417
1.081e+10,0.1849755276,-0.34548734
1.082e+10,0.1470214497,-0.3631052647
1.083e+10,0.1073966848,-0.3764471505
1.084e+10,0.06661871792,-0.385360725
1.085e+10,0.02521471552,-0.3897671567
1.086e+10,-0.01629166026,-0.3896587895
1.087e+10,-0.05739161549,-0.3850951703
1.088e+10,-0.09760150829,-0.3761960652
1.089e+10,-0.1364691895,-0.3631332649
1.09e+10,-0.1735796405,-0.3461218684
1.091e+10,-0.2085567695,-0.3254112336
1.092e+10,-0.2410632248,-0.3012774344
1.093e+10,-0.2707991374,-0.2740164665
1.094e+10,-0.29749918,-0.2439391712
1.095e+10,-0.3209293664,-0.2113680725
1.096e+10,-0.340884162,-0.1766357908
1.097e+10,-0.3571835155,-0.1400848047
1.098e+10,-0.369671904,-0.1020681763
1.099e+10,-0.3782178426,-0.06295175026
1.1e+10,-0.3827151735,-0.02311543687
1.101e+10,-0.3830859697,0.01704561824
1.102e+10,-0.3792844859,0.05711954104
1.103e+10,-0.371302343,0.09667977211
1.104e+10,-0.3591742941,0.1352867217
1.105e+10,-0.342984113,0.1724926113
1.106e+10,-0.3228693882,0.207848402
1.107e+10,-0.2990253267,0.2409122489
1.108e+10,-0.2717070237,0.2712588952
1.109e+10,-0.2412276945,0.2984921028
1.11e+10,-0.2079563733,0.3222541282
1.111e+10,-0.1723105357,0.3422376142
1.112e+10,-0.1347476074,0.3581934601
1.113e+10,-0.09575379745,0.3699378052
1.114e+10,-0.05583192069,0.3773555921
1.115e+10,-0.01548878192,0.3804008578
1.116e+10,0.02477719561,0.3790949435
1.117e+10,0.06448615546,0.3735208514
1.118e+10,0.1031857949,0.3638163817
1.119e+10,0.1404577613,0.3501658321
1.12e+10,0.1759210455,0.3327909208
1.121e+10,0.2092334299,0.3119423987
1.122e+10,0.2400905062,0.2878922926
1.123e+10,0.2682237056,0.2609276407
1.124e+10,0.2933963428,0.2313458401
1.125e+10,0.3154002985,0.1994518383
1.126e+10,0.3340517992,0.1655570218
1.127e+10,0.3491886436,0.1299800536
1.128e+10,0.3606681037,0.09304823398
1.129e+10,0.3683663705,0.05510002269
1.13e+10,0.3721797833,0.01648838299
1.131e+10,0.3720274685,-0.02241740048
1.132e+10,0.3678557142,-0.06122921533
1.133e+10,0.3596440914,-0.0995400736
1.134e+10,0.3474120817,-0.1369256061
1.135e+10,0.3312261209,-0.1729479472
1.136e+10,0.3112066759,-0.2071614598
1.137e+10,0.2875338091,-0.239122328
1.138e+10,0.2604507619,-0.2683987733
1.139e+10,0.2302649337,-0.2945836634
1.14e+10,0.1973454851,-0.3173081287
1.141e+10,0.1621169793,-0.3362538866
1.142e+10,0.125050277,-0.3511648525
1.143e+10,0.08665004251,-0.3618559924
1.144e+10,0.04744027038,-0.3682186145
1.145e+10,0.007949059114,-0.370221992
1.146e+10,-0.03130633801,-0.3679110777
1.147e+10,-0.06983309433,-0.3614005409
1.148e+10,-0.1071741142,-0.3508658095
1.149e+10,-0.1429156104,-0.3365324897
1.15e+10,-0.1766922273,-0.3186647137
1.151e+10,-0.2081884024,-0.2975533937
1.152e+10,-0.2371369256,-0.2735059809
1.153e+10,-0.2633155062,-0.2468372461
1.154e+10,-0.2865412926,-0.2178627757
1.155e+10,-0.3066648958,-0.1868946697
1.156e+10,-0.3235641229,-0.1542384625
1.157e+10,-0.3371380549,-0.1201940084
1.158e+10,-0.3473023821,-0.08505641666
1.159e+10,-0.3539857122,-0.04911913451
1.16e+10,-0.357127749,-0.01267829154
1.161e+10,-0.3566794179,0.02396366172
1.162e+10,-0.3526044237,0.06049305867
1.163e+10,-0.3448834521,0.09658171891
1.164e+10,-0.3335189586,0.131884815
1.165e+10,-0.3185421691,0.1660398229
1.166e+10,-0.3000207421,0.1986680922
1.167e+10,-0.2780662982,0.2293791429
1.168e+10,-0.2528416293,0.2577770005
1.169e+10,-0.2245666488,0.2834694759
1.17e+10,-0.1935214946,0.3060797494
1.171e+10,-0.1600476547,0.3252590949
1.172e+10,-0.124544181,0.3407004823
1.173e+10,-0.08746144557,0.3521516186
1.174e+10,-0.04929033419,0.359426176
1.175e+10,-0.0105489537,0.3624120154
1.176e+10,0.02823223049,0.3610760972
1.177e+10,0.06652734417,0.355464775
1.178e+10,0.1038297968,0.3457004996
1.179e+10,0.1396662576,0.3319740744
1.18e+10,0.173607546,0.3145347504
1.181e+10,0.2052761114,0.293677847
1.182e+10,0.2343496055,0.2697323042
1.183e+10,0.2605618885,0.2430481126
1.184e+10,0.2836999379,0.2139856347
1.185e+10,0.303599272,0.1829061816
1.186e+10,0.3201380473,0.1501659072
1.187e+10,0.3332298396,0.1161111384
1.188e+10,0.3428172495,0.08107712815
1.189e+10,0.3488655851,0.04538805018
1.19e+10,0.3513585422,0.009358536163
1.191e+10,0.3502945642,-0.02670257819
1.192e+10,0.3456855278,-0.06248869131
1.193e+10,0.3375570307,-0.09769194717
1.194e+10,0.3259503698,-0.1319995531
1.195e+10,0.3109264034,-0.1650912197
1.196e+10,0.2925701194,-0.1966383519
1.197e+10,0.2709967101,-0.2263043265
1.198e+10,0.2463575207,-0.2537474936
1.199e+10,0.2188460322,-0.278625966
1.2e+10,0.1887022991,-0.3006048724
1.201e+10,0.1562167307,-0.3193650341
1.202e+10,0.1217304263,-0.334613717
1.203e+10,0.085633223,-0.3460958607
1.204e+10,0.0483586526,-0.3536047669
1.205e+10,0.01037595449,-0.3569925159
1.206e+10,-0.02782114825,-0.3561774195
1.207e+10,-0.06572695989,-0.3511493218
1.208e+10,-0.1028377797,-0.3419711331
1.209e+10,-0.1386657854,-0.3287769685
1.21e+10,-0.1727518797,-0.3117668666
1.211e+10,-0.2046763189,-0.2911987419
1.212e+10,-0.2340669378,-0.2673783167
1.213e+10,-0.2606042643,-0.2406477455
1.214e+10,-0.2840232127,-0.2113744861
1.215e+10,-0.304112438,-0.1799409693
1.216e+10,-0.3207114178,-0.1467353685
1.217e+10,-0.3337056183,-0.1121444388
1.218e+10,-0.3430211767,-0.07654859524
1.219e+10,-0.3486191922,-0.04031922083
1.22e+10,-0.3504906837,-0.003817346397
1.221e+10,-0.3486522567,0.03260594276
1.222e+10,-0.3431430052,0.06860764702
1.223e+10,-0.3340232825,0.1038507559
1.224e+10,-0.321374656,0.1380025158
1.225e+10,-0.3053012369,0.1707322708
1.226e+10,-0.2859325133,0.2017107322
1.227e+10,-0.263426899,0.2306106353
1.228e+10,-0.2379754653,0.2571089328
1.229e+10,-0.2098060508,0.2808902812
1.23e+10,-0.1791864257,0.3016528516
1.231e+10,-0.1464258776,0.3191152905
1.232e+10,-0.1118757931,0.333024898
1.233e+10,-0.07592713069,0.3431669164
1.234e+10,-0.03900599717,0.349372979
1.235e+10,-0.001566707998,0.351528943
1.236e+10,0.03591772835,0.3495818339
1.237e+10,0.07296594294,0.3435434591
1.238e+10,0.1091006971,0.333491923
1.239e+10,0.1438604676,0.3195702723
1.24e+10,0.1768109159,0.3019819899
1.241e+10,0.2075541694,0.2809841935
1.242e+10,0.2357370534,0.256878767
1.243e+10,0.2610552758,0.2300030316
1.244e+10,0.2832563485,0.2007190448
1.245e+10,0.3021395175,0.1694044658
1.246e+10,0.3175531918,0.1364437173
1.247e+10,0.3293916541,0.1022212213
1.248e+10,0.3375902279,0.0671156032
1.249e+10,0.342120386,0.03149703548
1.25e+10,0.3429846905,-0.004274889207
1.251e+10,0.3402129941,-0.03985149446
1.252e+10,0.3338589519,-0.07489410542
1.253e+10,0.3239985958,-0.10907233
1.254e+10,0.3107291684,-0.1420629996
1.255e+10,0.2941703532,-0.173548144
1.256e+10,0.2744657582,-0.2032147666
1.257e+10,0.2517855897,-0.2307549506
1.258e+10,0.2263298851,-0.2558676592
1.259e+10,0.1983317418,-0.2782615701
1.26e+10,0.1680593468,-0.2976601771
1.261e+10,0.1358184953,-0.3138074368
1.262e+10,0.1019520459,-0.3264752368
1.263e+10,0.06683823239,-0.3354711411
1.264e+10,0.0308871373,-0.3406460774
1.265e+10,-0.005465351739,-0.3419019209
1.266e+10,-0.04176679567,-0.3391974927
1.267e+10,-0.07755662578,-0.33255266
1.268e+10,-0.1123779612,-0.3220498926
1.269e+10,-0.1457882703,-0.307833855
1.27e+10,-0.1773709002,-0.2901072313
1.271e+10,-0.2067441981,-0.2691248927
1.272e+10,-0.2335688913,-0.2451862711
1.273e+10,-0.2575542521,-0.2186257904
1.274e+10,-0.2784608175,-0.1898028572
1.275e+10,-0.2961004654,-0.1590928932
1.276e+10,-0.310335857,-0.1268776732
1.277e+10,-0.3210761762,-0.09353856392
1.278e+10,-0.3282734906,-0.05944981402
1.279e+10,-0.3319170285,-0.02497523682
1.28e+10,-0.3320286362,0.009535259008
1.281e+10,-0.3286576789,0.04374591811
1.282e+10,-0.321877136,0.07733523271
1.283e+10,-0.311780703,0.1099947563
1.284e+10,-0.2984808466,0.1414276425
1.285e+10,-0.2821084881,0.1713469315
1.286e+10,-0.2628131913,0.1994739279
1.287e+10,-0.240764544,0.2255379613
1.288e+10,-0.2161546113,0.2492763483
1.289e+10,-0.1892001256,0.2704358747
1.29e+10,-0.1601449448,0.2887753754
1.291e+10,-0.1292622121,0.3040694229
1.292e+10,-0.09685511596,0.3161136873
1.293e+10,-0.0632577859,0.324730632
1.294e+10,-0.0288322056,0.3297760841
1.295e+10,0.00603370472,0.3311456614
1.296e+10,0.04093257178,0.328781061
1.297e+10,0.07544393228,0.3226750289
1.298e+10,0.1091422566,0.3128747616
1.299e+10,0.1416069646,0.2994838703
1.3e+10,0.1724319672,0.2826610929
1.301e+10,0.2012344869,0.2626185384
1.302e+10,0.2276646385,0.239615936
1.303e+10,0.2514118125,0.213953955
1.304e+10,0.2722102225,0.1859670016
1.305e+10,0.2898424963,0.1560139287
1.306e+10,0.3041405162,0.1244695695
1.307e+10,0.3149848107,0.09171700471
1.308e+10,0.3223027434,0.05813964884
1.309e+10,0.326064478,0.02411585879
1.31e+10,0.3262795315,-0.009985983071
1.311e+10,0.3229919816,-0.04381045241
1.312e+10,0.3162763981,-0.07701724376
1.313e+10,0.3062343097,-0.109281343
1.314e+10,0.2929909832,-0.1402936682
1.315e+10,0.2766934353,-0.1697601945
1.316e+10,0.2575091887,-0.1974017267
1.317e+10,0.2356258362,-0.2229528519
1.318e+10,0.2112512428,-0.2461623982
1.319e+10,0.1846141984,-0.2667939095
1.32e+10,0.1559659246,-0.2846269729
1.321e+10,0.1255796978,-0.2994597741
1.322e+10,0.09375302941,-0.3111116727
1.323e+10,0.06080613203,-0.3194275023
1.324e+10,0.0270811828,-0.3242817509
1.325e+10,-0.007059592412,-0.3255832434
1.326e+10,-0.04123785314,-0.3232794326
1.327e+10,-0.07506367389,-0.3173607255
1.328e+10,-0.1081415073,-0.3078635531
1.329e+10,-0.1400772114,-0.2948723648
1.33e+10,-0.1704846502,-0.2785202959
1.331e+10,-0.1989941528,-0.2589885491
1.332e+10,-0.225259846,-0.236503227
1.333e+10,-0.2489655108,-0.2113317812
1.334e+10,-0.2698310763,-0.183777827
1.335e+10,-0.2876170375,-0.1541746894
1.336e+10,-0.3021269824,-0.1228789265
1.337e+10,-0.3132096969,-0.09026345697
1.338e+10,-0.3207590361,-0.05671073323
1.339e+10,-0.3247132815,-0.02260703295
1.34e+10,-0.3250531301,0.01166322051
1.341e+10,-0.3217993085,0.04572171608
1.342e+10,-0.3150100035,0.07919974728
1.343e+10,-0.3047780999,0.1117411368
1.344e+10,-0.2912285111,0.1430042594
1.345e+10,-0.2745160671,0.1726636305
1.346e+10,-0.2548237344,0.2004111018
1.347e+10,-0.2323611672,0.2259573424
1.348e+10,-0.2073635175,0.2490330613
1.349e+10,-0.1800907282,0.2693907325
1.35e+10,-0.1508266377,0.2868067431
1.351e+10,-0.1198775444,0.3010836019
1.352e+10,-0.08757160879,0.3120529778
1.353e+10,-0.05425593201,0.3195786023
1.354e+10,-0.02029464198,0.3235595446
1.355e+10,0.01393501023,0.3239332374
1.356e+10,0.04804667291,0.3206782233
1.357e+10,0.08164972105,0.3138159729
1.358e+10,0.1143551378,0.3034128007
1.359e+10,0.1457813675,0.2895794544
1.36e+10,0.1755600837,0.272471091
1.361e+10,0.2033425299,0.2522849572
1.362e+10,0.2288054087,0.2292573554
1.363e+10,0.2516550476,0.2036603553
1.364e+10,0.2716323351,0.1757966054
1.365e+10,0.2885155267,0.1459944349
1.366e+10,0.3021223101,0.114602543
1.367e+10,0.3123114716,0.08198443917
1.368e+10,0.3189828536,0.04851349766
1.369e+10,0.3220771886,0.01456787415
1.37e+10,0.321574956,-0.01947318804
1.371e+10,0.3174954078,-0.05323420945
1.372e+10,0.3098951874,-0.08634575897
1.373e+10,0.298866431,-0.1184477403
1.374e+10,0.284535674,-0.1491922563
1.375e+10,0.2670627857,-0.1782456373
1.376e+10,0.2466395485,-0.2052911922
1.377e+10,0.2234886569,-0.2300317012
1.378e+10,0.1978622764,-0.2521923947
1.379e+10,0.1700411267,-0.2715234784
1.38e+10,0.1403322972,-0.287804021
1.381e+10,0.1090672017,-0.3008448506
1.382e+10,0.07659835248,-0.3104923492
1.383e+10,0.04329591443,-0.3166313373
1.384e+10,0.009543147186,-0.3191882459
1.385e+10,-0.02426873535,-0.318133112
1.386e+10,-0.0577460774,-0.3134809976
1.387e+10,-0.09049901851,-0.3052926927
1.388e+10,-0.1221474358,-0.2936735309
1.389e+10,-0.1523272525,-0.2787722876
1.39e+10,-0.1806954962,-0.2607778376
1.391e+10,-0.2069360093,-0.2399156139
1.392e+10,-0.2307628416,-0.2164434208
1.393e+10,-0.2519234766,-0.1906460903
1.394e+10,-0.2702014049,-0.1628307474
1.395e+10,-0.2854166677,-0.1333214916
1.396e+10,-0.2974264828,-0.1024546099
1.397e+10,-0.3061246334,-0.07057453886
1.398e+10,-0.311440583,-0.03802984733
1.399e+10,-0.3133384072,-0.005169737257
1.4e+10,-0.3118150722,0.02765779905
1.401e+10,-0.3068996558,0.06010914297
1.402e+10,-0.2986520218,0.09184568995
1.403e+10,-0.2871621819,0.1225366614
1.404e+10,-0.2725501666,0.1518597288
1.405e+10,-0.254965659,0.1795033652
1.406e+10,-0.2345880992,0.2051686944
1.407e+10,-0.2116270537,0.2285722734
1.408e+10,-0.1863219767,0.2494491278
1.409e+10,-0.1589416257,0.2675566034
1.41e+10,-0.1297831214,0.2826782021
1.411e+10,-0.09917033295,0.2946281035
1.412e+10,-0.0674504159,0.3032556064
1.413e+10,-0.03499012399,0.3084494715
1.414e+10,-0.002170644254,0.310141384
1.415e+10,0.03061807893,0.3083089948
1.416e+10,0.06298439853,0.3029775969
1.417e+10,0.09454213347,0.2942204167
1.418e+10,0.1249172956,0.2821573896
1.419e+10,0.1537557378,0.2669530191
1.42e+10,0.1807288657,0.2488117893
1.421e+10,0.2055387443,0.2279741751
1.422e+10,0.2279226674,0.2047097386
1.423e+10,0.2476552,0.1793117512
1.424e+10,0.2645499126,0.1520905309
1.425e+10,0.2784587133,0.1233675949
1.426e+10,0.2892713487,0.09347039955
1.427e+10,0.2969130519,0.0627274081
1.428e+10,0.3013422274,0.03146489091
1.429e+10,0.3025476414,4.143154523e-06
1.43e+10,0.3005458154,-0.03134048098
1.431e+10,0.2953786284,-0.06226223454
1.432e+10,0.287111482,-0.0924626614
1.433e+10,0.2758320365,-0.1216512728
1.434e+10,0.2616497077,-0.1495456473
1.435e+10,0.2446956367,-0.1758715124
1.436e+10,0.2251236824,-0.2003627028
1.437e+10,0.2031110812,-0.2227628822
1.438e+10,0.1788602457,-0.242826589
1.439e+10,0.1525997451,-0.2603221801
1.44e+10,0.1245851513,-0.2750351295
1.441e+10,0.09509982328,-0.2867722316
1.442e+10,0.06445367034,-0.2953665884
1.443e+10,0.03298189569,-0.3006826489
1.444e+10,0.001041373584,-0.3026217117
1.445e+10,-0.03099359118,-0.3011267795
1.446e+10,-0.06273737453,-0.2961866333
1.447e+10,-0.09379981802,-0.2878390304
1.448e+10,-0.1237943739,-0.2761720771
1.449e+10,-0.1523464722,-0.2613238791
1.45e+10,-0.1791015116,-0.2434806615
1.451e+10,-0.2037326561,-0.2228727681
1.452e+10,-0.2259474064,-0.1997694284
1.453e+10,-0.2454927695,-0.1744719149
1.454e+10,-0.2621590056,-0.1473062431
1.455e+10,-0.2757812805,-0.118615763
1.456e+10,-0.286239822,-0.0887533742
1.457e+10,-0.2934585807,-0.0580746169
1.458e+10,-0.2974028354,-0.02693226887
1.459e+10,-0.2980756425,0.004329250709
1.46e+10,-0.2955141577,0.03537666829
1.461e+10,-0.28978579,0.06589086541
1.462e+10,-0.280984143,0.09556815731
1.463e+10,-0.2692263751,0.1241203996
1.464e+10,-0.2546500818,0.151275399
1.465e+10,-0.2374119678,0.1767760214
1.466e+10,-0.2176863547,0.2003800368
1.467e+10,-0.1956651322,0.2218594114
1.468e+10,-0.171557646,0.2410006201
1.469e+10,-0.145591505,0.2576051772
1.47e+10,-0.1180131178,0.2714909106
1.471e+10,-0.08908821947,0.2824940601
1.472e+10,-0.05910256795,0.2904720661
1.473e+10,-0.02836091666,0.2953068115
1.474e+10,0.00281332035,0.2969086851
1.475e+10,0.03408124207,0.2952205483
1.476e+10,0.06509074206,0.2902215252
1.477e+10,0.09548159359,0.2819308776
1.478e+10,0.12489086,0.2704106834
1.479e+10,0.152958643,0.2557677349
1.48e+10,0.1793356264,0.2381539001
1.481e+10,0.2036900337,0.217765247
1.482e+10,0.2257142427,0.1948400124
1.483e+10,0.2451318307,0.1696539679
1.484e+10,0.2617026351,0.1425163306
1.485e+10,0.2752276656,0.1137626404
1.486e+10,0.2855515273,0.08374902432
1.487e+10,0.2925648292,0.05284483142
1.488e+10,0.2962038049,0.02142546185
1.489e+10,0.2964497297,-0.01013348486
1.49e+10,0.2933269975,-0.04146215861
1.491e+10,0.2869000847,-0.07220156796
1.492e+10,0.2772704453,-0.1020076675
1.493e+10,0.2645736681,-0.1305540509
1.494e+10,0.2489751935,-0.1575350693
1.495e+10,0.2306679093,-0.1826669102
1.496e+10,0.2098687801,-0.2056892589
1.497e+10,0.186816621,-0.2263662822
1.498e+10,0.1617696171,-0.2444873968
1.499e+10,0.1350035131,-0.2598681751
1.5e+10,0.1068095916,-0.2723514848
1.501e+10,0.0774930881,-0.2818084792
1.502e+10,0.04737107474,-0.2881401153
1.503e+10,0.01677010797,-0.2912786059
1.504e+10,-0.01397601413,-0.2911887892
1.505e+10,-0.04452971997,-0.2878697564
1.506e+10,-0.07455267358,-0.2813557603
1.507e+10,-0.1037100152,-0.2717172022
1.508e+10,-0.1316745082,-0.2590604477
1.509e+10,-0.1581306759,-0.2435277524
1.51e+10,-0.182779843,-0.2252957379
1.511e+10,-0.2053436862,-0.204573855
1.512e+10,-0.2255692915,-0.1816011448
1.513e+10,-0.2432319387,-0.1566431488
1.514e+10,-0.2581383602,-0.1299881803
1.515e+10,-0.2701291645,-0.1019428756
1.516e+10,-0.2790801235,-0.07282778249
1.517e+10,-0.2849031396,-0.0429729671
1.518e+10,-0.2875463988,-0.01271371837
1.519e+10,-0.2869938487,0.01761371866
1.52e+10,-0.2832643009,0.04767570254
1.521e+10,-0.2764102174,0.07714452607
1.522e+10,-0.266516227,0.1057013169
1.523e+10,-0.2536977235,0.1330391717
1.524e+10,-0.2380990591,0.158864673
1.525e+10,-0.2198923476,0.1829006022
1.526e+10,-0.1992757403,0.204887725
1.527e+10,-0.1764721188,0.224586915
1.528e+10,-0.151727772,0.2417813957
1.529e+10,-0.1253105893,0.2562785413
1.53e+10,-0.09750855724,0.2679125705
1.531e+10,-0.06862731697,0.2765468844
1.532e+10,-0.03898819071,0.282076493
1.533e+10,-0.008924689346,0.2844302059
1.534e+10,0.02122087342,0.2835731721
1.535e+10,0.05110142804,0.2795082254
1.536e+10,0.0803695537,0.2722773945
1.537e+10,0.1086827089,0.261962411
1.538e+10,0.1357082915,0.2486843559
1.539e+10,0.1611286291,0.2326028157
1.54e+10,0.1846468837,0.2139132923
1.541e+10,0.2059909571,0.1928450432
1.542e+10,0.2249181012,0.1696568999
1.543e+10,0.2412187209,0.1446328502
1.544e+10,0.2547186209,0.1180776887
1.545e+10,0.2652812804,0.09031128237
1.546e+10,0.2728085472,0.06166406348
1.547e+10,0.2772408755,0.03247125888
1.548e+10,0.2785565479,0.003068384466
1.549e+10,0.2767705241,-0.026212745
1.55e+10,0.27193243,-0.05504886408
1.551e+10,0.2641245069,-0.0831278514
1.552e+10,0.2534590994,-0.1101519058
1.553e+10,0.2400763024,-0.1358400357
1.554e+10,0.2241412263,-0.1599297193
1.555e+10,0.2058417765,-0.1821786421
1.556e+10,0.1853862628,-0.2023658827
1.557e+10,0.1630009517,-0.2202929952
1.558e+10,0.1389282875,-0.2357850292
1.559e+10,0.1134247199,-0.2486912122
1.56e+10,0.08675868708,-0.2588857618
1.561e+10,0.05920897662,-0.2662687762
1.562e+10,0.03106223864,-0.2707667396
1.563e+10,0.002611361419,-0.2723334215
1.564e+10,-0.02584689777,-0.270950477
1.565e+10,-0.05401410827,-0.2666277472
1.566e+10,-0.08159261823,-0.2594040818
1.567e+10,-0.1082880148,-0.2493473092
1.568e+10,-0.1338119111,-0.2365543687
1.569e+10,-0.1578846298,-0.221151197
1.57e+10,-0.180237901,-0.203292497
1.571e+10,-0.2006181817,-0.1831606827
1.572e+10,-0.2187892155,-0.1609653983
1.573e+10,-0.2345354737,-0.1369418974
1.574e+10,-0.2476647472,-0.1113497623
1.575e+10,-0.2580115254,-0.08447071072
1.576e+10,-0.2654397459,-0.05660624846
1.577e+10,-0.2698459194,-0.02807503275
1.578e+10,-0.2711616257,0.000791111359
1.579e+10,-0.2693558344,0.02965006096
1.58e+10,-0.264437255,0.05815470149
1.581e+10,-0.2564554685,0.08595769647
1.582e+10,-0.245502123,0.112716331
1.583e+10,-0.2317104107,0.1380991437
1.584e+10,-0.2152543674,0.1617913549
1.585e+10,-0.1963467343,0.1835009813
1.586e+10,-0.1752356595,0.2029646661
1.587e+10,-0.1522004509,0.2199529324
1.588e+10,-0.1275461146,0.2342743373
1.589e+10,-0.1015971653,0.2457793546
1.59e+10,-0.07469112533,0.2543622142
1.591e+10,-0.04717101386,0.2599617382
1.592e+10,-0.01937909089,0.262560963
1.593e+10,0.00835093431,0.2621849607
1.594e+10,0.03569851443,0.2588976489
1.595e+10,0.0623619838,0.2527980742
1.596e+10,0.08806206963,0.2440150159
1.597e+10,0.1125445368,0.2327023861
1.598e+10,0.1355814674,0.2190336652
1.599e+10,0.1569713677,0.2031970521
1.6e+10,0.1765385036,0.1853910097
1.601e+10,0.194131081,0.1658206531
1.602e+10,0.2096191647,0.1446945963
1.603e+10,0.2228919941,0.1222234915
1.604e+10,0.2338557301,0.09861852687
1.605e+10,0.2424309096,0.07409183975
1.606e+10,0.248550685,0.04885655901
1.607e+10,0.2521595146,0.02312915827
1.608e+10,0.2532126324,-0.002869826821
1.609e+10,0.2516768665,-0.02891307757
1.61e+10,0.2475319698,-0.05476492782
1.611e+10,0.240773204,-0.08017958307
1.612e+10,0.231414784,-0.1049006066
1.613e+10,0.2194945659,-0.1286607837
1.614e+10,0.2050784273,-0.1511837384
1.615e+10,0.1882655462,-0.1721874672
1.616e+10,0.1691930413,-0.1913888404
1.617e+10,0.1480395404,-0.2085104782
1.618e+10,0.1250276208,-0.2232888266
1.619e+10,0.1004237309,-0.2354838829
1.62e+10,0.07453580511,-0.2448886377
1.621e+10,0.04770818095,-0.2513391096
1.622e+10,0.02031341005,-0.2547227856
1.623e+10,-0.007257725178,-0.2549847811
1.624e+10,-0.03460856652,-0.2521317505
1.625e+10,-0.06134928956,-0.2462323295
1.626e+10,-0.0871092266,-0.2374139228
1.627e+10,-0.111548513,-0.225856808
1.628e+10,-0.1343666903,-0.2117851573
1.629e+10,-0.1553093234,-0.1954571449
1.63e+10,-0.1741709696,-0.1771530622
1.631e+10,-0.1907956875,-0.1571650075
1.632e+10,-0.2050741694,-0.1357866309
1.633e+10,-0.2169395239,-0.1133046507
1.634e+10,-0.2263610182,-0.08999272622
1.635e+10,-0.2333376027,-0.06610714025
1.636e+10,-0.2378907418,-0.04188466545
1.637e+10,-0.2400580576,-0.01754256784
1.638e+10,-0.2398876741,0.006720466758
1.639e+10,-0.2374334008,0.03072131993
1.64e+10,-0.2327516088,0.05428920097
1.641e+10,-0.2258992251,0.07726160423
1.642e+10,-0.2169327452,0.09948029472
1.643e+10,-0.2059096183,0.1207870611
1.644e+10,-0.1928895459,0.1410202564
1.645e+10,-0.1779383121,0.1600120893
1.646e+10,-0.1611314005,0.1775867129
1.647e+10,-0.1425592472,0.1935596828
1.648e+10,-0.1223326347,0.2077390597
1.649e+10,-0.1005878798,0.2199282612
1.65e+10,-0.07749198851,0.2299303934
1.651e+10,-0.0532466248,0.237555131
1.652e+10,-0.0280905976,0.2426262484
1.653e+10,-0.002299933825,0.2449912862
1.654e+10,0.02381444761,0.2445310399
1.655e+10,0.04991204401,0.2411692547
1.656e+10,0.075630934,0.2348807966
1.657e+10,0.1005985567,0.2256977715
1.658e+10,0.1244439798,0.2137127409
1.659e+10,0.1468112497,0.1990781984
1.66e+10,0.1673719863,0.1820026859
1.661e+10,0.1858368488,0.162743185
1.662e+10,0.2019640229,0.1415954099
1.663e+10,0.2155647597,0.1188816648
1.664e+10,0.2265052786,0.09493891588
1.665e+10,0.2347054815,0.07010681694
1.666e+10,0.2401346643,0.04471767958
1.667e+10,0.2428054202,0.0190883875
1.668e+10,0.242766211,-0.006485129325
1.669e+10,0.2400934795,-0.03173096612
1.67e+10,0.2348843355,-0.05640172147
1.671e+10,0.2272500272,-0.08027379945
1.672e+10,0.2173108466,-0.1031440826
1.673e+10,0.2051927006,-0.124826838
1.674e+10,0.1910252211,-0.1451496936
1.675e+10,0.1749414752,-0.1639495909
1.676e+10,0.1570791026,-0.1810696751
1.677e+10,0.1375828097,-0.1963569397
1.678e+10,0.1166074192,-0.2096607269
1.679e+10,0.09432192018,-0.2208331971
1.68e+10,0.07091290324,-0.2297307596
1.681e+10,0.04658867696,-0.2362176571
1.682e+10,0.02158119229,-0.2401705571
1.683e+10,-0.003852191774,-0.2414848068
1.684e+10,-0.02942973513,-0.2400810931
1.685e+10,-0.0548472265,-0.2359128949
1.686e+10,-0.07978375336,-0.2289731586
1.687e+10,-0.1039080685,-0.2193000332
1.688e+10,-0.1268878666,-0.2069808466
1.689e+10,-0.1483999314,-0.1921534464
1.69e+10,-0.1681404889,-0.175004839
1.691e+10,-0.1858352666,-0.1557672912
1.692e+10,-0.2012483579,-0.1347109962
1.693e+10,-0.2141885838,-0.1121360157
1.694e+10,-0.2245131805,-0.08836141865
1.695e+10,-0.2321292361,-0.06371556883
1.696e+10,-0.2369915434,-0.03852611422
1.697e+10,-0.2390990723,-0.01311166792
1.698e+10,-0.2384890034,0.01222500748
1.699e+10,-0.2352304448,0.03720121253
1.7e+10,-0.2294175559,0.06155655433
1.701e+10,-0.221163443,0.08505311416
1.702e+10,-0.2105946048,0.1074744409
1.703e+10,-0.197846976,0.1286226663
1.704e+10,-0.1830634399,0.1483154364
1.705e+10,-0.1663930689,0.1663825014
1.706e+10,-0.147991202,0.18266281
1.707e+10,-0.1280217373,0.1970019611
1.708e+10,-0.1066596246,0.2092513759
1.709e+10,-0.08409454319,0.219268144
1.71e+10,-0.06053435176,0.2269171674
1.711e+10,-0.03620829825,0.232074654
1.712e+10,-0.01136942349,0.2346330778
1.713e+10,0.0137046689,0.2345079665
1.714e+10,0.03871323351,0.2316449679
1.715e+10,0.06333582659,0.2260278398
1.716e+10,0.08723879084,0.2176849249
1.717e+10,0.1100837274,0.2066952186
1.718e+10,0.131538322,0.193191287
1.719e+10,0.1512879379,0.1773594411
1.72e+10,0.1690479287,0.1594365931
1.721e+10,0.184574402,0.1397033354
1.722e+10,0.1976730381,0.1184747712
1.723e+10,0.2082052137,0.09608816452
1.724e+10,0.2160900632,0.07289050926
1.725e+10,0.2213034618,0.04922611289
1.726e+10,0.2238734313,0.02542465777
1.727e+10,0.2238731801,0.001792329434
1.728e+10,0.2214123791,-0.0213947953
1.729e+10,0.2166277321,-0.0438943871
1.73e+10,0.2096736537,-0.06549916195
1.731e+10,0.2007141539,-0.08603522997
1.732e+10,0.1899153326,-0.1053592617
1.733e+10,0.1774403625,-0.1233536503
1.734e+10,0.1634459163,-0.1399216185
1.735e+10,0.1480799466,-0.1549818346
1.736e+10,0.1314817807,-0.1684630461
1.737e+10,0.113783018,-0.1802997212
1.738e+10,0.09511019782,-0.1904279301
1.739e+10,0.07558769628,-0.1987827416
1.74e+10,0.05534177529,-0.2052965024
1.741e+10,0.03450517537,-0.2098984992
1.742e+10,0.01322122638,-0.212516081
1.743e+10,-0.008351626627,-0.2130772444
1.744e+10,-0.03003657118,-0.2115145252
1.745e+10,-0.05163556229,-0.2077704455
1.746e+10,-0.07292850065,-0.2018039958
1.747e+10,-0.09367380611,-0.1935977352
1.748e+10,-0.1136119414,-0.183165398
1.749e+10,-0.1324703754,-0.1705587355
1.75e+10,-0.1499715539,-0.1558731354
1.751e+10,-0.1658426191,-0.139251266
1.752e+10,-0.1798265593,-0.1208840304
1.753e+10,-0.1916934461,-0.1010078243
1.754e+10,-0.2012513453,-0.07989902922
1.755e+10,-0.2083552662,-0.05786524158
1.756e+10,-0.2129133348,-0.03523403886
1.757e+10,-0.2148896128,-0.01234050833
1.758e+10,-0.2143032117,0.01048514021
1.759e+10,-0.2112243681,0.0329290483
1.76e+10,-0.2057673463,0.05470353317
1.761e+10,-0.198081829,0.07555347167
1.762e+10,-0.1883429987,0.09526076722
1.763e+10,-0.1767420717,0.1136449122
1.764e+10,-0.1634777978,0.1305620039
1.765e+10,-0.1487486639,0.1459010687
1.766e+10,-0.1327475289,0.159579731
1.767e+10,-0.1156581099,0.1715387392
1.768e+10,-0.09765238352,0.1817362387
1.769e+10,-0.07889092175,0.1901427466
1.77e+10,-0.05952372172,0.1967364954
1.771e+10,-0.03969204669,0.2014996615
1.772e+10,-0.01953146199,0.2044155213
1.773e+10,0.0008246424203,0.2054669193
1.774e+10,0.02124162641,0.2046357226
1.775e+10,0.04157981756,0.2019035371
1.776e+10,0.06169141945,0.1972534762
1.777e+10,0.08141755799,0.1906729547
1.778e+10,0.1005862203,0.1821576291
1.779e+10,0.1190114975,0.1717161336
1.78e+10,0.1364940437,0.1593747706
1.781e+10,0.1528227224,0.1451833623
1.782e+10,0.1677782593,0.1292199718
1.783e+10,0.1811385282,0.1115955743
1.784e+10,0.1926849256,0.09245718618
1.785e+10,0.2022103125,0.07198936202
1.786e+10,0.209527558,0.05041381844
1.787e+10,0.2144777859,0.02798624453
1.788e+10,0.2169384756,0.004991479995
1.789e+10,0.2168295436,-0.01826390539
1.79e+10,0.2141180451,-0.04146032676
1.791e+10,0.2088198224,-0.06427514732
1.792e+10,0.200999171,-0.08639218039
1.793e+10,0.1907655546,-0.1075111757
1.794e+10,0.1782684424,-0.1273551801
1.795e+10,0.1636907627,-0.1456768582
1.796e+10,0.1472414732,-0.162261983
1.797e+10,0.1291478332,-0.1769312516
1.798e+10,0.1096484448,-0.189539898
1.799e+10,0.08898756292,-0.1999759949
1.8e+10,0.06740960086,-0.2081575602
1.801e+10,0.045156256,-0.2140290851
1.802e+10,0.02246451525,-0.2175579436
1.803e+10,-0.0004345666222,-0.2187313204
1.804e+10,-0.02331504617,-0.2175533783
1.805e+10,-0.04595585648,-0.2140433492
1.806e+10,-0.06813913942,-0.2082349013
1.807e+10,-0.08964936854,-0.2001758078
1.808e+10,-0.1102720118,-0.1899291626
1.809e+10,-0.1297937073,-0.1775745734
1.81e+10,-0.1480019508,-0.1632107314
1.811e+10,-0.1646871193,-0.1469574659
1.812e+10,-0.1796442778,-0.1289583765
1.813e+10,-0.1926768099,-0.1093823516
1.814e+10,-0.203600712,-0.08842520379
1.815e+10,-0.2122496338,-0.06630966982
1.816e+10,-0.2184801873,-0.0432842415
1.817e+10,-0.2221775227,-0.01962096819
1.818e+10,-0.2232604667,0.004388945252
1.819e+10,-0.2216856642,0.02843995348
1.82e+10,-0.2174506733,0.05221892483
1.821e+10,-0.2105957732,0.07541201384
1.822e+10,-0.2012035373,0.09771200171
1.823e+10,-0.1893975157,0.1188255195
1.824e+10,-0.1753386392,0.1384798186
1.825e+10,-0.1592209537,0.1564278075
1.826e+10,-0.1412660736,0.1724526221
1.827e+10,-0.1217174061,0.1863704019
1.828e+10,-0.1008344023,0.198031606
1.829e+10,-0.07888663791,0.2073213112
1.83e+10,-0.05614886977,0.2141584607
1.831e+10,-0.03289668183,0.2184940114
1.832e+10,-0.009403248743,0.2203092226
1.833e+10,0.01406371089,0.2196132286
1.834e+10,0.03724371077,0.2164409486
1.835e+10,0.05988499646,0.2108511935
1.836e+10,0.08174547702,0.2029250877
1.837e+10,0.1025938606,0.192764626
1.838e+10,0.1222101669,0.180492176
1.839e+10,0.1403872377,0.1662495242
1.84e+10,0.1569315175,0.1501975663
1.841e+10,0.1716650772,0.132515578
1.842e+10,0.1844271151,0.1134010314
1.843e+10,0.1950765102,0.09306823609
1.844e+10,0.2034939853,0.07174694506
1.845e+10,0.2095845296,0.04968074791
1.846e+10,0.2132797553,0.02712428904
1.847e+10,0.2145397946,0.004340226515
1.848e+10,0.2133549259,-0.01840421607
1.849e+10,0.2097464928,-0.04084129513
1.85e+10,0.2037672354,-0.06270692429
1.851e+10,0.195500534,-0.08374514919
1.852e+10,0.1850592939,-0.1037121582
1.853e+10,0.1725839291,-0.1223803033
1.854e+10,0.1582395473,-0.1395414621
1.855e+10,0.1422129235,-0.1550100399
1.856e+10,0.1247089226,-0.1686252931
1.857e+10,0.1059466739,-0.1802525674
1.858e+10,0.08615593183,-0.1897846805
1.859e+10,0.06557336519,-0.1971418069
1.86e+10,0.04443903157,-0.2022714461
1.861e+10,0.02299323519,-0.2051476455
1.862e+10,0.001473840897,-0.2057700964
1.863e+10,-0.01988655012,-0.2041626147
1.864e+10,-0.04086257153,-0.2003719818
1.865e+10,-0.06123804127,-0.1944663754
1.866e+10,-0.08080752447,-0.1865336388
1.867e+10,-0.09937774553,-0.1766800761
1.868e+10,-0.1167689819,-0.1650284568
1.869e+10,-0.1328159674,-0.1517170351
1.87e+10,-0.1473690468,-0.1368973971
1.871e+10,-0.1602949825,-0.1207334648
1.872e+10,-0.1714777722,-0.1033994461
1.873e+10,-0.1808191616,-0.08507840886
1.874e+10,-0.1882394197,-0.06596058529
1.875e+10,-0.1936775031,-0.04624143853
1.876e+10,-0.1970914409,-0.02612016543
1.877e+10,-0.1984581993,-0.005797754589
1.878e+10,-0.1977737501,0.01452442033
1.879e+10,-0.1950527178,0.03464675299
1.88e+10,-0.1903277531,0.05437263069
1.881e+10,-0.1836494469,0.07350960108
1.882e+10,-0.1750853502,0.09187145949
1.883e+10,-0.1647193687,0.1092786855
1.884e+10,-0.1526513269,0.1255600873
1.885e+10,-0.1389960345,0.1405537893
1.886e+10,-0.1238829962,0.1541080646
1.887e+10,-0.1074554568,0.1660824907
1.888e+10,-0.08987016327,0.1763492036
1.889e+10,-0.07129644872,0.184793926
1.89e+10,-0.05191594917,0.1913174596
1.891e+10,-0.03192127173,0.1958369277
1.892e+10,-0.01151520785,0.198287664
1.893e+10,0.009090580572,0.1986245981
1.894e+10,0.02967729367,0.1968241454
1.895e+10,0.05002131159,0.1928854815
1.896e+10,0.06989650732,0.1868323034
1.897e+10,0.08907725562,0.1787136006
1.898e+10,0.1073417405,0.1686044071
1.899e+10,0.1244755281,0.1566058517
1.9e+10,0.140275548,0.1428445075
1.901e+10,0.1545532245,0.1274710529
1.902e+10,0.1671385067,0.1106584682
1.903e+10,0.1778828077,0.09259901569
1.904e+10,0.1866616107,0.07350119044
1.905e+10,0.1933763091,0.05358600939
1.906e+10,0.197955629,0.03308297555
1.907e+10,0.2003556766,0.01222611228
1.908e+10,0.2005599081,-0.008749887627
1.909e+10,0.1985778876,-0.02961335103
1.91e+10,0.1944436352,-0.05013841591
1.911e+10,0.1882139349,-0.07010802197
1.912e+10,0.1799656951,-0.08931547502
1.913e+10,0.1697939248,-0.1075661731
1.914e+10,0.157809761,-0.1246780449
1.915e+10,0.1441380934,-0.1404821554
1.916e+10,0.1289162601,-0.1548227904
1.917e+10,0.1122928756,-0.1675571972
1.918e+10,0.09442719245,-0.1785554152
1.919e+10,0.07548826011,-0.1877004293
1.92e+10,0.05565516866,-0.1948881182
1.921e+10,0.03511699507,-0.2000281028
1.922e+10,0.01407312599,-0.2030443937
1.923e+10,-0.007267099107,-0.2038771773
1.924e+10,-0.0286844224,-0.2024845478
1.925e+10,-0.04995021849,-0.1988447516
1.926e+10,-0.07082837651,-0.1929586661
1.927e+10,-0.09107701382,-0.1848524749
1.928e+10,-0.1104513501,-0.1745799618
1.929e+10,-0.1287075092,-0.1622246265
1.93e+10,-0.1456069296,-0.1479009103
1.931e+10,-0.1609213546,-0.131754669
1.932e+10,-0.1744379709,-0.1139627481
1.933e+10,-0.1859648899,-0.0947309779
1.934e+10,-0.1953362039,-0.07429135877
1.935e+10,-0.2024162576,-0.05289765374
1.936e+10,-0.2071032636,-0.03082073415
1.937e+10,-0.2093315563,-0.008342533819
1.938e+10,-0.2090726645,0.01424951046
1.939e+10,-0.2063351901,0.03666897518
1.94e+10,-0.2011631499,0.05863548657
1.941e+10,-0.1936338785,0.07988004942
1.942e+10,-0.1838545956,0.1001486706
1.943e+10,-0.1719588555,0.1192060722
1.944e+10,-0.1581029311,0.136837101
1.945e+10,-0.1424619772,0.1528485212
1.946e+10,-0.1252269642,0.1670692133
1.947e+10,-0.1066015649,0.1793503358
1.948e+10,-0.0868001403,0.1895651274
1.949e+10,-0.06604586147,0.1976082262
1.95e+10,-0.0445694952,0.2033958085
1.951e+10,-0.02260822381,0.2068655139
1.952e+10,-0.0004051011297,0.2079769414
1.953e+10,0.02179225973,0.2067125243
1.954e+10,0.04373282804,0.2030787557
1.955e+10,0.06516371555,0.1971076728
1.956e+10,0.08583280802,0.1888584765
1.957e+10,0.1054916181,0.1784188367
1.958e+10,0.1238992728,0.165905881
1.959e+10,0.1408264457,0.1514665203
1.96e+10,0.156060655,0.1352766851
1.961e+10,0.1694107188,0.1175395785
1.962e+10,0.1807117307,0.09848289465
1.963e+10,0.1898291905,0.07835470675
1.964e+10,0.1966623932,0.05741818455
1.965e+10,0.2011464135,0.03594628665
1.966e+10,0.2032531847,0.01421517699
1.967e+10,0.2029908136,-0.007501750316
1.968e+10,0.2004018819,-0.02893957343
1.969e+10,0.1955601408,-0.04984707333
1.97e+10,0.1885667758,-0.06999066558
1.971e+10,0.1795460798,-0.08915735008
1.972e+10,0.1686404691,-0.1071562561
1.973e+10,0.1560063026,-0.1238194846
1.974e+10,0.1418094787,-0.1390014273
1.975e+10,0.1262222884,-0.1525775441
1.976e+10,0.1094203522,-0.1644426664
1.977e+10,0.09158123058,-0.1745088265
1.978e+10,0.07288326583,-0.1827032615
1.979e+10,0.05350510737,-0.1889663681
1.98e+10,0.03362670275,-0.1932506892
1.981e+10,0.01342966773,-0.195519541
1.982e+10,-0.006901285592,-0.1957472322
1.983e+10,-0.02717718022,-0.1939195699
1.984e+10,-0.0472039282,-0.1900351801
1.985e+10,-0.06678170228,-0.1841076049
1.986e+10,-0.08570511053,-0.1761678741
1.987e+10,-0.1037644384,-0.1662674514
1.988e+10,-0.1207474953,-0.154481388
1.989e+10,-0.1364430492,-0.1409110506
1.99e+10,-0.1506450955,-0.1256861437
1.991e+10,-0.163158014,-0.108966115
1.992e+10,-0.1738025496,-0.09094007851
1.993e+10,-0.1824219744,-0.07182496237
1.994e+10,-0.1888880667,-0.05186240426
1.995e+10,-0.1931064003,-0.03131370166
1.996e+10,-0.1950202953,-0.01045360612
1.997e+10,-0.1946133627,0.01043704689
1.998e+10,-0.1919100469,0.03107892838
1.999e+10,-0.1869743097,0.05120193779
2e+10,-0.1799063037,0.07055253196
2.001e+10,-0.1708379075,0.08889911291
2.002e+10,-0.159926957,0.1060365114
2.003e+10,-0.1473506151,0.1217889558
2.004e+10,-0.1332993648,0.1360108294
2.005e+10,-0.1179709196,0.1485861576
2.006e+10,-0.101564791,0.1594270284
2.007e+10,-0.08427836485,0.1684705494
2.008e+10,-0.06630361179,0.1756758122
2.009e+10,-0.04782520625,0.1810201915
2.01e+10,-0.02901966698,0.1844960183
2.011e+10,-0.01005570385,0.1861073662
2.012e+10,0.008905498927,0.1858675915
2.013e+10,0.0277083384,0.1837974433
2.014e+10,0.04620132475,0.1799239003
2.015e+10,0.06423518927,0.1742797916
2.016e+10,0.08166116388,0.1669043289
2.017e+10,0.09832944334,0.1578442387
2.018e+10,0.1140882657,0.1471554895
2.019e+10,0.1287835274,0.1349056395
2.02e+10,0.1422593454,0.1211761935
2.021e+10,0.1543590836,0.1060655035
2.022e+10,0.1649279847,0.08969130738
2.023e+10,0.1738159397,0.07219263397
2.024e+10,0.180881778,0.05373135245
2.025e+10,0.1859977911,0.03449289584
2.026e+10,0.1890549124,0.01468527686
2.027e+10,0.18996789,-0.005462876068
2.028e+10,0.1886800104,-0.02570549155
2.029e+10,0.1851675957,-0.04578391493
2.03e+10,0.1794427899,-0.06543275517
2.031e+10,0.1715555559,-0.08438612189
2.032e+10,0.1615936408,-0.1023849495
2.033e+10,0.1496810615,-0.1191835816
2.034e+10,0.1359753885,-0.1345562337
2.035e+10,0.1206630374,-0.1483020582
2.036e+10,0.1039541132,-0.1602496966
2.037e+10,0.08607662912,-0.1702596189
2.038e+10,0.06727039317,-0.178225386
2.039e+10,0.04778124656,-0.1840740197
2.04e+10,0.02785605794,-0.1877641627
2.041e+10,0.007738018003,-0.1892845322
2.042e+10,-0.01233659144,-0.1886511341
2.043e+10,-0.03214129998,-0.1859043268
2.044e+10,-0.05146113657,-0.1811062139
2.045e+10,-0.07009361512,-0.1743376036
2.046e+10,-0.08784950189,-0.1656959582
2.047e+10,-0.1045529625,-0.1552932822
2.048e+10,-0.1200416298,-0.1432546033
2.049e+10,-0.1341665266,-0.1297167735
2.05e+10,-0.1467921762,-0.1148279494
2.051e+10,-0.1577972,-0.0987463521
2.052e+10,-0.1670743669,-0.08164007251
2.053e+10,-0.1745317117,-0.06368640289
2.054e+10,-0.1800934385,-0.04507113231
2.055e+10,-0.1837008297,-0.02598745089
2.056e+10,-0.1853136416,-0.006634678479
2.057e+10,-0.1849110246,0.01278306582
2.058e+10,-0.1824926962,0.03205894243
2.059e+10,-0.1780794687,0.05098553413
2.06e+10,-0.1717138007,0.06935721474
2.061e+10,-0.1634598025,0.08697253673
2.062e+10,-0.1534028597,0.1036368668
2.063e+10,-0.14164902,0.1191649283
2.064e+10,-0.1283236977,0.1333829781
2.065e+10,-0.1135703654,0.1461312279
2.066e+10,-0.09754890779,0.1572654181
2.067e+10,-0.08043378444,0.1666586297
2.068e+10,-0.06241193327,0.1742025801
2.069e+10,-0.04368124703,0.1798087292
2.07e+10,-0.02444789639,0.1834091657
2.071e+10,-0.004925032317,0.1849573216
2.072e+10,0.01466952791,0.1844285932
2.073e+10,0.03411529967,0.1818210644
2.074e+10,0.05319106154,0.177155734
2.075e+10,0.07167719203,0.1704770077
2.076e+10,0.08935791934,0.1618531436
2.077e+10,0.1060239358,0.1513761887
2.078e+10,0.1214752256,0.1391620422
2.079e+10,0.1355240147,0.1253496178
2.08e+10,0.1479981017,0.1101001985
2.081e+10,0.1587437019,0.09359570171
2.082e+10,0.1676289188,0.07603664382
2.083e+10,0.1745463999,0.05763910963
2.084e+10,0.1794157221,0.03863164755
2.085e+10,0.1821854732,0.01925130954
2.086e+10,0.1828342347,-0.0002611755973
2.087e+10,0.1813706878,-0.01966505076
2.088e+10,0.1778332763,-0.03872484151
2.089e+10,0.1722886479,-0.05721421796
2.09e+10,0.1648292823,-0.0749201006
2.091e+10,0.1555707977,-0.09164566188
2.092e+10,0.1446484712,-0.1072131591
2.093e+10,0.1322135348,-0.1214654088
2.094e+10,0.1184298316,-0.1342668221
2.095e+10,0.103469908,-0.1455036497
2.096e+10,0.08751220271,-0.1550834602
2.097e+10,0.07073805789,-0.1629340848
2.098e+10,0.05332949911,-0.169002479
2.099e+10,0.03546769189,-0.1732532047
2.1e+10,0.01733162143,-0.1756668135
2.101e+10,-0.0009024336428,-0.1762383777
2.102e+10,-0.01906124685,-0.1749765921
2.103e+10,-0.03697483396,-0.171902649
2.104e+10,-0.0544759251,-0.1670499591
2.105e+10,-0.07140038816,-0.1604638291
2.106e+10,-0.08758661246,-0.1522019078
2.107e+10,-0.102875814,-0.1423347209
2.108e+10,-0.1171129906,-0.1309463021
2.109e+10,-0.13014719,-0.1181353471
2.11e+10,-0.1418332773,-0.1040160026
2.111e+10,-0.1520337328,-0.08871855777
2.112e+10,-0.1606208299,-0.0723900708
2.113e+10,-0.1674793181,-0.05519414748
2.114e+10,-0.1725095471,-0.03731049697
2.115e+10,-0.1756301509,-0.01893363432
2.116e+10,-0.1767813101,-0.0002708756587
2.117e+10,-0.1759271802,0.01846036541
2.118e+10,-0.1730583525,0.03703592314
2.119e+10,-0.1681931582,0.05522894102
2.12e+10,-0.1613785869,0.07281395114
2.121e+10,-0.1526901341,0.08957134298
2.122e+10,-0.1422307412,0.1052917616
2.123e+10,-0.1301290509,0.1197803697
2.124e+10,-0.1165367205,0.1328602446
2.125e+10,-0.101625527,0.1443753625
2.126e+10,-0.08558340935,0.1541930028
2.127e+10,-0.0686109643,0.1622052628
2.128e+10,-0.05091775299,0.1683296076
2.129e+10,-0.03271843734,0.1725092597
2.13e+10,-0.01422973543,0.174712626
2.131e+10,0.00433268768,0.1749324537
2.132e+10,0.02275689456,0.1731847001
2.133e+10,0.04083674142,0.1695071869
2.134e+10,0.05837384874,0.1639581003
2.135e+10,0.07517918177,0.156614922
2.136e+10,0.09107431446,0.1475725018
2.137e+10,0.1058928174,0.1369422874
2.138e+10,0.1194813678,0.1248507207
2.139e+10,0.1317007184,0.1114379174
2.14e+10,0.1424270009,0.09685649111
2.141e+10,0.1515526184,0.08127018574
2.142e+10,0.1589872611,0.06485222439
2.143e+10,0.1646589139,0.0477835793
2.144e+10,0.1685145319,0.03025118062
2.145e+10,0.1705207063,0.01244592208
2.146e+10,0.170663939,-0.005439334491
2.147e+10,0.1689507639,-0.02321211552
2.148e+10,0.165407403,-0.04068263028
2.149e+10,0.1600793775,-0.05766544725
2.15e+10,0.1530303979,-0.07398197966
2.151e+10,0.1443415911,-0.08946196959
2.152e+10,0.1341099732,-0.1039451139
2.153e+10,0.1224471873,-0.1172824549
2.154e+10,0.1094780876,-0.1293372255
2.155e+10,0.09533925577,-0.1399858856
2.156e+10,0.08017782689,-0.1491184473
2.157e+10,0.06415002309,-0.15663923
2.158e+10,0.04742059643,-0.1624670068
2.159e+10,0.030161391,-0.1665356139
2.16e+10,0.01255073788,-0.1687945371
2.161e+10,-0.005227191953,-0.1692093718
2.162e+10,-0.02298371041,-0.1677627815
2.163e+10,-0.04052607735,-0.1644555663
2.164e+10,-0.05765942497,-0.1593076887
2.165e+10,-0.0741878391,-0.1523596426
2.166e+10,-0.08991690719,-0.1436734583
2.167e+10,-0.1046561702,-0.1333337176
2.168e+10,-0.1182220902,-0.1214482054
2.169e+10,-0.1304416594,-0.1081480218
2.17e+10,-0.1411560645,-0.09358670007
2.171e+10,-0.1502246012,-0.07793911866
2.172e+10,-0.1575284854,-0.06139893411
2.173e+10,-0.16297397,-0.04417524293
2.174e+10,-0.166495427,-0.02648903947
2.175e+10,-0.1680568935,-0.008567961538
2.176e+10,-0.1676532383,0.009358357769
2.177e+10,-0.16530964,0.02706363298
2.178e+10,-0.1610802947,0.04432968484
2.179e+10,-0.1550460701,0.06095116387
2.18e+10,-0.1473111196,0.0767389507
2.181e+10,-0.1379992776,0.09152323419
2.182e+10,-0.1272497486,0.1051550408
2.183e+10,-0.115212955,0.1175072958
2.184e+10,-0.1020467422,0.1284744365
2.185e+10,-0.08791285864,0.1379715882
2.186e+10,-0.07297390998,0.145933081
2.187e+10,-0.05739144508,0.152310458
2.188e+10,-0.04132419997,0.1570704191
2.189e+10,-0.02492769442,0.1601927638
2.19e+10,-0.008353521411,0.1616686862
2.191e+10,0.00824967487,0.1614989626
2.192e+10,0.02473608448,0.1596932054
2.193e+10,0.04096140201,0.1562692943
2.194e+10,0.0567822455,0.151253271
2.195e+10,0.07205492369,0.1446801071
2.196e+10,0.08663519945,0.1365947836
2.197e+10,0.1003781708,0.1270535637
2.198e+10,0.1131385722,0.1161260273
2.199e+10,0.1247720006,0.103896851
2.2e+10,0.135136772,0.09046763055
2.201e+10,0.1440964995,0.07595834555
2.202e+10,0.1515232208,0.06050838674
2.203e+10,0.1573014268,0.04427663765
2.204e+10,0.1613318095,0.0274408104
2.205e+10,0.1635356765,0.01019573084
2.206e+10,0.1638585044,-0.007249873125
2.207e+10,0.1622736263,-0.02467696642
2.208e+10,0.1587840133,-0.04186129382
2.209e+10,0.1534239262,-0.05857868374
2.21e+10,0.1462585074,-0.07461052964
2.211e+10,0.1373825001,-0.08974945916
2.212e+10,0.126917486,-0.1038041418
2.213e+10,0.1150081611,-0.1166036035
2.214e+10,0.1018180047,-0.1279999277
2.215e+10,0.08752457769,-0.1378703213
2.216e+10,0.07231458464,-0.1461178135
2.217e+10,0.05637944776,-0.1526706704
2.218e+10,0.03991162,-0.1574811944
2.219e+10,0.02310118679,-0.1605238328
2.22e+10,0.006133607747,-0.1617928265
2.221e+10,-0.01081169086,-0.1612998645
2.222e+10,-0.0275623342,-0.1590717393
2.223e+10,-0.04395300684,-0.1551487817
2.224e+10,-0.05982534872,-0.1495828291
2.225e+10,-0.07502740413,-0.1424367041
2.226e+10,-0.08941327318,-0.133783718
2.227e+10,-0.1028425826,-0.1237075761
2.228e+10,-0.1151805505,-0.1123029239
2.229e+10,-0.1262983116,-0.09967608447
2.23e+10,-0.136073726,-0.08594605122
2.231e+10,-0.1443929422,-0.07124505252
2.232e+10,-0.1511522514,-0.05571887657
2.233e+10,-0.1562605453,-0.03952753324
2.234e+10,-0.1596419063,-0.02284417121
2.235e+10,-0.1612386506,-0.005853946481
2.236e+10,-0.1610139499,0.01124798818
2.237e+10,-0.1589542183,0.02825940817
2.238e+10,-0.1550712117,0.04497451802
2.239e+10,-0.1494028013,0.06118796493
2.24e+10,-0.1420131324,0.0766992982
2.241e+10,-0.1329920169,0.09131716051
2.242e+10,-0.1224530732,0.1048636031
2.243e+10,-0.1105307652,0.1171773619
2.244e+10,-0.09737743285,0.1281170107
2.245e+10,-0.08315945916,0.1375625584
2.246e+10,-0.06805327838,0.1454168979
2.247e+10,-0.05224170482,0.1516055121
2.248e+10,-0.03591059797,0.1560762814
2.249e+10,-0.01924569904,0.1587979534
2.25e+10,-0.00243066873,0.1597587637
2.251e+10,0.01435499068,0.158964608
2.252e+10,0.03093653063,0.156437282
2.253e+10,0.04714470112,0.1522130079
2.254e+10,0.06281602277,0.1463413736
2.255e+10,0.07779237091,0.1388844076
2.256e+10,0.09192124044,0.1299164781
2.257e+10,0.105055584,0.1195244021
2.258e+10,0.1170540786,0.1078078286
2.259e+10,0.1277822006,0.09488029583
2.26e+10,0.1371133152,0.08086949884
2.261e+10,0.1449306214,0.06591842392
2.262e+10,0.1511295772,0.05018523157
2.263e+10,0.1556207692,0.03384306423
2.264e+10,0.1583331121,0.01707909566
2.265e+10,0.1592167844,9.242878583e-05
2.266e+10,0.1582465066,-0.01690876855
2.267e+10,0.1554236411,-0.033710751
2.268e+10,0.1507780407,-0.05009880864
2.269e+10,0.1443683471,-0.06586227014
2.27e+10,0.1362817513,-0.0807994841
2.271e+10,0.1266317727,-0.09472272842
2.272e+10,0.1155556713,-0.107462778
2.273e+10,0.1032103397,-0.1188722844
2.274e+10,0.08976794119,-0.1288284302
2.275e+10,0.07541097001,-0.1372343897
2.276e+10,0.06032739358,-0.144019284
2.277e+10,0.04470639656,-0.1491374733
2.278e+10,0.02873427364,-0.1525666498
2.279e+10,0.01259156414,-0.1543055165
2.28e+10,-0.00354920886,-0.1543709272
2.281e+10,-0.01952489019,-0.1527950702
2.282e+10,-0.03518207289,-0.1496226975
2.283e+10,-0.05037697904,-0.1449086316
2.284e+10,-0.06497475299,-0.1387161334
2.285e+10,-0.07884832436,-0.1311153061
2.286e+10,-0.09187744187,-0.1221825058
2.287e+10,-0.1039473251,-0.1120003548
2.288e+10,-0.1149478601,-0.1006579976
2.289e+10,-0.1247731567,-0.08825219063
2.29e+10,-0.1333213925,-0.07488849768
2.291e+10,-0.1404957199,-0.06068258252
2.292e+10,-0.1462052116,-0.04576164036
2.293e+10,-0.1503670374,-0.03026557191
2.294e+10,-0.1529089436,-0.0143474572
2.295e+10,-0.1537722742,0.001826394419
2.296e+10,-0.1529151707,0.01807721268
2.297e+10,-0.1503162045,0.03421566509
2.298e+10,-0.1459770887,0.05004469056
2.299e+10,-0.1399256877,0.06536314405
2.3e+10,-0.132217262,0.0799703922
2.301e+10,-0.1229354185,0.09367143287
2.302e+10,-0.1121913453,0.1062819641
2.303e+10,-0.1001217284,0.1176337902
2.304e+10,-0.08688575741,0.1275790936
2.305e+10,-0.07266099107,0.1359944068
2.306e+10,-0.05763834856,0.1427826936
2.307e+10,-0.04201696732,0.1478750835
2.308e+10,-0.02599884238,0.1512303191
2.309e+10,-0.009785527909,0.1528359983
2.31e+10,0.006429538284,0.1526995409
2.311e+10,0.02245985753,0.1508553473
2.312e+10,0.03813080846,0.1473543288
2.313e+10,0.05328022236,0.1422631751
2.314e+10,0.06775895253,0.1356612465
2.315e+10,0.08143048898,0.1276379166
2.316e+10,0.09417040371,0.1182901846
2.317e+10,0.1058651812,0.1077217184
2.318e+10,0.1164110415,0.09604150045
2.319e+10,0.1257129649,0.08336393026
2.32e+10,0.1336840581,0.06980883533
2.321e+10,0.140245084,0.05550223003
2.322e+10,0.1453244807,0.04057691214
2.323e+10,0.1488594985,0.02517351699
2.324e+10,0.1507969839,0.009441069581
2.325e+10,0.1510956097,-0.006462564613
2.326e+10,0.1497276824,-0.02237096026
2.327e+10,0.1466818156,-0.03810972754
2.328e+10,0.1419654932,-0.05349818736
2.329e+10,0.1356073591,-0.06835166
2.33e+10,0.1276591133,-0.0824846951
2.331e+10,0.1181968233,-0.09571474197
2.332e+10,0.107321488,-0.1078663107
2.333e+10,0.09515819799,-0.1187757193
2.334e+10,0.08185473233,-0.1282951028
2.335e+10,0.06757869146,-0.1362967864
2.336e+10,0.05251403658,-0.1426765285
2.337e+10,0.03685666162,-0.1473557424
2.338e+10,0.02080990074,-0.1502832369
2.339e+10,0.004579540201,-0.1514352768
2.34e+10,-0.0116303414,-0.1508148368
2.341e+10,-0.02762186667,-0.1484500384
2.342e+10,-0.04320633819,-0.144391831
2.343e+10,-0.05820702905,-0.1387110042
2.344e+10,-0.07246080116,-0.1314952797
2.345e+10,-0.08581901789,-0.1228465812
2.346e+10,-0.09814801315,-0.1128779811
2.347e+10,-0.1093286655,-0.1017117323
2.348e+10,-0.1192559327,-0.08947726243
2.349e+10,-0.1278381349,-0.07630994011
2.35e+10,-0.134996201,-0.06235013409
2.351e+10,-0.1406631427,-0.04774286898
2.352e+10,-0.1447838629,-0.03263757695
2.353e+10,-0.1473152437,-0.01718813626
2.354e+10,-0.1482265306,-0.001552908571
2.355e+10,-0.147500331,0.01410537383
2.356e+10,-0.1451337454,0.02962017241
2.357e+10,-0.1411397699,0.04482179157
2.358e+10,-0.1355487074,0.05953864714
2.359e+10,-0.128409764,0.07359938168
2.36e+10,-0.1197920623,0.08683496439
2.361e+10,-0.1097854389,0.09908183734
2.362e+10,-0.09850056883,0.1101849779
2.363e+10,-0.08606843938,0.1200016112
2.364e+10,-0.07263877597,0.1284044252
2.365e+10,-0.05837813656,0.1352851011
2.366e+10,-0.04346668895,0.1405570402
2.367e+10,-0.02809487712,0.1441575651
2.368e+10,-0.01245930737,0.1460493434
2.369e+10,0.003241295787,0.146220953
2.37e+10,0.01881041019,0.1446864894
2.371e+10,0.03405740391,0.141484393
2.372e+10,0.04880114389,0.136675567
2.373e+10,0.06287273853,0.1303409123
2.374e+10,0.07611763043,0.1225787414
2.375e+10,0.0883971535,0.1135014042
2.376e+10,0.09958928857,0.1032328557
2.377e+10,0.1095888411,0.09190563426
2.378e+10,0.1183070957,0.07965858052
2.379e+10,0.1256714048,0.06663477618
2.38e+10,0.1316242895,0.05297984818
2.381e+10,0.1361223778,0.03884064684
2.382e+10,0.1391358821,0.02436452592
2.383e+10,0.1406476294,0.009698572451
2.384e+10,0.1406526642,-0.005010767589
2.385e+10,0.1391577622,-0.0196180411
2.386e+10,0.13618147,-0.03397897259
2.387e+10,0.1317541565,-0.04795090344
2.388e+10,0.1259183028,-0.06139319705
2.389e+10,0.1187288417,-0.07416794241
2.39e+10,0.1102536978,-0.08614077172
2.391e+10,0.1005740907,-0.09718228343
2.392e+10,0.08978491653,-0.1071692066
2.393e+10,0.07799459604,-0.1159862971
2.394e+10,0.06532510542,-0.12352804
2.395e+10,0.05191120157,-0.129700835
2.396e+10,0.03789946422,-0.1344248767
2.397e+10,0.02344693033,-0.1376362131
2.398e+10,0.008719137142,-0.1392885547
2.399e+10,-0.006112048078,-0.1393547702
2.4e+10,-0.02087092105,-0.1378280326
2.401e+10,-0.03538105282,-0.1347225245
2.402e+10,-0.04946794091,-0.1300736963
2.403e+10,-0.06296217142,-0.123937804
2.404e+10,-0.07570221527,-0.1163912573
2.405e+10,-0.08753730033,-0.1075289398
2.406e+10,-0.09832970353,-0.09746282738
2.407e+10,-0.1079566291,-0.08631958532
2.408e+10,-0.1163121622,-0.07423823687
2.409e+10,-0.1233081723,-0.06136767814
2.41e+10,-0.1288749438,-0.04786403074
2.411e+10,-0.132961556,-0.03388817645
2.412e+10,-0.135535746,-0.01960323105
2.413e+10,-0.1365833526,-0.005172392815
2.414e+10,-0.1361075564,0.009243064885
2.415e+10,-0.1341280475,0.02348555662
2.416e+10,-0.1306797681,0.03740267995
2.417e+10,-0.1258119297,0.0508483691
2.418e+10,-0.1195868425,0.06368387434
2.419e+10,-0.1120787282,0.07577850272
2.42e+10,-0.1033726942,0.08701041553
2.421e+10,-0.09356390417,0.09726674194
2.422e+10,-0.08275676559,0.106444154
2.423e+10,-0.07106405017,0.114449441
2.424e+10,-0.05860642229,0.1211995167
2.425e+10,-0.04551198667,0.1266221193
2.426e+10,-0.03191559769,0.1306564017
2.427e+10,-0.01795844185,0.1332534786
2.428e+10,-0.003787366732,0.1343773813
2.429e+10,0.01044581606,0.1340058361
2.43e+10,0.02458529148,0.1321312743
2.431e+10,0.03847251272,0.1287621169
2.432e+10,0.05194762766,0.1239235148
2.433e+10,0.06485128694,0.1176584202
2.434e+10,0.07702700614,0.1100282293
2.435e+10,0.0883234618,0.1011131401
2.436e+10,0.09859725817,0.09101230387
2.437e+10,0.1077159281,0.07984287793
2.438e+10,0.115560681,0.06773927813
2.439e+10,0.1220293738,0.05485112615
2.44e+10,0.1270389612,0.04134104241
2.441e+10,0.1305275375,0.02738164163
2.442e+10,0.1324558702,0.01315225402
2.443e+10,0.1328082961,-0.001164727256
2.444e+10,0.131592615,-0.01538759577
2.445e+10,0.128839651,-0.02933893424
2.446e+10,0.1246015642,-0.04284901769
2.447e+10,0.1189500291,-0.0557586414
2.448e+10,0.1119738318,-0.06792159588
2.449e+10,0.1037760888,-0.07920625456
2.45e+10,0.09447129731,-0.08949682125
2.451e+10,0.08418288375,-0.09869344669
2.452e+10,0.07304030803,-0.1067124415
2.453e+10,0.0611770879,-0.1134854193
2.454e+10,0.04872904651,-0.1189586889
2.455e+10,0.03583274078,-0.1230920026
2.456e+10,0.02262488094,-0.1258576001
2.457e+10,0.009241549786,-0.1272392056
2.458e+10,-0.004181854037,-0.127231383
2.459e+10,-0.01751052628,-0.1258390462
2.46e+10,-0.03061014117,-0.123077322
2.461e+10,-0.04334688009,-0.1189720468
2.462e+10,-0.05558744542,-0.1135601913
2.463e+10,-0.06719936156,-0.1068908785
2.464e+10,-0.07805196063,-0.09902653149
2.465e+10,-0.08801764063,-0.09004395893
2.466e+10,-0.09697366355,-0.08003533546
2.467e+10,-0.1048047536,-0.06910883675
2.468e+10,-0.1114058308,-0.05738896301
2.469e+10,-0.1166853302,-0.04501570312
2.47e+10,-0.1205683595,-0.03214332032
2.471e+10,-0.1230000372,-0.018937955
2.472e+10,-0.1239480917,-0.005574279283
2.473e+10,-0.1234047021,0.007768171228
2.474e+10,-0.1213875643,0.02091001719
2.475e+10,-0.117940185,0.03367673368
2.476e+10,-0.1131301671,0.04590292732
2.477e+10,-0.1070471507,0.05743676106
2.478e+10,-0.09979899378,0.06814357917
2.479e+10,-0.09150805306,0.07790837921
2.48e+10,-0.08230692043,0.08663743372
2.481e+10,-0.07233388721,0.09425827667
2.482e+10,-0.06172898319,0.1007192832
2.483e+10,-0.0506303628,0.1059878785
2.484e+10,-0.03917162959,0.1100485164
2.485e+10,-0.02747969867,0.1128999856
2.486e+10,-0.01567354003,0.1145526358
2.487e+10,-0.003864128638,0.1150258947
2.488e+10,0.007845713103,0.1143456514
2.489e+10,0.01936017339,0.1125425336
2.49e+10,0.03058937936,0.1096502185
2.491e+10,0.04144795125,0.105704765
2.492e+10,0.05185324191,0.1007439945
2.493e+10,0.06172409939,0.0948081083
2.494e+10,0.07097946791,0.08794027564
2.495e+10,0.07953752015,0.08018805957
2.496e+10,0.08731514868,0.07160503373
2.497e+10,0.09422827023,0.06225280003
2.498e+10,0.1001926611,0.05220304962
2.499e+10,0.1051255922,0.04153940087
2.5e+10,0.1089482891,0.03035907664
2.501e+10,0.1115891009,0.01877371447
2.502e+10,0.1129868068,0.006909941939
2.503e+10,0.1130949377,-0.005092001755
2.504e+10,0.1118854357,-0.01708006305
2.505e+10,0.1093522779,-0.02889389959
2.506e+10,0.1055139088,-0.0403691563
2.507e+10,0.1004148462,-0.05134262777
2.508e+10,0.09412554824,-0.06165795538
2.509e+10,0.086740859,-0.0711712225
2.51e+10,0.07837683416,-0.07975587829
2.511e+10,0.0691665373,-0.08730669388
2.512e+10,0.05925483542,-0.09374254782
2.513e+10,0.04879270524,-0.09900729183
2.514e+10,0.03793195636,-0.1030693656
2.515e+10,0.02682024779,-0.1059201676
2.516e+10,0.01559726456,-0.1075710062
2.517e+10,0.004391776269,-0.1080497283
2.518e+10,-0.006680112564,-0.1073968347
2.519e+10,-0.01751532454,-0.1056618091
2.52e+10,-0.02802360495,-0.1028995516
2.521e+10,-0.03812626598,-0.09916750747
2.522e+10,-0.04775444672,-0.09452349146
2.523e+10,-0.05684701727,-0.08902414068
2.524e+10,-0.06534841339,-0.08272412386
2.525e+10,-0.07320639579,-0.07567606306
2.526e+10,-0.08037012036,-0.06793115618
2.527e+10,-0.08678837971,-0.05954023798
2.528e+10,-0.09240856833,-0.05055542232
2.529e+10,-0.09717591637,-0.04103221615
2.53e+10,-0.101033443,-0.03103169793
2.531e+10,-0.1039228432,-0.02062273181
2.532e+10,-0.105785865,-0.009884374478
2.533e+10,-0.1065666972,0.001092368038
2.534e+10,-0.1062150159,0.01220309204
2.535e+10,-0.1046896655,0.02332963039
2.536e+10,-0.101962794,0.03434042184
2.537e+10,-0.09802386981,0.04509254931
2.538e+10,-0.09288373167,0.0554346642
2.539e+10,-0.08657749679,0.06521150058
2.54e+10,-0.07916651715,0.07426917323
2.541e+10,-0.07073867903,0.08246124482
2.542e+10,-0.06140699454,0.08965507241
2.543e+10,-0.05130631543,0.09573706371
2.544e+10,-0.04058862335,0.1006174959
2.545e+10,-0.02941737679,0.1042335289
2.546e+10,-0.01796100734,0.1065503349
2.547e+10,-0.006386715443,0.1075606009
2.548e+10,0.005145077194,0.1072823389
2.549e+10,0.01648519172,0.1057554011
2.55e+10,0.02749878832,0.1030371078
2.551e+10,0.03806706701,0.0991978926
2.552e+10,0.04808750635,0.09431665376
2.553e+10,0.05747292972,0.08847712121
2.554e+10,0.06615002921,0.08176456412
2.555e+10,0.07405685166,0.07426360775
2.556e+10,0.08114042581,0.06605723295
2.557e+10,0.08735434044,0.05722602111
2.558e+10,0.09265650575,0.04784901422
2.559e+10,0.09700750051,0.03800455493
2.56e+10,0.1003694777,0.02777205418
2.561e+10,0.102705679,0.01723386545
2.562e+10,0.1039809687,0.006477428876
2.563e+10,0.1041630299,-0.004402993447
2.564e+10,0.1032242504,-0.01530460928
2.565e+10,0.1011446827,-0.02611518734
2.566e+10,0.097914913,-0.0367130031
2.567e+10,0.09353989692,-0.04696781919
2.568e+10,0.08804218984,-0.05674287116
2.569e+10,0.08146511401,-0.06589841586
2.57e+10,0.07387465904,-0.0742959895
2.571e+10,0.06536053356,-0.0818036991
2.572e+10,0.05603535127,-0.08830189408
2.573e+10,0.04603229233,-0.09368847864
2.574e+10,0.03550111139,-0.09788371196
2.575e+10,0.02460297948,-0.1008336085
2.576e+10,0.01350422122,-0.102511955
2.577e+10,0.002370260181,-0.1029199885
2.578e+10,-0.008640471765,-0.1020850184
2.579e+10,-0.01938137108,-0.1000570895
2.58e+10,-0.02972144629,-0.09690468921
2.581e+10,-0.03954759497,-0.09270998015
2.582e+10,-0.04876517717,-0.08756397434
2.583e+10,-0.0572976272,-0.08156202402
2.584e+10,-0.06508468894,-0.07480005616
2.585e+10,-0.07208023632,-0.06737167837
2.586e+10,-0.07824929344,-0.0593662785
2.587e+10,-0.08356537023,-0.05086814107
2.588e+10,-0.08800765137,-0.04195631869
2.589e+10,-0.09155864595,-0.03270547628
2.59e+10,-0.09420232855,-0.02318708312
2.591e+10,-0.09592293165,-0.01347127249
2.592e+10,-0.09670431913,-0.003628901696
2.593e+10,-0.09653021764,0.006266373152
2.594e+10,-0.0953850897,0.0161358763
2.595e+10,-0.09325600197,0.02589424333
2.596e+10,-0.0901348889,0.035448066
2.597e+10,-0.08602154591,0.04469540196
2.598e+10,-0.08092712152,0.05352612938
2.599e+10,-0.07487757205,0.06182348739
2.6e+10,-0.06791672147,0.06946681295
2.601e+10,-0.060109252,0.07633542275
2.602e+10,-0.05154174514,0.08231357244
2.603e+10,-0.04232304354,0.08729604333
2.604e+10,-0.03258232204,0.09119389767
2.605e+10,-0.02246569548,0.09393960755
2.606e+10,-0.01213108618,0.09549144308
2.607e+10,-0.001741969575,0.09583583897
2.608e+10,0.008539338366,0.09498817054
2.609e+10,0.01855861824,0.09299118535
2.61e+10,0.02817535206,0.08991184872
2.611e+10,0.03726734095,0.08583659071
2.612e+10,0.04573358487,0.08086588408
2.613e+10,0.0534952567,0.07510849902
2.614e+10,0.0604952689,0.06867593641
2.615e+10,0.06669637154,0.06167793897
2.616e+10,0.07207846506,0.05421870294
2.617e+10,0.0766351939,0.04639441329
2.618e+10,0.08037041986,0.03829182805
2.619e+10,0.08329497918,0.02998781401
2.62e+10,0.08542345865,0.02154975046
2.621e+10,0.08677178226,0.01303665586
2.622e+10,0.08735504878,0.00450069618
2.623e+10,0.08718613849,-0.004010910289
2.624e+10,0.0862748422,-0.01245390245
2.625e+10,0.08462749869,-0.02078476896
2.626e+10,0.08224734201,-0.02895872974
2.627e+10,0.07913517535,-0.03692767776
2.628e+10,0.07529093186,-0.04463845169
2.629e+10,0.07071525986,-0.05203139952
2.63e+10,0.06541204556,-0.05903942439
2.631e+10,0.05939097319,-0.06558753781
2.632e+10,0.05267069318,-0.0715933613
2.633e+10,0.04528180618,-0.0769682339
2.634e+10,0.03726968464,-0.08161957468
2.635e+10,0.02869725529,-0.08545406146
2.636e+10,0.01964636164,-0.08838179795
2.637e+10,0.01021839464,-0.09032122804
2.638e+10,0.0005334240163,-0.09120436571
2.639e+10,-0.009272441155,-0.09098188622
2.64e+10,-0.01905121956,-0.08962760595
2.641e+10,-0.02864846861,-0.08714158536
2.642e+10,-0.03790966854,-0.08355172231
2.643e+10,-0.04668693409,-0.07891315871
2.644e+10,-0.05484528847,-0.07330604084
2.645e+10,-0.0622678117,-0.06683133664
2.646e+10,-0.06885934499,-0.05960558797
2.647e+10,-0.07454853556,-0.0517548692
2.648e+10,-0.07928779456,-0.04340915764
2.649e+10,-0.0830519753,-0.03469680685
2.65e+10,-0.08583563206,-0.02574025894
2.651e+10,-0.08764968005,-0.01665297814
2.652e+10,-0.08851759161,-0.007537479565
2.653e+10,-0.08847160284,0.001515354886
2.654e+10,-0.0875494313,0.01042604684
2.655e+10,-0.08579138544,0.01912540758
2.656e+10,-0.08323815036,0.02755312345
2.657e+10,-0.07992933505,0.03565565671
2.658e+10,-0.07590262121,0.04338443307
2.659e+10,-0.07119344062,0.05069379943
2.66e+10,-0.06583548076,0.05753910819
2.661e+10,-0.05986133375,0.06387534522
2.662e+10,-0.05330387983,0.06965572841
2.663e+10,-0.04619782946,0.07483088513
2.664e+10,-0.03858133755,0.07934875412
2.665e+10,-0.03049810976,0.08315443213
2.666e+10,-0.02199928369,0.08619119565
2.667e+10,-0.01314528647,0.08840178347
2.668e+10,-0.004007241665,0.08973036006
2.669e+10,0.005331831326,0.09012505009
2.67e+10,0.01477673988,0.08954092121
2.671e+10,0.02422035006,0.08794316454
2.672e+10,0.03354499106,0.08531049296
2.673e+10,0.04262464291,0.08163812413
2.674e+10,0.0513281103,0.07694042796
2.675e+10,0.05952296992,0.07125259056
2.676e+10,0.06708000769,0.06463140001
2.677e+10,0.07387771517,0.05715469941
2.678e+10,0.07980685609,0.04891964929
2.679e+10,0.08477415089,0.040039978
2.68e+10,0.08870530034,0.03064220185
2.681e+10,0.09154658875,0.02086138915
2.682e+10,0.09326580487,0.01083688439
2.683e+10,0.09385155992,0.0007078830072
2.684e+10,0.09331183707,-0.009390086981
2.685e+10,0.0916719037,-0.01932823087
2.686e+10,0.0889716704,-0.02898666599
2.687e+10,0.08526307022,-0.03825556626
2.688e+10,0.08060724282,-0.04703594078
2.689e+10,0.07507240579,-0.05523926049
2.69e+10,0.06873198707,-0.06278705362
2.691e+10,0.0616631265,-0.06960999683
2.692e+10,0.0539459043,-0.07564704056
2.693e+10,0.04566285465,-0.08084446026
2.694e+10,0.03689895468,-0.08515527129
2.695e+10,0.02774184432,-0.08853868234
2.696e+10,0.01828217253,-0.09096013624
2.697e+10,0.008613960174,-0.09239160194
2.698e+10,-0.001165043513,-0.09281221069
2.699e+10,-0.01095341245,-0.09220909429
2.7e+10,-0.02064619988,-0.09057869604
2.701e+10,-0.03013566694,-0.08792785019
2.702e+10,-0.03931236916,-0.08427520917
2.703e+10,-0.04806662078,-0.07965219658
2.704e+10,-0.05629047085,-0.07410382156
2.705e+10,-0.06388003193,-0.06768898373
2.706e+10,-0.07073765116,-0.06048041524
2.707e+10,-0.07677460886,-0.05256376196
2.708e+10,-0.08191325863,-0.04403644059
2.709e+10,-0.08608904446,-0.03500554808
2.71e+10,-0.08925203402,-0.02558580388
2.711e+10,-0.09136795171,-0.01589675099
2.712e+10,-0.09241844694,-0.006060159132
2.713e+10,-0.09240098321,0.003802591885
2.714e+10,-0.09132787163,0.01357296045
2.715e+10,-0.08922519611,0.02313743097
2.716e+10,-0.08613113057,0.03238901222
2.717e+10,-0.08209433102,0.0412284992
2.718e+10,-0.0771719772,0.04956510331
2.719e+10,-0.07142825906,0.05731681564
2.72e+10,-0.06493280739,0.0644102334
2.721e+10,-0.05775951525,0.07078016961
2.722e+10,-0.04998553463,0.07636918713
2.723e+10,-0.0416908846,0.08112700014
2.724e+10,-0.03295790139,0.08500992139
2.725e+10,-0.0238715299,0.08798046688
2.726e+10,-0.01451914545,0.09000711993
2.727e+10,-0.004991174849,0.09106447026
2.728e+10,0.004618807555,0.09113348437
2.729e+10,0.01421371362,0.09020219595
2.73e+10,0.023692884,0.0882666945
2.731e+10,0.03295244293,0.08533222146
2.732e+10,0.04188557756,0.08141452231
2.733e+10,0.05038387147,0.07654135664
2.734e+10,0.0583385498,0.07075366089
2.735e+10,0.06564264558,0.06410671417
2.736e+10,0.07219335373,0.05667087268
2.737e+10,0.07789475737,0.04853158124
2.738e+10,0.08266096985,0.03978902366
2.739e+10,0.08641902534,0.03055664583
2.74e+10,0.08911161306,0.02095933102
2.741e+10,0.09069952379,0.01113036766
2.742e+10,0.09116321447,0.001208287363
2.743e+10,0.09050371891,-0.008666929253
2.744e+10,0.08874259964,-0.01835769561
2.745e+10,0.08592085824,-0.02773271103
2.746e+10,0.08209718787,-0.03667025564
2.747e+10,0.07734545504,-0.04506081807
2.748e+10,0.07175167571,-0.05280938343
2.749e+10,0.06541073983,-0.05983649413
2.75e+10,0.05842313714,-0.0660787342
2.751e+10,0.0508920084,-0.07148829872
2.752e+10,0.04292028944,-0.07603203639
2.753e+10,0.03460859148,-0.07969013505
2.754e+10,0.02605350627,-0.08245428782
2.755e+10,0.01734646385,-0.08432575986
2.756e+10,0.008573254213,-0.08531362911
2.757e+10,-0.0001862520645,-0.08543298329
2.758e+10,-0.008857590358,-0.08470332952
2.759e+10,-0.01737134699,-0.08314742711
2.76e+10,-0.02566209514,-0.08079028609
2.761e+10,-0.03366769906,-0.07765857363
2.762e+10,-0.04132800323,-0.07378052166
2.763e+10,-0.04858412919,-0.06918584662
2.764e+10,-0.05537745725,-0.06390634823
2.765e+10,-0.06164903336,-0.0579766779
2.766e+10,-0.06733904899,-0.05143532482
2.767e+10,-0.07238693584,-0.04432584582
2.768e+10,-0.0767314672,-0.03669828218
2.769e+10,-0.08031175777,-0.02861059419
2.77e+10,-0.08306842242,-0.02012996175
2.771e+10,-0.08494538793,-0.01133380402
2.772e+10,-0.08589225909,-0.002310667999
2.773e+10,-0.08586684422,0.006839774784
2.774e+10,-0.08483829342,0.01600729377
2.775e+10,-0.08278992366,0.0250724518
2.776e+10,-0.07972211071,0.0339089796
2.777e+10,-0.07565459801,0.04238692333
2.778e+10,-0.07062791819,0.050376675
2.779e+10,-0.06470399209,0.05775329626
2.78e+10,-0.05796533493,0.06440130361
2.781e+10,-0.05051296602,0.07021898598
2.782e+10,-0.04246352258,0.07512223369
2.783e+10,-0.03394485382,0.07904753482
2.784e+10,-0.02509153549,0.08195350251
2.785e+10,-0.01603993167,0.08382129775
2.786e+10,-0.006923541374,0.08465382209
2.787e+10,0.002131160166,0.08447356402
2.788e+10,0.01100788206,0.08331986419
2.789e+10,0.01960286142,0.08124548919
2.79e+10,0.02782600801,0.07831306683
2.791e+10,0.03560124187,0.07459185713
2.792e+10,0.04286606688,0.07015435572
2.793e+10,0.04957033099,0.06507379843
2.794e+10,0.05567458654,0.0594221206
2.795e+10,0.06114832459,0.0532684935
2.796e+10,0.06596802149,0.04667863613
2.797e+10,0.07011530364,0.03971439734
2.798e+10,0.0735752828,0.03243404409
2.799e+10,0.0763351541,0.02489277761
2.8e+10,0.07838299537,0.01714368319
2.801e+10,0.07970710518,0.009238786314
2.802e+10,0.08029551588,0.001230386283
2.803e+10,0.08013601737,-0.006827702722
2.804e+10,0.07921663235,-0.01487876415
2.805e+10,0.07752636948,-0.02286192306
2.806e+10,0.0750564501,-0.03071130293
2.807e+10,0.07180191054,-0.03835509946
2.808e+10,0.06776353708,-0.04571541299
2.809e+10,0.06295004174,-0.05270835776
2.81e+10,0.05738020653,-0.05924502902
2.811e+10,0.05108520901,-0.06523287751
2.812e+10,0.04411045139,-0.07057801132
2.813e+10,0.03651702362,-0.07518805285
2.814e+10,0.02838246726,-0.0789755575
2.815e+10,0.01980050674,-0.08186187936
2.816e+10,0.0108797565,-0.08378090432
2.817e+10,0.001741447909,-0.08468263593
2.818e+10,-0.007483956588,-0.08453615964
2.819e+10,-0.01666071812,-0.08333148314
2.82e+10,-0.02565245324,-0.08108052298
2.821e+10,-0.03432671009,-0.07781676594
2.822e+10,-0.04255921481,-0.07359357748
2.823e+10,-0.05023758994,-0.06848166444
2.824e+10,-0.05726402846,-0.06256573489
2.825e+10,-0.06355694633,-0.05594077097
2.826e+10,-0.0690515823,-0.04870822391
2.827e+10,-0.07369960274,-0.04097241239
2.828e+10,-0.07746788066,-0.03283758127
2.829e+10,-0.08033676474,-0.02440547723
2.83e+10,-0.08229809292,-0.0157737608
2.831e+10,-0.08335296176,-0.007035027401
2.832e+10,-0.08350978825,0.001723459944
2.833e+10,-0.08278257096,0.01041944241
2.834e+10,-0.08118953729,0.01897512805
2.835e+10,-0.07875220049,0.02731613838
2.836e+10,-0.07549497077,0.03537050304
2.837e+10,-0.07144518581,0.04306769436
2.838e+10,-0.06663351068,0.05033771012
2.839e+10,-0.06109490643,0.05711039838
2.84e+10,-0.05486954302,0.06331527634
2.841e+10,-0.04800423156,0.06888164431
2.842e+10,-0.04055382651,0.073739188
2.843e+10,-0.03258238722,0.07781927384
2.844e+10,-0.02416429263,0.08105654389
2.845e+10,-0.01538479406,0.08339103039
2.846e+10,-0.006340228694,0.08477068146
2.847e+10,0.002862698406,0.08515400159
2.848e+10,0.01210817867,0.0845127317
2.849e+10,0.021273527,0.08283414096
2.85e+10,0.03023184338,0.08012309042
2.851e+10,0.03885544211,0.07640307503
2.852e+10,0.04701954478,0.07171666605
2.853e+10,0.05460580456,0.06612491079
2.854e+10,0.06150605283,0.05970573962
2.855e+10,0.06762503227,0.05255176359
2.856e+10,0.0728827738,0.04476721814
2.857e+10,0.07721597429,0.03646482718
2.858e+10,0.08057846286,0.02776221884
2.859e+10,0.08294110358,0.01877896152
2.86e+10,0.08429059744,0.0096336413
2.861e+10,0.08462813274,0.0004415317011
2.862e+10,0.08396763847,-0.008686929446
2.863e+10,0.08233388391,-0.01764729631
2.864e+10,0.07976071252,-0.02634160053
2.865e+10,0.0762894778,-0.03467836398
2.866e+10,0.07196794139,-0.04257238341
2.867e+10,0.0668494132,-0.0499440385
2.868e+10,0.06099232059,-0.05671915725
2.869e+10,0.05446017186,-0.06282829824
2.87e+10,0.04732186373,-0.06820663273
2.871e+10,0.0396520226,-0.07279422722
2.872e+10,0.03153160715,-0.07653625544
2.873e+10,0.02304840758,-0.07938412052
2.874e+10,0.01429716376,-0.08129657379
2.875e+10,0.005379724029,-0.08224132327
2.876e+10,-0.003595721264,-0.08219694912
2.877e+10,-0.0125156429,-0.0811545824
2.878e+10,-0.02126287247,-0.07911982541
2.879e+10,-0.02971891898,-0.07611403443
2.88e+10,-0.03776677637,-0.07217537124
2.881e+10,-0.04529408993,-0.06735892072
2.882e+10,-0.05219641727,-0.06173621041
2.883e+10,-0.05838045514,-0.05539371829
2.884e+10,-0.06376676684,-0.04843070618
2.885e+10,-0.06829204599,-0.04095628396
2.886e+10,-0.07191058235,-0.03308620549
2.887e+10,-0.0745947655,-0.02493918956
2.888e+10,-0.07633477534,-0.01663356935
2.889e+10,-0.07713761371,-0.008283989482
2.89e+10,-0.07702516156,1.243539578e-06
2.891e+10,-0.07603201271,0.008122239557
2.892e+10,-0.07419571034,0.01598990232
2.893e+10,-0.07159370263,0.02351978627
2.894e+10,-0.06825824844,0.03064902077
2.895e+10,-0.06426050133,0.03731603621
2.896e+10,-0.05966364863,0.04347160708
2.897e+10,-0.05453130703,0.04907478629
2.898e+10,-0.04892637899,0.05409181711
2.899e+10,-0.04291058843,0.05849498399
2.9e+10,-0.03654426797,0.06226151687
2.901e+10,-0.02988641508,0.06537255621
2.902e+10,-0.0229950869,0.06781245603
2.903e+10,-0.01592802277,0.06956812783
2.904e+10,-0.008743084576,0.07062891345
2.905e+10,-0.0014990505,0.07098648888
2.906e+10,0.005743670283,0.07063520481
2.907e+10,0.01292269902,0.06957255008
2.908e+10,0.019973185,0.06780010261
2.909e+10,0.02682769443,0.06532428301
2.91e+10,0.0334164269,0.06215769479
2.911e+10,0.03966769848,0.05832015324
2.912e+10,0.04550885715,0.05383984937
2.913e+10,0.05086758378,0.04875440192
2.914e+10,0.05567347544,0.04311154747
2.915e+10,0.05986001012,0.03696947616
2.916e+10,0.06336664603,0.03039673607
2.917e+10,0.06614104794,0.02347162619
2.918e+10,0.06814110615,0.01628094713
2.919e+10,0.06933684766,0.008918188118
2.92e+10,0.06971177783,0.001481345715
2.921e+10,0.06926377231,-0.005929609003
2.922e+10,0.06800523694,-0.01321556886
2.923e+10,0.06596279419,-0.02028096922
2.924e+10,0.06317601207,-0.02703626251
2.925e+10,0.05969590387,-0.0334001187
2.926e+10,0.05558289114,-0.03930102644
2.927e+10,0.05090453616,-0.04467847302
2.928e+10,0.04573315868,-0.04948335083
2.929e+10,0.04014364642,-0.05367790727
2.93e+10,0.03421140598,-0.05723525134
2.931e+10,0.0280106828,-0.06013843682
2.932e+10,0.02161312564,-0.06237928936
2.933e+10,0.01508702371,-0.06395706836
2.934e+10,0.008496526257,-0.06487701811
2.935e+10,0.001901425334,-0.06514941972
2.936e+10,-0.004642462102,-0.06478820523
2.937e+10,-0.01108316641,-0.0638099444
2.938e+10,-0.01737203386,-0.0622330571
2.939e+10,-0.02346316113,-0.0600774709
2.94e+10,-0.02931263267,-0.0573641074
2.941e+10,-0.03487784805,-0.05411500775
2.942e+10,-0.04011696515,-0.05035343377
2.943e+10,-0.04498824854,-0.04610431574
2.944e+10,-0.04944985821,-0.04139471736
2.945e+10,-0.05345950894,-0.03625468736
2.946e+10,-0.05697460058,-0.03071801036
2.947e+10,-0.0599525149,-0.0248231634
2.948e+10,-0.06235127439,-0.01861410975
2.949e+10,-0.06413035727,-0.01214118827
2.95e+10,-0.0652520441,-0.005461663218
2.951e+10,-0.06568283063,0.001359883319
2.952e+10,-0.06539521156,0.008251583163
2.953e+10,-0.06436949916,0.01513479291
2.954e+10,-0.0625956576,0.02192495239
2.955e+10,-0.06007501189,0.0285331501
2.956e+10,-0.05682173734,0.03486810328
2.957e+10,-0.05286362141,0.04083864059
2.958e+10,-0.04824253909,0.04635631371
2.959e+10,-0.04301403428,0.05133830771
2.96e+10,-0.03724618881,0.05571017406
2.961e+10,-0.03101797377,0.0594081664
2.962e+10,-0.02441682427,0.06238123314
2.963e+10,-0.0175360441,0.06459219416
2.964e+10,-0.01047179303,0.06601833887
2.965e+10,-0.003320461592,0.06665119596
2.966e+10,0.003824126159,0.06649562762
2.967e+10,0.0108726018,0.06556858752
2.968e+10,0.01774179897,0.06389718435
2.969e+10,0.02435582597,0.06151695038
2.97e+10,0.03064640317,0.05846979623
2.971e+10,0.03655300511,0.0548022951
2.972e+10,0.04202229014,0.05056414094
2.973e+10,0.0470075803,0.04580698628
2.974e+10,0.05146779928,0.04058370377
2.975e+10,0.05536668478,0.03494785035
2.976e+10,0.05867193974,0.02895373213
2.977e+10,0.06135447716,0.02265658132
2.978e+10,0.06338802216,0.01611318536
2.979e+10,0.06474906916,0.009382367285
2.98e+10,0.06541688545,0.002525888188
2.981e+10,0.06537425703,-0.004390949094
2.982e+10,0.06460834579,-0.01129873822
2.983e+10,0.06311193731,-0.0181237104
2.984e+10,0.06088493233,-0.02478777431
2.985e+10,0.05793598808,-0.03120920336
2.986e+10,0.05428410662,-0.03730372813
2.987e+10,0.04996005176,-0.04298624546
2.988e+10,0.04500746271,-0.04817293959
2.989e+10,0.03948321483,-0.05278404313
2.99e+10,0.03345726061,-0.05674673752
2.991e+10,0.02701158113,-0.05999788659
2.992e+10,0.02023835215,-0.06248688316
2.993e+10,0.01323731346,-0.06417763805
2.994e+10,0.006112751146,-0.06505010388
2.995e+10,-0.001030011764,-0.06510081765
2.996e+10,-0.008087893203,-0.06434239437
2.997e+10,-0.01496324267,-0.06280256737
2.998e+10,-0.02156642476,-0.06052198743
2.999e+10,-0.02781766245,-0.0575519421
3e+10,-0.03364823564,-0.05395162878
3.001e+10,-0.03900120655,-0.04978473472
3.002e+10,-0.04382964607,-0.04511925405
3.003e+10,-0.04809747443,-0.04002321837
3.004e+10,-0.05177755126,-0.03456375108
3.005e+10,-0.05485028948,-0.02880609105
3.006e+10,-0.05730211006,-0.02281300535
3.007e+10,-0.0591241353,-0.01664469849
3.008e+10,-0.06031099749,-0.01035919825
3.009e+10,-0.06086003368,-0.004012943358
3.01e+10,-0.06077075484,0.002338395269
3.011e+10,-0.06004476577,0.008639026558
3.012e+10,-0.05868609246,0.01483212817
3.013e+10,-0.05670188125,0.02085919931
3.014e+10,-0.05410338866,0.02665952087
3.015e+10,-0.0509073156,0.03217017987
3.016e+10,-0.04713728828,0.03732639878
3.017e+10,-0.04282523243,0.04206252936
3.018e+10,-0.03801266234,0.0463134753
3.019e+10,-0.03275162794,0.05001679649
3.02e+10,-0.02710501722,0.05311505226
3.021e+10,-0.02114615267,0.0555585841
3.022e+10,-0.01495769074,0.05730808595
3.023e+10,-0.008629489377,0.05833703333
3.024e+10,-0.002256014206,0.05863355205
3.025e+10,0.004067105715,0.05820133186
3.026e+10,0.01024638267,0.05705988346
3.027e+10,0.01619404874,0.05524342117
3.028e+10,0.02183094359,0.05279923287
3.029e+10,0.02708891816,0.04978493542
3.03e+10,0.03191224648,0.04626569368
3.031e+10,0.03625827687,0.04231096666
3.032e+10,0.04009712347,0.03799156559
3.033e+10,0.04341071435,0.03337703619
3.034e+10,0.04619123372,0.02853354229
3.035e+10,0.04843930961,0.0235223559
3.036e+10,0.05016201503,0.01839901181
3.037e+10,0.05137094058,0.01321294891
3.038e+10,0.05208041232,0.008007677727
3.039e+10,0.0523059801,0.002821365486
3.04e+10,0.05206317984,-0.00231236213
3.041e+10,0.05136667564,-0.007363410874
3.042e+10,0.05022973611,-0.0123039949
3.043e+10,0.0486639567,-0.01710755906
3.044e+10,0.04667948854,-0.02174751859
3.045e+10,0.04428538041,-0.02619631649
3.046e+10,0.04149029011,-0.03042442091
3.047e+10,0.03830351354,-0.03439960793
3.048e+10,0.03473615915,-0.03808652054
3.049e+10,0.03080254048,-0.04144660521
3.05e+10,0.02652173513,-0.04443829991
3.051e+10,0.02191899476,-0.04701783832
3.052e+10,0.01702725868,-0.04914053592
3.053e+10,0.01188823775,-0.05076244125
3.054e+10,0.006553048253,-0.05184259802
3.055e+10,0.00108232121,-0.05234559681
3.056e+10,-0.00445455703,-0.05224413687
3.057e+10,-0.009980929633,-0.05152161928
3.058e+10,-0.01541525839,-0.0501743075
3.059e+10,-0.02067407197,-0.04821268464
3.06e+10,-0.02567544932,-0.04566205347
3.061e+10,-0.03034257841,-0.04256202987
3.062e+10,-0.03460692609,-0.0389649478
3.063e+10,-0.03841097477,-0.03493346534
3.064e+10,-0.04171002212,-0.03053754031
3.065e+10,-0.04447294713,-0.02585108342
3.066e+10,-0.04668211012,-0.02094866087
3.067e+10,-0.04833225327,-0.01590261376
3.068e+10,-0.04942883729,-0.01078073089
3.069e+10,-0.04998592427,-0.005644523202
3.07e+10,-0.05002391873,-0.0005484437566
3.071e+10,-0.04956740087,0.004460489608
3.072e+10,-0.04864308352,0.009342267452
3.073e+10,-0.0472781955,0.01406320906
3.074e+10,-0.04549925929,0.01859482858
3.075e+10,-0.04333122709,0.02291275681
3.076e+10,-0.04079700098,0.02699531467
3.077e+10,-0.03791747772,0.03082235583
3.078e+10,-0.03471163139,0.03437409052
3.079e+10,-0.03119720671,0.03763004082
3.08e+10,-0.02739141523,0.04056830716
3.081e+10,-0.02331200155,0.04316497163
3.082e+10,-0.0189784113,0.04539377606
3.083e+10,-0.01441296253,0.04722630567
3.084e+10,-0.00964228414,0.04863231641
3.085e+10,-0.004698450303,0.04958059122
3.086e+10,0.0003798809499,0.05004021437
3.087e+10,0.005546724749,0.04998217868
3.088e+10,0.01074832966,0.04938139289
3.089e+10,0.01592350657,0.04821882362
3.09e+10,0.02100433091,0.04648382776
3.091e+10,0.02591782098,0.04417620317
3.092e+10,0.03058816387,0.04130792109
3.093e+10,0.03493939533,0.0379041761
3.094e+10,0.03889869862,0.03400371224
3.095e+10,0.04239946205,0.02965811259
3.096e+10,0.04538427182,0.02493020548
3.097e+10,0.04780727643,0.01989169793
3.098e+10,0.04963573112,0.01462025751
3.099e+10,0.0508506739,0.009196242989
3.1e+10,0.05144659255,0.003699629376
3.101e+10,0.051430336,-0.001792810695
3.102e+10,0.05081936084,-0.007209633545
3.103e+10,0.04963958066,-0.01248638037
3.104e+10,0.04792314871,-0.01756619335
3.105e+10,0.04570629152,-0.02239998972
3.106e+10,0.0430274415,-0.02694602233
3.107e+10,0.03992575608,-0.03116896785
3.108e+10,0.03644001092,-0.03503894929
3.109e+10,0.0326081349,-0.03853012958
3.11e+10,0.02846701645,-0.04161971484
3.111e+10,0.0240526495,-0.04428685562
3.112e+10,0.01940082089,-0.0465117937
3.113e+10,0.0145477421,-0.04827540684
3.114e+10,0.009531051898,-0.04955893172
3.115e+10,0.004390678211,-0.05034420352
3.116e+10,-0.0008301320665,-0.05061414901
3.117e+10,-0.006084221135,-0.05035365206
3.118e+10,-0.01131989776,-0.04955078208
3.119e+10,-0.01648089434,-0.04819824816
3.12e+10,-0.02150671432,-0.04629493
3.121e+10,-0.02633342947,-0.04384751364
3.122e+10,-0.03089511313,-0.04087186289
3.123e+10,-0.03512564161,-0.0373941088
3.124e+10,-0.03896100213,-0.03345118476
3.125e+10,-0.04234170881,-0.02909073618
3.126e+10,-0.04521526745,-0.02437038741
3.127e+10,-0.04753830501,-0.01935616912
3.128e+10,-0.04927850785,-0.01412044731
3.129e+10,-0.05041555961,-0.008739474766
3.13e+10,-0.05094152459,-0.003290666311
3.131e+10,-0.05086048566,0.002149890638
3.132e+10,-0.05018723932,0.007510863937
3.133e+10,-0.04894737667,0.01272525134
3.134e+10,-0.04717234542,0.01773361262
3.135e+10,-0.04489980858,0.02248436977
3.136e+10,-0.04217095734,0.02693361043
3.137e+10,-0.03902881602,0.03104483124
3.138e+10,-0.03551677307,0.03478820836
3.139e+10,-0.03167760062,0.03813953909
3.14e+10,-0.02755281039,0.04107910012
3.141e+10,-0.02318247175,0.04359065666
3.142e+10,-0.01860524102,0.04566039252
3.143e+10,-0.01385881905,0.04727612388
3.144e+10,-0.008980546825,0.04842667496
3.145e+10,-0.004008064556,0.04910162656
3.146e+10,0.001019756519,0.04929123687
3.147e+10,0.006062103475,0.04898683299
3.148e+10,0.0110754653,0.04818136948
3.149e+10,0.01601315947,0.04687034357
3.15e+10,0.0208251145,0.04505289918
3.151e+10,0.02545793792,0.04273316155
3.152e+10,0.02985546613,0.03992152458
3.153e+10,0.03395973925,0.03663604594
3.154e+10,0.03771243122,0.03290337786
3.155e+10,0.04105666795,0.02875959868
3.156e+10,0.04393907021,0.02425039472
3.157e+10,0.0463120316,0.01943068246
3.158e+10,0.04813583628,0.01436363234
3.159e+10,0.04938054847,0.009119050673
3.16e+10,0.05002740187,0.003771257005
3.161e+10,0.05006965801,-0.001603385159
3.162e+10,0.04951260325,-0.006929021735
3.163e+10,0.04837302561,-0.01213279974
3.164e+10,0.0466780308,-0.01714704946
3.165e+10,0.04446323274,-0.02191097637
3.166e+10,0.04177098351,-0.02637171511
3.167e+10,0.03864812585,-0.03048499432
3.168e+10,0.03514420123,-0.03421500943
3.169e+10,0.03130954743,-0.03753397072
3.17e+10,0.02719406834,-0.04042128175
3.171e+10,0.02284608682,-0.04286241971
3.172e+10,0.01831185407,-0.04484790879
3.173e+10,0.01363502661,-0.04637201777
3.174e+10,0.008857066246,-0.04743189809
3.175e+10,0.004017350483,-0.04802664155
3.176e+10,-0.0008463056062,-0.04815666219
3.177e+10,-0.005696944562,-0.04782333804
3.178e+10,-0.01049785961,-0.04702881535
3.179e+10,-0.01521186639,-0.04577624532
3.18e+10,-0.01980078172,-0.04406993235
3.181e+10,-0.02422487139,-0.04191620262
3.182e+10,-0.02844264964,-0.03932388546
3.183e+10,-0.03241081824,-0.03630543076
3.184e+10,-0.03608454459,-0.03287770609
3.185e+10,-0.0394180061,-0.0290630576
3.186e+10,-0.04236529713,-0.0248901025
3.187e+10,-0.04488156759,-0.02039449507
3.188e+10,-0.04692453562,-0.01561916598
3.189e+10,-0.04845602324,-0.0106144604
3.19e+10,-0.04944369917,-0.005437639401
3.191e+10,-0.04986265338,-0.0001520152509
3.192e+10,-0.04969681913,0.005174375083
3.193e+10,-0.04894004221,0.01047036632
3.194e+10,-0.04759672774,0.01566381046
3.195e+10,-0.04568194804,0.02068342776
3.196e+10,-0.04322104272,0.02546104023
3.197e+10,-0.04024874143,0.02993330131
3.198e+10,-0.03680789601,0.03404325673
3.199e+10,-0.03294787398,0.03774146288
3.2e+10,-0.02872294932,0.04098670053
3.201e+10,-0.02419054469,0.04374611089
3.202e+10,-0.01940971865,0.04599516391
3.203e+10,-0.01443981392,0.04771702463
3.204e+10,-0.009339377111,0.04890198212
3.205e+10,-0.004165355946,0.0495465666
3.206e+10,0.001027237706,0.04965272351
3.207e+10,0.00618575681,0.04922702562
3.208e+10,0.01125981104,0.04827999508
3.209e+10,0.01620116061,0.04682563104
3.21e+10,0.02096355982,0.04488101551
3.211e+10,0.02550248775,0.0424662031
3.212e+10,0.02977500261,0.03960419896
3.213e+10,0.03373965477,0.03632107658
3.214e+10,0.03735645513,0.03264630777
3.215e+10,0.04058717608,0.02861289779
3.216e+10,0.0433955495,0.02425775998
3.217e+10,0.04574791341,0.01962195988
3.218e+10,0.04761373538,0.01475073486
3.219e+10,0.04896649337,0.009693544264
3.22e+10,0.04978439014,0.00450379299
3.221e+10,0.05005126396,-0.0007616283124
3.222e+10,0.04975732367,-0.006042949641
3.223e+10,0.04889984204,-0.01127846413
3.224e+10,0.04748364019,-0.01640547046
3.225e+10,0.0455213474,-0.02136159229
3.226e+10,0.04303344445,-0.02608585395
3.227e+10,0.0400480152,-0.03052002241
3.228e+10,0.03660025169,-0.03460970396
3.229e+10,0.03273177066,-0.03830535003
3.23e+10,0.02848970412,-0.04156317147
3.231e+10,0.02392576048,-0.04434569344
3.232e+10,0.01909507883,-0.04662215615
3.233e+10,0.01405534832,-0.0483687733
3.234e+10,0.008865608436,-0.04956864382
3.235e+10,0.003585600256,-0.05021165061
3.236e+10,-0.001725177254,-0.05029416308
3.237e+10,-0.007008105524,-0.0498186649
3.238e+10,-0.01220585169,-0.04879344275
3.239e+10,-0.0172629224,-0.04723213342
3.24e+10,-0.0221258814,-0.04515344591
3.241e+10,-0.02674369704,-0.04258082419
3.242e+10,-0.03106796208,-0.0395422053
3.243e+10,-0.03505313842,-0.03606979946
3.244e+10,-0.03865680557,-0.03219996582
3.245e+10,-0.04183999698,-0.02797296745
3.246e+10,-0.04456749901,-0.0234328609
3.247e+10,-0.04680832605,-0.01862723238
3.248e+10,-0.04853601339,-0.01360698753
3.249e+10,-0.04972918421,-0.008425946076
3.25e+10,-0.05037189301,-0.003140418295
3.251e+10,-0.05045411379,0.002191297493
3.252e+10,-0.0499720515,0.00750961612
3.253e+10,-0.048928379,0.01275431829
3.254e+10,-0.04733247481,0.01786535594
3.255e+10,-0.04520041973,0.02278372077
3.256e+10,-0.04255487442,0.02745225306
3.257e+10,-0.03942491845,0.03181644937
3.258e+10,-0.03584565306,0.03582529627
3.259e+10,-0.03185770359,0.03943201412
3.26e+10,-0.02750669131,0.04259460316
3.261e+10,-0.02284259002,0.04527646208
3.262e+10,-0.01791903935,0.04744680205
3.263e+10,-0.01279252701,0.04908095626
3.264e+10,-0.007521816813,0.05016059399
3.265e+10,-0.002167106008,0.05067389805
3.266e+10,0.00321069729,0.05061556261
3.267e+10,0.008550547412,0.04998684987
3.268e+10,0.01379204787,0.04879544086
3.269e+10,0.01887606028,0.04705537486
3.27e+10,0.02374530444,0.04478683022
3.271e+10,0.02834501988,0.04201591127
3.272e+10,0.03262354396,0.03877438608
3.273e+10,0.03653287708,0.03509932977
3.274e+10,0.04002929414,0.03103272571
3.275e+10,0.04307380544,0.02662104406
3.276e+10,0.0456327292,0.02191457609
3.277e+10,0.04767802885,0.01696700665
3.278e+10,0.04918769159,0.01183458917
3.279e+10,0.05014603052,0.006575485035
3.28e+10,0.05054375932,0.001249064427
3.281e+10,0.05037812251,-0.004084979254
3.282e+10,0.04965280428,-0.009367309351
3.283e+10,0.04837768328,-0.01453967486
3.284e+10,0.04656867799,-0.01954561352
3.285e+10,0.04424734691,-0.02433105598
3.286e+10,0.0414404254,-0.02884483747
3.287e+10,0.03817950488,-0.03303914134
3.288e+10,0.03450042649,-0.03686984869
3.289e+10,0.03044292236,-0.04029681884
3.29e+10,0.02605015347,-0.04328407402
3.291e+10,0.0213682773,-0.04579999736
3.292e+10,0.01644615377,-0.04781740388
3.293e+10,0.01133492875,-0.04931374602
3.294e+10,0.00608782855,-0.05027116741
3.295e+10,0.0007598488055,-0.05067672183
3.296e+10,-0.004592512074,-0.05052255673
3.297e+10,-0.009911615848,-0.0498061674
3.298e+10,-0.0151390242,-0.04853066546
3.299e+10,-0.02021593639,-0.04670508068
3.3e+10,-0.02508376776,-0.0443446756
3.301e+10,-0.02968481612,-0.04147117289
3.302e+10,-0.03396302183,-0.03811296672
3.303e+10,-0.03786493422,-0.03430514984
3.304e+10,-0.04134060297,-0.03008948121
3.305e+10,-0.04434468481,-0.02551403875
3.306e+10,-0.04683744175,-0.02063274365
3.307e+10,-0.04878571154,-0.01550467284
3.308e+10,-0.05016378568,-0.01019304583
3.309e+10,-0.05095408076,-0.00476417584
3.31e+10,-0.05114758488,0.0007139020068
3.311e+10,-0.05074405627,0.006172690519
3.312e+10,-0.04975193034,0.0115446611
3.313e+10,-0.04818795711,0.01676453553
3.314e+10,-0.0460765758,0.02177056253
3.315e+10,-0.04344908276,0.02650538365
3.316e+10,-0.04034270998,0.03091693065
3.317e+10,-0.0367995232,0.03495893472
3.318e+10,-0.03286538431,0.03859121559
3.319e+10,-0.02858889551,0.04177978071
3.32e+10,-0.02402052486,0.04449667042
3.321e+10,-0.0192117332,0.04671970396
3.322e+10,-0.01421442207,0.04843210336
3.323e+10,-0.009080409654,0.04962205727
3.324e+10,-0.003861114967,0.05028230055
3.325e+10,0.001392553694,0.0504097032
3.326e+10,0.006630367432,0.05000501389
3.327e+10,0.01180262506,0.04907254948
3.328e+10,0.01686015008,0.04762017776
3.329e+10,0.02175424882,0.04565931488
3.33e+10,0.02643662931,0.04320505078
3.331e+10,0.03085944885,0.04027643169
3.332e+10,0.03497551876,0.03689674798
3.333e+10,0.03873855795,0.03309387792
3.334e+10,0.04210370592,0.02890069892
3.335e+10,0.04502804087,0.02435534382
3.336e+10,0.04747150728,0.01950138512
3.337e+10,0.04939765188,0.01438794281
3.338e+10,0.05077477464,0.009069491586
3.339e+10,0.05157689436,0.003605459658
3.34e+10,0.05178479946,-0.001940416861
3.341e+10,0.05138695839,-0.007500968976
3.342e+10,0.05038030382,-0.01300677668
3.343e+10,0.04877073562,-0.01838746694
3.344e+10,0.0465733873,-0.02357319237
3.345e+10,0.04381253178,-0.0284961334
3.346e+10,0.04052122491,-0.03309194966
3.347e+10,0.03674056946,-0.03730120296
3.348e+10,0.0325188349,-0.0410704212
3.349e+10,0.02791020819,-0.04435310555
3.35e+10,0.02297366921,-0.0471103323
3.351e+10,0.01777162973,-0.04931114558
3.352e+10,0.01236864825,-0.05093256251
3.353e+10,0.0068303332,-0.05195954543
3.354e+10,0.001222267261,-0.05238451041
3.355e+10,-0.004390641743,-0.0522072477
3.356e+10,-0.009945356581,-0.05143368778
3.357e+10,-0.01538047412,-0.05007612884
3.358e+10,-0.0206370905,-0.04815233102
3.359e+10,-0.02565884487,-0.04568517721
3.36e+10,-0.03039224267,-0.04270234346
3.361e+10,-0.03478663797,-0.03923585222
3.362e+10,-0.03879428953,-0.03532222944
3.363e+10,-0.04237088463,-0.03100226623
3.364e+10,-0.04547562455,-0.02632088538
3.365e+10,-0.04807160466,-0.02132714813
3.366e+10,-0.05012632521,-0.01607416662
3.367e+10,-0.05161220969,-0.01061886078
3.368e+10,-0.05250728703,-0.00502177229
3.369e+10,-0.05279575437,0.0006534923651
3.37e+10,-0.05246873732,0.006340744986
3.371e+10,-0.05152480623,0.01197216289
3.372e+10,-0.04997048281,0.01747909047
3.373e+10,-0.04782053806,0.02279322866
3.374e+10,-0.0450980794,0.02784782503
3.375e+10,-0.04183445723,0.0325788753
3.376e+10,-0.03806884277,0.03692639102
3.377e+10,-0.03384765237,0.04083551156
3.378e+10,-0.02922366997,0.04425758166
3.379e+10,-0.02425507114,0.04715091398
3.38e+10,-0.01900427056,0.04948143539
3.381e+10,-0.0135367274,0.0512230744
3.382e+10,-0.00791980324,0.05235783024
3.383e+10,-0.002221569411,0.0528757424
3.384e+10,0.003490172946,0.05277464649
3.385e+10,0.009148816337,0.05205970296
3.386e+10,0.01468964246,0.05074295202
3.387e+10,0.02005042089,0.0488427702
3.388e+10,0.02517186737,0.04638333298
3.389e+10,0.02999792781,0.04339413277
3.39e+10,0.03447605025,0.03990952986
3.391e+10,0.03855734774,0.03596840918
3.392e+10,0.04219677054,0.03161391563
3.393e+10,0.04535334001,0.02689321819
3.394e+10,0.04799036142,0.02185736012
3.395e+10,0.05007578372,0.01656112723
3.396e+10,0.05158259562,0.01106284393
3.397e+10,0.05248935215,0.00542412121
3.398e+10,0.05278071011,-0.0002904323218
3.399e+10,0.05244807486,-0.006013710894
3.4e+10,0.05149017499,-0.01167682511
3.401e+10,0.04991366753,-0.01720980924
3.402e+10,0.04773355761,-0.02254273327
3.403e+10,0.04497350065,-0.02760685688
3.404e+10,0.04166589748,-0.03233585615
3.405e+10,0.03785168823,-0.03666731272
3.406e+10,0.03357987772,-0.04054400213
3.407e+10,0.02890678703,-0.04391523381
3.408e+10,0.02389503186,-0.04673799663
3.409e+10,0.01861219448,-0.04897792719
3.41e+10,0.01312942355,-0.0506099309
3.411e+10,0.00751989337,-0.05161856654
3.412e+10,0.001857212584,-0.05199806038
3.413e+10,-0.003786032708,-0.05175204575
3.414e+10,-0.009339671883,-0.05089298737
3.415e+10,-0.01473707244,-0.04944143934
3.416e+10,-0.01991615145,-0.04742506063
3.417e+10,-0.02481996276,-0.0448776289
3.418e+10,-0.0293971974,-0.04183795349
3.419e+10,-0.03360240783,-0.03834884509
3.42e+10,-0.03739595737,-0.03445619637
3.421e+10,-0.04074390729,-0.03020817412
3.422e+10,-0.04361780183,-0.02565446827
3.423e+10,-0.04599427487,-0.02084584914
3.424e+10,-0.04785479664,-0.01583369304
3.425e+10,-0.04918529874,-0.01066979895
3.426e+10,-0.04997594933,-0.005406176826
3.427e+10,-0.05022096167,-9.503350721e-05
3.428e+10,-0.04991851159,0.005211278984
3.429e+10,-0.04907074709,0.01046024118
3.43e+10,-0.04768390824,0.01559919261
3.431e+10,-0.04576854837,0.02057544524
3.432e+10,-0.04333981005,0.0253363897
3.433e+10,-0.04041774913,0.02982982245
3.434e+10,-0.03702769893,0.0340042981
3.435e+10,-0.03320058053,0.03780973768
3.436e+10,-0.02897318073,0.04119807609
3.437e+10,-0.02438826255,0.04412413426
3.438e+10,-0.01949460908,0.04654652904
3.439e+10,-0.01434677477,0.04842871347
3.44e+10,-0.009004679516,0.04974003191
3.441e+10,-0.003532961789,0.05045672608
3.442e+10,0.001999990192,0.05056288026
3.443e+10,0.007523059219,0.05005119658
3.444e+10,0.01296380791,0.04892354483
3.445e+10,0.0182498759,0.04719128473
3.446e+10,0.02331045669,0.04487527261
3.447e+10,0.02807785396,0.04200555657
3.448e+10,0.03248882538,0.0386208202
3.449e+10,0.0364859111,0.03476751675
3.45e+10,0.04001843294,0.03049883067
3.451e+10,0.04304334828,0.02587344321
3.452e+10,0.04552575534,0.02095428719
3.453e+10,0.04743921153,0.01580716205
3.454e+10,0.04876573173,0.01049955722
3.455e+10,0.04949564837,0.005099388231
3.456e+10,0.04962726022,-0.0003259973076
3.457e+10,0.04916633427,-0.005710766048
3.458e+10,0.04812560155,-0.01099129742
3.459e+10,0.04652415714,-0.01610679911
3.46e+10,0.04438688082,-0.02099980364
3.461e+10,0.04174390119,-0.02561649877
3.462e+10,0.03863008657,-0.02990697701
3.463e+10,0.03508458461,-0.03382553194
3.464e+10,0.03115042985,-0.03733080548
3.465e+10,0.02687415651,-0.04038600263
3.466e+10,0.0223054708,-0.04295909194
3.467e+10,0.01749688911,-0.04502303945
3.468e+10,0.0125033928,-0.0465560592
3.469e+10,0.007382015175,-0.04754187028
3.47e+10,0.002191409997,-0.04796997358
3.471e+10,-0.003008692548,-0.04783591441
3.472e+10,-0.008158038728,-0.04714149292
3.473e+10,-0.01319653785,-0.04589494376
3.474e+10,-0.01806495678,-0.04411100095
3.475e+10,-0.02270570004,-0.0418109044
3.476e+10,-0.0270635797,-0.0390222639
3.477e+10,-0.03108660354,-0.03577880955
3.478e+10,-0.03472674279,-0.03212002252
3.479e+10,-0.03794060869,-0.02809064935
3.48e+10,-0.04069010041,-0.02374011067
3.481e+10,-0.04294293384,-0.01912182476
3.482e+10,-0.04467303624,-0.01429247904
3.483e+10,-0.0458609066,-0.009311264089
3.484e+10,-0.04649375566,-0.004239084963
3.485e+10,-0.04656565368,0.0008622191893
3.486e+10,-0.04607752549,0.00593063208
3.487e+10,-0.04503707359,0.01090467018
3.488e+10,-0.04345866304,0.0157241112
3.489e+10,-0.04136314604,0.02033062664
3.49e+10,-0.03877765734,0.02466843712
3.491e+10,-0.03573534077,0.02868496607
3.492e+10,-0.03227507329,0.03233142897
3.493e+10,-0.02844110057,0.03556349469
3.494e+10,-0.0242826487,0.03834189431
3.495e+10,-0.01985338485,0.04063307363
3.496e+10,-0.0152108494,0.04240980278
3.497e+10,-0.01041572223,0.04365173075
3.498e+10,-0.005530974028,0.04434591692
3.499e+10,-0.0006209109097,0.04448721711
3.5e+10,0.00424990242,0.04407853004
3.501e+10,0.009017796038,0.04313089186
3.502e+10,0.01362119537,0.0416633173
3.503e+10,0.01800179285,0.03970245911
3.504e+10,0.02210568717,0.0372820111
3.505e+10,0.02588435905,0.03444192085
3.506e+10,0.02929552253,0.03122738962
3.507e+10,0.03230372068,0.02768778187
3.508e+10,0.03488070563,0.02387542336
3.509e+10,0.0370055665,0.01984437451
3.51e+10,0.03866461143,0.01564930289
3.511e+10,0.039851021,0.01134435998
3.512e+10,0.04056436525,0.006982313019
3.513e+10,0.04080994266,0.002613760864
3.514e+10,0.04059807957,-0.00171342218
3.515e+10,0.03994336278,-0.005954436639
3.516e+10,0.03886393731,-0.01006777749
3.517e+10,0.03738083594,-0.01401522841
3.518e+10,0.03551740854,-0.01776179864
3.519e+10,0.03329885458,-0.02127552368
3.52e+10,0.0307519152,-0.02452721952
3.521e+10,0.02790463972,-0.0274902319
3.522e+10,0.02478631546,-0.03014019259
3.523e+10,0.02142749935,-0.03245482742
3.524e+10,0.01786010401,-0.03441385822
3.525e+10,0.01411757922,-0.03599898086
3.526e+10,0.01023509467,-0.03719397633
3.527e+10,0.006249717075,-0.03798494301
3.528e+10,0.002200554808,-0.0383606453
3.529e+10,-0.001871224539,-0.03831299247
3.53e+10,-0.005922457961,-0.03783756958
3.531e+10,-0.009908246332,-0.0369342515
3.532e+10,-0.01378238049,-0.03560781549
3.533e+10,-0.01749795123,-0.03386849939
3.534e+10,-0.02100817359,-0.03173245765
3.535e+10,-0.02426732823,-0.02922206128
3.536e+10,-0.02723187012,-0.02636597271
3.537e+10,-0.02986155795,-0.02319896397
3.538e+10,-0.032120597,-0.01976149296
3.539e+10,-0.03397865712,-0.01609895115
3.54e+10,-0.03541175435,-0.01226073887
3.541e+10,-0.03640289388,-0.008299112436
3.542e+10,-0.03694242631,-0.004267950438
3.543e+10,-0.03702812486,-0.0002214297009
3.544e+10,-0.03666498998,0.003787163829
3.545e+10,-0.03586476107,0.007706606113
3.546e+10,-0.03464530242,0.01148863825
3.547e+10,-0.03302975887,0.01508871784
3.548e+10,-0.03104573728,0.01846653295
3.549e+10,-0.02872441438,0.02158627258
3.55e+10,-0.02609974484,0.02441674398
3.551e+10,-0.02320772914,0.026931315
3.552e+10,-0.02008582712,0.02910774372
3.553e+10,-0.01677248158,0.03092798552
3.554e+10,-0.01330676886,0.03237794028
3.555e+10,-0.009728159945,0.03344725762
3.556e+10,-0.00607637609,0.03412916336
3.557e+10,-0.002391235944,0.03442039484
3.558e+10,0.001287426703,0.03432117263
3.559e+10,0.004919879797,0.03383527047
3.56e+10,0.008466701824,0.03297012161
3.561e+10,0.01188901129,0.03173696798
3.562e+10,0.01514881841,0.03015101409
3.563e+10,0.01820947393,0.02823152105
3.564e+10,0.02103618893,0.02600183726
3.565e+10,0.02359662686,0.02348934747
3.566e+10,0.02586151559,0.02072526328
3.567e+10,0.02780528066,0.01774425408
3.568e+10,0.02940658589,0.01458399891
3.569e+10,0.0306488323,0.01128453757
3.57e+10,0.03152048149,0.007887543866
3.571e+10,0.03201523809,0.004435557649
3.572e+10,0.03213208219,0.0009711539555
3.573e+10,0.03187510065,-0.002463816599
3.574e+10,0.03125319566,-0.005828946423
3.575e+10,0.03027965539,-0.009085861525
3.576e+10,0.02897166813,-0.01219868836
3.577e+10,0.02734976193,-0.01513439681
3.578e+10,0.02543728022,-0.01786295727
3.579e+10,0.02325989607,-0.02035743997
3.58e+10,0.02084517806,-0.02259398056
3.581e+10,0.0182222646,-0.02455169782
3.582e+10,0.01542163332,-0.0262126016
3.583e+10,0.01247495344,-0.02756150074
3.584e+10,0.00941500463,-0.02858597647
3.585e+10,0.006275671763,-0.02927641437
3.586e+10,0.00309191033,-0.02962615384
3.587e+10,-0.0001002941212,-0.02963170259
3.588e+10,-0.003264052181,-0.0292930708
3.589e+10,-0.006361794277,-0.02861413673
3.59e+10,-0.009355677551,-0.02760307012
3.591e+10,-0.01220811908,-0.02627268467
3.592e+10,-0.01488252091,-0.02464073588
3.593e+10,-0.01734413433,-0.02273002709
3.594e+10,-0.01956101036,-0.02056835139
3.595e+10,-0.02150503762,-0.01818813005
3.596e+10,-0.02315286418,-0.01562580361
3.597e+10,-0.02448672558,-0.01292096541
3.598e+10,-0.02549504807,-0.01011525428
3.599e+10,-0.02617277491,-0.00725112832
3.6e+10,-0.02652134004,-0.004370558169
3.601e+10,-0.0265483612,-0.001513790034
3.602e+10,-0.02626700666,0.001281774594
3.603e+10,-0.02569513428,0.003982469409
3.604e+10,-0.02485428343,0.006558989781
3.605e+10,-0.02376858491,0.008986730812
3.606e+10,-0.02246371007,0.01124585348
3.607e+10,-0.02096588176,0.01332109055
3.608e+10,-0.01930103553,0.01520136756
3.609e+10,-0.01749416418,0.0168792651
3.61e+10,-0.01556883903,0.01835042645
3.611e+10,-0.01354692606,0.0196128935
3.612e+10,-0.01144846275,0.02066649068
3.613e+10,-0.009291703809,0.02151224468
3.614e+10,-0.00709327162,0.02215186817
3.615e+10,-0.004868414913,0.02258735658
3.616e+10,-0.002631345715,0.02282068048
3.617e+10,-0.0003956064442,0.02285357187
3.618e+10,0.00182552325,0.02268745798
3.619e+10,0.004018624749,0.02232347997
3.62e+10,0.006169755456,0.02176264101
3.621e+10,0.008264117511,0.02100606863
3.622e+10,0.01028578029,0.02005536707
3.623e+10,0.01221752912,0.01891308868
3.624e+10,0.01404080502,0.01758324955
3.625e+10,0.01573583996,0.01607191987
3.626e+10,0.01728192619,0.01438778856
3.627e+10,0.01865790966,0.01254271073
3.628e+10,0.01984284687,0.01055213027
3.629e+10,0.02081684219,0.00843533888
3.63e+10,0.02156197849,0.006215523391
3.631e+10,0.02206331826,0.003919497032
3.632e+10,0.02230984852,0.001577191694
3.633e+10,0.02229529171,-0.0007791778149
3.634e+10,0.02201866692,-0.003116156066
3.635e+10,0.02148457137,-0.005400259655
3.636e+10,0.02070308221,-0.007599223346
3.637e+10,0.01968933777,-0.009683182817
3.638e+10,0.01846279255,-0.01162567884
3.639e+10,0.0170462589,-0.01340439473
3.64e+10,0.01546482023,-0.01500159286
3.641e+10,0.01374472646,-0.01640421628
3.642e+10,0.01191234942,-0.01760371308
3.643e+10,0.009993317639,-0.01859561073
3.644e+10,0.008011832023,-0.01937893116
3.645e+10,0.005990199694,-0.01995549974
3.646e+10,0.003948610697,-0.02032924966
3.647e+10,0.001905073333,-0.02050553068
3.648e+10,-0.0001244577783,-0.02049052226
3.649e+10,-0.00212583201,-0.02029072765
3.65e+10,-0.004086377313,-0.01991260576
3.651e+10,-0.005994507026,-0.01936231222
3.652e+10,-0.007839310631,-0.01864558833
3.653e+10,-0.009610149014,-0.01776774615
3.654e+10,-0.01129627561,-0.01673378117
3.655e+10,-0.0128865037,-0.01554859273
3.656e+10,-0.01436895481,-0.01421727292
3.657e+10,-0.01573088061,-0.01274551484
3.658e+10,-0.01695861311,-0.01114003356
3.659e+10,-0.01803761811,-0.009409052719
3.66e+10,-0.01895272577,-0.007562799638
3.661e+10,-0.01968847591,-0.005613949794
3.662e+10,-0.02022965371,-0.003578008249
3.663e+10,-0.02056193345,-0.001473572091
3.664e+10,-0.0206726601,0.0006775950431
3.665e+10,-0.02055166958,0.002850685749
3.666e+10,-0.02019212313,0.005018229638
3.667e+10,-0.01959124965,0.007150703462
3.668e+10,-0.0187509426,0.009217372556
3.669e+10,-0.01767810267,0.01118730363
3.67e+10,-0.01638471026,0.01303046603
3.671e+10,-0.01488758838,0.01471883109
3.672e+10,-0.01320786727,0.01622736579
3.673e+10,-0.01137021031,0.01753484636
3.674e+10,-0.009401828911,0.01862437474
3.675e+10,-0.007331561126,0.01948359416
3.676e+10,-0.005188883201,0.02010480035
3.677e+10,-0.003002920564,0.02048460735
3.678e+10,-0.0008017942769,0.02062344897
3.679e+10,0.001387872263,0.02052504005
3.68e+10,0.003541258877,0.02019577461
3.681e+10,0.005635456279,0.01964414172
3.682e+10,0.00764940978,0.01888022564
3.683e+10,0.009563763503,0.01791531968
3.684e+10,0.01136059597,0.01676169035
3.685e+10,0.013023194,0.0154324468
3.686e+10,0.01453582319,0.01394158192
3.687e+10,0.01588358603,0.01230408332
3.688e+10,0.01705237114,0.0105361601
3.689e+10,0.01802892766,0.008655470444
3.69e+10,0.01880108753,0.006681362149
3.691e+10,0.01935810818,0.004635037305
3.692e+10,0.01969115206,0.00253964306
3.693e+10,0.01979381411,0.0004202131899
3.694e+10,0.01966266475,-0.001696645209
3.695e+10,0.01929784784,-0.003783162888
3.696e+10,0.0187034802,-0.005811062774
3.697e+10,0.01788793009,-0.007752333136
3.698e+10,0.01686385952,-0.009580147478
3.699e+10,0.01564802295,-0.01126976149
3.7e+10,0.01426080629,-0.0127993538
3.701e+10,0.01272554048,-0.01415076438
3.702e+10,0.01106765642,-0.01530996029
3.703e+10,0.009313737827,-0.01626729914
3.704e+10,0.007490575706,-0.01701749453
3.705e+10,0.005624293435,-0.01755937657
3.706e+10,0.003739611547,-0.01789541911
3.707e+10,0.001859293261,-0.01803115549
3.708e+10,3.792802474e-06,-0.01797450397
3.709e+10,-0.001808886784,-0.01773509342
3.71e+10,-0.003563187123,-0.01732363397
3.711e+10,-0.005245818239,-0.0167513629
3.712e+10,-0.006845473131,-0.01602961593
3.713e+10,-0.008352495945,-0.01516949548
3.714e+10,-0.009758502153,-0.01418170807
3.715e+10,-0.01105599517,-0.01307647525
3.716e+10,-0.01223802653,-0.01186358669
3.717e+10,-0.0132978964,-0.01055253471
3.718e+10,-0.01422892188,-0.009152739533
3.719e+10,-0.01502429908,-0.007673829882
3.72e+10,-0.01567706192,-0.006125942265
3.721e+10,-0.0161801393,-0.004520075158
3.722e+10,-0.01652654869,-0.002868400436
3.723e+10,-0.01670967272,-0.001184533209
3.724e+10,-0.01672368134,0.000516262943
3.725e+10,-0.01656401217,0.002217001948
3.726e+10,-0.01622791917,0.003899048676
3.727e+10,-0.01571503552,0.00554234816
3.728e+10,-0.01502788775,0.007125855251
3.729e+10,-0.0141723102,0.008628130069
3.73e+10,-0.01315768854,0.01002808375
3.731e+10,-0.01199699964,0.01130579262
3.732e+10,-0.0107065911,0.01244336029
3.733e+10,-0.009305731036,0.01342567911
3.734e+10,-0.00781593308,0.01424106778
3.735e+10,-0.006260131255,0.01488168492
3.736e+10,-0.004661767631,0.01534369699
3.737e+10,-0.003043900341,0.01562718659
3.738e+10,-0.001428384015,0.01573582165
3.739e+10,0.0001647926208,0.01567633606
3.74e+10,0.001717957227,0.01545790008
3.741e+10,0.003216038638,0.01509142254
3.742e+10,0.004646619855,0.01458887151
3.743e+10,0.005999837061,0.01396264815
3.744e+10,0.007268154126,0.01322506579
3.745e+10,0.008446025291,0.01238793053
3.746e+10,0.009529526214,0.01146226492
3.747e+10,0.01051595047,0.01045812205
3.748e+10,0.01140342983,0.009384526003
3.749e+10,0.01219057099,0.008249493545
3.75e+10,0.01287612934,0.00706013433
3.751e+10,0.01345875574,0.005822814015
3.752e+10,0.0139367697,0.004543359094
3.753e+10,0.01430801283,0.003227306596
3.754e+10,0.01456975842,0.001880178776
3.755e+10,0.01471868286,0.0005077612895
3.756e+10,0.01475091521,-0.000883584126
3.757e+10,0.01466215437,-0.002286634344
3.758e+10,0.01444787213,-0.003693033086
3.759e+10,0.01410358668,-0.00509304975
3.76e+10,0.01362522066,-0.006475392585
3.761e+10,0.01300953334,-0.007827121639
3.762e+10,0.01225460043,-0.009133653517
3.763e+10,0.01136032692,-0.0103789011
3.764e+10,0.01032895486,-0.01154555724
3.765e+10,0.009165512185,-0.0126155532
3.766e+10,0.007878167778,-0.01357064255
3.767e+10,0.006478424848,-0.01439312416
3.768e+10,0.004981110702,-0.01506662184
3.769e+10,0.003404151853,-0.01557689914
3.77e+10,0.001768112759,-0.01591257278
3.771e+10,9.552764275e-05,-0.01606572457
3.772e+10,-0.0015899064,-0.01603228044
3.773e+10,-0.003264232974,-0.01581215708
3.774e+10,-0.004904111737,-0.01540915312
3.775e+10,-0.006487630646,-0.01483060466
3.776e+10,-0.007994936514,-0.01408684727
3.777e+10,-0.009408692504,-0.01319056157
3.778e+10,-0.0107143078,-0.01215606049
3.779e+10,-0.01189995627,-0.01099860179
3.78e+10,-0.01295644243,-0.009733769082
3.781e+10,-0.01387688864,-0.008376961945
3.782e+10,-0.01465639149,-0.006943048198
3.783e+10,-0.0152915846,-0.005446113815
3.784e+10,-0.01578023275,-0.003899395498
3.785e+10,-0.01612085128,-0.00231530306
3.786e+10,-0.01631238147,-0.0007055507961
3.787e+10,-0.01635393943,0.0009186341297
3.788e+10,-0.01624466196,0.002546252785
3.789e+10,-0.01598363855,0.004166237263
3.79e+10,-0.0155699354,0.005767164843
3.791e+10,-0.01500273585,0.007336959172
3.792e+10,-0.01428155357,0.00886264675
3.793e+10,-0.01340653834,0.01033017251
3.794e+10,-0.01237887457,0.01172428703
3.795e+10,-0.01120120294,0.01302854929
3.796e+10,-0.009878115519,0.01422545215
3.797e+10,-0.008416610022,0.01529670215
3.798e+10,-0.006826529757,0.01622362682
3.799e+10,-0.005120895379,0.01698775704
3.8e+10,-0.003316117526,0.01757151364
3.801e+10,-0.001431992747,0.01795898805
3.802e+10,0.0005084658577,0.01813675934
3.803e+10,0.002479472835,0.01809466922
3.804e+10,0.004453109007,0.01782649112
3.805e+10,0.006400144612,0.01733042641
3.806e+10,0.008290984562,0.01660936356
3.807e+10,0.01009665676,0.01567087879
3.808e+10,0.01178975529,0.01452697509
3.809e+10,0.01334525913,0.01319359462
3.81e+10,0.01474118088,0.01168994859
3.811e+10,0.01595897826,0.01003775018
3.812e+10,0.01698374596,0.008260414796
3.813e+10,0.01780419636,0.006382319787
3.814e+10,0.01841246746,0.004428128874
3.815e+10,0.01880379817,0.002422299048
3.816e+10,0.01897615954,0.0003887079984
3.817e+10,0.01892983972,-0.001649550891
3.818e+10,0.01866710991,-0.003670249362
3.819e+10,0.01819191535,-0.005651977986
3.82e+10,0.0175096925,-0.007574065428
3.821e+10,0.01662726497,-0.009416437939
3.822e+10,0.01555286772,-0.01115949348
3.823e+10,0.01429625002,-0.01278402905
3.824e+10,0.01286884593,-0.01427123735
3.825e+10,0.01128401297,-0.01560278789
3.826e+10,0.009557248633,-0.0167610482
3.827e+10,0.007706387981,-0.01772941054
3.828e+10,0.005751738837,-0.01849271691
3.829e+10,0.003716072319,-0.01903779857
3.83e+10,0.001624492895,-0.01935405031
3.831e+10,-0.0004958899803,-0.01943400328
3.832e+10,-0.002616242988,-0.01927404301
3.833e+10,-0.00470760961,-0.01887398236
3.834e+10,-0.006739851306,-0.01823893281
3.835e+10,-0.008684304424,-0.01737779659
3.836e+10,-0.01051375781,-0.01630384039
3.837e+10,-0.01220342338,-0.01503416744
3.838e+10,-0.01373161294,-0.0135891465
3.839e+10,-0.01508024181,-0.01199166898
3.84e+10,-0.01623510773,-0.01026636252
3.841e+10,-0.01718598272,-0.00843877032
3.842e+10,-0.01792648561,-0.006534581584
3.843e+10,-0.01845378716,-0.004578966021
3.844e+10,-0.01876820591,-0.002596035128
3.845e+10,-0.01887272326,-0.0006084654864
3.846e+10,-0.01877246141,0.001362731721
3.847e+10,-0.01847420365,0.003298292671
3.848e+10,-0.01798594234,0.005180662429
3.849e+10,-0.01731651282,0.006993864388
3.85e+10,-0.01647531757,0.008723302509
3.851e+10,-0.01547214773,0.01035552333
3.852e+10,-0.0143170884,0.01187798116
3.853e+10,-0.01302053447,0.01327880363
3.854e+10,-0.01159326941,0.01454659927
3.855e+10,-0.01004660783,0.01567033512
3.856e+10,-0.008392593641,0.01663925909
3.857e+10,-0.006644237016,0.01744291859
3.858e+10,-0.004815721686,0.01807127027
3.859e+10,-0.002922636246,0.01851486541
3.86e+10,-0.000982138324,0.01876513579
3.861e+10,0.0009869525735,0.0188147627
3.862e+10,0.002964141257,0.01865807677
3.863e+10,0.004927378136,0.01829153863
3.864e+10,0.006853291156,0.01771417994
3.865e+10,0.008717578003,0.01692803491
3.866e+10,0.01049550389,0.01593848459
3.867e+10,0.01216252204,0.01475448087
3.868e+10,0.01369496401,0.01338863145
3.869e+10,0.01507076517,0.01185708504
3.87e+10,0.01627015796,0.01017927097
3.871e+10,0.01727629479,0.008377428839
3.872e+10,0.01807574972,0.006476030222
3.873e+10,0.0186588506,0.004501063787
3.874e+10,0.01901983688,0.002479301167
3.875e+10,0.01915682663,0.0004375459506
3.876e+10,0.01907161601,-0.001598051222
3.877e+10,0.01876934244,-0.003602588045
3.878e+10,0.01825803385,-0.005552860751
3.879e+10,0.01754810898,-0.00742770237
3.88e+10,0.01665185778,-0.009208149259
3.881e+10,0.01558294001,-0.01087750386
3.882e+10,0.01435594761,-0.01242125765
3.883e+10,0.01298601659,-0.01382696616
3.884e+10,0.0114885466,-0.01508402111
3.885e+10,0.009878994396,-0.01618343916
3.886e+10,0.008172760183,-0.01711760555
3.887e+10,0.006385144492,-0.01788005507
3.888e+10,0.004531384034,-0.01846527433
3.889e+10,0.00262671847,-0.0188685482
3.89e+10,0.0006865338739,-0.01908586694
3.891e+10,-0.001273510138,-0.0191138867
3.892e+10,-0.003237320733,-0.01894996413
3.893e+10,-0.005188225222,-0.01859223764
3.894e+10,-0.007108847006,-0.01803979318
3.895e+10,-0.008981038213,-0.01729286391
3.896e+10,-0.0107858318,-0.01635310365
3.897e+10,-0.01250350099,-0.0152238759
3.898e+10,-0.014113675,-0.01391057009
3.899e+10,-0.01559555981,-0.01242092725
3.9e+10,-0.016928246,-0.01076532147
3.901e+10,-0.01809111835,-0.008957020343
3.902e+10,-0.01906434382,-0.007012339207
3.903e+10,-0.01982944193,-0.004950709385
3.904e+10,-0.02036988451,-0.002794630604
3.905e+10,-0.02067172163,-0.0005694454072
3.906e+10,-0.02072417277,0.001696991488
3.907e+10,-0.02052015779,0.003974818737
3.908e+10,-0.02005672389,0.006232787057
3.909e+10,-0.01933533163,0.008438977451
3.91e+10,-0.01836197041,0.01056158251
3.911e+10,-0.0171471261,0.01256969502
3.912e+10,-0.01570554252,0.01443407388
3.913e+10,-0.0140558543,0.01612783667
3.914e+10,-0.01222008341,0.01762701861
3.915e+10,-0.01022303778,0.0189110283
3.916e+10,-0.008091678021,0.01996292975
3.917e+10,-0.00585445007,0.02076958982
3.918e+10,-0.003540674961,0.02132168198
3.919e+10,-0.001179984971,0.02161358707
3.92e+10,0.001198177207,0.02164318981
3.921e+10,0.003564943498,0.02141163169
3.922e+10,0.00589232278,0.02092302724
3.923e+10,0.008153429322,0.02018417642
3.924e+10,0.01032261524,0.01920430847
3.925e+10,0.01237556537,0.0179948385
3.926e+10,0.01428933787,0.01656919032
3.927e+10,0.01604239529,0.01494265183
3.928e+10,0.01761463618,0.01313229471
3.929e+10,0.01898742568,0.01115691864
3.93e+10,0.02014368672,0.009037038214
3.931e+10,0.02106800672,0.006794886099
3.932e+10,0.02174681591,0.004454409886
3.933e+10,0.02216859505,0.002041262032
3.934e+10,0.02232415588,-0.0004172619446
3.935e+10,0.02220695354,-0.002892327218
3.936e+10,0.02181341393,-0.005353747678
3.937e+10,0.02114329583,-0.007770257677
3.938e+10,0.02020001259,-0.01010987527
3.939e+10,0.01899092666,-0.01234037979
3.94e+10,0.01752757318,-0.01442986188
3.941e+10,0.01582576299,-0.01634737072
3.942e+10,0.01390558915,-0.01806360936
3.943e+10,0.01179126756,-0.01955165983
3.944e+10,0.009510835061,-0.02078768834
3.945e+10,0.007095686327,-0.02175161087
3.946e+10,0.004579980046,-0.0224276571
3.947e+10,0.001999924498,-0.02280483012
3.948e+10,-0.0006070259207,-0.02287718157
3.949e+10,-0.003202998479,-0.02264395021
3.95e+10,-0.005750549156,-0.02210951225
3.951e+10,-0.00821345132,-0.0212831827
3.952e+10,-0.01055741636,-0.02017885848
3.953e+10,-0.01275070029,-0.01881455294
3.954e+10,-0.0147645965,-0.0172118631
3.955e+10,-0.0165737764,-0.01539537804
3.956e+10,-0.01815652946,-0.01339208133
3.957e+10,-0.01949485741,-0.01123077697
3.958e+10,-0.02057450221,-0.008941557942
3.959e+10,-0.02138487232,-0.006555326018
3.96e+10,-0.02191894161,-0.004103389077
3.961e+10,-0.02217310049,-0.001617108283
3.962e+10,-0.02214701541,0.0008723805353
3.963e+10,-0.02184349767,0.003334406733
3.964e+10,-0.0212683797,0.005738973549
3.965e+10,-0.02043042435,0.008056945396
3.966e+10,-0.01934127148,0.0102602407
3.967e+10,-0.01801537089,0.01232203975
3.968e+10,-0.01646995388,0.01421702659
3.969e+10,-0.01472497584,0.01592165699
3.97e+10,-0.01280303448,0.01741447879
3.971e+10,-0.01072925173,0.01867647889
3.972e+10,-0.008531072156,0.01969146527
3.973e+10,-0.006238004672,0.02044644273
3.974e+10,-0.003881242897,0.02093199275
3.975e+10,-0.001493216491,0.02114259731
3.976e+10,0.0008929438363,0.02107690326
3.977e+10,0.003244050423,0.02073788054
3.978e+10,0.005527515217,0.02013287229
3.979e+10,0.007712039435,0.01927350935
3.98e+10,0.0097683052,0.01817546156
3.981e+10,0.01166958771,0.01685807768
3.982e+10,0.01339230443,0.01534389163
3.983e+10,0.01491643849,0.01365802833
3.984e+10,0.01622583125,0.01182755116
3.985e+10,0.01730832308,0.009880781858
3.986e+10,0.01815576723,0.007846612745
3.987e+10,0.0187638891,0.005753891686
3.988e+10,0.01913205426,0.003630850349
3.989e+10,0.01926293985,0.001504638514
3.99e+10,0.01916215509,-0.0005990420214
3.991e+10,0.01883783545,-0.002656195059
3.992e+10,0.01830022288,-0.00464468982
3.993e+10,0.0175612922,-0.006544328156
3.994e+10,0.01663440367,-0.008336835167
3.995e+10,0.01553401933,-0.01000579768
3.996e+10,0.01427547476,-0.01153656616
3.997e+10,0.01287481004,-0.0129161322
3.998e+10,0.01134868343,-0.01413302506
3.999e+10,0.009714306982,-0.01517721328
4e+10,0.007989441367,-0.01604003232
4.001e+10,0.006192434739,-0.01671421664
4.002e+10,0.004342220303,-0.01719381994
4.003e+10,0.002458391007,-0.01747440902
4.004e+10,0.0005611812684,-0.01755316709
4.005e+10,-0.001328564314,-0.01742907829
4.006e+10,-0.003189492196,-0.01710314098
4.007e+10,-0.004999913016,-0.01657860063
4.008e+10,-0.006738039157,-0.01586117551
4.009e+10,-0.008382338387,-0.01495922871
4.01e+10,-0.009911936179,-0.01388391524
4.011e+10,-0.01130709327,-0.01264920445
4.012e+10,-0.01254972137,-0.01127180158
4.013e+10,-0.01362390421,-0.009770959942
4.014e+10,-0.0145163868,-0.008168140227
4.015e+10,-0.01521698903,-0.00648655541
4.016e+10,-0.01571893472,-0.004750620119
4.017e+10,-0.01601901811,-0.00298531985
4.018e+10,-0.01611764235,-0.001215550819
4.019e+10,-0.01601870312,0.0005345171432
4.02e+10,-0.01572931065,0.002242041526
4.021e+10,-0.0152594212,0.003885997618
4.022e+10,-0.01462135678,0.005447574669
4.023e+10,-0.01382928433,0.006910423961
4.024e+10,-0.01289867903,0.008260777059
4.025e+10,-0.01184581762,0.009487449783
4.026e+10,-0.01068730903,0.01058172706
4.027e+10,-0.009439709488,0.01153717518
4.028e+10,-0.008119212634,0.01234939349
4.029e+10,-0.006741428811,0.01301571666
4.03e+10,-0.00532125631,0.01353494669
4.031e+10,-0.003872828964,0.01390705697
4.032e+10,-0.002409522823,0.01413295513
4.033e+10,-0.0009440325812,0.01421426809
4.034e+10,0.0005115221229,0.01415319212
4.035e+10,0.00194546509,0.01395238643
4.036e+10,0.003346416169,0.01361493562
4.037e+10,0.004703152448,0.01314436394
4.038e+10,0.006004487985,0.0125447017
4.039e+10,0.007239181223,0.01182061092
4.04e+10,0.008395897839,0.01097753628
4.041e+10,0.009463221648,0.0100219051
4.042e+10,0.01042972759,0.008961313682
4.043e+10,0.01128414953,0.00780473922
4.044e+10,0.0120155952,0.00656269571
4.045e+10,0.01261384919,0.005247365179
4.046e+10,0.01306973004,0.003872638594
4.047e+10,0.01337548638,0.002454075392
4.048e+10,0.01352520462,0.001008738967
4.049e+10,0.01351519375,-0.0004450602016
4.05e+10,0.01334431916,-0.001888167441
4.051e+10,0.01301423387,-0.00330104967
4.052e+10,0.01252949902,-0.004664348021
4.053e+10,0.01189755952,-0.005959455428
4.054e+10,0.01112855632,-0.007169076523
4.055e+10,0.01023503002,-0.008277734751
4.056e+10,0.00923148202,-0.009272176646
4.057e+10,0.008133876783,-0.01014164866
4.058e+10,0.006959096172,-0.0108780481
4.059e+10,0.005724398182,-0.01147591604
4.06e+10,0.004446933417,-0.0119323136
4.061e+10,0.003143314981,-0.01224660297
4.062e+10,0.001829301343,-0.01242013636
4.063e+10,0.0005195732695,-0.01245593105
4.064e+10,-0.0007723917831,-0.01235831859
4.065e+10,-0.002034337444,-0.01213261906
4.066e+10,-0.003255188516,-0.01178485341
4.067e+10,-0.004424943847,-0.01132151044
4.068e+10,-0.005534526245,-0.0107493799
4.069e+10,-0.006575623707,-0.01007544648
4.07e+10,-0.007540521117,-0.009306841504
4.071e+10,-0.008421955358,-0.00845087723
4.072e+10,-0.009212989358,-0.007515103526
4.073e+10,-0.009906944016,-0.00650742584
4.074e+10,-0.01049736275,-0.005436238817
4.075e+10,-0.01097805055,-0.004310587837
4.076e+10,-0.01134317075,-0.003140308219
4.077e+10,-0.01158740418,-0.00193616169
4.078e+10,-0.01170616025,-0.0007099184583
4.079e+10,-0.01169585265,0.0005256178148
4.08e+10,-0.01155419368,0.001756651983
4.081e+10,-0.01128049521,0.002968547861
4.082e+10,-0.01087596521,0.004146057905
4.083e+10,-0.01034393916,0.005273651101
4.084e+10,-0.009690042796,0.006335924172
4.085e+10,-0.008922248009,0.007318060191
4.086e+10,-0.008050797964,0.008206317796
4.087e+10,-0.007088011684,0.008988497091
4.088e+10,-0.006047967344,0.00965434917
4.089e+10,-0.004946080342,0.01019589738
4.09e+10,-0.003798617298,0.01060764034
4.091e+10,-0.00262218878,0.01088661427
4.092e+10,-0.001433242435,0.01103233431
4.093e+10,-0.0002476265557,0.0110466175
4.094e+10,0.000919789464,0.01093330529
4.095e+10,0.002055375452,0.01069794247
4.096e+10,0.003146911049,0.01034740457
4.097e+10,0.004183645837,0.009889558774
4.098e+10,0.005156283249,0.009332931817
4.099e+10,0.006056885954,0.008686435288
4.1e+10,0.006878737667,0.00795915837
4.101e+10,0.007616179389,0.007160214867
4.102e+10,0.008264442518,0.006298666217
4.103e+10,0.008819488056,0.005383498974
4.104e+10,0.0092778731,0.004423649266
4.105e+10,0.009636664535,0.003428068239
4.106e+10,0.009893387245,0.002405820038
4.107e+10,0.0100460216,0.00136616871
4.108e+10,0.01009306817,0.0003186792752
4.109e+10,0.01003363735,-0.0007267082221
4.11e+10,0.009867593934,-0.001759644952
4.111e+10,0.009595734,-0.002769387798
4.112e+10,0.00921996189,-0.003744864034
4.113e+10,0.008743482761,-0.004674814548
4.114e+10,0.008170951809,-0.005547997158
4.115e+10,0.007508586041,-0.006353450443
4.116e+10,0.006764209843,-0.007080800012
4.117e+10,0.005947211409,-0.007720596452
4.118e+10,0.005068411449,-0.008264651694
4.119e+10,0.004139836196,-0.008706340383
4.12e+10,0.003174417785,-0.009040839509
4.121e+10,0.002185626619,-0.009265298757
4.122e+10,0.001187072074,-0.009378906649
4.123e+10,0.0001921099072,-0.009382839816
4.124e+10,-0.0007865348009,-0.009280141398
4.125e+10,-0.001737076026,-0.009075492579
4.126e+10,-0.002648904564,-0.008774939052
4.127e+10,-0.003512745071,-0.008385581118
4.128e+10,-0.004320718294,-0.007915251879
4.129e+10,-0.005066330959,-0.007372223516
4.13e+10,-0.005744394843,-0.006764936429
4.131e+10,-0.006350903729,-0.006101788445
4.132e+10,-0.006882866808,-0.005390975468
4.133e+10,-0.007338139503,-0.0046403915
4.134e+10,-0.007715251826,-0.00385757519
4.135e+10,-0.008013248715,-0.003049719241
4.136e+10,-0.008231561938,-0.00222370359
4.137e+10,-0.008369904126,-0.001386173226
4.138e+10,-0.008428207808,-0.0005436211896
4.139e+10,-0.008406601818,0.0002975102655
4.14e+10,-0.008305423887,0.001130725925
4.141e+10,-0.00812527494,0.001949398708
4.142e+10,-0.007867102842,0.002746697122
4.143e+10,-0.007532322758,0.003515554945
4.144e+10,-0.0071229467,0.004248672582
4.145e+10,-0.006641729185,0.004938565242
4.146e+10,-0.006092307325,0.005577663366
4.147e+10,-0.00547932067,0.006158457657
4.148e+10,-0.004808496045,0.006673691745
4.149e+10,-0.004086685337,0.007116591694
4.15e+10,-0.003321838514,0.007481115065
4.151e+10,-0.00252291456,0.007762194006
4.152e+10,-0.001699711681,0.007955979111
4.153e+10,-0.0008626429899,0.008060020688
4.154e+10,-2.245990737e-05,0.008073401368
4.155e+10,0.0008100608763,0.007996794551
4.156e+10,0.001624424136,0.007832437254
4.157e+10,0.002410723666,0.007584025915
4.158e+10,0.003159885923,0.007256543788
4.159e+10,0.003863875565,0.006856034811
4.16e+10,0.004515826572,0.006389346972
4.161e+10,0.005110091116,0.005863861915
4.162e+10,0.005642235585,0.005287242508
4.163e+10,0.006108970964,0.004667198615
4.164e+10,0.006508036867,0.004011302894
4.165e+10,0.006838060905,0.003326847153
4.166e+10,0.007098401318,0.002620753009
4.167e+10,0.00728898571,0.001899525205
4.168e+10,0.007410168609,0.001169251382
4.169e+10,0.007462601394,0.0004356378943
4.17e+10,0.007447130012,-0.0002959264106
4.171e+10,0.007364729131,-0.001020294959
4.172e+10,0.007216460956,-0.001732463916
4.173e+10,0.007003471674,-0.00242748259
4.174e+10,0.006727023666,-0.003100363695
4.175e+10,0.006388547367,-0.003746009004
4.176e+10,0.005989732761,-0.004359152021
4.177e+10,0.005532632405,-0.004934338515
4.178e+10,0.005019775156,-0.005465933081
4.179e+10,0.004454301657,-0.005948107504
4.18e+10,0.003840138844,-0.006375057267
4.181e+10,0.003181988139,-0.006741025903
4.182e+10,0.002485494327,-0.007040492208
4.183e+10,0.001757256036,-0.007268386339
4.184e+10,0.001004809098,-0.00742030543
4.185e+10,0.0002365415607,-0.007492739937
4.186e+10,-0.0005384407415,-0.007483280411
4.187e+10,-0.001310521861,-0.007390802807
4.188e+10,-0.002069820879,-0.007215587941
4.189e+10,-0.002806476769,-0.006959384655
4.19e+10,-0.003510945516,-0.006625397594
4.191e+10,-0.004174276354,-0.006218195121
4.192e+10,-0.004788365592,-0.00574355073
4.193e+10,-0.005346155634,-0.00520823455
4.194e+10,-0.005841753986,-0.004619760007
4.195e+10,-0.006270512942,-0.003986129127
4.196e+10,-0.006629008831,-0.003315573621
4.197e+10,-0.006914983553,-0.002616328954
4.198e+10,-0.007127232708,-0.001896443584
4.199e+10,-0.007265461937,-0.001163639857
4.2e+10,-0.007330128408,-0.0004252219583
4.201e+10,-0.007322290638,0.0003119709337
4.202e+10,-0.007243453809,0.001041556078
4.203e+10,-0.007095454694,0.001757576186
4.204e+10,-0.006880364767,0.002454434999
4.205e+10,-0.006600431746,0.003126819699
4.206e+10,-0.006258049465,0.003769614872
4.207e+10,-0.005855771169,0.004377819888
4.208e+10,-0.005396342149,0.004946475503
4.209e+10,-0.004882773437,0.00547061671
4.21e+10,-0.004318420733,0.005945242487
4.211e+10,-0.003707096835,0.006365328261
4.212e+10,-0.003053197982,0.006725801019
4.213e+10,-0.002361615363,0.007021777813
4.214e+10,-0.001638225571,0.007248587441
4.215e+10,-0.000889585113,0.007401853685
4.216e+10,-0.000123078736,0.007477787549
4.217e+10,0.0006531105897,0.007473357549
4.218e+10,0.001430093512,0.007386488489
4.219e+10,0.002198422737,0.007216251656
4.22e+10,0.002948288836,0.006963026515
4.221e+10,0.00366977098,0.00662861163
4.222e+10,0.004353112752,0.006216264889
4.223e+10,0.004989008347,0.005730683713
4.224e+10,0.005568885485,0.005177905417
4.225e+10,0.006085148002,0.004565141227
4.226e+10,0.006531368286,0.003900557186
4.227e+10,0.006902420399,0.003193015498
4.228e+10,0.007194539456,0.002451803741
4.229e+10,0.007405312354,0.001686373826
4.23e+10,0.007533606493,0.0009060969271
4.231e+10,0.007579456807,0.0001200677415
4.232e+10,0.007543909304,-0.0006630487645
4.233e+10,0.007428860471,-0.001435117471
4.234e+10,0.007236890956,-0.002188583043
4.235e+10,0.006971112398,-0.002916469604
4.236e+10,0.00663503877,-0.003612356303
4.237e+10,0.006232491284,-0.004270315046
4.238e+10,0.005767531454,-0.004884843623
4.239e+10,0.005244432,-0.005450792438
4.24e+10,0.004667685982,-0.00596328498
4.241e+10,0.004042028416,-0.006417684604
4.242e+10,0.003372497411,-0.006809542279
4.243e+10,0.002664506828,-0.007134604598
4.244e+10,0.001923909454,-0.007388842472
4.245e+10,0.00115708211,-0.007568514578
4.246e+10,0.0003709801719,-0.007670255895
4.247e+10,-0.0004268274169,-0.007691214299
4.248e+10,-0.001228156024,-0.007629195265
4.249e+10,-0.002024242933,-0.007482829218
4.25e+10,-0.002805837831,-0.007251739839
4.251e+10,-0.003563343976,-0.006936694173
4.252e+10,-0.004286992835,-0.006539740524
4.253e+10,-0.004967081997,-0.006064288383
4.254e+10,-0.005594221067,-0.005515141879
4.255e+10,-0.006159603897,-0.004898471592
4.256e+10,-0.006655263891,-0.00422171385
4.257e+10,-0.007074307642,-0.003493412729
4.258e+10,-0.007411105925,-0.002723013038
4.259e+10,-0.007661427883,-0.001920599242
4.26e+10,-0.007822506642,-0.001096640804
4.261e+10,-0.007893041168,-0.0002617051822
4.262e+10,-0.007873139108,0.0005737798803
4.263e+10,-0.007764206374,0.001399749146
4.264e+10,-0.007568802358,0.002206672422
4.265e+10,-0.007290460968,0.002985676736
4.266e+10,-0.006933508642,0.003728655306
4.267e+10,-0.006502977501,0.004428252414
4.268e+10,-0.006004341373,0.005077842922
4.269e+10,-0.005443450019,0.00567154706
4.27e+10,-0.004826437606,0.006204152975
4.271e+10,-0.00415965794,0.0066710564
4.272e+10,-0.00344965488,0.007068197045
4.273e+10,-0.002703156225,0.007392015856
4.274e+10,-0.001927084598,0.007639422678
4.275e+10,-0.001128588034,0.007807785507
4.276e+10,-0.0003150674663,0.00789494887
4.277e+10,0.0005057929527,0.00789927206
4.278e+10,0.001326008606,0.007819692774
4.279e+10,0.002137304022,0.00765581144
4.28e+10,0.002931131233,0.007407982608
4.281e+10,0.003698738083,0.007077432804
4.282e+10,0.004431261536,0.006666343503
4.283e+10,0.005119851241,0.006177945983
4.284e+10,0.005755827036,0.005616582493
4.285e+10,0.006330862776,0.004987732265
4.286e+10,0.006837179209,0.004298002434
4.287e+10,0.007267750209,0.003555073037
4.288e+10,0.007616486621,0.002767586487
4.289e+10,0.007878414703,0.001945009143
4.29e+10,0.008049804731,0.001097440973
4.291e+10,0.008128270969,0.0002354028574
4.292e+10,0.008112814625,-0.0006303825831
4.293e+10,0.008003817955,-0.001489224299
4.294e+10,0.00780299666,-0.002330670677
4.295e+10,0.007513310384,-0.003144703337
4.296e+10,0.007138840205,-0.003921899124
4.297e+10,0.006684648894,-0.00465354621
4.298e+10,0.006156624606,-0.005331741512
4.299e+10,0.005561330495,-0.005949431024
4.3e+10,0.004905876574,-0.006500434671
4.301e+10,0.004197772501,-0.006979425783
4.302e+10,0.003444837638,-0.007381925967
4.303e+10,0.002655121628,-0.007704240992
4.304e+10,0.001836823966,-0.007943430933
4.305e+10,0.0009982953134,-0.008097302977
4.306e+10,0.0001479875084,-0.008164363896
4.307e+10,-0.0007055620334,-0.008143834442
4.308e+10,-0.001553744049,-0.008035649026
4.309e+10,-0.0023879215,-0.007840490691
4.31e+10,-0.003199460984,-0.007559815868
4.311e+10,-0.003979795615,-0.007195880408
4.312e+10,-0.004720485868,-0.006751772173
4.313e+10,-0.005413307947,-0.00623143054
4.314e+10,-0.006050332426,-0.0056396513
4.315e+10,-0.006624057798,-0.004982071991
4.316e+10,-0.007127391678,-0.004265149632
4.317e+10,-0.007553844835,-0.003496241044
4.318e+10,-0.007897669262,-0.00268352342
4.319e+10,-0.008154001677,-0.00183593525
4.32e+10,-0.008318998147,-0.0009630437133
4.321e+10,-0.008389929327,-7.490648387e-05
4.322e+10,-0.008365269931,0.0008180709414
4.323e+10,-0.00824472561,0.001705307574
4.324e+10,-0.008029258202,0.002576233036
4.325e+10,-0.007721069274,0.003420445598
4.326e+10,-0.007323565897,0.004227887719
4.327e+10,-0.006841281747,0.004988981038
4.328e+10,-0.0062798015,0.005694770502
4.329e+10,-0.005645655429,0.006337021303
4.33e+10,-0.004946201451,0.006908319378
4.331e+10,-0.004189465647,0.007402153597
4.332e+10,-0.003384101452,0.007813013028
4.333e+10,-0.002539299925,0.008136332646
4.334e+10,-0.001664559394,0.008368529895
4.335e+10,-0.0007696263988,0.00850704796
4.336e+10,0.0001355922506,0.008550372582
4.337e+10,0.001041119893,0.008498004816
4.338e+10,0.001936996449,0.008350460036
4.339e+10,0.002813352941,0.008109213029
4.34e+10,0.003660560517,0.007776704767
4.341e+10,0.004469274154,0.007356345917
4.342e+10,0.005230514987,0.00685246966
4.343e+10,0.005935765635,0.006270301737
4.344e+10,0.006577050852,0.005615924648
4.345e+10,0.007147034825,0.004896217833
4.346e+10,0.007639087985,0.00411881464
4.347e+10,0.008047349391,0.003292015792
4.348e+10,0.008366875679,0.00242471287
4.349e+10,0.008593605946,0.001526336813
4.35e+10,0.008724479251,0.0006067137672
4.351e+10,0.008757466251,-0.0003240148234
4.352e+10,0.00869160119,-0.00125550596
4.353e+10,0.008526998543,-0.002177324808
4.354e+10,0.008264867678,-0.003079059574
4.355e+10,0.007907504898,-0.003950430176
4.356e+10,0.00745828067,-0.004781403711
4.357e+10,0.006921607865,-0.005562300697
4.358e+10,0.006302920408,-0.006283899567
4.359e+10,0.005608615176,-0.006937544851
4.36e+10,0.004846016691,-0.007515232716
4.361e+10,0.0040232997,-0.008009721773
4.362e+10,0.003149433556,-0.008414620009
4.363e+10,0.002234101646,-0.008724472644
4.364e+10,0.001287601867,-0.008934860436
4.365e+10,0.000320741249,-0.009042458865
4.366e+10,-0.0006552533684,-0.00904512196
4.367e+10,-0.001628882113,-0.008941956668
4.368e+10,-0.002588516955,-0.00873336031
4.369e+10,-0.003522561835,-0.008421057986
4.37e+10,-0.004419605475,-0.008008092539
4.371e+10,-0.005268595736,-0.007498819897
4.372e+10,-0.006059001382,-0.00689886812
4.373e+10,-0.006780979297,-0.006215076723
4.374e+10,-0.007425519895,-0.005455391923
4.375e+10,-0.007984591834,-0.004628750981
4.376e+10,-0.00845126159,-0.003744952166
4.377e+10,-0.008819772379,-0.002814497074
4.378e+10,-0.00908562247,-0.001848425011
4.379e+10,-0.009245592045,-0.0008581560398
4.38e+10,-0.009297765353,0.000144668206
4.381e+10,-0.009241523443,0.001148353296
4.382e+10,-0.009077493819,0.002141335249
4.383e+10,-0.008807448406,0.00311221345
4.384e+10,-0.008434349878,0.004049895629
4.385e+10,-0.007962237913,0.004943718756
4.386e+10,-0.007396164044,0.005783518813
4.387e+10,-0.006742126756,0.006559697915
4.388e+10,-0.006007009727,0.007263261092
4.389e+10,-0.005198550667,0.007885896617
4.39e+10,-0.00432528204,0.008420020975
4.391e+10,-0.0033965029,0.008858842494
4.392e+10,-0.002422231238,0.009196429074
4.393e+10,-0.001413164041,0.009427789631
4.394e+10,-0.0003806292717,0.009548963084
4.395e+10,0.0006634954658,0.00955712549
4.396e+10,0.001706860633,0.009450686768
4.397e+10,0.002736769983,0.009229400549
4.398e+10,0.003740325343,0.008894467108
4.399e+10,0.004704592798,0.008448608038
4.4e+10,0.005616826944,0.007896132721
4.401e+10,0.006464672732,0.007242952844
4.402e+10,0.007236432649,0.00649656865
4.403e+10,0.007921297663,0.005666002442
4.404e+10,0.008509599083,0.004761675061
4.405e+10,0.008993012208,0.00379523985
4.406e+10,0.009364768382,0.002779388283
4.407e+10,0.009619789225,0.001727577524
4.408e+10,0.009754774783,0.0006537725533
4.409e+10,0.009768245188,-0.0004278307292
4.41e+10,0.009660527625,-0.001503092039
4.411e+10,0.009433684721,-0.002558173763
4.412e+10,0.009091399541,-0.003579784373
4.413e+10,0.008638835792,-0.004555362472
4.414e+10,0.008082467531,-0.005473238435
4.415e+10,0.00742990724,-0.006322738499
4.416e+10,0.006689721942,-0.007094264494
4.417e+10,0.005871278468,-0.007779323168
4.418e+10,0.004984593672,-0.008370546097
4.419e+10,0.004040201778,-0.008861673978
4.42e+10,0.003049061169,-0.009247545686
4.421e+10,0.002022467761,-0.009524079633
4.422e+10,0.0009719927596,-0.009688257271
4.423e+10,-9.057016243e-05,-0.009738138422
4.424e+10,-0.001153261288,-0.00967285676
4.425e+10,-0.002203999466,-0.009492665313
4.426e+10,-0.003230643003,-0.009198961777
4.427e+10,-0.004221072487,-0.008794362788
4.428e+10,-0.005163289196,-0.008282754706
4.429e+10,-0.006045559732,-0.007669331664
4.43e+10,-0.006856545742,-0.006960661323
4.431e+10,-0.007585516373,-0.006164679334
4.432e+10,-0.008222537734,-0.005290687934
4.433e+10,-0.008758687477,-0.004349284268
4.434e+10,-0.009186287315,-0.003352261472
4.435e+10,-0.009499107876,-0.002312451221
4.436e+10,-0.009692540575,-0.001243524538
4.437e+10,-0.009763764973,-0.0001597368494
4.438e+10,-0.009711832742,0.000924340919
4.439e+10,-0.00953770505,0.001994123124
4.44e+10,-0.009244238545,0.003035320534
4.441e+10,-0.008836106173,0.004034218811
4.442e+10,-0.008319653266,0.004977940954
4.443e+10,-0.007702716355,0.005854686789
4.444e+10,-0.006994408916,0.006653898791
4.445e+10,-0.006204888084,0.007366386076
4.446e+10,-0.005345115466,0.007984406273
4.447e+10,-0.004426634513,0.008501691055
4.448e+10,-0.003461321337,0.008913439323
4.449e+10,-0.002461215889,0.00921624257
4.45e+10,-0.001438374157,0.009408008514
4.451e+10,-0.0004047443202,0.009487895692
4.452e+10,0.0006279366995,0.009456214951
4.453e+10,0.001648189246,0.009314354657
4.454e+10,0.002644878336,0.00906472181
4.455e+10,0.003607187339,0.008710618982
4.456e+10,0.004524867655,0.008256486935
4.457e+10,0.005387703725,0.007707244527
4.458e+10,0.006186135039,0.007069074354
4.459e+10,0.006911359626,0.006348907775
4.46e+10,0.007554921339,0.005554883338
4.461e+10,0.008110736504,0.004694562182
4.462e+10,0.008568228879,0.003779226504
4.463e+10,0.008923666009,0.002817748715
4.464e+10,0.009173638925,0.001822972822
4.465e+10,0.009312004852,0.0008055742789
4.466e+10,0.009337174689,-0.0002219475429
4.467e+10,0.009248205551,-0.001246805234
4.468e+10,0.009045553755,-0.00225586238
4.469e+10,0.008731325562,-0.003236010606
4.47e+10,0.008309229567,-0.004174235053
4.471e+10,0.00778543361,-0.005058199267
4.472e+10,0.007166228485,-0.00587675882
4.473e+10,0.006460238565,-0.006618898176
4.474e+10,0.005677268432,-0.007275030327
4.475e+10,0.00482864925,-0.007837553529
4.476e+10,0.003925541565,-0.008299850905
4.477e+10,0.002980339552,-0.008657038153
4.478e+10,0.002005586549,-0.008905801574
4.479e+10,0.001013961744,-0.009044394642
4.48e+10,1.806008737e-05,-0.009072622273
4.481e+10,-0.000969846989,-0.008991770481
4.482e+10,-0.001937972951,-0.00880446873
4.483e+10,-0.002875161937,-0.008514557216
4.484e+10,-0.003770986173,-0.008126936566
4.485e+10,-0.004615797506,-0.007647421751
4.486e+10,-0.005400761737,-0.007082630999
4.487e+10,-0.006117889108,-0.00643984796
4.488e+10,-0.00675999712,-0.005726923731
4.489e+10,-0.007320673124,-0.004952202192
4.49e+10,-0.007794194475,-0.004124607485
4.491e+10,-0.008175465784,-0.003253744222
4.492e+10,-0.008460600336,-0.00235077684
4.493e+10,-0.008649929223,-0.001427414305
4.494e+10,-0.008745108913,-0.0004888210157
4.495e+10,-0.008740073166,0.000458443995
4.496e+10,-0.008631927429,0.00140118475
4.497e+10,-0.008422054679,0.002327171638
4.498e+10,-0.008112943522,0.003225459227
4.499e+10,-0.007707929371,0.004085464636
4.5e+10,-0.007211350459,0.004896901987
4.501e+10,-0.006629069756,0.005650008976
4.502e+10,-0.005967074533,0.006335378148
4.503e+10,-0.005233041271,0.006944129348
4.504e+10,-0.004435782145,0.007468218684
4.505e+10,-0.003585143419,0.007900637396
4.506e+10,-0.002691890293,0.008235573096
4.507e+10,-0.00176752764,0.008468570272
4.508e+10,-0.0008241009713,0.008596653967
4.509e+10,0.0001260363848,0.008618402529
4.51e+10,0.001070445113,0.008534000659
4.511e+10,0.00199686296,0.008345212558
4.512e+10,0.002893442919,0.008055338351
4.513e+10,0.003748972444,0.007669101486
4.514e+10,0.004553056743,0.007192519771
4.515e+10,0.005296279018,0.006632724649
4.516e+10,0.005970313312,0.005997783824
4.517e+10,0.006567998596,0.005296507083
4.518e+10,0.007083369772,0.004538246918
4.519e+10,0.007511657707,0.003732736763
4.52e+10,0.007849250446,0.002889909432
4.521e+10,0.0080936501,0.002019770526
4.522e+10,0.008243390509,0.001132294237
4.523e+10,0.008297983599,0.0002373303332
4.524e+10,0.008257833367,-0.0006554590781
4.525e+10,0.008124184795,-0.001536655633
4.526e+10,0.007899038472,-0.002397094565
4.527e+10,0.007585132292,-0.003227876166
4.528e+10,0.007185920415,-0.004020386197
4.529e+10,0.006705561499,-0.00476629791
4.53e+10,0.006148924641,-0.005457624302
4.531e+10,0.005521604386,-0.006086732688
4.532e+10,0.004829950903,-0.006646403674
4.533e+10,0.004081067943,-0.007129915205
4.534e+10,0.003282831907,-0.007531128639
4.535e+10,0.002443870664,-0.007844593668
4.536e+10,0.001573545708,-0.008065677177
4.537e+10,0.0006819409007,-0.008190654323
4.538e+10,-0.0002203140757,-0.008216987565
4.539e+10,-0.001122100183,-0.008143304259
4.54e+10,-0.002012020055,-0.007969577056
4.541e+10,-0.002878561116,-0.007697185418
4.542e+10,-0.003710235958,-0.007328976771
4.543e+10,-0.004496084735,-0.006869296991
4.544e+10,-0.005225367184,-0.006323809272
4.545e+10,-0.005888369508,-0.005699732313
4.546e+10,-0.006476308217,-0.005005383796
4.547e+10,-0.006981583481,-0.004250164282
4.548e+10,-0.007397885187,-0.003444322357
4.549e+10,-0.007720302662,-0.002598699152
4.55e+10,-0.007945376013,-0.001724540462
4.551e+10,-0.008071065242,-0.0008332715175
4.552e+10,-0.008096713429,6.370188669e-05
4.553e+10,-0.008022982043,0.0009551254294
4.554e+10,-0.007851981391,0.001830159545
4.555e+10,-0.007586467049,0.002678748091
4.556e+10,-0.007230334034,0.003490739132
4.557e+10,-0.006788570088,0.004256879275
4.558e+10,-0.006266896562,0.004968552822
4.559e+10,-0.005671770068,0.00561780034
4.56e+10,-0.005010337689,0.006197357508
4.561e+10,-0.004290378482,0.006700652187
4.562e+10,-0.003520262865,0.007121905454
4.563e+10,-0.002708940303,0.007456104481
4.564e+10,-0.001865868596,0.007699103883
4.565e+10,-0.001000991277,0.007847676982
4.566e+10,-0.0001246803531,0.007899591636
4.567e+10,0.0007523513184,0.007853705427
4.568e+10,0.001619142491,0.007710050382
4.569e+10,0.002464605047,0.007469912575
4.57e+10,0.003277700677,0.007135902995
4.571e+10,0.004047592436,0.006711999536
4.572e+10,0.004763870047,0.006203565412
4.573e+10,0.005416764103,0.005617315813
4.574e+10,0.005997363713,0.004961247374
4.575e+10,0.006497821694,0.004244510901
4.576e+10,0.006911547873,0.003477258426
4.577e+10,0.007233301296,0.002670405783
4.578e+10,0.007459508213,0.001835349875
4.579e+10,0.007588057834,0.0009839695659
4.58e+10,0.007618403813,0.0001280464576
4.581e+10,0.007551564793,-0.0007208028218
4.582e+10,0.007390025438,-0.001551439769
4.583e+10,0.007137585366,-0.002353256904
4.584e+10,0.006799135692,-0.003116413405
4.585e+10,0.006380536649,-0.003832004041
4.586e+10,0.005888519762,-0.004492041608
4.587e+10,0.005330486494,-0.005089522201
4.588e+10,0.004714347584,-0.005618432991
4.589e+10,0.004048390002,-0.00607374502
4.59e+10,0.003341172107,-0.006451378451
4.591e+10,0.002601422305,-0.006748166651
4.592e+10,0.001837993247,-0.006961816506
4.593e+10,0.001059785977,-0.007090890138
4.594e+10,0.0002757169988,-0.00713478033
4.595e+10,-0.0005053265193,-0.007093686548
4.596e+10,-0.001274518052,-0.006968619996
4.597e+10,-0.002023122704,-0.006761441306
4.598e+10,-0.002742640603,-0.006474832276
4.599e+10,-0.003424726363,-0.006112299147
4.6e+10,-0.004061357298,-0.005678262327
4.601e+10,-0.004644941403,-0.005178020829
4.602e+10,-0.005168412209,-0.004617743358
4.603e+10,-0.005625358997,-0.00400443312
4.604e+10,-0.006010153734,-0.003345888642
4.605e+10,-0.00631808281,-0.00265060142
4.606e+10,-0.006545465809,-0.001927654348
4.607e+10,-0.006689754724,-0.001186575798
4.608e+10,-0.006749609095,-0.0004371687387
4.609e+10,-0.00672494302,0.0003106515923
4.61e+10,-0.006616929912,0.001047073054
4.611e+10,-0.006427978793,0.00176254404
4.612e+10,-0.006161669538,0.002447988677
4.613e+10,-0.005822660965,0.003094940222
4.614e+10,-0.005416569013,0.003695702053
4.615e+10,-0.004949821544,0.004243457307
4.616e+10,-0.00442950049,0.004732349195
4.617e+10,-0.003863184767,0.005157523656
4.618e+10,-0.003258790204,0.005515162306
4.619e+10,-0.002624412718,0.005802461441
4.62e+10,-0.001968190876,0.006017604854
4.621e+10,-0.001298190945,0.006159694922
4.622e+10,-0.0006223043497,0.006228708226
4.623e+10,5.183093383e-05,0.006225396034
4.624e+10,0.0007168787099,0.006151224781
4.625e+10,0.001365856346,0.006008296891
4.626e+10,0.001992143308,0.005799287816
4.627e+10,0.002589512961,0.005527396057
4.628e+10,0.00315213152,0.005196287305
4.629e+10,0.003674568392,0.004810072206
4.63e+10,0.004151810437,0.004373267218
4.631e+10,0.004579272975,0.003890781083
4.632e+10,0.004952816622,0.003367889342
4.633e+10,0.005268778939,0.002810212193
4.634e+10,0.005523998994,0.0022237017
4.635e+10,0.005715857926,0.001614599968
4.636e+10,0.005842296875,0.0009894202039
4.637e+10,0.005901871744,0.0003548943199
4.638e+10,0.005893776916,-0.0002820548446
4.639e+10,0.005817885779,-0.0009143780046
4.64e+10,0.005674783851,-0.001534949448
4.641e+10,0.005465800676,-0.002136635383
4.642e+10,0.005193041239,-0.002712380651
4.643e+10,0.004859399737,-0.003255293112
4.644e+10,0.004468573797,-0.003758742384
4.645e+10,0.004025055989,-0.004216463759
4.646e+10,0.003534094831,-0.004622690869
4.647e+10,0.003001651334,-0.004972270701
4.648e+10,0.002434330575,-0.005260773177
4.649e+10,0.001839242532,-0.005484543741
4.65e+10,0.001223957134,-0.005640877402
4.651e+10,0.0005962823848,-0.005727988381
4.652e+10,-3.582522128e-05,-0.005745064912
4.653e+10,-0.0006644144149,-0.005692257235
4.654e+10,-0.0012816609,-0.00557066222
4.655e+10,-0.001879981109,-0.005382268518
4.656e+10,-0.002452144506,-0.005129917681
4.657e+10,-0.002991365282,-0.004817229557
4.658e+10,-0.003491384662,-0.004448528073
4.659e+10,-0.003946537202,-0.004028758322
4.66e+10,-0.004351809592,-0.003563392153
4.661e+10,-0.004702867445,-0.003058342133
4.662e+10,-0.004996089738,-0.002519866785
4.663e+10,-0.005228571605,-0.0019544792
4.664e+10,-0.00539811643,-0.001368878049
4.665e+10,-0.005503236189,-0.0007698600311
4.666e+10,-0.005543118088,-0.0001642628996
4.667e+10,-0.005517615651,0.0004410842719
4.668e+10,-0.005427220138,0.001039401924
4.669e+10,-0.005273056061,0.00162401331
4.67e+10,-0.005056862397,0.002188379401
4.671e+10,-0.004780983997,0.002726120787
4.672e+10,-0.004448370252,0.003231080653
4.673e+10,-0.004062574405,0.003697347663
4.674e+10,-0.003627749072,0.004119316267
4.675e+10,-0.003148659547,0.004491752717
4.676e+10,-0.002630153735,0.00480984054
4.677e+10,-0.002079433155,0.0050692128
4.678e+10,-0.001501819205,0.005266259169
4.679e+10,-0.0009045942162,0.005397892162
4.68e+10,-0.00029516142,0.005461843883
4.681e+10,0.0003187328471,0.005456689178
4.682e+10,0.0009291001763,0.005381924435
4.683e+10,0.001527830606,0.005238025666
4.684e+10,0.002106821104,0.005026475943
4.685e+10,0.002658139352,0.004749792517
4.686e+10,0.003174135594,0.004411485973
4.687e+10,0.003647654062,0.004016068131
4.688e+10,0.004072120371,0.0035689258
4.689e+10,0.004441696725,0.003076264257
4.69e+10,0.004751376873,0.002544978699
4.691e+10,0.004997087426,0.001982527428
4.692e+10,0.005175731988,0.001396788555
4.693e+10,0.005285236387,0.000795916542
4.694e+10,0.005324556698,0.0001881996875
4.695e+10,0.005293666169,-0.0004180795784
4.696e+10,0.005193520945,-0.001014772394
4.697e+10,0.005026012096,-0.001593980326
4.698e+10,0.00479390867,-0.002148136696
4.699e+10,0.004500789136,-0.002670121639
4.7e+10,0.00415097873,-0.003153306851
4.701e+10,0.003749480867,-0.003591623017
4.702e+10,0.003301904407,-0.003979615328
4.703e+10,0.002814409074,-0.004312492426
4.704e+10,0.002293641864,-0.004586164611
4.705e+10,0.001746667348,-0.004797299242
4.706e+10,0.001180904638,-0.00494336208
4.707e+10,0.0006040521448,-0.005022661434
4.708e+10,2.400237257e-05,-0.005034403815
4.709e+10,-0.0005512545903,-0.004978728413
4.71e+10,-0.001113741905,-0.00485674348
4.711e+10,-0.00165562159,-0.004670542817
4.712e+10,-0.002169328197,-0.004423210295
4.713e+10,-0.002647722846,-0.004118795926
4.714e+10,-0.003084230448,-0.003762265308
4.715e+10,-0.003472987793,-0.003359420932
4.716e+10,-0.003808974736,-0.002916785443
4.717e+10,-0.004088117606,-0.002441478834
4.718e+10,-0.004307386405,-0.001941039411
4.719e+10,-0.004464826598,-0.001423263777
4.72e+10,-0.004559581476,-0.0008960179223
4.721e+10,-0.004591858004,-0.0003670758722
4.722e+10,-0.004562899037,0.0001560604818
4.723e+10,-0.00447486489,0.0006663260132
4.724e+10,-0.00433068337,0.00115719057
4.725e+10,-0.004133973683,0.001622679424
4.726e+10,-0.003888946328,0.002057495394
4.727e+10,-0.003600247965,0.002457048348
4.728e+10,-0.003272838844,0.002817456355
4.729e+10,-0.002911879361,0.003135514893
4.73e+10,-0.002522653023,0.003408671312
4.731e+10,-0.002110483526,0.003634987644
4.732e+10,-0.001680697597,0.00381308301
4.733e+10,-0.001238581571,0.003942113573
4.734e+10,-0.0007893346407,0.004021693971
4.735e+10,-0.0003380723135,0.00405187464
4.736e+10,0.0001102022112,0.004033259405
4.737e+10,0.0005504961857,0.003966693638
4.738e+10,0.0009780574351,0.003853510455
4.739e+10,0.001388208626,0.003695457408
4.74e+10,0.001776418215,0.003494693924
4.741e+10,0.00213832523,0.003253817318
4.742e+10,0.002469781541,0.002975874479
4.743e+10,0.002766912714,0.002664381408
4.744e+10,0.003026180601,0.002323316615
4.745e+10,0.003244447568,0.001957102138
4.746e+10,0.003419083135,0.001570557977
4.747e+10,0.003548027669,0.001168878176
4.748e+10,0.003629862503,0.0007575331287
4.749e+10,0.003663871336,0.0003422028753
4.75e+10,0.003650088682,-7.128769836e-05
4.751e+10,0.003589333983,-0.0004771626072
4.752e+10,0.003483267145,-0.0008699914521
4.753e+10,0.003334183421,-0.00124455742
4.754e+10,0.003145036575,-0.001596047996
4.755e+10,0.002919346886,-0.001920148163
4.756e+10,0.002661113541,-0.002213121528
4.757e+10,0.002374713216,-0.002471858517
4.758e+10,0.00206476175,-0.002693897768
4.759e+10,0.00173602696,-0.002877453084
4.76e+10,0.001393305794,-0.003021379114
4.761e+10,0.001041355834,-0.003125148503
4.762e+10,0.00068477243,-0.003188816062
4.763e+10,0.0003279757165,-0.003212879819
4.764e+10,-2.486549098e-05,-0.003198332095
4.765e+10,-0.0003698605769,-0.003146527573
4.766e+10,-0.0007034044729,-0.003059136535
4.767e+10,-0.001022182422,-0.002938092753
4.768e+10,-0.001323166608,-0.00278555322
4.769e+10,-0.001603605902,-0.002603855844
4.77e+10,-0.001861011729,-0.00239549492
4.771e+10,-0.00209314539,-0.002163103115
4.772e+10,-0.002298008531,-0.001909441317
4.773e+10,-0.002473835465,-0.001637390974
4.774e+10,-0.0026190912,-0.001349952873
4.775e+10,-0.002732479266,-0.001050254006
4.776e+10,-0.002812951888,-0.0007415357731
4.777e+10,-0.002859729103,-0.0004271673917
4.778e+10,-0.002872324834,-0.0001106259778
4.779e+10,-0.002850574429,0.0002045120054
4.78e+10,-0.002794664313,0.0005145912452
4.781e+10,-0.002705170814,0.0008159090103
4.782e+10,-0.002583081811,0.001104763424
4.783e+10,-0.002429827121,0.001377498445
4.784e+10,-0.00224729253,0.001630568874
4.785e+10,-0.002037825621,0.001860610116
4.786e+10,-0.001804230102,0.002064513803
4.787e+10,-0.001549738568,0.002239508045
4.788e+10,-0.001277975038,0.002383232257
4.789e+10,-0.0009928932917,0.002493813306
4.79e+10,-0.0006987008562,0.002569925823
4.791e+10,-0.0003997678293,0.002610835825
4.792e+10,-0.0001005262678,0.002616430086
4.793e+10,0.0001946350118,0.002587219222
4.794e+10,0.0004814792073,0.002524320772
4.795e+10,0.0007560151403,0.002429418554
4.796e+10,0.001014588668,0.002304705165
4.797e+10,0.001253951322,0.002152806769
4.798e+10,0.001471312425,0.001976702463
4.799e+10,0.001664373773,0.001779629617
4.8e+10,0.001831349234,0.001564989512
4.801e+10,0.00197095191,0.001336286562
4.802e+10,0.002082366851,0.001097019827
4.803e+10,0.002165238602,0.0008506242591
4.804e+10,0.002219618058,0.0006004217231
4.805e+10,0.002245920798,0.0003495567807
4.806e+10,0.002244814875,0.0001010813354
4.807e+10,0.002217418609,-0.0001423388172
4.808e+10,0.002164855601,-0.0003781344034
4.809e+10,0.002088529745,-0.0006039788944
4.81e+10,0.001989975958,-0.0008177614478
4.811e+10,0.001870848503,-0.001017574586
4.812e+10,0.001732899878,-0.001201699822
4.813e+10,0.001577969067,-0.001368595358
4.814e+10,0.001407975462,-0.001516888776
4.815e+10,0.001224914627,-0.001645369977
4.816e+10,0.001030861666,-0.001752986017
4.817e+10,0.0008279732032,-0.001838851727
4.818e+10,0.0006184761765,-0.001902257628
4.819e+10,0.0004046925811,-0.001942674395
4.82e+10,0.0001890072387,-0.001959783341
4.821e+10,-2.61298177e-05,-0.001953492953
4.822e+10,-0.0002382244666,-0.001923956437
4.823e+10,-0.0004447650327,-0.001871598436
4.824e+10,-0.0006432532093,-0.001797129978
4.825e+10,-0.0008312437721,-0.001701563044
4.826e+10,-0.001006388406,-0.001586214049
4.827e+10,-0.00116649297,-0.001452706127
4.828e+10,-0.001309558789,-0.001302936527
4.829e+10,-0.001433832521,-0.001139072944
4.83e+10,-0.001537858571,-0.0009635007501
4.831e+10,-0.001620509188,-0.0007787796935
4.832e+10,-0.001681011677,-0.0005875884701
4.833e+10,-0.001718962975,-0.0003926612985
4.834e+10,-0.001734328286,-0.0001967294192
4.835e+10,-0.001727429673,-2.463530376e-06
4.836e+10,-0.001698919598,0.0001875833443
4.837e+10,-0.001649748875,0.0003710133205
4.838e+10,-0.001581128433,0.0005456249989
4.839e+10,-0.001494490101,0.0007094344433
4.84e+10,-0.001391441253,0.0008606867564
4.841e+10,-0.001273727014,0.0009978639645
4.842e+10,-0.001143195165,0.001119686287
4.843e+10,-0.001001766106,0.001225106006
4.844e+10,-0.0008514077539,0.001313296811
4.845e+10,-0.0006941160493,0.001383645145
4.846e+10,-0.0005318997372,0.001435743091
4.847e+10,-0.0003667657375,0.001469379927
4.848e+10,-0.0002007136073,0.001484538716
4.849e+10,-3.572089419e-05,0.001481391459
4.85e+10,0.0001262685549,0.00146030493
4.851e+10,0.0002833543799,0.00142183736
4.852e+10,0.0004337010341,0.001366743534
4.853e+10,0.0005755541933,0.001295974751
4.854e+10,0.000707267956,0.001210676381
4.855e+10,0.000827331638,0.001112182049
4.856e+10,0.0009343965158,0.001002002469
4.857e+10,0.001027301758,0.0008818067812
4.858e+10,0.001105106105,0.0007533967077
4.859e+10,0.001167108437,0.0006186777153
4.86e+10,0.001212860042,0.000479619428
4.861e+10,0.00124217911,0.0003382152381
4.862e+10,0.001255146461,0.0001964425494
4.863e+10,0.00125210053,5.621696657e-05
4.864e+10,0.001233617476,-8.064333932e-05
4.865e+10,0.001200489479,-0.0002124553497
4.866e+10,0.001153704087,-0.0003376993339
4.867e+10,0.001094404258,-0.0004548676778
4.868e+10,0.001023626427,-0.0005631282687
4.869e+10,0.0009429457601,-0.000661315834
4.87e+10,0.0008536339265,-0.0007486655225
4.871e+10,0.0007570735333,-0.0008245921326
4.872e+10,0.000654646258,-0.0008886686521
4.873e+10,0.000547716406,-0.0009406192078
4.874e+10,0.0004376185464,-0.0009803039226
4.875e+10,0.0003256479026,-0.001007704213
4.876e+10,0.0002130599998,-0.001022910658
4.877e+10,0.0001010667222,-0.001026112748
4.878e+10,-9.161518215e-06,-0.001017591617
4.879e+10,-0.0001164925791,-0.0009977190527
4.88e+10,-0.0002198349483,-0.0009669541505
4.881e+10,-0.00031813958,-0.0009258482626
4.882e+10,-0.0004104047114,-0.000875048012
4.883e+10,-0.0004956872875,-0.0008152988836
4.884e+10,-0.0005731098025,-0.0007474467676
4.885e+10,-0.0006418704438,-0.0006724280699
4.886e+10,-0.0007012831742,-0.0005913109181
4.887e+10,-0.0007507845461,-0.0005052145357
4.888e+10,-0.0007899402646,-0.0004153455759
4.889e+10,-0.0008184714213,-0.0003229656929
4.89e+10,-0.0008362701314,-0.0002293556431
4.891e+10,-0.0008434212504,-0.0001358055186
4.892e+10,-0.0008401683014,-4.358503198e-05
4.893e+10,-0.0008269227929,4.610894077e-05
4.894e+10,-0.0008042560829,0.0001321698279
4.895e+10,-0.0007728734404,0.0002136052909
4.896e+10,-0.0007335899632,0.0002895565037
4.897e+10,-0.0006872989686,0.0003593114968
4.898e+10,-0.0006349478277,0.0004223115259
4.899e+10,-0.0005775023921,0.0004781475769
4.9e+10,-0.0005159245685,0.0005265523292
4.901e+10,-0.0004511508692,0.0005673911824
4.902e+10,-0.0003840719378,0.0006006430205
4.903e+10,-0.0003155211677,0.000626385018
4.904e+10,-0.0002462675677,0.0006447711182
4.905e+10,-0.0001770122187,0.0006560179759
4.906e+10,-0.000108389232,0.0006603858774
4.907e+10,-4.096980005e-05,0.0006581665717
4.908e+10,2.473324958e-05,0.0006496718373
4.909e+10,8.825625145e-05,0.0006352249363
4.91e+10,0.0001491778974,0.000615157627
4.911e+10,0.0002071079867,0.0005898029704
4.912e+10,0.000261685371,0.0005594978949
4.913e+10,0.000312568661,0.0005245857267
4.914e+10,0.0003594317715,0.0004854193373
4.915e+10,0.000401961894,0.0004423659597
4.916e+10,0.0004398588612,0.000395813335
4.917e+10,0.0004728371576,0.0003461747442
4.918e+10,0.0005006306231,0.0002938950604
4.919e+10,0.0005229983751,0.0002394538249
4.92e+10,0.0005397366326,0.0001833695819
4.921e+10,0.0005506732238,0.0001261893675
4.922e+10,0.0005557044789,6.851086961e-05
4.923e+10,0.0005547827673,1.094695099e-05
4.924e+10,0.0005479340834,-4.586716607e-05
4.925e+10,0.0005352645124,-0.000101288234
4.926e+10,0.0005169638877,-0.0001546797806
4.927e+10,0.0004933068563,-0.0002054271394
4.928e+10,0.0004646508508,-0.0002529516189
4.929e+10,0.0004314310775,-0.000296731232
4.93e+10,0.0003941423617,-0.0003363074496
4.931e+10,0.000353334527,-0.0003712968053
4.932e+10,0.0003095940203,-0.0004013978588
4.933e+10,0.0002635299963,-0.0004263935632
4.934e+10,0.000215761287,-0.0004461527485
4.935e+10,0.0001668988137,-0.0004606310616
4.936e+10,0.0001175291894,-0.0004698599049
4.937e+10,6.82062484e-05,-0.0004739356477
4.938e+10,1.944641906e-05,-0.0004730091402
4.939e+10,-2.827541848e-05,-0.0004672771554
4.94e+10,-7.452851756e-05,-0.0004569725053
4.941e+10,-0.0001189251947,-0.0004423550253
4.942e+10,-0.0001611194144,-0.0004237037833
4.943e+10,-0.000200803009,-0.000401310885
4.944e+10,-0.0002377014683,-0.0003754772616
4.945e+10,-0.0002715704317,-0.0003465102285
4.946e+10,-0.0003021904281,-0.0003147222961
4.947e+10,-0.0003293651433,-0.0002804312136
4.948e+10,-0.000352917854,-0.0002439620616
4.949e+10,-0.0003726911752,-0.0002056484257
4.95e+10,-0.0003885468255,-0.0001658354057
4.951e+10,-0.0004003676912,-0.0001248812101
4.952e+10,-0.0004080599437,-8.315942616e-05
4.953e+10,-0.0004115578767,-4.105877624e-05
4.954e+10,-0.0004108279231,1.016013553e-06
4.955e+10,-0.0004058742373,4.264757127e-05
4.956e+10,-0.0003967439382,8.34082761e-05
4.957e+10,-0.0003835319163,0.0001228671854
4.958e+10,-0.0003663845009,0.0001605950246
4.959e+10,-0.0003455022257,0.0001961761817
4.96e+10,-0.0003211377472,0.0002292148128
4.961e+10,-0.0002935946401,0.0002593463633
4.962e+10,-0.0002632230679,0.0002862445522
4.963e+10,-0.0002304116352,0.0003096310904
4.964e+10,-0.0001955796124,0.0003292810413
4.965e+10,-0.0001591703095,0.0003450269025
4.966e+10,-0.0001216426122,0.0003567559153
4.967e+10,-8.346014047e-05,0.0003644156395
4.968e+10,-4.508290926e-05,0.000368021518
4.969e+10,-6.947636416e-06,0.0003676558919
4.97e+10,3.055256225e-05,0.0003634488486
4.971e+10,6.706478196e-05,0.000355552752
4.972e+10,0.0001022617789,0.0003441369584
4.973e+10,0.000135836845,0.0003293864809
4.974e+10,0.000167504363,0.0003115145418
4.975e+10,0.0001970091539,0.0002907479082
4.976e+10,0.0002241194522,0.0002673243877
4.977e+10,0.0002486235062,0.0002414913629
4.978e+10,0.0002703266829,0.0002135063099
4.979e+10,0.0002890514184,0.0001836343916
4.98e+10,0.000304661867,0.0001521760942
4.981e+10,0.0003169789561,0.0001194302978
4.982e+10,0.0003259351755,8.569152352e-05
4.983e+10,0.0003314259748,5.127595591e-05
4.984e+10,0.000333373974,1.651520785e-05
4.985e+10,0.0003317288833,-1.823904488e-05
4.986e+10,0.0003264737721,-5.261768086e-05
4.987e+10,0.0003176299223,-8.623794569e-05
4.988e+10,0.000305263164,-0.0001187057973
4.989e+10,0.0002894892161,-0.0001496226319
4.99e+10,0.0002704813175,-0.0001785953865
4.991e+10,0.0002484700612,-0.0002052476507
4.992e+10,0.0002237401912,-0.0002292339084
4.993e+10,0.0001966232764,-0.000250247241
4.994e+10,0.0001674921115,-0.0002680259521
4.995e+10,0.0001367548611,-0.0002823594127
4.996e+10,0.0001048477136,-0.0002930961328
4.997e+10,7.222246087e-05,-0.0003001506794
4.998e+10,3.933528085e-05,-0.000303504528
4.999e+10,6.631802825e-06,-0.0003032017356
5e+10,-2.546485574e-05,-0.0002993469389
5.001e+10,-5.686401473e-05,-0.0002934722017
5.002e+10,-8.727408086e-05,-0.0002843023676
5.003e+10,-0.0001163473426,-0.00027199609
5.004e+10,-0.0001437640323,-0.0002567487324
5.005e+10,-0.0001692352923,-0.0002387866885
5.006e+10,-0.000192505959,-0.0002183616089
5.007e+10,-0.0002133555422,-0.000195744559
5.008e+10,-0.0002315983332,-0.0001712205761
5.009e+10,-0.0002470815781,-0.0001450846357
5.01e+10,-0.0002596849846,-0.0001176369052
5.011e+10,-0.0002693178502,-8.918087292e-05
5.012e+10,-0.0002759175388,-6.002041445e-05
5.013e+10,-0.000279447642,-3.045892677e-05
5.014e+10,-0.0002798963815,-7.988593271e-07
5.015e+10,-0.0002772760048,2.865896882e-05
5.016e+10,-0.0002716225236,5.761547237e-05
5.017e+10,-0.0002629962567,8.577345336e-05
5.018e+10,-0.0002514828375,0.0001128378246
5.019e+10,-0.0002371947864,0.0001385173729
5.02e+10,-0.0002202733634,0.000162526177
5.021e+10,-0.0002008902327,0.0001845866213
5.022e+10,-0.0001792492549,0.0002044328463
5.023e+10,-0.000155587332,0.0002218154872
5.024e+10,-0.0001301744137,0.0002365071875
5.025e+10,-0.0001033127597,0.0002483081191
5.026e+10,-7.533398291e-05,0.0002570525912
5.027e+10,-4.659526111e-05,0.0002626149744
5.028e+10,-1.747367715e-05,0.0002649149372
5.029e+10,1.16409145e-05,0.0002639221602
5.03e+10,4.035365278e-05,0.000259658954
5.031e+10,6.827428535e-05,0.0002522017686
5.032e+10,9.502555537e-05,0.0002416800467
5.033e+10,0.0001202529335,0.0002282735526
5.034e+10,0.0001436320146,0.0002122078611
5.035e+10,0.0001648758937,0.000193747669
5.036e+10,0.0001837400778,0.0001731896982
5.037e+10,0.0002000261524,0.0001508542232
5.038e+10,0.0002135830054,0.0001270770111
5.039e+10,0.0002243066355,0.0001022010456
5.04e+10,0.0002321387713,7.656913248e-05
5.041e+10,0.0002370631502,5.051798821e-05
5.042e+10,0.0002391023543,2.437251168e-05
5.043e+10,0.0002383130498,-1.557432318e-06
5.044e+10,0.0002347816873,-2.698063191e-05
5.045e+10,0.0002286201316,-5.162507293e-05
5.046e+10,0.0002199619404,-7.523949063e-05
5.047e+10,0.0002089587737,-9.759280177e-05
5.048e+10,0.0001957779074,-0.000118474125
5.049e+10,0.0001805999536,-0.0001376919979
5.05e+10,0.0001636176503,-0.0001550735946
5.051e+10,0.0001450346715,-0.000170464485
5.052e+10,0.0001250651129,-0.0001837284459
5.053e+10,0.0001039333994,-0.0001947474379
5.054e+10,8.187366995e-05,-0.0002034226561
5.055e+10,5.912961241e-05,-0.0002096754307
5.056e+10,3.595370273e-05,-0.0002134489214
5.057e+10,1.260637066e-05,-0.0002147098567
5.058e+10,-1.064585911e-05,-0.000213450685
5.059e+10,-3.353304003e-05,-0.0002096918019
5.06e+10,-5.578380099e-05,-0.0002034831016
5.061e+10,-7.713017389e-05,-0.0001949058447
5.062e+10,-9.73108733e-05,-0.0001840732499
5.063e+10,-0.0001160769515,-0.0001711309379
5.064e+10,-0.0001331963006,-0.0001562557025
5.065e+10,-0.0001484587208,-0.0001396537926
5.066e+10,-0.0001616808864,-0.0001215579024
5.067e+10,-0.0001727106757,-0.0001022229429
5.068e+10,-0.0001814303161,-8.192126764e-05
5.069e+10,-0.0001877589547,-6.093717419e-05
5.07e+10,-0.0001916538425,-3.956054961e-05
5.071e+10,-0.0001931104129,-1.808130424e-05
5.072e+10,-0.0001921608971,3.216733942e-06
5.073e+10,-0.0001888723371,2.406086098e-05
5.074e+10,-0.0001833433385,4.419459716e-05
5.075e+10,-0.0001757003058,6.338036969e-05
5.076e+10,-0.000166093541,8.140343303e-05
5.077e+10,-0.000154692911,9.807279274e-05
5.078e+10,-0.000141683748,0.0001132224851
5.079e+10,-0.0001272632432,0.0001267117155
5.08e+10,-0.0001116368679,0.0001384248311
5.081e+10,-9.501556471e-05,0.0001482701921
5.082e+10,-7.761337249e-05,0.0001561794296
5.083e+10,-5.964534364e-05,0.0001621062802
5.084e+10,-4.132605992e-05,0.0001660258298
5.085e+10,-2.286816681e-05,0.0001679335713
5.086e+10,-4.481550769e-06,0.0001678445883
5.087e+10,1.362814009e-05,0.0001657933473
5.088e+10,3.12601854e-05,0.0001618331387
5.089e+10,4.822013709e-05,0.0001560361385
5.09e+10,6.432136541e-05,0.0001484933009
5.091e+10,7.938644309e-05,0.0001393141174
5.092e+10,9.324965902e-05,0.0001286264581
5.093e+10,0.000105758225,0.0001165759069
5.094e+10,0.0001167756099,0.0001033251789
5.095e+10,0.0001261833492,8.905230767e-05
5.096e+10,0.0001338838489,7.394917032e-05
5.097e+10,0.0001398023078,5.821897079e-05
5.098e+10,0.0001438891768,4.207314021e-05
5.099e+10,0.0001461212274,2.572786827e-05
5.1e+10,0.000146502515,9.400527178e-06
5.101e+10,0.0001450646272,-6.694803376e-06
5.102e+10,0.0001418659292,-2.235127519e-05
5.103e+10,0.0001369900278,-3.737304881e-05
5.104e+10,0.0001305436478,-5.157941611e-05
5.105e+10,0.0001226537344,-6.480743215e-05
5.106e+10,0.0001134639068,-7.691447904e-05
5.107e+10,0.0001031310763,-8.778012053e-05
5.108e+10,9.182152978e-05,-9.730660874e-05
5.109e+10,7.970705907e-05,-0.0001054194337
5.11e+10,6.696175236e-05,-0.000112066379
5.111e+10,5.375864053e-05,-0.0001172166188
5.112e+10,4.026763999e-05,-0.0001208589573
5.113e+10,2.66530565e-05,-0.0001230001807
5.114e+10,1.307237939e-05,-0.0001236631242
5.115e+10,-3.246523399e-07,-0.0001228845731
5.116e+10,-1.339693031e-05,-0.0001207139271
5.117e+10,-2.601157296e-05,-0.0001172112557
5.118e+10,-3.804453804e-05,-0.0001124465987
5.119e+10,-4.93800414e-05,-0.0001064986767
5.12e+10,-5.991079644e-05,-9.945463319e-05
5.121e+10,-6.95380076e-05,-9.140940781e-05
5.122e+10,-7.817126256e-05,-8.246594685e-05
5.123e+10,-8.57293513e-05,-7.273473142e-05
5.124e+10,-9.214084871e-05,-6.233403691e-05
5.125e+10,-9.734511687e-05,-5.138942189e-05
5.126e+10,-0.0001012932901,-4.00338048e-05
5.127e+10,-0.0001039500795,-2.840609107e-05
5.128e+10,-0.0001052948894,-1.665067237e-05
5.129e+10,-0.0001053234544,-4.915504139e-06
5.13e+10,-0.0001040489044,6.64973473e-06
5.131e+10,-0.0001015028543,1.789594959e-05
5.132e+10,-9.773587904e-05,2.867762113e-05
5.133e+10,-9.281745814e-05,3.885578695e-05
5.134e+10,-8.683525486e-05,4.830090101e-05
5.135e+10,-7.989377166e-05,5.689632376e-05
5.136e+10,-7.211219598e-05,6.454084343e-05
5.137e+10,-6.36217852e-05,7.115115455e-05
5.138e+10,-5.456280442e-05,7.666352655e-05
5.139e+10,-4.508076775e-05,8.103502795e-05
5.14e+10,-3.532312393e-05,8.424374844e-05
5.141e+10,-2.543540971e-05,8.628842925e-05
5.142e+10,-1.555827946e-05,8.718713863e-05
5.143e+10,-5.824374806e-06,8.697566082e-05
5.144e+10,3.643741737e-06,8.570508567e-05
5.145e+10,1.273552609e-05,8.343955381e-05
5.146e+10,2.13534503e-05,8.025330057e-05
5.147e+10,2.941333051e-05,7.622834412e-05
5.148e+10,3.684467521e-05,7.145179194e-05
5.149e+10,4.358977319e-05,6.601386737e-05
5.15e+10,4.960303955e-05,6.000603332e-05
5.151e+10,5.485024925e-05,5.351944752e-05
5.152e+10,5.930714453e-05,4.664388631e-05
5.153e+10,6.295825128e-05,3.946723157e-05
5.154e+10,6.579624365e-05,3.207463124e-05
5.155e+10,6.782052951e-05,2.454871867e-05
5.156e+10,6.903680179e-05,1.69693287e-05
5.157e+10,6.945644376e-05,9.413790163e-06
5.158e+10,6.90962135e-05,1.9569484e-06
5.159e+10,6.79780488e-05,-5.328657644e-06
5.16e+10,6.612909167e-05,-1.237259004e-05
5.161e+10,6.35819642e-05,-1.91068057e-05
5.162e+10,6.037486812e-05,-2.546567478e-05
5.163e+10,5.655196812e-05,-3.13865118e-05
5.164e+10,5.216363414e-05,-3.681000619e-05
5.165e+10,4.726653762e-05,-4.16812577e-05
5.166e+10,4.192374273e-05,-4.595049114e-05
5.167e+10,3.620448094e-05,-4.957405586e-05
5.168e+10,3.018349077e-05,-5.251588685e-05
5.169e+10,2.394018879e-05,-5.47483877e-05
5.17e+10,1.755783516e-05,-5.62539719e-05
5.171e+10,1.112229357e-05,-5.702545908e-05
5.172e+10,4.720138912e-06,-5.706664364e-05
5.173e+10,-1.563026045e-06,-5.639269485e-05
5.174e+10,-7.644383383e-06,-5.502986017e-05
5.175e+10,-1.344586043e-05,-5.301515695e-05
5.176e+10,-1.889568178e-05,-5.039541166e-05
5.177e+10,-2.392995444e-05,-4.722602602e-05
5.178e+10,-2.849371606e-05,-4.356951058e-05
5.179e+10,-3.254182392e-05,-3.949384303e-05
5.18e+10,-3.603958885e-05,-3.507056296e-05
5.181e+10,-3.896243335e-05,-3.03732622e-05
5.182e+10,-4.129613937e-05,-2.547569416e-05
5.183e+10,-4.303602251e-05,-2.045040091e-05
5.184e+10,-4.418618348e-05,-1.536751722e-05
5.185e+10,-4.475869175e-05,-1.029361619e-05
5.186e+10,-4.477253794e-05,-5.291047563e-06
5.187e+10,-4.425265166e-05,-4.174494865e-07
5.188e+10,-4.322897459e-05,4.274762858e-06
5.189e+10,-4.173551458e-05,8.738262755e-06
5.19e+10,-3.980955892e-05,1.293105304e-05
5.191e+10,-3.749109267e-05,1.681619781e-05
5.192e+10,-3.482217871e-05,2.036188922e-05
5.193e+10,-3.184644894e-05,2.354115652e-05
5.194e+10,-2.860884367e-05,2.633178397e-05
5.195e+10,-2.515520538e-05,2.871623123e-05
5.196e+10,-2.153202405e-05,3.068153401e-05
5.197e+10,-1.778617906e-05,3.221933872e-05
5.198e+10,-1.396460667e-05,3.332588534e-05
5.199e+10,-1.011397245e-05,3.400207612e-05
5.2e+10,-6.28032779e-06,3.425348372e-05
5.201e+10,-2.508649515e-06,3.409040319e-05
5.202e+10,1.157720277e-06,3.352783888e-05
5.203e+10,4.677502896e-06,3.258537315e-05
5.204e+10,8.012172412e-06,3.128698848e-05
5.205e+10,1.112641761e-05,2.9660768e-05
5.206e+10,1.398879426e-05,2.773849285e-05
5.207e+10,1.657219936e-05,2.555509704e-05
5.208e+10,1.885419435e-05,2.314807013e-05
5.209e+10,2.081739066e-05,2.055672646e-05
5.21e+10,2.244955833e-05,1.782149551e-05
5.211e+10,2.374361967e-05,1.498313425e-05
5.212e+10,2.469757454e-05,1.208205382e-05
5.213e+10,2.531421098e-05,9.157564668e-06
5.214e+10,2.560080187e-05,6.247361713e-06
5.215e+10,2.55686101e-05,3.386993169e-06
5.216e+10,2.523251163e-05,6.09485182e-07
5.217e+10,2.461040885e-05,-2.054956564e-06
5.218e+10,2.372282466e-05,-4.579119572e-06
5.219e+10,2.259241234e-05,-6.938864768e-06
5.22e+10,2.12435507e-05,-9.113212389e-06
5.221e+10,1.970197303e-05,-1.10843383e-05
5.222e+10,1.799442587e-05,-1.283750374e-05
5.223e+10,1.614841792e-05,-1.436104158e-05
5.224e+10,1.419193924e-05,-1.564634759e-05
5.225e+10,1.21532096e-05,-1.668782059e-05
5.226e+10,1.006047827e-05,-1.748284312e-05
5.227e+10,7.941735081e-06,-1.803182296e-05
5.228e+10,5.824478649e-06,-1.833813631e-05
5.229e+10,3.735395198e-06,-1.840815023e-05
5.23e+10,1.699980254e-06,-1.825115644e-05
5.231e+10,-2.577648884e-07,-1.787917155e-05
5.232e+10,-2.115637731e-06,-1.730688472e-05
5.233e+10,-3.853667055e-06,-1.655138795e-05
5.234e+10,-5.454400669e-06,-1.563192673e-05
5.235e+10,-6.903252033e-06,-1.456947444e-05
5.236e+10,-8.188714982e-06,-1.338631468e-05
5.237e+10,-9.302485638e-06,-1.210554162e-05
5.238e+10,-1.023960671e-05,-1.075057389e-05
5.239e+10,-1.099831618e-05,-9.34459292e-06
5.24e+10,-1.157994869e-05,-7.91005997e-06
5.241e+10,-1.198871928e-05,-6.468256868e-06
5.242e+10,-1.223135411e-05,-5.038892648e-06
5.243e+10,-1.231673298e-05,-3.639792125e-06
5.244e+10,-1.225546017e-05,-2.286685345e-06
5.245e+10,-1.205944178e-05,-9.930827035e-07
5.246e+10,-1.174143753e-05,2.297513744e-07
5.247e+10,-1.131469906e-05,1.372744826e-06
5.248e+10,-1.079258639e-05,2.428908834e-06
5.249e+10,-1.018830257e-05,3.393135387e-06
5.25e+10,-9.514648926e-06,4.262042511e-06
5.251e+10,-8.78385396e-06,5.033691732e-06
5.252e+10,-8.007470122e-06,5.707417122e-06
5.253e+10,-7.196315944e-06,6.283574735e-06
5.254e+10,-6.360454463e-06,6.763340895e-06
5.255e+10,-5.509220293e-06,7.148579612e-06
5.256e+10,-4.651278543e-06,7.441678047e-06
5.257e+10,-3.794669021e-06,7.645437045e-06
5.258e+10,-2.946894797e-06,7.763024943e-06
5.259e+10,-2.11497769e-06,7.797917595e-06
5.26e+10,-1.305527293e-06,7.753884451e-06
5.261e+10,-5.247776013e-07,7.635010515e-06
5.262e+10,2.213782356e-07,7.445702049e-06
5.263e+10,9.274019812e-07,7.190737444e-06
5.264e+10,1.588113315e-06,6.875280908e-06
5.265e+10,2.198750237e-06,6.504930839e-06
5.266e+10,2.755037554e-06,6.085719463e-06
5.267e+10,3.253249685e-06,5.624109465e-06
5.268e+10,3.690323124e-06,5.126964198e-06
5.269e+10,4.063941667e-06,4.601491074e-06
5.27e+10,4.372614431e-06,4.055141864e-06
5.271e+10,4.615769159e-06,3.495509404e-06
5.272e+10,4.793780657e-06,2.930188638e-06
5.273e+10,4.907988326e-06,2.366609038e-06
5.274e+10,4.960680085e-06,1.811882188e-06
5.275e+10,4.955024507e-06,1.272640656e-06
5.276e+10,4.894995137e-06,7.548857956e-07
5.277e+10,4.785230313e-06,2.638740182e-07
5.278e+10,4.630885377e-06,-1.959717716e-07
5.279e+10,4.437476315e-06,-6.211340532e-07
5.28e+10,4.210700783e-06,-1.00899199e-06
5.281e+10,3.956284589e-06,-1.357827396e-06
5.282e+10,3.679833816e-06,-1.666757042e-06
5.283e+10,3.386701498e-06,-1.935665559e-06
5.284e+10,3.081885452e-06,-2.165092225e-06
5.285e+10,2.769962827e-06,-2.356138679e-06
5.286e+10,2.455035509e-06,-2.510348138e-06
5.287e+10,2.140718762e-06,-2.629588476e-06
5.288e+10,1.830133316e-06,-2.715960496e-06
5.289e+10,1.525935955e-06,-2.771702083e-06
5.29e+10,1.230347735e-06,-2.799108879e-06
5.291e+10,9.452022754e-07,-2.800477686e-06
5.292e+10,6.719900078e-07,-2.778056384e-06
5.293e+10,4.119142828e-07,-2.734016587e-06
5.294e+10,1.659329419e-07,-2.670433823e-06
5.295e+10,-6.519405035e-08,-2.589278845e-06
5.296e+10,-2.808621424e-07,-2.492419456e-06
5.297e+10,-4.806011019e-07,-2.381632043e-06
5.298e+10,-6.64041498e-07,-2.258610182e-06
5.299e+10,-8.308995052e-07,-2.124978897e-06
5.3e+10,-9.809710511e-07,-1.9823114e-06
5.301e+10,-1.114119986e-06,-1.832143002e-06
5.302e+10,-1.230285795e-06,-1.675983609e-06
5.303e+10,-1.3294843e-06,-1.51532333e-06
5.304e+10,-1.411817358e-06,-1.351638698e-06
5.305e+10,-1.477481914e-06,-1.186396343e-06
5.306e+10,-1.526779467e-06,-1.021044791e-06
5.307e+10,-1.56012922e-06,-8.570056719e-07
5.308e+10,-1.578070354e-06,-6.956644042e-07
5.309e+10,-1.581273162e-06,-5.383508328e-07
5.31e+10,-1.57053243e-06,-3.863200015e-07
5.311e+10,-1.546771074e-06,-2.407349253e-07
5.312e+10,-1.511024794e-06,-1.026420294e-07
5.313e+10,-1.464429483e-06,2.704647838e-08
5.314e+10,-1.40820372e-06,1.475699051e-07
5.315e+10,-1.343623883e-06,2.583316813e-07
5.316e+10,-1.271996862e-06,3.589079806e-07
5.317e+10,-1.194632658e-06,4.490489291e-07
5.318e+10,-1.11281752e-06,5.286752205e-07
5.319e+10,-1.027782874e-06,5.97867083e-07
5.32e+10,-9.406860121e-07,6.56850021e-07
5.321e+10,-8.525899169e-07,7.059704055e-07
5.322e+10,-7.644454538e-07,7.456807951e-07
5.323e+10,-6.770893392e-07,7.765068117e-07
5.324e+10,-5.912359356e-07,7.990265405e-07
5.325e+10,-5.074827496e-07,8.138491006e-07
5.326e+10,-4.263152833e-07,8.215884508e-07
5.327e+10,-3.481204916e-07,8.2285192e-07
5.328e+10,-2.731967848e-07,8.182225316e-07
5.329e+10,-2.017723865e-07,8.082502522e-07
5.33e+10,-1.340154623e-07,7.934498897e-07
5.331e+10,-7.005189438e-08,7.742927747e-07
5.332e+10,-9.977305001e-09,7.512173513e-07
5.333e+10,4.613435878e-08,7.246255796e-07
5.334e+10,9.821964695e-08,6.948922377e-07
5.335e+10,1.462229216e-07,6.623728175e-07
5.336e+10,1.900865991e-07,6.27408416e-07
5.337e+10,2.297419694e-07,5.903308247e-07
5.338e+10,2.650418971e-07,5.51356219e-07
5.339e+10,2.966864264e-07,5.109277431e-07
5.34e+10,3.236143063e-07,4.696882565e-07
5.341e+10,3.462713798e-07,4.276076394e-07
5.342e+10,3.646864969e-07,3.851435218e-07
5.343e+10,3.789079464e-07,3.42682751e-07
5.344e+10,3.890232204e-07,3.006045524e-07
5.345e+10,3.951589464e-07,2.592822578e-07
5.346e+10,3.974851841e-07,2.190769513e-07
5.347e+10,3.96212791e-07,1.803321017e-07
5.348e+10,3.915914408e-07,1.433640181e-07
5.349e+10,3.839075139e-07,1.084565238e-07
5.35e+10,3.734767764e-07,7.585234281e-08
5.351e+10,3.606386957e-07,4.574966554e-08
5.352e+10,3.457461788e-07,1.830049705e-08
5.353e+10,3.291599409e-07,-6.394482906e-09
5.354e+10,3.112363785e-07,-2.828126874e-08
5.355e+10,2.92322421e-07,-4.73521348e-08
5.356e+10,2.727500349e-07,-6.363907641e-08
5.357e+10,2.528255679e-07,-7.720947777e-08
5.358e+10,2.328305772e-07,-8.815907241e-08
5.359e+10,2.130205208e-07,-9.660547293e-08
5.36e+10,1.93621031e-07,-1.026825426e-07
5.361e+10,1.748343342e-07,-1.065324061e-07
5.362e+10,1.568385833e-07,-1.083027188e-07
5.363e+10,1.397900945e-07,-1.081441686e-07
5.364e+10,1.238347118e-07,-1.062065648e-07
5.365e+10,1.091023368e-07,-1.026418271e-07
5.366e+10,9.571498849e-08,-9.76005851e-08
5.367e+10,8.378936122e-08,-9.124062194e-08
5.368e+10,7.343483808e-08,-8.372394218e-08
5.369e+10,6.475553789e-08,-7.522142079e-08
5.37e+10,5.784899298e-08,-6.591860377e-08
5.371e+10,5.279755907e-08,-5.601064972e-08
5.372e+10,4.967768731e-08,-4.571228726e-08
5.373e+10,4.853730542e-08,-3.524830854e-08
5.374e+10,4.941285128e-08,-2.486101945e-08
5.375e+10,5.230927025e-08,-1.480207395e-08
5.376e+10,5.72083604e-08,-5.332197369e-09
5.377e+10,6.404715922e-08,3.287875665e-09
5.378e+10,7.274810056e-08,1.079234393e-08
5.379e+10,8.31862488e-08,1.692643784e-08
5.38e+10,9.521173095e-08,2.144378868e-08
5.381e+10,1.086389111e-07,2.411243062e-08
5.382e+10,1.232554961e-07,2.472122448e-08
5.383e+10,1.388221522e-07,2.308064072e-08
5.384e+10,1.550748463e-07,1.902764292e-08
5.385e+10,1.717310421e-07,1.242517792e-08
5.386e+10,1.884880601e-07,3.166734468e-09
5.387e+10,2.050307704e-07,-8.823455798e-09
5.388e+10,2.210323843e-07,-2.359038955e-08
5.389e+10,2.361554065e-07,-4.114560528e-08
5.39e+10,2.5005434e-07,-6.147135934e-08
5.391e+10,2.623800625e-07,-8.451289237e-08
5.392e+10,2.727772677e-07,-1.101805252e-07
5.393e+10,2.808948558e-07,-1.383466514e-07
5.394e+10,2.863735845e-07,-1.68851413e-07
5.395e+10,2.888652303e-07,-2.0148556e-07
5.396e+10,2.880261763e-07,-2.360022467e-07
5.397e+10,2.835240967e-07,-2.721075305e-07
5.398e+10,2.750453803e-07,-3.094609773e-07
5.399e+10,2.623000778e-07,-3.476718313e-07
5.4e+10,2.450279473e-07,-3.86301972e-07
5.401e+10,2.230091795e-07,-4.24863565e-07
5.402e+10,1.960731024e-07,-4.62822557e-07
5.403e+10,1.641050113e-07,-4.996033691e-07
5.404e+10,1.270588836e-07,-5.345926886e-07
5.405e+10,8.49644299e-08,-5.671514431e-07
5.406e+10,3.793551192e-08,-5.966228592e-07
5.407e+10,-1.382817051e-08,-6.223472595e-07
5.408e+10,-7.003018205e-08,-6.436763005e-07
5.409e+10,-1.30288708e-07,-6.599860677e-07
5.41e+10,-1.941323148e-07,-6.706932142e-07
5.411e+10,-2.610072793e-07,-6.752728525e-07
5.412e+10,-3.302907568e-07,-6.732676311e-07
5.413e+10,-4.013016162e-07,-6.642979953e-07
5.414e+10,-4.733164981e-07,-6.480715877e-07
5.415e+10,-5.455831397e-07,-6.243837624e-07
5.416e+10,-6.17335841e-07,-5.931186618e-07
5.417e+10,-6.878100256e-07,-5.542463576e-07
5.418e+10,-7.562527845e-07,-5.078109107e-07
5.419e+10,-8.21935269e-07,-4.53931031e-07
5.42e+10,-8.8415201e-07,-3.927811792e-07
5.421e+10,-9.422269911e-07,-3.245862727e-07
5.422e+10,-9.955126527e-07,-2.496122387e-07
5.423e+10,-1.043383767e-06,-1.681546279e-07
5.424e+10,-1.085237231e-06,-8.0543788e-08
5.425e+10,-1.120479185e-06,1.286809754e-08
5.426e+10,-1.148522299e-06,1.116988584e-07
5.427e+10,-1.168781179e-06,2.155364288e-07
5.428e+10,-1.180664217e-06,3.2393083e-07
5.429e+10,-1.18357457e-06,4.363874023e-07
5.43e+10,-1.176904754e-06,5.52358902e-07
5.431e+10,-1.160041225e-06,6.712317137e-07
5.432e+10,-1.132366508e-06,7.923172675e-07
5.433e+10,-1.093263329e-06,9.148361633e-07
5.434e+10,-1.042136968e-06,1.037914483e-06
5.435e+10,-9.784093447e-07,1.160562151e-06
5.436e+10,-9.015548242e-07,1.281675995e-06
5.437e+10,-8.110963349e-07,1.400017805e-06
5.438e+10,-7.066453687e-07,1.514235734e-06
5.439e+10,-5.879264015e-07,1.622873325e-06
5.44e+10,-4.548906816e-07,1.724289758e-06
5.441e+10,-3.075255646e-07,1.816655012e-06
5.442e+10,-1.460177238e-07,1.89814489e-06
5.443e+10,2.916813797e-08,1.966824739e-06
5.444e+10,2.17310476e-07,2.02068145e-06
5.445e+10,4.174028731e-07,2.05766846e-06
5.446e+10,6.281278559e-07,2.075750792e-06
5.447e+10,8.478379624e-07,2.072952807e-06
5.448e+10,1.07454633e-06,2.047417719e-06
5.449e+10,1.305925684e-06,1.997464683e-06
5.45e+10,1.539330752e-06,1.921662708e-06
5.451e+10,1.771811321e-06,1.818878416e-06
5.452e+10,2.000167672e-06,1.688351722e-06
5.453e+10,2.221007471e-06,1.529745012e-06
5.454e+10,2.430802707e-06,1.343173665e-06
5.455e+10,2.625971126e-06,1.129238398e-06
5.456e+10,2.802962536e-06,8.890401417e-07
5.457e+10,2.958331413e-06,6.241630276e-07
5.458e+10,3.088824677e-06,3.36657497e-07
5.459e+10,3.19143691e-06,2.89944373e-08
5.46e+10,3.263476858e-06,-2.959830232e-07
5.461e+10,3.302597554e-06,-6.351211569e-07
5.462e+10,3.306835755e-06,-9.850130017e-07
5.463e+10,3.274609758e-06,-1.342063094e-06
5.464e+10,3.204741479e-06,-1.702575313e-06
5.465e+10,3.096442233e-06,-2.062624388e-06
5.466e+10,2.949187546e-06,-2.418420733e-06
5.467e+10,2.762900753e-06,-2.766055867e-06
5.468e+10,2.537773858e-06,-3.101606934e-06
5.469e+10,2.274310699e-06,-3.421160205e-06
5.47e+10,1.9733025e-06,-3.720782132e-06
5.471e+10,1.635840824e-06,-3.996533249e-06
5.472e+10,1.263324594e-06,-4.244449036e-06
5.473e+10,8.57483343e-07,-4.460540523e-06
5.474e+10,4.20404273e-07,-4.640789527e-06
5.475e+10,-4.541775848e-08,-4.781162782e-06
5.476e+10,-5.370290249e-07,-4.877641973e-06
5.477e+10,-1.050982215e-06,-4.926234872e-06
5.478e+10,-1.583257598e-06,-4.923062796e-06
5.479e+10,-2.129231815e-06,-4.86441288e-06
5.48e+10,-2.683621235e-06,-4.746827742e-06
5.481e+10,-3.240466931e-06,-4.567232769e-06
5.482e+10,-3.793118701e-06,-4.323048452e-06
5.483e+10,-4.334234897e-06,-4.012335686e-06
5.484e+10,-4.855851334e-06,-3.633956028e-06
5.485e+10,-5.349429964e-06,-3.187710765e-06
5.486e+10,-5.805983717e-06,-2.674509957e-06
5.487e+10,-6.216217326e-06,-2.096489534e-06
5.488e+10,-6.570719387e-06,-1.4571383e-06
5.489e+10,-6.86017394e-06,-7.613939945e-07
5.49e+10,-7.075593523e-06,-1.568568804e-08
5.491e+10,-7.208581351e-06,7.720654964e-07
5.492e+10,-7.251600797e-06,1.5924843e-06
5.493e+10,-7.198234091e-06,2.434850543e-06
5.494e+10,-7.043441423e-06,3.28723659e-06
5.495e+10,-6.783785571e-06,4.136713719e-06
5.496e+10,-6.417624587e-06,4.969593545e-06
5.497e+10,-5.945256598e-06,5.77170165e-06
5.498e+10,-5.369032334e-06,6.528693711e-06
5.499e+10,-4.693390969e-06,7.226368463e-06
5.5e+10,-3.924861757e-06,7.851012007e-06
5.501e+10,-3.07212333e-06,8.389757539e-06
5.502e+10,-2.145486192e-06,8.830843082e-06
5.503e+10,-1.157114535e-06,9.163931791e-06
5.504e+10,-1.206806366e-07,9.380378705e-06
5.505e+10,9.489188419e-07,9.473478148e-06
5.506e+10,2.035848057e-06,9.438641245e-06
5.507e+10,3.123694883e-06,9.273515653e-06
5.508e+10,4.195802614e-06,8.978075271e-06
5.509e+10,5.235650843e-06,8.554617989e-06
5.51e+10,6.227216825e-06,8.007693931e-06
5.511e+10,7.155324626e-06,7.344017577e-06
5.512e+10,8.00594698e-06,6.572253365e-06
5.513e+10,8.766481822e-06,5.702793811e-06
5.514e+10,9.425990935e-06,4.747483582e-06
5.515e+10,9.975320366e-06,3.719307871e-06
5.516e+10,1.040723071e-05,2.632071618e-06
5.517e+10,1.071640508e-05,1.50009078e-06
5.518e+10,1.089942169e-05,3.37883275e-07
5.519e+10,1.095467425e-05,-8.401053915e-07
5.52e+10,1.088223767e-05,-2.019745435e-06
5.521e+10,1.068372037e-05,-3.187401864e-06
5.522e+10,1.036207802e-05,-4.330082384e-06
5.523e+10,9.921442337e-06,-5.4355419e-06
5.524e+10,9.366949185e-06,-6.492340153e-06
5.525e+10,8.704577177e-06,-7.489841654e-06
5.526e+10,7.940995526e-06,-8.418223996e-06
5.527e+10,7.083478879e-06,-9.268430032e-06
5.528e+10,6.139798556e-06,-1.003212995e-05
5.529e+10,5.118212701e-06,-1.070164588e-05
5.53e+10,4.027393034e-06,-1.126995118e-05
5.531e+10,2.876458409e-06,-1.173057277e-05
5.532e+10,1.674997271e-06,-1.207763212e-05
5.533e+10,4.330951777e-07,-1.230579116e-05
5.534e+10,-8.386094358e-07,-1.241032865e-05
5.535e+10,-2.128884545e-06,-1.238716279e-05
5.536e+10,-3.425847193e-06,-1.223298141e-05
5.537e+10,-4.716947511e-06,-1.19453194e-05
5.538e+10,-5.988970377e-06,-1.152273162e-05
5.539e+10,-7.228061866e-06,-1.096497512e-05
5.54e+10,-8.419803959e-06,-1.027315948e-05
5.541e+10,-9.549339681e-06,-9.449987376e-06
5.542e+10,-1.060155792e-05,-8.49991859e-06
5.543e+10,-1.156132547e-05,-7.429319632e-06
5.544e+10,-1.241378564e-05,-6.246630323e-06
5.545e+10,-1.314469212e-05,-4.962394767e-06
5.546e+10,-1.37407949e-05,-3.589293071e-06
5.547e+10,-1.41902285e-05,-2.142044909e-06
5.548e+10,-1.448289865e-05,-6.372435886e-07
5.549e+10,-1.461086261e-05,9.069136051e-07
5.55e+10,-1.456860432e-05,2.470961533e-06
5.551e+10,-1.435333321e-05,4.034608619e-06
5.552e+10,-1.396505795e-05,5.577187814e-06
5.553e+10,-1.340667025e-05,7.078159801e-06
5.554e+10,-1.268384698e-05,8.517620081e-06
5.555e+10,-1.180487452e-05,9.876739705e-06
5.556e+10,-1.078039202e-05,1.113818223e-05
5.557e+10,-9.62302024e-06,1.228642757e-05
5.558e+10,-8.34698675e-06,1.330798927e-05
5.559e+10,-6.967723621e-06,1.419157461e-05
5.56e+10,-5.501431536e-06,1.492809923e-05
5.561e+10,-3.964723759e-06,1.551065158e-05
5.562e+10,-2.374285148e-06,1.593438233e-05
5.563e+10,-7.465895807e-07,1.619630974e-05
5.564e+10,9.023041782e-07,1.629514305e-05
5.565e+10,2.556873229e-06,1.623102177e-05
5.566e+10,4.202261774e-06,1.60053505e-05
5.567e+10,5.824252377e-06,1.562052494e-05
5.568e+10,7.409268965e-06,1.507981426e-05
5.569e+10,8.944305674e-06,1.438718482e-05
5.57e+10,1.041684124e-05,1.354720911e-05
5.571e+10,1.181471814e-05,1.256500074e-05
5.572e+10,1.312608712e-05,1.144622109e-05
5.573e+10,1.433924674e-05,1.019707743e-05
5.574e+10,1.544259591e-05,8.824427879e-06
5.575e+10,1.642457769e-05,7.335852059e-06
5.576e+10,1.727364125e-05,5.739819491e-06
5.577e+10,1.797827571e-05,4.045811009e-06
5.578e+10,1.852705193e-05,2.264522132e-06
5.579e+10,1.890878011e-05,4.080075083e-07
5.58e+10,1.911263221e-05,-1.510114855e-06
5.581e+10,1.912840207e-05,-3.474545315e-06
5.582e+10,1.894680941e-05,-5.468192007e-06
5.583e+10,1.85598007e-05,-7.472090249e-06
5.584e+10,1.796097736e-05,-9.465422354e-06
5.585e+10,1.714596814e-05,-1.142561894e-05
5.586e+10,1.611290558e-05,-1.332852588e-05
5.587e+10,1.486280938e-05,-1.514870295e-05
5.588e+10,1.339999124e-05,-1.685982667e-05
5.589e+10,1.173235178e-05,-1.843518627e-05
5.59e+10,9.871624337e-06,-1.984828309e-05
5.591e+10,7.833481397e-06,-2.107350074e-05
5.592e+10,5.637459139e-06,-2.208677964e-05
5.593e+10,3.306814543e-06,-2.286635939e-05
5.594e+10,8.68129147e-07,-2.339344325e-05
5.595e+10,-1.649151042e-06,-2.365276861e-05
5.596e+10,-4.213379373e-06,-2.363312931e-05
5.597e+10,-6.791383437e-06,-2.332767485e-05
5.598e+10,-9.349237256e-06,-2.273409017e-05
5.599e+10,-1.1853026e-05,-2.185462426e-05
5.6e+10,-1.426960816e-05,-2.069593114e-05
5.601e+10,-1.656722293e-05,-1.926872723e-05
5.602e+10,-1.87160857e-05,-1.75874543e-05
5.603e+10,-2.068877333e-05,-1.566973859e-05
5.604e+10,-2.246054242e-05,-1.353589163e-05
5.605e+10,-2.400946416e-05,-1.12084009e-05
5.606e+10,-2.531650179e-05,-8.71140077e-06
5.607e+10,-2.636541217e-05,-6.070278674e-06
5.608e+10,-2.714265517e-05,-3.311296811e-06
5.609e+10,-2.763720621e-05,-4.613262671e-07
5.61e+10,-2.784039441e-05,2.452336219e-06
5.611e+10,-2.774569482e-05,5.402086402e-06
5.612e+10,-2.734860574e-05,8.36002325e-06
5.613e+10,-2.664656105e-05,1.129791631e-05
5.614e+10,-2.563886652e-05,1.418718556e-05
5.615e+10,-2.432677399e-05,1.699876014e-05
5.616e+10,-2.271357306e-05,1.970307079e-05
5.617e+10,-2.080480048e-05,2.226992573e-05
5.618e+10,-1.860845909e-05,2.466856948e-05
5.619e+10,-1.613537477e-05,2.686771846e-05
5.62e+10,-1.339950481e-05,2.883571594e-05
5.621e+10,-1.041834184e-05,3.05407856e-05
5.622e+10,-7.213285902e-06,3.195140771e-05
5.623e+10,-3.809957285e-06,3.303679894e-05
5.624e+10,-2.385269462e-07,3.376753587e-05
5.625e+10,3.466161763e-06,3.411622057e-05
5.626e+10,7.264471399e-06,3.405841058e-05
5.627e+10,1.11121169e-05,3.357341088e-05
5.628e+10,1.4960421e-05,3.264526256e-05
5.629e+10,1.875680196e-05,3.126366e-05
5.63e+10,2.244545984e-05,2.942489671e-05
5.631e+10,2.596827878e-05,2.713259172e-05
5.632e+10,2.926589394e-05,2.439848057e-05
5.633e+10,3.227889325e-05,2.124271735e-05
5.634e+10,3.494936141e-05,1.769424291e-05
5.635e+10,3.722221444e-05,1.37907627e-05
5.636e+10,3.904666893e-05,9.578478964e-06
5.637e+10,4.037772626e-05,5.111526596e-06
5.638e+10,4.117748274e-05,4.510944741e-07
5.639e+10,4.141638364e-05,-4.335566189e-06
5.64e+10,4.107420089e-05,-9.176491678e-06
5.641e+10,4.014083005e-05,-1.399646599e-05
5.642e+10,3.861679518e-05,-1.871853905e-05
5.643e+10,3.651349209e-05,-2.326579675e-05
5.644e+10,3.385317814e-05,-2.75629655e-05
5.645e+10,3.066858423e-05,-3.153813204e-05
5.646e+10,2.700239995e-05,-3.512428783e-05
5.647e+10,2.29063073e-05,-3.826082266e-05
5.648e+10,1.843996932e-05,-4.089479108e-05
5.649e+10,1.36697606e-05,-4.298201034e-05
5.65e+10,8.667229567e-06,-4.448795685e-05
5.651e+10,3.507697289e-06,-4.538829493e-05
5.652e+10,-1.731477482e-06,-4.566927373e-05
5.653e+10,-6.972469846e-06,-4.532768041e-05
5.654e+10,-1.213855636e-05,-4.437073168e-05
5.655e+10,-1.715560646e-05,-4.281546086e-05
5.656e+10,-2.195341549e-05,-4.068812524e-05
5.657e+10,-2.646673385e-05,-3.802279564e-05
5.658e+10,-3.063708942e-05,-3.48621514e-05
5.659e+10,-3.441139398e-05,-3.125285407e-05
5.66e+10,-3.774475003e-05,-2.724774128e-05
5.661e+10,-4.059939774e-05,-2.29029744e-05
5.662e+10,-4.294504721e-05,-1.827732746e-05
5.663e+10,-4.475874935e-05,-1.343103767e-05
5.664e+10,-4.602457164e-05,-8.424990136e-06
5.665e+10,-4.673327345e-05,-3.319941162e-06
5.666e+10,-4.688180013e-05,1.824066906e-06
5.667e+10,-4.647291334e-05,6.948213927e-06
5.668e+10,-4.551472046e-05,1.199523186e-05
5.669e+10,-4.402030871e-05,1.690965181e-05
5.67e+10,-4.200741195e-05,2.163799527e-05
5.671e+10,-3.949816062e-05,2.612890308e-05
5.672e+10,-3.651893768e-05,3.033323383e-05
5.673e+10,-3.310025684e-05,3.420416474e-05
5.674e+10,-2.92767693e-05,3.769744939e-05
5.675e+10,-2.508727798e-05,4.07715503e-05
5.676e+10,-2.05747432e-05,4.338804834e-05
5.677e+10,-1.578637768e-05,4.551203321e-05
5.678e+10,-1.077353381e-05,4.711265798e-05
5.679e+10,-5.591674892e-06,4.816375286e-05
5.68e+10,-3.001033161e-07,4.864453037e-05
5.681e+10,5.038430147e-06,4.854039316e-05
5.682e+10,1.035831372e-05,4.784363069e-05
5.683e+10,1.559184569e-05,4.655424101e-05
5.684e+10,2.067023401e-05,4.468053633e-05
5.685e+10,2.552477914e-05,4.223961184e-05
5.686e+10,3.00882563e-05,3.925763181e-05
5.687e+10,3.429636093e-05,3.576985071e-05
5.688e+10,3.808923746e-05,3.182026028e-05
5.689e+10,4.141295614e-05,2.74610126e-05
5.69e+10,4.42209032e-05,2.275140861e-05
5.691e+10,4.647492486e-05,1.775673436e-05
5.692e+10,4.814623907e-05,1.254668987e-05
5.693e+10,4.921604408e-05,7.193835931e-06
5.694e+10,4.967566609e-05,1.771832274e-06
5.695e+10,4.952651841e-05,-3.64622667e-06
5.696e+10,4.877950117e-05,-8.989426579e-06
5.697e+10,4.745436692e-05,-1.419045252e-05
5.698e+10,4.557858734e-05,-1.918668651e-05
5.699e+10,4.318631742e-05,-2.392122103e-05
5.7e+10,4.031704129e-05,-2.834332132e-05
5.701e+10,3.701443063e-05,-3.240885261e-05
5.702e+10,3.332510674e-05,-3.608030405e-05
5.703e+10,2.929757667e-05,-3.932658183e-05
5.704e+10,2.498132056e-05,-4.212278694e-05
5.705e+10,2.04260306e-05,-4.444963938e-05
5.706e+10,1.568103703e-05,-4.629305019e-05
5.707e+10,1.079490715e-05,-4.764353868e-05
5.708e+10,5.815160906e-06,-4.849568619e-05
5.709e+10,7.882426215e-07,-4.884771492e-05
5.71e+10,-4.240580283e-06,-4.870098116e-05
5.711e+10,-9.227032804e-06,-4.80597668e-05
5.712e+10,-1.412777107e-05,-4.693101271e-05
5.713e+10,-1.89001537e-05,-4.532423925e-05
5.714e+10,-2.350212255e-05,-4.325156347e-05
5.715e+10,-2.789209403e-05,-4.072779964e-05
5.716e+10,-3.202888266e-05,-3.777068315e-05
5.717e+10,-3.587170821e-05,-3.440109081e-05
5.718e+10,-3.938032782e-05,-3.064346065e-05
5.719e+10,-4.251530388e-05,-2.652606825e-05
5.72e+10,-4.523832507e-05,-2.208143018e-05
5.721e+10,-4.751283759e-05,-1.734660578e-05
5.722e+10,-4.930456965e-05,-1.236341845e-05
5.723e+10,-5.058240826e-05,-7.178606265e-06
5.724e+10,-5.131920824e-05,-1.843746341e-06
5.725e+10,-5.149284465e-05,3.58489257e-06
5.726e+10,-5.10870671e-05,9.046865991e-06
5.727e+10,-5.009255206e-05,1.447818689e-05
5.728e+10,-4.850771498e-05,1.981221323e-05
5.729e+10,-4.633942939e-05,2.498080141e-05
5.73e+10,-4.360358119e-05,2.991561695e-05
5.731e+10,-4.032524045e-05,3.45496324e-05
5.732e+10,-3.653862517e-05,3.88186202e-05
5.733e+10,-3.228670062e-05,4.26627376e-05
5.734e+10,-2.762047825e-05,4.602797612e-05
5.735e+10,-2.259796607e-05,4.886743102e-05
5.736e+10,-1.728291047e-05,5.1142412e-05
5.737e+10,-1.174337928e-05,5.282311634e-05
5.738e+10,-6.050164787e-06,5.388920329e-05
5.739e+10,-2.752320206e-07,5.432978118e-05
5.74e+10,5.509790696e-06,5.414330392e-05
5.741e+10,1.123500394e-05,5.333701448e-05
5.742e+10,1.683339499e-05,5.192626559e-05
5.743e+10,2.2241836e-05,4.993362651e-05
5.744e+10,2.74017458e-05,4.738789268e-05
5.745e+10,3.225959157e-05,4.432313667e-05
5.746e+10,3.676710416e-05,4.077763827e-05
5.747e+10,4.088131887e-05,3.679307856e-05
5.748e+10,4.456449118e-05,3.241364787e-05
5.749e+10,4.778381636e-05,2.768550244e-05
5.75e+10,5.05111938e-05,2.265617584e-05
5.751e+10,5.272288522e-05,1.737423118e-05
5.752e+10,5.439918782e-05,1.188903127e-05
5.753e+10,5.552421053e-05,6.250638342e-06
5.754e+10,5.608562289e-05,5.09749123e-07
5.755e+10,5.607463625e-05,-5.282244863e-06
5.756e+10,5.548586961e-05,-1.107319487e-05
5.757e+10,5.431759998e-05,-1.681010279e-05
5.758e+10,5.257183429e-05,-2.243910251e-05
5.759e+10,5.025468669e-05,-2.790544295e-05
5.76e+10,4.737672742e-05,-3.315358225e-05
5.761e+10,4.395341963e-05,-3.812738935e-05
5.762e+10,4.000559867e-05,-4.277047551e-05
5.763e+10,3.555998027e-05,-4.702658003e-05
5.764e+10,3.064970783e-05,-5.084042341e-05
5.765e+10,2.531440281e-05,-5.415843738e-05
5.766e+10,1.960058018e-05,-5.692952002e-05
5.767e+10,1.356177462e-05,-5.910614816e-05
5.768e+10,7.258465472e-06,-6.064558384e-05
5.769e+10,7.576550365e-07,-6.151102926e-05
5.77e+10,-5.867617447e-06,-6.167282003e-05
5.771e+10,-1.253913346e-05,-6.110957736e-05
5.772e+10,-1.917452809e-05,-5.98092247e-05
5.773e+10,-2.568855385e-05,-5.77698403e-05
5.774e+10,-3.199449394e-05,-5.500045482e-05
5.775e+10,-3.799807371e-05,-5.152529453e-05
5.776e+10,-4.363929306e-05,-4.735938998e-05
5.777e+10,-4.881160518e-05,-4.256402889e-05
5.778e+10,-5.344785243e-05,-3.718433378e-05
5.779e+10,-5.747865838e-05,-3.128315117e-05
5.78e+10,-6.084272436e-05,-2.493188531e-05
5.781e+10,-6.348796353e-05,-1.820941295e-05
5.782e+10,-6.53723947e-05,-1.120080512e-05
5.783e+10,-6.64648694e-05,-3.995835849e-06
5.784e+10,-6.67455408e-05,3.312516379e-06
5.785e+10,-6.620607002e-05,1.062960855e-05
5.786e+10,-6.484965187e-05,1.786063632e-05
5.787e+10,-6.269082062e-05,2.491209978e-05
5.788e+10,-5.975506108e-05,3.169317065e-05
5.789e+10,-5.60783427e-05,3.811700499e-05
5.79e+10,-5.170639221e-05,4.410189979e-05
5.791e+10,-4.669396729e-05,4.95723994e-05
5.792e+10,-4.110387531e-05,5.446024155e-05
5.793e+10,-3.500610142e-05,5.870518928e-05
5.794e+10,-2.847664421e-05,6.225575211e-05
5.795e+10,-2.159644993e-05,6.506974287e-05
5.796e+10,-1.445020259e-05,6.711467659e-05
5.797e+10,-7.125125863e-06,6.836804635e-05
5.798e+10,2.902383944e-07,6.881744e-05
5.799e+10,7.707218773e-06,6.846044395e-05
5.8e+10,1.5038228e-05,6.730445744e-05
5.801e+10,2.21977326e-05,6.536632816e-05
5.802e+10,2.91034057e-05,6.26718792e-05
5.803e+10,3.567693557e-05,5.925527248e-05
5.804e+10,4.184481104e-05,5.515838324e-05
5.805e+10,4.753899604e-05,5.043005673e-05
5.806e+10,5.26974272e-05,4.512531421e-05
5.807e+10,5.726442524e-05,3.930464576e-05
5.808e+10,6.119103073e-05,3.303324763e-05
5.809e+10,6.443517432e-05,2.638034273e-05
5.81e+10,6.696185559e-05,1.941852004e-05
5.811e+10,6.874326682e-05,1.222313627e-05
5.812e+10,6.975893493e-05,4.871759144e-06
5.813e+10,6.999577615e-05,-2.556360614e-06
5.814e+10,6.944827509e-05,-9.980809393e-06
5.815e+10,6.811863962e-05,-1.732054324e-05
5.816e+10,6.601695949e-05,-2.449444767e-05
5.817e+10,6.316143028e-05,-3.142201215e-05
5.818e+10,5.957851637e-05,-3.802399758e-05
5.819e+10,5.530308929e-05,-4.422327631e-05
5.82e+10,5.037849908e-05,-4.994580675e-05
5.821e+10,4.485651862e-05,-5.512159428e-05
5.822e+10,3.879717964e-05,-5.968587026e-05
5.823e+10,3.226834144e-05,-6.358021654e-05
5.824e+10,2.534507635e-05,-6.675381245e-05
5.825e+10,1.810880059e-05,-6.916453575e-05
5.826e+10,1.064620475e-05,-7.077999431e-05
5.827e+10,3.047896535e-06,-7.157840902e-05
5.828e+10,-4.593114072e-06,-7.154926229e-05
5.829e+10,-1.218304214e-05,-7.069363207e-05
5.83e+10,-1.962909953e-05,-6.902427988e-05
5.831e+10,-2.684119523e-05,-6.656533226e-05
5.832e+10,-3.373359993e-05,-6.335169565e-05
5.833e+10,-4.022641736e-05,-5.942814415e-05
5.834e+10,-4.624687677e-05,-5.48481681e-05
5.835e+10,-5.173030392e-05,-4.967266452e-05
5.836e+10,-5.662082038e-05,-4.396845861e-05
5.837e+10,-6.087178009e-05,-3.780682826e-05
5.838e+10,-6.444585164e-05,-3.126206695e-05
5.839e+10,-6.731489756e-05,-2.44101637e-05
5.84e+10,-6.945970205e-05,-1.732749366e-05
5.841e+10,-7.086944405e-05,-1.008968144e-05
5.842e+10,-7.154093478e-05,-2.770528559e-06
5.843e+10,-7.147750265e-05,4.558611232e-06
5.844e+10,-7.0688093e-05,1.182883249e-05
5.845e+10,-6.918692254e-05,1.897366337e-05
5.846e+10,-6.6993163e-05,2.592930527e-05
5.847e+10,-6.413042874e-05,3.263483395e-05
5.848e+10,-6.062627567e-05,3.903222942e-05
5.849e+10,-5.651187454e-05,4.506622718e-05
5.85e+10,-5.182180092e-05,5.068418783e-05
5.851e+10,-4.659400615e-05,5.583589075e-05
5.852e+10,-4.086985739e-05,6.047355042e-05
5.853e+10,-3.469429967e-05,6.455181598e-05
5.854e+10,-2.811607572e-05,6.802793165e-05
5.855e+10,-2.118788288e-05,7.08619957e-05
5.856e+10,-1.396663875e-05,7.301734112e-05
5.857e+10,-6.513625271e-06,7.446110635e-05
5.858e+10,1.105500893e-06,7.516482059e-05
5.859e+10,8.820700532e-06,7.510525786e-05
5.86e+10,1.65578388e-05,7.426516281e-05
5.861e+10,2.423903777e-05,7.263422758e-05
5.862e+10,3.178332341e-05,7.020988844e-05
5.863e+10,3.910743153e-05,6.699821801e-05
5.864e+10,4.612686097e-05,6.301456734e-05
5.865e+10,5.275709058e-05,5.828421009e-05
5.866e+10,5.891494688e-05,5.284257553e-05
5.867e+10,6.452012785e-05,4.673545329e-05
5.868e+10,6.949669783e-05,4.001874129e-05
5.869e+10,7.377468085e-05,3.275799031e-05
5.87e+10,7.729148922e-05,2.502765992e-05
5.871e+10,7.999322775e-05,1.691001815e-05
5.872e+10,8.183580943e-05,8.493992755e-06
5.873e+10,8.278583569e-05,-1.264066179e-07
5.874e+10,8.282113952e-05,-8.853504797e-06
5.875e+10,8.193114722e-05,-1.758765308e-05
5.876e+10,8.011694041e-05,-2.622884983e-05
5.877e+10,7.739072601e-05,-3.467803943e-05
5.878e+10,7.377567657e-05,-4.283872254e-05
5.879e+10,6.93051359e-05,-5.061804643e-05
5.88e+10,6.40218961e-05,-5.792791553e-05
5.881e+10,5.797729707e-05,-6.468574057e-05
5.882e+10,5.123031235e-05,-7.081519702e-05
5.883e+10,4.384673838e-05,-7.624660919e-05
5.884e+10,3.589829792e-05,-8.091736682e-05
5.885e+10,2.746188011e-05,-8.47721359e-05
5.886e+10,1.861892628e-05,-8.776300112e-05
5.887e+10,9.454712588e-06,-8.984958648e-05
5.888e+10,5.787170031e-08,-9.099920245e-05
5.889e+10,-9.480073792e-06,-9.118692667e-05
5.89e+10,-1.906518029e-05,-9.039575721e-05
5.891e+10,-2.860151688e-05,-8.861679191e-05
5.892e+10,-3.799161125e-05,-8.584957293e-05
5.893e+10,-4.713686847e-05,-8.210228969e-05
5.894e+10,-5.59382594e-05,-7.739207103e-05
5.895e+10,-6.429689088e-05,-7.174547635e-05
5.896e+10,-7.211475408e-05,-6.519867741e-05
5.897e+10,-7.92955973e-05,-5.779787064e-05
5.898e+10,-8.57459326e-05,-4.959939325e-05
5.899e+10,-9.137608362e-05,-4.066995441e-05
5.9e+10,-9.610136335e-05,-3.108658483e-05
5.901e+10,-9.984339585e-05,-2.093653575e-05
5.902e+10,-0.0001025313913,-1.031682245e-05
5.903e+10,-0.0001041034752,6.660596979e-07
5.904e+10,-0.0001045081019,1.189707037e-05
5.905e+10,-0.0001037052108,2.325339668e-05
5.906e+10,-0.0001016675819,3.460573121e-05
5.907e+10,-9.838183742e-05,4.581945173e-05
5.908e+10,-9.38494226e-05,5.675623459e-05
5.909e+10,-8.80873497e-05,6.727577018e-05
5.91e+10,-8.112880536e-05,7.723748548e-05
5.911e+10,-7.302342906e-05,8.65025428e-05
5.912e+10,-6.383748696e-05,9.493577671e-05
5.913e+10,-5.365361302e-05,0.0001024078828
5.914e+10,-4.257040865e-05,0.0001087972935
5.915e+10,-3.070176878e-05,0.0001139924232
5.916e+10,-1.817592353e-05,0.000117893481
5.917e+10,-5.134164717e-06,0.000120414458
5.918e+10,8.270596928e-06,0.0001214848743
5.919e+10,2.187558588e-05,0.000121051367
5.92e+10,3.551015387e-05,0.0001190791588
5.921e+10,4.899788077e-05,0.0001155531006
5.922e+10,6.215892736e-05,0.0001104787205
5.923e+10,7.481255456e-05,0.000103882856
5.924e+10,8.677966025e-05,9.581372301e-05
5.925e+10,9.7885477e-05,8.63413116e-05
5.926e+10,0.0001079621317,7.555665772e-05
5.927e+10,0.00011685149,6.357132717e-05
5.928e+10,0.0001244075079,5.051641242e-05
5.929e+10,0.0001304987793,3.654102177e-05
5.93e+10,0.0001350108417,2.181072139e-05
5.931e+10,0.0001378482041,6.505464013e-06
5.932e+10,0.0001389361279,-9.182552766e-06
5.933e+10,0.0001382222117,-2.505142917e-05
5.934e+10,0.0001356777053,-4.089220554e-05
5.935e+10,0.0001312982604,-5.649159254e-05
5.936e+10,0.0001251046617,-7.163496271e-05
5.937e+10,0.0001171428807,-8.610927811e-05
5.938e+10,0.0001074840906,-9.970604875e-05
5.939e+10,9.622404488e-05,-0.0001122242419
5.94e+10,8.348236716e-05,-0.0001234732639
5.941e+10,6.940139466e-05,-0.0001332755765
5.942e+10,5.414478702e-05,-0.0001414694541
5.943e+10,3.789573887e-05,-0.0001479114543
5.944e+10,2.08551235e-05,-0.0001524787486
5.945e+10,3.239104109e-06,-0.0001550712026
5.946e+10,-1.472322596e-05,-0.0001556132515
5.947e+10,-3.279241196e-05,-0.0001540554201
5.948e+10,-5.072050927e-05,-0.0001503751828
5.949e+10,-6.825552207e-05,-0.0001445785487
5.95e+10,-8.514451529e-05,-0.0001367063608
5.951e+10,-0.0001011374763,-0.0001268272754
5.952e+10,-0.0001159923428,-0.0001150389413
5.953e+10,-0.0001294762738,-0.00010146931
5.954e+10,-0.0001413696284,-8.627599164e-05
5.955e+10,-0.0001514699647,-6.96449142e-05
5.956e+10,-0.0001595961651,-5.178840823e-05
5.957e+10,-0.0001655921242,-3.294295896e-05
5.958e+10,-0.0001693302134,-1.336616136e-05
5.959e+10,-0.0001707144971,6.666509724e-06
5.96e+10,-0.0001696833968,2.686577207e-05
5.961e+10,-0.0001662119723,4.69328715e-05
5.962e+10,-0.0001603135837,6.656444399e-05
5.963e+10,-0.0001520407948,8.545782063e-05
5.964e+10,-0.0001414857794,0.0001033161935
5.965e+10,-0.000128779521,0.0001198541579
5.966e+10,-0.0001140904913,0.0001348032897
5.967e+10,-9.762239908e-05,0.000147917275
5.968e+10,-7.96111317e-05,0.0001589769919
5.969e+10,-6.032087574e-05,0.000167794942
5.97e+10,-4.003968457e-05,0.0001742191303
5.971e+10,-1.907421417e-05,0.0001781364137
5.972e+10,2.255674079e-06,0.000179474762
5.973e+10,2.362297788e-05,0.0001782048959
5.974e+10,4.469950242e-05,0.0001743407809
5.975e+10,6.516214926e-05,0.0001679392525
5.976e+10,8.46985296e-05,0.0001590988802
5.977e+10,0.0001030128821,0.0001479576746
5.978e+10,0.0001198309208,0.0001346902132
5.979e+10,0.0001349046596,0.0001195039584
5.98e+10,0.0001480162412,0.0001026351254
5.981e+10,0.0001589810609,8.434394009e-05
5.982e+10,0.0001676502964,6.49096438e-05
5.983e+10,0.000173912394,4.462543493e-05
5.984e+10,0.0001776932333,2.379309151e-05
5.985e+10,0.0001789566753,2.720891559e-06
5.986e+10,0.0001777096564,-1.828496983e-05
5.987e+10,0.0001739921244,-3.892508213e-05
5.988e+10,0.0001678640268,-5.890844896e-05
5.989e+10,0.000159452177,-7.797550721e-05
5.99e+10,0.0001488901221,-9.585052811e-05
5.991e+10,0.0001363418926,-0.0001122979319
5.992e+10,0.0001219989676,-0.000127102819
5.993e+10,0.0001060750971,-0.0001400750542
5.994e+10,8.880309788e-05,-0.0001510515884
5.995e+10,7.043140082e-05,-0.0001598982821
5.996e+10,5.122064545e-05,-0.0001665112675
5.997e+10,3.143987606e-05,-0.0001708175511
5.998e+10,1.136409226e-05,-0.000172775228
5.999e+10,-8.729193638e-06,-0.0001723748737
6e+10,-2.856425548e-05,-0.0001696396184
